// /FrontEnd/Main.qml
#include <QtQml/qqmlprivate.h>
#include <QtCore/qdatetime.h>
#include <QtCore/qobject.h>
#include <QtCore/qstring.h>
#include <QtCore/qstringlist.h>
#include <QtCore/qurl.h>
#include <QtCore/qvariant.h>
#include <QtQml/qjsengine.h>
#include <QtQml/qjsprimitivevalue.h>
#include <QtQml/qjsvalue.h>
#include <QtQml/qqmlcomponent.h>
#include <QtQml/qqmlcontext.h>
#include <QtQml/qqmlengine.h>
#include <QtQml/qqmllist.h>
#include <type_traits>
namespace QmlCacheGeneratedCode {
namespace _0x5f_FrontEnd_Main_qml {
extern const unsigned char qmlData alignas(16) [];
extern const unsigned char qmlData alignas(16) [] = {

0x71,0x76,0x34,0x63,0x64,0x61,0x74,0x61,
0x3b,0x0,0x0,0x0,0x3,0x5,0x6,0x0,
0x0,0x0,0x0,0x0,0x0,0x0,0x0,0x0,
0x28,0x6d,0x2,0x0,0x64,0x66,0x61,0x33,
0x35,0x33,0x32,0x33,0x62,0x66,0x31,0x30,
0x63,0x38,0x66,0x30,0x35,0x32,0x63,0x30,
0x64,0x33,0x38,0x65,0x66,0x30,0x34,0x62,
0x37,0x62,0x32,0x39,0x61,0x63,0x30,0x65,
0x34,0x64,0x66,0x35,0x0,0x0,0x0,0x0,
0x0,0x0,0x0,0x0,0x24,0xa7,0xec,0xdb,
0x25,0x71,0x1a,0x9b,0x39,0xf5,0x6f,0xb4,
0x64,0xd2,0x12,0x5f,0x0,0x0,0x0,0x0,
0x0,0x0,0x0,0x0,0x0,0x0,0x0,0x0,
0x0,0x0,0x0,0x0,0x23,0x0,0x0,0x0,
0xf6,0x1,0x0,0x0,0xe0,0xe6,0x0,0x0,
0xbb,0x1,0x0,0x0,0xf8,0x0,0x0,0x0,
0x0,0x0,0x0,0x0,0xe4,0x7,0x0,0x0,
0x0,0x0,0x0,0x0,0xe4,0x7,0x0,0x0,
0x32,0x0,0x0,0x0,0xe4,0x7,0x0,0x0,
0x6,0x5,0x0,0x0,0xac,0x8,0x0,0x0,
0x0,0x0,0x0,0x0,0xc4,0x1c,0x0,0x0,
0x55,0x0,0x0,0x0,0xd0,0x1c,0x0,0x0,
0x8,0x0,0x0,0x0,0x78,0x1f,0x0,0x0,
0x6,0x0,0x0,0x0,0x0,0x20,0x0,0x0,
0x0,0x0,0x0,0x0,0x60,0x20,0x0,0x0,
0x0,0x0,0x0,0x0,0x60,0x20,0x0,0x0,
0x0,0x0,0x0,0x0,0x60,0x20,0x0,0x0,
0x0,0x0,0x0,0x0,0x60,0x20,0x0,0x0,
0x0,0x0,0x0,0x0,0x60,0x20,0x0,0x0,
0xff,0xff,0xff,0xff,0x0,0x0,0x0,0x0,
0x0,0x0,0x0,0x0,0x98,0x3f,0x1,0x0,
0x60,0x20,0x0,0x0,0xb0,0x20,0x0,0x0,
0x0,0x21,0x0,0x0,0x50,0x21,0x0,0x0,
0xa0,0x21,0x0,0x0,0xf0,0x21,0x0,0x0,
0x50,0x22,0x0,0x0,0xa0,0x22,0x0,0x0,
0xf0,0x22,0x0,0x0,0x68,0x23,0x0,0x0,
0xb8,0x23,0x0,0x0,0x20,0x24,0x0,0x0,
0x88,0x24,0x0,0x0,0xd8,0x24,0x0,0x0,
0x28,0x25,0x0,0x0,0xe8,0x25,0x0,0x0,
0x38,0x26,0x0,0x0,0x88,0x26,0x0,0x0,
0xd8,0x26,0x0,0x0,0x28,0x27,0x0,0x0,
0x78,0x27,0x0,0x0,0xc8,0x27,0x0,0x0,
0x18,0x28,0x0,0x0,0x68,0x28,0x0,0x0,
0xb8,0x28,0x0,0x0,0x8,0x29,0x0,0x0,
0x58,0x29,0x0,0x0,0xa8,0x29,0x0,0x0,
0xf8,0x29,0x0,0x0,0x48,0x2a,0x0,0x0,
0x98,0x2a,0x0,0x0,0xe8,0x2a,0x0,0x0,
0x38,0x2b,0x0,0x0,0x88,0x2b,0x0,0x0,
0xd8,0x2b,0x0,0x0,0x28,0x2c,0x0,0x0,
0x78,0x2c,0x0,0x0,0xe8,0x2c,0x0,0x0,
0x38,0x2d,0x0,0x0,0x88,0x2d,0x0,0x0,
0xe8,0x2d,0x0,0x0,0x38,0x2e,0x0,0x0,
0x88,0x2e,0x0,0x0,0xe8,0x2e,0x0,0x0,
0x38,0x2f,0x0,0x0,0xb0,0x2f,0x0,0x0,
0x10,0x30,0x0,0x0,0x60,0x30,0x0,0x0,
0xb0,0x30,0x0,0x0,0x0,0x31,0x0,0x0,
0x50,0x31,0x0,0x0,0xa0,0x31,0x0,0x0,
0x0,0x32,0x0,0x0,0x60,0x32,0x0,0x0,
0xb0,0x32,0x0,0x0,0x0,0x33,0x0,0x0,
0x50,0x33,0x0,0x0,0xa0,0x33,0x0,0x0,
0x0,0x34,0x0,0x0,0x90,0x34,0x0,0x0,
0xe8,0x34,0x0,0x0,0x40,0x35,0x0,0x0,
0x90,0x35,0x0,0x0,0x8,0x36,0x0,0x0,
0x80,0x36,0x0,0x0,0xd8,0x36,0x0,0x0,
0x30,0x37,0x0,0x0,0x28,0x38,0x0,0x0,
0x78,0x38,0x0,0x0,0xd0,0x38,0x0,0x0,
0x28,0x39,0x0,0x0,0x80,0x39,0x0,0x0,
0xd8,0x39,0x0,0x0,0x30,0x3a,0x0,0x0,
0x88,0x3a,0x0,0x0,0xe0,0x3a,0x0,0x0,
0x38,0x3b,0x0,0x0,0x90,0x3b,0x0,0x0,
0xe8,0x3b,0x0,0x0,0x40,0x3c,0x0,0x0,
0x98,0x3c,0x0,0x0,0xf0,0x3c,0x0,0x0,
0x48,0x3d,0x0,0x0,0xa0,0x3d,0x0,0x0,
0xf8,0x3d,0x0,0x0,0x50,0x3e,0x0,0x0,
0xa8,0x3e,0x0,0x0,0xf8,0x3e,0x0,0x0,
0x58,0x3f,0x0,0x0,0xb0,0x3f,0x0,0x0,
0x8,0x40,0x0,0x0,0x58,0x40,0x0,0x0,
0xb8,0x40,0x0,0x0,0x10,0x41,0x0,0x0,
0x68,0x41,0x0,0x0,0xc0,0x41,0x0,0x0,
0x10,0x42,0x0,0x0,0x90,0x42,0x0,0x0,
0x80,0x43,0x0,0x0,0xd8,0x43,0x0,0x0,
0x30,0x44,0x0,0x0,0x88,0x44,0x0,0x0,
0xe0,0x44,0x0,0x0,0x30,0x45,0x0,0x0,
0xd0,0x45,0x0,0x0,0x40,0x46,0x0,0x0,
0xb8,0x46,0x0,0x0,0x20,0x47,0x0,0x0,
0x88,0x47,0x0,0x0,0xd8,0x47,0x0,0x0,
0x30,0x48,0x0,0x0,0x88,0x48,0x0,0x0,
0xe0,0x48,0x0,0x0,0x38,0x49,0x0,0x0,
0xe0,0x49,0x0,0x0,0x38,0x4a,0x0,0x0,
0x90,0x4a,0x0,0x0,0xe8,0x4a,0x0,0x0,
0x88,0x4b,0x0,0x0,0xe0,0x4b,0x0,0x0,
0x38,0x4c,0x0,0x0,0x90,0x4c,0x0,0x0,
0xe8,0x4c,0x0,0x0,0x40,0x4d,0x0,0x0,
0x90,0x4d,0x0,0x0,0xe0,0x4d,0x0,0x0,
0x58,0x4e,0x0,0x0,0xd0,0x4e,0x0,0x0,
0x28,0x4f,0x0,0x0,0x80,0x4f,0x0,0x0,
0x78,0x50,0x0,0x0,0xc8,0x50,0x0,0x0,
0x20,0x51,0x0,0x0,0x78,0x51,0x0,0x0,
0xd0,0x51,0x0,0x0,0x28,0x52,0x0,0x0,
0x80,0x52,0x0,0x0,0xd8,0x52,0x0,0x0,
0x30,0x53,0x0,0x0,0x88,0x53,0x0,0x0,
0xe0,0x53,0x0,0x0,0x38,0x54,0x0,0x0,
0x90,0x54,0x0,0x0,0xe8,0x54,0x0,0x0,
0x40,0x55,0x0,0x0,0x98,0x55,0x0,0x0,
0xf0,0x55,0x0,0x0,0x48,0x56,0x0,0x0,
0xa0,0x56,0x0,0x0,0xf8,0x56,0x0,0x0,
0x48,0x57,0x0,0x0,0x98,0x57,0x0,0x0,
0xe8,0x57,0x0,0x0,0x40,0x58,0x0,0x0,
0xa8,0x58,0x0,0x0,0x8,0x59,0x0,0x0,
0x58,0x59,0x0,0x0,0x10,0x5a,0x0,0x0,
0x60,0x5a,0x0,0x0,0xb8,0x5a,0x0,0x0,
0x20,0x5b,0x0,0x0,0x80,0x5b,0x0,0x0,
0xd0,0x5b,0x0,0x0,0x88,0x5c,0x0,0x0,
0xd8,0x5c,0x0,0x0,0x30,0x5d,0x0,0x0,
0x30,0x5e,0x0,0x0,0x88,0x5e,0x0,0x0,
0xe0,0x5e,0x0,0x0,0x38,0x5f,0x0,0x0,
0x90,0x5f,0x0,0x0,0xe8,0x5f,0x0,0x0,
0x38,0x60,0x0,0x0,0x88,0x60,0x0,0x0,
0x0,0x61,0x0,0x0,0x78,0x61,0x0,0x0,
0xd0,0x61,0x0,0x0,0x28,0x62,0x0,0x0,
0x20,0x63,0x0,0x0,0x70,0x63,0x0,0x0,
0xc8,0x63,0x0,0x0,0x20,0x64,0x0,0x0,
0x78,0x64,0x0,0x0,0xd0,0x64,0x0,0x0,
0x28,0x65,0x0,0x0,0x80,0x65,0x0,0x0,
0xd8,0x65,0x0,0x0,0x30,0x66,0x0,0x0,
0x88,0x66,0x0,0x0,0xe0,0x66,0x0,0x0,
0x38,0x67,0x0,0x0,0x90,0x67,0x0,0x0,
0xe8,0x67,0x0,0x0,0x40,0x68,0x0,0x0,
0x98,0x68,0x0,0x0,0xf0,0x68,0x0,0x0,
0x48,0x69,0x0,0x0,0xa0,0x69,0x0,0x0,
0xf8,0x69,0x0,0x0,0x50,0x6a,0x0,0x0,
0xa8,0x6a,0x0,0x0,0x0,0x6b,0x0,0x0,
0x58,0x6b,0x0,0x0,0xb0,0x6b,0x0,0x0,
0x8,0x6c,0x0,0x0,0x60,0x6c,0x0,0x0,
0xb8,0x6c,0x0,0x0,0x10,0x6d,0x0,0x0,
0x48,0x6e,0x0,0x0,0xa0,0x6e,0x0,0x0,
0xf0,0x6e,0x0,0x0,0x60,0x6f,0x0,0x0,
0xd0,0x70,0x0,0x0,0x28,0x71,0x0,0x0,
0x80,0x71,0x0,0x0,0xd0,0x71,0x0,0x0,
0x40,0x72,0x0,0x0,0x68,0x75,0x0,0x0,
0xc0,0x75,0x0,0x0,0x18,0x76,0x0,0x0,
0x70,0x76,0x0,0x0,0xc8,0x76,0x0,0x0,
0x18,0x77,0x0,0x0,0x70,0x77,0x0,0x0,
0xc8,0x77,0x0,0x0,0x20,0x78,0x0,0x0,
0x78,0x78,0x0,0x0,0xc8,0x78,0x0,0x0,
0x20,0x79,0x0,0x0,0x78,0x79,0x0,0x0,
0xd0,0x79,0x0,0x0,0x28,0x7a,0x0,0x0,
0x80,0x7a,0x0,0x0,0xe0,0x7a,0x0,0x0,
0x40,0x7b,0x0,0x0,0x90,0x7b,0x0,0x0,
0xe8,0x7b,0x0,0x0,0x38,0x7c,0x0,0x0,
0x88,0x7c,0x0,0x0,0xe0,0x7c,0x0,0x0,
0x38,0x7d,0x0,0x0,0x90,0x7d,0x0,0x0,
0xe8,0x7d,0x0,0x0,0x38,0x7e,0x0,0x0,
0x90,0x7e,0x0,0x0,0x38,0x7f,0x0,0x0,
0xa0,0x7f,0x0,0x0,0x8,0x80,0x0,0x0,
0x90,0x80,0x0,0x0,0xf0,0x80,0x0,0x0,
0x48,0x81,0x0,0x0,0xa0,0x81,0x0,0x0,
0xf8,0x81,0x0,0x0,0x50,0x82,0x0,0x0,
0x28,0x83,0x0,0x0,0x80,0x83,0x0,0x0,
0xd8,0x83,0x0,0x0,0x30,0x84,0x0,0x0,
0x88,0x84,0x0,0x0,0x60,0x85,0x0,0x0,
0xb8,0x85,0x0,0x0,0x10,0x86,0x0,0x0,
0x68,0x86,0x0,0x0,0xc0,0x86,0x0,0x0,
0x18,0x87,0x0,0x0,0x70,0x87,0x0,0x0,
0xc8,0x87,0x0,0x0,0x30,0x88,0x0,0x0,
0x98,0x88,0x0,0x0,0xe8,0x88,0x0,0x0,
0x38,0x89,0x0,0x0,0xa8,0x89,0x0,0x0,
0x18,0x8a,0x0,0x0,0x70,0x8a,0x0,0x0,
0xc8,0x8a,0x0,0x0,0x20,0x8b,0x0,0x0,
0x70,0x8b,0x0,0x0,0xc0,0x8b,0x0,0x0,
0xb8,0x8d,0x0,0x0,0x8,0x8e,0x0,0x0,
0x60,0x8e,0x0,0x0,0xb8,0x8e,0x0,0x0,
0x10,0x8f,0x0,0x0,0x68,0x8f,0x0,0x0,
0xb8,0x8f,0x0,0x0,0x38,0x92,0x0,0x0,
0x78,0x93,0x0,0x0,0x30,0x94,0x0,0x0,
0x88,0x94,0x0,0x0,0x28,0x95,0x0,0x0,
0x80,0x95,0x0,0x0,0xd8,0x95,0x0,0x0,
0x30,0x96,0x0,0x0,0x88,0x96,0x0,0x0,
0xe0,0x96,0x0,0x0,0x30,0x97,0x0,0x0,
0x80,0x97,0x0,0x0,0xf8,0x97,0x0,0x0,
0x70,0x98,0x0,0x0,0xc8,0x98,0x0,0x0,
0x20,0x99,0x0,0x0,0x18,0x9a,0x0,0x0,
0x68,0x9a,0x0,0x0,0xc0,0x9a,0x0,0x0,
0x18,0x9b,0x0,0x0,0x70,0x9b,0x0,0x0,
0xc8,0x9b,0x0,0x0,0x20,0x9c,0x0,0x0,
0x78,0x9c,0x0,0x0,0xd0,0x9c,0x0,0x0,
0x28,0x9d,0x0,0x0,0x80,0x9d,0x0,0x0,
0xd8,0x9d,0x0,0x0,0x30,0x9e,0x0,0x0,
0x88,0x9e,0x0,0x0,0xe0,0x9e,0x0,0x0,
0x38,0x9f,0x0,0x0,0x90,0x9f,0x0,0x0,
0xe8,0x9f,0x0,0x0,0x40,0xa0,0x0,0x0,
0x98,0xa0,0x0,0x0,0xf0,0xa0,0x0,0x0,
0x48,0xa1,0x0,0x0,0xa0,0xa1,0x0,0x0,
0xf8,0xa1,0x0,0x0,0x50,0xa2,0x0,0x0,
0xa8,0xa2,0x0,0x0,0x0,0xa3,0x0,0x0,
0x58,0xa3,0x0,0x0,0xb0,0xa3,0x0,0x0,
0x8,0xa4,0x0,0x0,0x60,0xa4,0x0,0x0,
0xb8,0xa4,0x0,0x0,0x10,0xa5,0x0,0x0,
0x68,0xa5,0x0,0x0,0xa0,0xa6,0x0,0x0,
0xf8,0xa6,0x0,0x0,0x48,0xa7,0x0,0x0,
0xb8,0xa7,0x0,0x0,0x28,0xa9,0x0,0x0,
0x80,0xa9,0x0,0x0,0xd8,0xa9,0x0,0x0,
0x28,0xaa,0x0,0x0,0x98,0xaa,0x0,0x0,
0xc0,0xad,0x0,0x0,0x18,0xae,0x0,0x0,
0x70,0xae,0x0,0x0,0x20,0xaf,0x0,0x0,
0x78,0xaf,0x0,0x0,0xd0,0xaf,0x0,0x0,
0x28,0xb0,0x0,0x0,0x80,0xb0,0x0,0x0,
0xd8,0xb0,0x0,0x0,0x30,0xb1,0x0,0x0,
0xd0,0xb1,0x0,0x0,0x40,0xb2,0x0,0x0,
0x10,0xba,0x0,0x0,0x68,0xba,0x0,0x0,
0xc0,0xba,0x0,0x0,0x18,0xbb,0x0,0x0,
0x70,0xbb,0x0,0x0,0x48,0xbc,0x0,0x0,
0xa0,0xbc,0x0,0x0,0xf8,0xbc,0x0,0x0,
0xd0,0xbd,0x0,0x0,0x28,0xbe,0x0,0x0,
0x80,0xbe,0x0,0x0,0x58,0xbf,0x0,0x0,
0xb0,0xbf,0x0,0x0,0x8,0xc0,0x0,0x0,
0x60,0xc0,0x0,0x0,0x38,0xc1,0x0,0x0,
0x90,0xc1,0x0,0x0,0xe8,0xc1,0x0,0x0,
0xc8,0xc2,0x0,0x0,0x20,0xc3,0x0,0x0,
0x78,0xc3,0x0,0x0,0xc8,0xc3,0x0,0x0,
0x20,0xc4,0x0,0x0,0x78,0xc4,0x0,0x0,
0x50,0xc5,0x0,0x0,0xa8,0xc5,0x0,0x0,
0x0,0xc6,0x0,0x0,0x58,0xc6,0x0,0x0,
0x30,0xc7,0x0,0x0,0x88,0xc7,0x0,0x0,
0xe0,0xc7,0x0,0x0,0xb8,0xc8,0x0,0x0,
0x10,0xc9,0x0,0x0,0x68,0xc9,0x0,0x0,
0x40,0xca,0x0,0x0,0x98,0xca,0x0,0x0,
0xf0,0xca,0x0,0x0,0x40,0xcb,0x0,0x0,
0x98,0xcb,0x0,0x0,0xf0,0xcb,0x0,0x0,
0xe0,0xcc,0x0,0x0,0x38,0xcd,0x0,0x0,
0x90,0xcd,0x0,0x0,0xe8,0xcd,0x0,0x0,
0x40,0xce,0x0,0x0,0x98,0xce,0x0,0x0,
0x88,0xcf,0x0,0x0,0xe0,0xcf,0x0,0x0,
0x38,0xd0,0x0,0x0,0x90,0xd0,0x0,0x0,
0xe8,0xd0,0x0,0x0,0x40,0xd1,0x0,0x0,
0x28,0xd2,0x0,0x0,0x80,0xd2,0x0,0x0,
0xd8,0xd2,0x0,0x0,0x30,0xd3,0x0,0x0,
0x88,0xd3,0x0,0x0,0xe0,0xd3,0x0,0x0,
0x48,0xd4,0x0,0x0,0xb0,0xd4,0x0,0x0,
0x0,0xd5,0x0,0x0,0x50,0xd5,0x0,0x0,
0xc0,0xd5,0x0,0x0,0x30,0xd6,0x0,0x0,
0x88,0xd6,0x0,0x0,0xe0,0xd6,0x0,0x0,
0x38,0xd7,0x0,0x0,0x88,0xd7,0x0,0x0,
0xd8,0xd7,0x0,0x0,0xd0,0xd9,0x0,0x0,
0x20,0xda,0x0,0x0,0x78,0xda,0x0,0x0,
0xd0,0xda,0x0,0x0,0x28,0xdb,0x0,0x0,
0x80,0xdb,0x0,0x0,0xd0,0xdb,0x0,0x0,
0x50,0xde,0x0,0x0,0x90,0xdf,0x0,0x0,
0x48,0xe0,0x0,0x0,0xa0,0xe0,0x0,0x0,
0xf8,0xe0,0x0,0x0,0x98,0xe1,0x0,0x0,
0xf0,0xe1,0x0,0x0,0x48,0xe2,0x0,0x0,
0xa0,0xe2,0x0,0x0,0xf8,0xe2,0x0,0x0,
0x50,0xe3,0x0,0x0,0xa0,0xe3,0x0,0x0,
0xb0,0xe3,0x0,0x0,0xc0,0xe3,0x0,0x0,
0xd0,0xe3,0x0,0x0,0xe0,0xe3,0x0,0x0,
0xf0,0xe3,0x0,0x0,0x0,0xe4,0x0,0x0,
0x10,0xe4,0x0,0x0,0x20,0xe4,0x0,0x0,
0x30,0xe4,0x0,0x0,0x40,0xe4,0x0,0x0,
0x50,0xe4,0x0,0x0,0x60,0xe4,0x0,0x0,
0x70,0xe4,0x0,0x0,0x80,0xe4,0x0,0x0,
0x90,0xe4,0x0,0x0,0xa0,0xe4,0x0,0x0,
0xb0,0xe4,0x0,0x0,0xc0,0xe4,0x0,0x0,
0xd0,0xe4,0x0,0x0,0xe8,0xe4,0x0,0x0,
0xf8,0xe4,0x0,0x0,0x10,0xe5,0x0,0x0,
0x20,0xe5,0x0,0x0,0x30,0xe5,0x0,0x0,
0x40,0xe5,0x0,0x0,0x50,0xe5,0x0,0x0,
0x60,0xe5,0x0,0x0,0x70,0xe5,0x0,0x0,
0x80,0xe5,0x0,0x0,0x90,0xe5,0x0,0x0,
0xa8,0xe5,0x0,0x0,0xb8,0xe5,0x0,0x0,
0xd0,0xe5,0x0,0x0,0xe0,0xe5,0x0,0x0,
0xf0,0xe5,0x0,0x0,0x0,0xe6,0x0,0x0,
0x10,0xe6,0x0,0x0,0x20,0xe6,0x0,0x0,
0x30,0xe6,0x0,0x0,0x40,0xe6,0x0,0x0,
0x50,0xe6,0x0,0x0,0x60,0xe6,0x0,0x0,
0x70,0xe6,0x0,0x0,0x80,0xe6,0x0,0x0,
0x90,0xe6,0x0,0x0,0xa0,0xe6,0x0,0x0,
0xb0,0xe6,0x0,0x0,0xc0,0xe6,0x0,0x0,
0xd0,0xe6,0x0,0x0,0x63,0x0,0x0,0x0,
0x20,0x16,0x0,0x0,0x73,0x0,0x0,0x0,
0xf0,0x0,0x0,0x0,0x33,0x16,0x0,0x0,
0x73,0x1,0x0,0x0,0x40,0x16,0x0,0x0,
0x33,0x16,0x0,0x0,0x93,0x2,0x0,0x0,
0x54,0x16,0x0,0x0,0x13,0x1,0x0,0x0,
0x63,0x16,0x0,0x0,0x70,0x16,0x0,0x0,
0x73,0x0,0x0,0x0,0xf1,0x0,0x0,0x0,
0x13,0x1,0x0,0x0,0x81,0x0,0x0,0x0,
0x33,0x16,0x0,0x0,0x83,0x16,0x0,0x0,
0xa3,0x16,0x0,0x0,0x94,0x16,0x0,0x0,
0x83,0x16,0x0,0x0,0xa3,0x16,0x0,0x0,
0xc4,0x16,0x0,0x0,0x33,0x16,0x0,0x0,
0xa0,0x3,0x0,0x0,0x33,0x16,0x0,0x0,
0xc0,0x3,0x0,0x0,0x93,0x3,0x0,0x0,
0x83,0x16,0x0,0x0,0xa3,0x16,0x0,0x0,
0xc4,0x16,0x0,0x0,0x21,0x4,0x0,0x0,
0x93,0x3,0x0,0x0,0x83,0x16,0x0,0x0,
0xa3,0x16,0x0,0x0,0x94,0x16,0x0,0x0,
0x1,0x4,0x0,0x0,0x33,0x16,0x0,0x0,
0x93,0x3,0x0,0x0,0x0,0x4,0x0,0x0,
0x93,0x3,0x0,0x0,0x20,0x4,0x0,0x0,
0x73,0x1,0x0,0x0,0xe0,0x16,0x0,0x0,
0x33,0x16,0x0,0x0,0x83,0x4,0x0,0x0,
0xf0,0x16,0x0,0x0,0x83,0x4,0x0,0x0,
0x0,0x17,0x0,0x0,0x83,0x4,0x0,0x0,
0x10,0x17,0x0,0x0,0x83,0x4,0x0,0x0,
0x20,0x17,0x0,0x0,0x83,0x4,0x0,0x0,
0x30,0x17,0x0,0x0,0x83,0x4,0x0,0x0,
0x40,0x17,0x0,0x0,0x33,0x16,0x0,0x0,
0xc0,0x3,0x0,0x0,0x33,0x16,0x0,0x0,
0x80,0x5,0x0,0x0,0x53,0x17,0x0,0x0,
0x60,0x17,0x0,0x0,0x53,0x17,0x0,0x0,
0x70,0x17,0x0,0x0,0x53,0x17,0x0,0x0,
0x20,0xd,0x0,0x0,0x73,0x1,0x0,0x0,
0x40,0x16,0x0,0x0,0x33,0x16,0x0,0x0,
0x0,0x7,0x0,0x0,0x33,0x16,0x0,0x0,
0xa0,0x3,0x0,0x0,0x33,0x16,0x0,0x0,
0xc0,0x3,0x0,0x0,0x33,0x16,0x0,0x0,
0xa0,0x3,0x0,0x0,0x83,0x17,0x0,0x0,
0x94,0x17,0x0,0x0,0x33,0x16,0x0,0x0,
0x80,0x7,0x0,0x0,0x33,0x16,0x0,0x0,
0xa0,0x7,0x0,0x0,0x83,0x17,0x0,0x0,
0xa0,0x17,0x0,0x0,0x83,0x4,0x0,0x0,
0x0,0x17,0x0,0x0,0x83,0x4,0x0,0x0,
0x10,0x17,0x0,0x0,0x83,0x17,0x0,0x0,
0xa0,0x17,0x0,0x0,0x83,0x17,0x0,0x0,
0x83,0x3,0x0,0x0,0x81,0x0,0x0,0x0,
0x53,0x9,0x0,0x0,0x81,0x0,0x0,0x0,
0xa3,0x8,0x0,0x0,0xd4,0x17,0x0,0x0,
0x33,0x16,0x0,0x0,0x80,0x7,0x0,0x0,
0x63,0x7,0x0,0x0,0x80,0x5,0x0,0x0,
0x83,0x4,0x0,0x0,0x0,0x17,0x0,0x0,
0x83,0x4,0x0,0x0,0x10,0x17,0x0,0x0,
0x33,0x16,0x0,0x0,0x33,0x16,0x0,0x0,
0xd0,0x1,0x0,0x0,0xd3,0x1,0x0,0x0,
0x33,0x16,0x0,0x0,0xe0,0x1,0x0,0x0,
0xe3,0x1,0x0,0x0,0x33,0x16,0x0,0x0,
0x83,0x16,0x0,0x0,0x0,0x17,0x0,0x0,
0x33,0x16,0x0,0x0,0x80,0x7,0x0,0x0,
0x33,0x16,0x0,0x0,0x80,0x7,0x0,0x0,
0xa3,0x8,0x0,0x0,0xe4,0x17,0x0,0x0,
0x73,0x0,0x0,0x0,0xe4,0x17,0x0,0x0,
0xf3,0x17,0x0,0x0,0x4,0x18,0x0,0x0,
0x83,0x4,0x0,0x0,0x0,0x17,0x0,0x0,
0x83,0x4,0x0,0x0,0x10,0x17,0x0,0x0,
0x33,0x16,0x0,0x0,0x83,0x16,0x0,0x0,
0xa3,0x16,0x0,0x0,0x94,0x16,0x0,0x0,
0x83,0x16,0x0,0x0,0xa3,0x16,0x0,0x0,
0xc4,0x16,0x0,0x0,0x33,0x16,0x0,0x0,
0xa0,0x3,0x0,0x0,0x33,0x16,0x0,0x0,
0xc0,0x3,0x0,0x0,0x93,0x3,0x0,0x0,
0x83,0x16,0x0,0x0,0xa3,0x16,0x0,0x0,
0xc4,0x16,0x0,0x0,0x21,0x4,0x0,0x0,
0x93,0x3,0x0,0x0,0x83,0x16,0x0,0x0,
0xa3,0x16,0x0,0x0,0x94,0x16,0x0,0x0,
0x1,0x4,0x0,0x0,0x33,0x16,0x0,0x0,
0x93,0x3,0x0,0x0,0x0,0x4,0x0,0x0,
0x93,0x3,0x0,0x0,0x20,0x4,0x0,0x0,
0x83,0x4,0x0,0x0,0xf0,0x16,0x0,0x0,
0x83,0x4,0x0,0x0,0x0,0x17,0x0,0x0,
0x83,0x4,0x0,0x0,0x10,0x17,0x0,0x0,
0x83,0x4,0x0,0x0,0x20,0x17,0x0,0x0,
0x83,0x4,0x0,0x0,0x30,0x17,0x0,0x0,
0x83,0x4,0x0,0x0,0x40,0x17,0x0,0x0,
0x33,0x16,0x0,0x0,0xc0,0x3,0x0,0x0,
0x33,0x16,0x0,0x0,0x80,0x5,0x0,0x0,
0x53,0x17,0x0,0x0,0x60,0x17,0x0,0x0,
0x53,0x17,0x0,0x0,0x70,0x17,0x0,0x0,
0x53,0x17,0x0,0x0,0x20,0xd,0x0,0x0,
0x73,0x1,0x0,0x0,0x40,0x16,0x0,0x0,
0x33,0x16,0x0,0x0,0x0,0x7,0x0,0x0,
0x33,0x16,0x0,0x0,0xa0,0x3,0x0,0x0,
0x33,0x16,0x0,0x0,0xc0,0x3,0x0,0x0,
0x33,0x16,0x0,0x0,0xa0,0x3,0x0,0x0,
0x33,0x16,0x0,0x0,0x33,0x16,0x0,0x0,
0xd0,0x1,0x0,0x0,0x33,0x16,0x0,0x0,
0xe0,0x1,0x0,0x0,0x83,0x4,0x0,0x0,
0x10,0x17,0x0,0x0,0x33,0x16,0x0,0x0,
0x33,0x16,0x0,0x0,0xd0,0x1,0x0,0x0,
0x33,0x16,0x0,0x0,0xe0,0x1,0x0,0x0,
0x83,0x4,0x0,0x0,0x10,0x17,0x0,0x0,
0x23,0x18,0x0,0x0,0x40,0xa,0x0,0x0,
0x33,0x16,0x0,0x0,0xa3,0xa,0x0,0x0,
0x34,0x18,0x0,0x0,0xb3,0x9,0x0,0x0,
0x90,0x4,0x0,0x0,0x33,0xa,0x0,0x0,
0x90,0x4,0x0,0x0,0x13,0xb,0x0,0x0,
0xd4,0x17,0x0,0x0,0x43,0x18,0x0,0x0,
0xb3,0x9,0x0,0x0,0x90,0x4,0x0,0x0,
0x33,0xa,0x0,0x0,0x90,0x4,0x0,0x0,
0x54,0x18,0x0,0x0,0x33,0x16,0x0,0x0,
0x80,0x7,0x0,0x0,0x33,0x16,0x0,0x0,
0x90,0x4,0x0,0x0,0x83,0x4,0x0,0x0,
0x0,0x17,0x0,0x0,0x83,0x4,0x0,0x0,
0x10,0x17,0x0,0x0,0x43,0x18,0x0,0x0,
0x53,0x9,0x0,0x0,0x81,0x0,0x0,0x0,
0xa3,0xb,0x0,0x0,0x81,0x0,0x0,0x0,
0x13,0xb,0x0,0x0,0xd4,0x17,0x0,0x0,
0x33,0x16,0x0,0x0,0xd0,0x1,0x0,0x0,
0xd3,0x1,0x0,0x0,0x33,0x16,0x0,0x0,
0xe0,0x1,0x0,0x0,0xe3,0x1,0x0,0x0,
0x33,0x16,0x0,0x0,0x83,0x16,0x0,0x0,
0x0,0x17,0x0,0x0,0x83,0x4,0x0,0x0,
0x20,0x17,0x0,0x0,0x33,0x16,0x0,0x0,
0x80,0x7,0x0,0x0,0x33,0x16,0x0,0x0,
0x80,0x7,0x0,0x0,0x13,0xb,0x0,0x0,
0xe4,0x17,0x0,0x0,0xb3,0x9,0x0,0x0,
0x81,0x14,0x0,0x0,0x83,0x4,0x0,0x0,
0x0,0x17,0x0,0x0,0x83,0x4,0x0,0x0,
0x10,0x17,0x0,0x0,0x63,0x18,0x0,0x0,
0x70,0x18,0x0,0x0,0x53,0x9,0x0,0x0,
0x81,0x0,0x0,0x0,0x83,0x3,0x0,0x0,
0x81,0x0,0x0,0x0,0x33,0x16,0x0,0x0,
0x0,0x7,0x0,0x0,0x33,0x16,0x0,0x0,
0x80,0x5,0x0,0x0,0x33,0x16,0x0,0x0,
0x90,0x4,0x0,0x0,0x83,0x4,0x0,0x0,
0x0,0x17,0x0,0x0,0x83,0x4,0x0,0x0,
0x10,0x17,0x0,0x0,0x33,0x16,0x0,0x0,
0x33,0x16,0x0,0x0,0x83,0x16,0x0,0x0,
0xa3,0x16,0x0,0x0,0x94,0x16,0x0,0x0,
0x83,0x16,0x0,0x0,0xa3,0x16,0x0,0x0,
0xc4,0x16,0x0,0x0,0x33,0x16,0x0,0x0,
0xa0,0x3,0x0,0x0,0x33,0x16,0x0,0x0,
0xc0,0x3,0x0,0x0,0x93,0x3,0x0,0x0,
0x83,0x16,0x0,0x0,0xa3,0x16,0x0,0x0,
0xc4,0x16,0x0,0x0,0x21,0x4,0x0,0x0,
0x93,0x3,0x0,0x0,0x83,0x16,0x0,0x0,
0xa3,0x16,0x0,0x0,0x94,0x16,0x0,0x0,
0x1,0x4,0x0,0x0,0x33,0x16,0x0,0x0,
0x93,0x3,0x0,0x0,0x0,0x4,0x0,0x0,
0x93,0x3,0x0,0x0,0x20,0x4,0x0,0x0,
0x83,0x4,0x0,0x0,0xf0,0x16,0x0,0x0,
0x83,0x4,0x0,0x0,0x0,0x17,0x0,0x0,
0x83,0x4,0x0,0x0,0x10,0x17,0x0,0x0,
0x83,0x4,0x0,0x0,0x20,0x17,0x0,0x0,
0x83,0x4,0x0,0x0,0x30,0x17,0x0,0x0,
0x83,0x4,0x0,0x0,0x40,0x17,0x0,0x0,
0x33,0x16,0x0,0x0,0xc0,0x3,0x0,0x0,
0x33,0x16,0x0,0x0,0x80,0x5,0x0,0x0,
0x53,0x17,0x0,0x0,0x60,0x17,0x0,0x0,
0x53,0x17,0x0,0x0,0x70,0x17,0x0,0x0,
0x53,0x17,0x0,0x0,0x20,0xd,0x0,0x0,
0x73,0x1,0x0,0x0,0x40,0x16,0x0,0x0,
0x33,0x16,0x0,0x0,0x0,0x7,0x0,0x0,
0x33,0x16,0x0,0x0,0xa0,0x3,0x0,0x0,
0x33,0x16,0x0,0x0,0xc0,0x3,0x0,0x0,
0x33,0x16,0x0,0x0,0xa0,0x3,0x0,0x0,
0x33,0x16,0x0,0x0,0x33,0x16,0x0,0x0,
0x33,0x16,0x0,0x0,0xd3,0xb,0x0,0x0,
0xd0,0x7,0x0,0x0,0xd3,0xb,0x0,0x0,
0xf0,0xb,0x0,0x0,0xd3,0xb,0x0,0x0,
0xf0,0xb,0x0,0x0,0x33,0x16,0x0,0x0,
0xd3,0xb,0x0,0x0,0xf1,0xb,0x0,0x0,
0xa3,0xb,0x0,0x0,0x81,0x0,0x0,0x0,
0x93,0xc,0x0,0x0,0x81,0x0,0x0,0x0,
0x33,0x16,0x0,0x0,0xd3,0xb,0x0,0x0,
0xd0,0x7,0x0,0x0,0xd3,0xb,0x0,0x0,
0xf0,0xb,0x0,0x0,0xd3,0xb,0x0,0x0,
0xf0,0xb,0x0,0x0,0x33,0x16,0x0,0x0,
0xd3,0xb,0x0,0x0,0xf1,0xb,0x0,0x0,
0xa3,0xb,0x0,0x0,0x81,0x0,0x0,0x0,
0x73,0x13,0x0,0x0,0x81,0x0,0x0,0x0,
0x33,0x16,0x0,0x0,0x63,0x18,0x0,0x0,
0x70,0x18,0x0,0x0,0xa3,0xb,0x0,0x0,
0x81,0x0,0x0,0x0,0x53,0x9,0x0,0x0,
0x81,0x0,0x0,0x0,0xb3,0x9,0x0,0x0,
0x91,0x4,0x0,0x0,0x33,0xa,0x0,0x0,
0x91,0x4,0x0,0x0,0xf3,0x17,0x0,0x0,
0x4,0x18,0x0,0x0,0x33,0x16,0x0,0x0,
0x0,0x7,0x0,0x0,0x33,0x16,0x0,0x0,
0x80,0x5,0x0,0x0,0x33,0x16,0x0,0x0,
0x90,0x4,0x0,0x0,0x83,0x4,0x0,0x0,
0x0,0x17,0x0,0x0,0x83,0x4,0x0,0x0,
0x10,0x17,0x0,0x0,0x33,0x16,0x0,0x0,
0x33,0x16,0x0,0x0,0x83,0x16,0x0,0x0,
0xa3,0x16,0x0,0x0,0x94,0x16,0x0,0x0,
0x83,0x16,0x0,0x0,0xa3,0x16,0x0,0x0,
0xc4,0x16,0x0,0x0,0x33,0x16,0x0,0x0,
0xa0,0x3,0x0,0x0,0x33,0x16,0x0,0x0,
0xc0,0x3,0x0,0x0,0x93,0x3,0x0,0x0,
0x83,0x16,0x0,0x0,0xa3,0x16,0x0,0x0,
0xc4,0x16,0x0,0x0,0x21,0x4,0x0,0x0,
0x93,0x3,0x0,0x0,0x83,0x16,0x0,0x0,
0xa3,0x16,0x0,0x0,0x94,0x16,0x0,0x0,
0x1,0x4,0x0,0x0,0x33,0x16,0x0,0x0,
0x93,0x3,0x0,0x0,0x0,0x4,0x0,0x0,
0x93,0x3,0x0,0x0,0x20,0x4,0x0,0x0,
0x83,0x4,0x0,0x0,0xf0,0x16,0x0,0x0,
0x83,0x4,0x0,0x0,0x0,0x17,0x0,0x0,
0x83,0x4,0x0,0x0,0x10,0x17,0x0,0x0,
0x83,0x4,0x0,0x0,0x20,0x17,0x0,0x0,
0x83,0x4,0x0,0x0,0x30,0x17,0x0,0x0,
0x83,0x4,0x0,0x0,0x40,0x17,0x0,0x0,
0x33,0x16,0x0,0x0,0xc0,0x3,0x0,0x0,
0x33,0x16,0x0,0x0,0x80,0x5,0x0,0x0,
0x53,0x17,0x0,0x0,0x60,0x17,0x0,0x0,
0x53,0x17,0x0,0x0,0x70,0x17,0x0,0x0,
0x53,0x17,0x0,0x0,0x20,0xd,0x0,0x0,
0x73,0x1,0x0,0x0,0x40,0x16,0x0,0x0,
0x33,0x16,0x0,0x0,0x0,0x7,0x0,0x0,
0x33,0x16,0x0,0x0,0xa0,0x3,0x0,0x0,
0x33,0x16,0x0,0x0,0xc0,0x3,0x0,0x0,
0x33,0x16,0x0,0x0,0xa0,0x3,0x0,0x0,
0x83,0x4,0x0,0x0,0x0,0x17,0x0,0x0,
0x83,0x4,0x0,0x0,0x10,0x17,0x0,0x0,
0x33,0x16,0x0,0x0,0xc0,0x3,0x0,0x0,
0x33,0x16,0x0,0x0,0xa0,0x3,0x0,0x0,
0x83,0x4,0x0,0x0,0x0,0x17,0x0,0x0,
0x83,0x4,0x0,0x0,0x10,0x17,0x0,0x0,
0x33,0x16,0x0,0x0,0x0,0x7,0x0,0x0,
0x33,0x16,0x0,0x0,0xa0,0x3,0x0,0x0,
0x33,0x16,0x0,0x0,0x80,0x7,0x0,0x0,
0x33,0x16,0x0,0x0,0xa0,0x3,0x0,0x0,
0xf3,0x17,0x0,0x0,0x4,0x18,0x0,0x0,
0x53,0xd,0x0,0x0,0x91,0x4,0x0,0x0,
0x53,0xd,0x0,0x0,0xd1,0x0,0x0,0x0,
0x53,0xd,0x0,0x0,0x91,0x4,0x0,0x0,
0x53,0xd,0x0,0x0,0xd1,0x0,0x0,0x0,
0x33,0x16,0x0,0x0,0x80,0x7,0x0,0x0,
0x83,0x17,0x0,0x0,0xb3,0x18,0x0,0x0,
0xc4,0x18,0x0,0x0,0xf3,0x17,0x0,0x0,
0x4,0x18,0x0,0x0,0xe0,0x18,0x0,0x0,
0x0,0x19,0x0,0x0,0x10,0x19,0x0,0x0,
0xa7,0xd,0x0,0x0,0xf3,0x17,0x0,0x0,
0x34,0x19,0x0,0x0,0x33,0x16,0x0,0x0,
0x80,0x7,0x0,0x0,0x33,0x16,0x0,0x0,
0x80,0x7,0x0,0x0,0x83,0x17,0x0,0x0,
0xb3,0x18,0x0,0x0,0xc4,0x18,0x0,0x0,
0xf3,0x17,0x0,0x0,0x4,0x18,0x0,0x0,
0xe0,0x18,0x0,0x0,0x0,0x19,0x0,0x0,
0x10,0x19,0x0,0x0,0x73,0x19,0x0,0x0,
0x73,0x19,0x0,0x0,0x94,0x19,0x0,0x0,
0x84,0x19,0x0,0x0,0xd3,0xd,0x0,0x0,
0x73,0x19,0x0,0x0,0xa4,0x19,0x0,0x0,
0x91,0x4,0x0,0x0,0x3,0xe,0x0,0x0,
0xd1,0x1,0x0,0x0,0xd3,0xd,0x0,0x0,
0xd1,0x0,0x0,0x0,0x3,0xe,0x0,0x0,
0xd1,0x0,0x0,0x0,0xd3,0xd,0x0,0x0,
0xd1,0x0,0x0,0x0,0x3,0xe,0x0,0x0,
0xd1,0x0,0x0,0x0,0xd3,0xd,0x0,0x0,
0xd1,0x0,0x0,0x0,0x3,0xe,0x0,0x0,
0xd1,0x0,0x0,0x0,0xf3,0x17,0x0,0x0,
0x4,0x18,0x0,0x0,0x33,0x16,0x0,0x0,
0xe0,0x1,0x0,0x0,0x33,0x16,0x0,0x0,
0xa0,0x3,0x0,0x0,0x33,0x16,0x0,0x0,
0xc0,0x3,0x0,0x0,0x83,0x4,0x0,0x0,
0x0,0x17,0x0,0x0,0x23,0xe,0x0,0x0,
0xf3,0xe,0x0,0x0,0xe0,0x19,0x0,0x0,
0x83,0x4,0x0,0x0,0x10,0x17,0x0,0x0,
0x83,0x4,0x0,0x0,0x0,0x17,0x0,0x0,
0x83,0x4,0x0,0x0,0x0,0x17,0x0,0x0,
0x83,0xe,0x0,0x0,0x53,0xf,0x0,0x0,
0xe0,0x19,0x0,0x0,0x83,0x4,0x0,0x0,
0x10,0x17,0x0,0x0,0x83,0x4,0x0,0x0,
0x0,0x17,0x0,0x0,0x33,0x16,0x0,0x0,
0xd0,0x1,0x0,0x0,0x33,0x16,0x0,0x0,
0xe0,0x1,0x0,0x0,0x73,0xf,0x0,0x0,
0x73,0xf,0x0,0x0,0x63,0xf,0x0,0x0,
0x70,0xf,0x0,0x0,0xf3,0xf,0x0,0x0,
0x83,0x10,0x0,0x0,0x63,0xf,0x0,0x0,
0x80,0xf,0x0,0x0,0x63,0xf,0x0,0x0,
0xa0,0xf,0x0,0x0,0x63,0xf,0x0,0x0,
0x70,0xf,0x0,0x0,0x73,0x10,0x0,0x0,
0x40,0x16,0x0,0x0,0x33,0x16,0x0,0x0,
0x63,0xf,0x0,0x0,0x70,0xf,0x0,0x0,
0x63,0xf,0x0,0x0,0x70,0xf,0x0,0x0,
0xf3,0x19,0x0,0x0,0x83,0x10,0x0,0x0,
0x10,0x1a,0x0,0x0,0x4,0x1a,0x0,0x0,
0x33,0x16,0x0,0x0,0xd0,0x1,0x0,0x0,
0xd3,0x1,0x0,0x0,0x63,0xf,0x0,0x0,
0x70,0xf,0x0,0x0,0x63,0xf,0x0,0x0,
0x63,0xf,0x0,0x0,0x70,0xf,0x0,0x0,
0x71,0xf,0x0,0x0,0x63,0xf,0x0,0x0,
0x70,0xf,0x0,0x0,0xa3,0x10,0x0,0x0,
0x90,0x4,0x0,0x0,0xa3,0x10,0x0,0x0,
0xb0,0x4,0x0,0x0,0x83,0x4,0x0,0x0,
0x0,0x17,0x0,0x0,0x83,0x4,0x0,0x0,
0x10,0x17,0x0,0x0,0xf3,0x17,0x0,0x0,
0x4,0x18,0x0,0x0,0x83,0x17,0x0,0x0,
0x54,0x1a,0x0,0x0,0x83,0x17,0x0,0x0,
0x54,0x1a,0x0,0x0,0x33,0x16,0x0,0x0,
0xc0,0x3,0x0,0x0,0x33,0x16,0x0,0x0,
0xa0,0x3,0x0,0x0,0x83,0x4,0x0,0x0,
0x0,0x17,0x0,0x0,0x83,0x4,0x0,0x0,
0x10,0x17,0x0,0x0,0xf3,0x17,0x0,0x0,
0xf3,0xe,0x0,0x0,0xe0,0x19,0x0,0x0,
0x4,0x18,0x0,0x0,0xf3,0x17,0x0,0x0,
0x53,0xf,0x0,0x0,0xe0,0x19,0x0,0x0,
0x4,0x18,0x0,0x0,0x33,0x16,0x0,0x0,
0x80,0x7,0x0,0x0,0x33,0x16,0x0,0x0,
0xa0,0x3,0x0,0x0,0x33,0x16,0x0,0x0,
0x90,0x4,0x0,0x0,0x83,0x4,0x0,0x0,
0x0,0x17,0x0,0x0,0x83,0x4,0x0,0x0,
0x10,0x17,0x0,0x0,0x23,0x12,0x0,0x0,
0xd0,0x1,0x0,0x0,0x23,0x12,0x0,0x0,
0xe0,0x1,0x0,0x0,0x23,0x11,0x0,0x0,
0x43,0x11,0x0,0x0,0xb3,0x11,0x0,0x0,
0x13,0x11,0x0,0x0,0x23,0x11,0x0,0x0,
0x43,0x11,0x0,0x0,0xe3,0x11,0x0,0x0,
0x13,0x11,0x0,0x0,0x33,0x16,0x0,0x0,
0x80,0x7,0x0,0x0,0x33,0x16,0x0,0x0,
0xa0,0x3,0x0,0x0,0x33,0x16,0x0,0x0,
0xc0,0x3,0x0,0x0,0x33,0x16,0x0,0x0,
0xb7,0x1a,0x0,0x0,0xd3,0x1,0x0,0x0,
0xe3,0x1,0x0,0x0,0xc4,0x1a,0x0,0x0,
0xd1,0x1a,0x0,0x0,0xe1,0x1a,0x0,0x0,
0x73,0x12,0x0,0x0,0x0,0x1b,0x0,0x0,
0x14,0x1b,0x0,0x0,0x73,0x12,0x0,0x0,
0x40,0x4,0x0,0x0,0x73,0x12,0x0,0x0,
0x50,0x4,0x0,0x0,0x24,0x1b,0x0,0x0,
0x73,0x12,0x0,0x0,0x0,0x1b,0x0,0x0,
0x73,0x12,0x0,0x0,0x40,0x4,0x0,0x0,
0x73,0x12,0x0,0x0,0x50,0x4,0x0,0x0,
0x34,0x1b,0x0,0x0,0x44,0x1b,0x0,0x0,
0x33,0x16,0x0,0x0,0x3,0x11,0x0,0x0,
0x60,0x11,0x0,0x0,0x3,0x11,0x0,0x0,
0x80,0x11,0x0,0x0,0x3,0x11,0x0,0x0,
0xa0,0x11,0x0,0x0,0x73,0x3,0x0,0x0,
0x50,0x1b,0x0,0x0,0x83,0x17,0x0,0x0,
0xb3,0x18,0x0,0x0,0xc4,0x18,0x0,0x0,
0x60,0x1b,0x0,0x0,0x40,0x4,0x0,0x0,
0x60,0x1b,0x0,0x0,0x50,0x4,0x0,0x0,
0x70,0x1b,0x0,0x0,0xf3,0x17,0x0,0x0,
0x4,0x18,0x0,0x0,0x3,0x11,0x0,0x0,
0xb0,0x11,0x0,0x0,0x3,0x11,0x0,0x0,
0xe0,0x11,0x0,0x0,0x3,0x11,0x0,0x0,
0xb1,0x11,0x0,0x0,0x3,0x11,0x0,0x0,
0xe1,0x11,0x0,0x0,0xf3,0x17,0x0,0x0,
0x4,0x18,0x0,0x0,0x3,0x11,0x0,0x0,
0x3,0x11,0x0,0x0,0x4,0x12,0x0,0x0,
0x61,0x11,0x0,0x0,0x3,0x11,0x0,0x0,
0x3,0x11,0x0,0x0,0x14,0x12,0x0,0x0,
0x81,0x11,0x0,0x0,0x3,0x11,0x0,0x0,
0x73,0x19,0x0,0x0,0xc0,0x1b,0x0,0x0,
0x60,0x1,0x0,0x0,0x60,0x1,0x0,0x0,
0x60,0x1,0x0,0x0,0xb4,0x1b,0x0,0x0,
0x73,0x19,0x0,0x0,0xd0,0x1b,0x0,0x0,
0xa1,0x11,0x0,0x0,0xb3,0x18,0x0,0x0,
0xc4,0x18,0x0,0x0,0x3,0x11,0x0,0x0,
0xb0,0x11,0x0,0x0,0x3,0x11,0x0,0x0,
0xe0,0x11,0x0,0x0,0xf3,0x17,0x0,0x0,
0x4,0x18,0x0,0x0,0x63,0x12,0x0,0x0,
0x3,0x11,0x0,0x0,0x0,0x1c,0x0,0x0,
0x60,0x1b,0x0,0x0,0x40,0x4,0x0,0x0,
0x4,0x12,0x0,0x0,0x3,0x11,0x0,0x0,
0x0,0x1c,0x0,0x0,0x60,0x1b,0x0,0x0,
0x50,0x4,0x0,0x0,0x14,0x12,0x0,0x0,
0xf4,0x1b,0x0,0x0,0x71,0x12,0x0,0x0,
0x63,0x12,0x0,0x0,0x14,0x1c,0x0,0x0,
0x63,0x18,0x0,0x0,0x70,0x18,0x0,0x0,
0x93,0xc,0x0,0x0,0x81,0x0,0x0,0x0,
0xa3,0xb,0x0,0x0,0x81,0x0,0x0,0x0,
0x33,0x16,0x0,0x0,0x0,0x7,0x0,0x0,
0x33,0x16,0x0,0x0,0x80,0x5,0x0,0x0,
0x33,0x16,0x0,0x0,0x90,0x4,0x0,0x0,
0x83,0x4,0x0,0x0,0x0,0x17,0x0,0x0,
0x83,0x4,0x0,0x0,0x10,0x17,0x0,0x0,
0x33,0x16,0x0,0x0,0x33,0x16,0x0,0x0,
0x83,0x16,0x0,0x0,0xa3,0x16,0x0,0x0,
0x94,0x16,0x0,0x0,0x83,0x16,0x0,0x0,
0xa3,0x16,0x0,0x0,0xc4,0x16,0x0,0x0,
0x33,0x16,0x0,0x0,0xa0,0x3,0x0,0x0,
0x33,0x16,0x0,0x0,0xc0,0x3,0x0,0x0,
0x93,0x3,0x0,0x0,0x83,0x16,0x0,0x0,
0xa3,0x16,0x0,0x0,0xc4,0x16,0x0,0x0,
0x21,0x4,0x0,0x0,0x93,0x3,0x0,0x0,
0x83,0x16,0x0,0x0,0xa3,0x16,0x0,0x0,
0x94,0x16,0x0,0x0,0x1,0x4,0x0,0x0,
0x33,0x16,0x0,0x0,0x93,0x3,0x0,0x0,
0x0,0x4,0x0,0x0,0x93,0x3,0x0,0x0,
0x20,0x4,0x0,0x0,0x83,0x4,0x0,0x0,
0xf0,0x16,0x0,0x0,0x83,0x4,0x0,0x0,
0x0,0x17,0x0,0x0,0x83,0x4,0x0,0x0,
0x10,0x17,0x0,0x0,0x83,0x4,0x0,0x0,
0x20,0x17,0x0,0x0,0x83,0x4,0x0,0x0,
0x30,0x17,0x0,0x0,0x83,0x4,0x0,0x0,
0x40,0x17,0x0,0x0,0x33,0x16,0x0,0x0,
0xc0,0x3,0x0,0x0,0x33,0x16,0x0,0x0,
0x80,0x5,0x0,0x0,0x53,0x17,0x0,0x0,
0x60,0x17,0x0,0x0,0x53,0x17,0x0,0x0,
0x70,0x17,0x0,0x0,0x53,0x17,0x0,0x0,
0x20,0xd,0x0,0x0,0x73,0x1,0x0,0x0,
0x40,0x16,0x0,0x0,0x33,0x16,0x0,0x0,
0x0,0x7,0x0,0x0,0x33,0x16,0x0,0x0,
0xa0,0x3,0x0,0x0,0x33,0x16,0x0,0x0,
0xc0,0x3,0x0,0x0,0x33,0x16,0x0,0x0,
0xa0,0x3,0x0,0x0,0x83,0x4,0x0,0x0,
0x0,0x17,0x0,0x0,0x83,0x4,0x0,0x0,
0x10,0x17,0x0,0x0,0x33,0x16,0x0,0x0,
0xc0,0x3,0x0,0x0,0x33,0x16,0x0,0x0,
0xa0,0x3,0x0,0x0,0x83,0x4,0x0,0x0,
0x0,0x17,0x0,0x0,0x83,0x4,0x0,0x0,
0x10,0x17,0x0,0x0,0x33,0x16,0x0,0x0,
0xc0,0x3,0x0,0x0,0x33,0x16,0x0,0x0,
0xa0,0x3,0x0,0x0,0x83,0x4,0x0,0x0,
0x0,0x17,0x0,0x0,0x83,0x4,0x0,0x0,
0x10,0x17,0x0,0x0,0x33,0x16,0x0,0x0,
0x0,0x7,0x0,0x0,0x33,0x16,0x0,0x0,
0xa0,0x3,0x0,0x0,0x33,0x16,0x0,0x0,
0x80,0x7,0x0,0x0,0x33,0x16,0x0,0x0,
0xa0,0x3,0x0,0x0,0xf3,0x17,0x0,0x0,
0x4,0x18,0x0,0x0,0xb3,0x13,0x0,0x0,
0x91,0x4,0x0,0x0,0xb3,0x13,0x0,0x0,
0xd1,0x0,0x0,0x0,0xb3,0x13,0x0,0x0,
0x91,0x4,0x0,0x0,0xb3,0x13,0x0,0x0,
0xd1,0x0,0x0,0x0,0x33,0x16,0x0,0x0,
0x80,0x7,0x0,0x0,0x83,0x17,0x0,0x0,
0xb3,0x18,0x0,0x0,0xc4,0x18,0x0,0x0,
0xf3,0x17,0x0,0x0,0x4,0x18,0x0,0x0,
0xe0,0x18,0x0,0x0,0x0,0x19,0x0,0x0,
0x10,0x19,0x0,0x0,0xa7,0xd,0x0,0x0,
0xf3,0x17,0x0,0x0,0x34,0x19,0x0,0x0,
0x33,0x16,0x0,0x0,0x80,0x7,0x0,0x0,
0x33,0x16,0x0,0x0,0x80,0x7,0x0,0x0,
0x83,0x17,0x0,0x0,0xb3,0x18,0x0,0x0,
0xc4,0x18,0x0,0x0,0xf3,0x17,0x0,0x0,
0x4,0x18,0x0,0x0,0xe0,0x18,0x0,0x0,
0x0,0x19,0x0,0x0,0x10,0x19,0x0,0x0,
0x73,0x19,0x0,0x0,0x73,0x19,0x0,0x0,
0x94,0x19,0x0,0x0,0x84,0x19,0x0,0x0,
0xc3,0x13,0x0,0x0,0x73,0x19,0x0,0x0,
0xa4,0x19,0x0,0x0,0x91,0x4,0x0,0x0,
0xe3,0x13,0x0,0x0,0xd1,0x1,0x0,0x0,
0xc3,0x13,0x0,0x0,0xd1,0x0,0x0,0x0,
0xe3,0x13,0x0,0x0,0xd1,0x0,0x0,0x0,
0xc3,0x13,0x0,0x0,0xd1,0x0,0x0,0x0,
0xe3,0x13,0x0,0x0,0xd1,0x0,0x0,0x0,
0xc3,0x13,0x0,0x0,0xd1,0x0,0x0,0x0,
0xe3,0x13,0x0,0x0,0xd1,0x0,0x0,0x0,
0xf3,0x17,0x0,0x0,0x4,0x18,0x0,0x0,
0x33,0x16,0x0,0x0,0xe0,0x1,0x0,0x0,
0x83,0x16,0x0,0x0,0x20,0x1c,0x0,0x0,
0xf3,0x17,0x0,0x0,0x4,0x18,0x0,0x0,
0x83,0x17,0x0,0x0,0x44,0x1c,0x0,0x0,
0x33,0x16,0x0,0x0,0x80,0x7,0x0,0x0,
0x33,0x16,0x0,0x0,0x90,0x4,0x0,0x0,
0x83,0x4,0x0,0x0,0x0,0x17,0x0,0x0,
0x83,0x4,0x0,0x0,0x10,0x17,0x0,0x0,
0x33,0x16,0x0,0x0,0xd0,0x1,0x0,0x0,
0x33,0x16,0x0,0x0,0xe0,0x1,0x0,0x0,
0x73,0x13,0x0,0x0,0x80,0x0,0x0,0x0,
0x73,0x14,0x0,0x0,0x54,0x1c,0x0,0x0,
0x61,0x1c,0x0,0x0,0x70,0x1c,0x0,0x0,
0x83,0x16,0x0,0x0,0x80,0x1c,0x0,0x0,
0x83,0x16,0x0,0x0,0x90,0x1c,0x0,0x0,
0x83,0x16,0x0,0x0,0xa0,0x1c,0x0,0x0,
0xf3,0x17,0x0,0x0,0x4,0x18,0x0,0x0,
0x83,0x17,0x0,0x0,0x54,0x1a,0x0,0x0,
0x83,0x17,0x0,0x0,0x54,0x1a,0x0,0x0,
0xf3,0x17,0x0,0x0,0x4,0x18,0x0,0x0,
0x83,0x17,0x0,0x0,0x54,0x1a,0x0,0x0,
0x83,0x17,0x0,0x0,0x54,0x1a,0x0,0x0,
0xf3,0x17,0x0,0x0,0x4,0x18,0x0,0x0,
0x83,0x17,0x0,0x0,0x54,0x1a,0x0,0x0,
0x83,0x17,0x0,0x0,0x54,0x1a,0x0,0x0,
0xf3,0x17,0x0,0x0,0x4,0x18,0x0,0x0,
0x83,0x17,0x0,0x0,0x54,0x1a,0x0,0x0,
0x83,0x17,0x0,0x0,0x54,0x1a,0x0,0x0,
0xf3,0x17,0x0,0x0,0x4,0x18,0x0,0x0,
0x83,0x17,0x0,0x0,0x54,0x1a,0x0,0x0,
0x83,0x17,0x0,0x0,0x54,0x1a,0x0,0x0,
0xf3,0x17,0x0,0x0,0x4,0x18,0x0,0x0,
0x83,0x17,0x0,0x0,0x54,0x1a,0x0,0x0,
0x83,0x17,0x0,0x0,0x54,0x1a,0x0,0x0,
0xf3,0x17,0x0,0x0,0x4,0x18,0x0,0x0,
0x83,0x17,0x0,0x0,0x54,0x1a,0x0,0x0,
0x83,0x17,0x0,0x0,0x54,0x1a,0x0,0x0,
0xf3,0x17,0x0,0x0,0x4,0x18,0x0,0x0,
0x83,0x17,0x0,0x0,0x54,0x1a,0x0,0x0,
0x83,0x17,0x0,0x0,0x54,0x1a,0x0,0x0,
0xf3,0x17,0x0,0x0,0x4,0x18,0x0,0x0,
0x83,0x17,0x0,0x0,0x54,0x1a,0x0,0x0,
0x83,0x17,0x0,0x0,0x54,0x1a,0x0,0x0,
0xf3,0x17,0x0,0x0,0x4,0x18,0x0,0x0,
0x83,0x17,0x0,0x0,0x54,0x1a,0x0,0x0,
0xf3,0x17,0x0,0x0,0x4,0x18,0x0,0x0,
0x83,0x17,0x0,0x0,0x54,0x1a,0x0,0x0,
0xf3,0x17,0x0,0x0,0x4,0x18,0x0,0x0,
0x83,0x17,0x0,0x0,0x54,0x1a,0x0,0x0,
0xf3,0x17,0x0,0x0,0x70,0x1c,0x0,0x0,
0x4,0x18,0x0,0x0,0x33,0x14,0x0,0x0,
0x70,0x4,0x0,0x0,0x33,0x14,0x0,0x0,
0x70,0x4,0x0,0x0,0x33,0x14,0x0,0x0,
0x40,0x14,0x0,0x0,0x33,0x14,0x0,0x0,
0x40,0x14,0x0,0x0,0xf3,0x17,0x0,0x0,
0x4,0x18,0x0,0x0,0x83,0x17,0x0,0x0,
0x54,0x1a,0x0,0x0,0x83,0x17,0x0,0x0,
0x54,0x1a,0x0,0x0,0x33,0x14,0x0,0x0,
0x40,0x14,0x0,0x0,0x33,0x14,0x0,0x0,
0x40,0x14,0x0,0x0,0xf3,0x17,0x0,0x0,
0x4,0x18,0x0,0x0,0x83,0x17,0x0,0x0,
0x54,0x1a,0x0,0x0,0x83,0x17,0x0,0x0,
0x54,0x1a,0x0,0x0,0x33,0x14,0x0,0x0,
0x40,0x14,0x0,0x0,0x33,0x14,0x0,0x0,
0x40,0x14,0x0,0x0,0xf3,0x17,0x0,0x0,
0x4,0x18,0x0,0x0,0x83,0x17,0x0,0x0,
0x54,0x1a,0x0,0x0,0x83,0x17,0x0,0x0,
0x54,0x1a,0x0,0x0,0x33,0x14,0x0,0x0,
0x70,0x4,0x0,0x0,0x33,0x14,0x0,0x0,
0x40,0x14,0x0,0x0,0x33,0x14,0x0,0x0,
0x40,0x14,0x0,0x0,0xf3,0x17,0x0,0x0,
0x4,0x18,0x0,0x0,0x83,0x17,0x0,0x0,
0x54,0x1a,0x0,0x0,0x83,0x17,0x0,0x0,
0x54,0x1a,0x0,0x0,0x33,0x14,0x0,0x0,
0x50,0x14,0x0,0x0,0x33,0x14,0x0,0x0,
0x50,0x14,0x0,0x0,0xf3,0x17,0x0,0x0,
0x4,0x18,0x0,0x0,0x83,0x17,0x0,0x0,
0x54,0x1a,0x0,0x0,0x83,0x17,0x0,0x0,
0x54,0x1a,0x0,0x0,0x83,0x4,0x0,0x0,
0x0,0x17,0x0,0x0,0x83,0x4,0x0,0x0,
0x10,0x17,0x0,0x0,0x33,0x16,0x0,0x0,
0x33,0x14,0x0,0x0,0x40,0x14,0x0,0x0,
0x33,0x14,0x0,0x0,0x40,0x14,0x0,0x0,
0xf3,0x17,0x0,0x0,0x4,0x18,0x0,0x0,
0x83,0x17,0x0,0x0,0x54,0x1a,0x0,0x0,
0x83,0x17,0x0,0x0,0x54,0x1a,0x0,0x0,
0x33,0x14,0x0,0x0,0x70,0x4,0x0,0x0,
0x33,0x14,0x0,0x0,0x40,0x14,0x0,0x0,
0x33,0x14,0x0,0x0,0x40,0x14,0x0,0x0,
0xf3,0x17,0x0,0x0,0x4,0x18,0x0,0x0,
0x83,0x17,0x0,0x0,0x54,0x1a,0x0,0x0,
0x83,0x17,0x0,0x0,0x54,0x1a,0x0,0x0,
0x33,0x14,0x0,0x0,0x40,0x14,0x0,0x0,
0x33,0x14,0x0,0x0,0x40,0x14,0x0,0x0,
0xf3,0x17,0x0,0x0,0x4,0x18,0x0,0x0,
0x83,0x17,0x0,0x0,0x54,0x1a,0x0,0x0,
0x83,0x17,0x0,0x0,0x54,0x1a,0x0,0x0,
0x33,0x14,0x0,0x0,0x40,0x14,0x0,0x0,
0x33,0x14,0x0,0x0,0x40,0x14,0x0,0x0,
0xf3,0x17,0x0,0x0,0x4,0x18,0x0,0x0,
0x83,0x17,0x0,0x0,0x54,0x1a,0x0,0x0,
0x83,0x17,0x0,0x0,0x54,0x1a,0x0,0x0,
0x33,0x16,0x0,0x0,0xc0,0x3,0x0,0x0,
0x33,0x16,0x0,0x0,0xa0,0x3,0x0,0x0,
0x33,0x16,0x0,0x0,0x83,0x16,0x0,0x0,
0x20,0x1c,0x0,0x0,0x83,0x15,0x0,0x0,
0xa0,0x15,0x0,0x0,0xf3,0x17,0x0,0x0,
0x4,0x18,0x0,0x0,0x83,0x17,0x0,0x0,
0xb3,0x18,0x0,0x0,0xa4,0x1e,0x0,0x0,
0x54,0x1a,0x0,0x0,0x33,0x16,0x0,0x0,
0xc0,0x3,0x0,0x0,0x33,0x16,0x0,0x0,
0xa0,0x3,0x0,0x0,0x83,0x15,0x0,0x0,
0xb0,0x15,0x0,0x0,0x83,0x16,0x0,0x0,
0x20,0x1c,0x0,0x0,0x83,0x15,0x0,0x0,
0xa0,0x15,0x0,0x0,0xf3,0x17,0x0,0x0,
0x4,0x18,0x0,0x0,0x83,0x17,0x0,0x0,
0xb3,0x18,0x0,0x0,0xa4,0x1e,0x0,0x0,
0x54,0x1a,0x0,0x0,0x33,0x16,0x0,0x0,
0xc0,0x3,0x0,0x0,0x33,0x16,0x0,0x0,
0xa0,0x3,0x0,0x0,0x83,0x15,0x0,0x0,
0xb0,0x15,0x0,0x0,0x83,0x16,0x0,0x0,
0x20,0x1c,0x0,0x0,0x83,0x15,0x0,0x0,
0xa0,0x15,0x0,0x0,0xf3,0x17,0x0,0x0,
0x4,0x18,0x0,0x0,0x83,0x17,0x0,0x0,
0xb3,0x18,0x0,0x0,0xa4,0x1e,0x0,0x0,
0x54,0x1a,0x0,0x0,0x33,0x16,0x0,0x0,
0xc0,0x3,0x0,0x0,0x33,0x16,0x0,0x0,
0xa0,0x3,0x0,0x0,0x83,0x15,0x0,0x0,
0xb0,0x15,0x0,0x0,0x23,0x12,0x0,0x0,
0xd0,0x1,0x0,0x0,0x23,0x12,0x0,0x0,
0xe0,0x1,0x0,0x0,0x23,0x11,0x0,0x0,
0x43,0x11,0x0,0x0,0xb3,0x11,0x0,0x0,
0x13,0x11,0x0,0x0,0x23,0x11,0x0,0x0,
0x43,0x11,0x0,0x0,0xe3,0x11,0x0,0x0,
0x13,0x11,0x0,0x0,0x33,0x16,0x0,0x0,
0x80,0x7,0x0,0x0,0x33,0x16,0x0,0x0,
0xa0,0x3,0x0,0x0,0x33,0x16,0x0,0x0,
0xc0,0x3,0x0,0x0,0x33,0x16,0x0,0x0,
0xb7,0x1a,0x0,0x0,0xd3,0x1,0x0,0x0,
0xe3,0x1,0x0,0x0,0xc4,0x1a,0x0,0x0,
0xd1,0x1a,0x0,0x0,0xe1,0x1a,0x0,0x0,
0x73,0x12,0x0,0x0,0x0,0x1b,0x0,0x0,
0x14,0x1b,0x0,0x0,0x73,0x12,0x0,0x0,
0x40,0x4,0x0,0x0,0x73,0x12,0x0,0x0,
0x50,0x4,0x0,0x0,0x24,0x1b,0x0,0x0,
0x73,0x12,0x0,0x0,0x0,0x1b,0x0,0x0,
0x73,0x12,0x0,0x0,0x40,0x4,0x0,0x0,
0x73,0x12,0x0,0x0,0x50,0x4,0x0,0x0,
0x34,0x1b,0x0,0x0,0x44,0x1b,0x0,0x0,
0x33,0x16,0x0,0x0,0x3,0x11,0x0,0x0,
0x60,0x11,0x0,0x0,0x3,0x11,0x0,0x0,
0x80,0x11,0x0,0x0,0x3,0x11,0x0,0x0,
0xa0,0x11,0x0,0x0,0x73,0x3,0x0,0x0,
0x50,0x1b,0x0,0x0,0x83,0x17,0x0,0x0,
0xb3,0x18,0x0,0x0,0xc4,0x18,0x0,0x0,
0x60,0x1b,0x0,0x0,0x40,0x4,0x0,0x0,
0x60,0x1b,0x0,0x0,0x50,0x4,0x0,0x0,
0x70,0x1b,0x0,0x0,0xf3,0x17,0x0,0x0,
0x4,0x18,0x0,0x0,0x3,0x11,0x0,0x0,
0xb0,0x11,0x0,0x0,0x3,0x11,0x0,0x0,
0xe0,0x11,0x0,0x0,0x3,0x11,0x0,0x0,
0xb1,0x11,0x0,0x0,0x3,0x11,0x0,0x0,
0xe1,0x11,0x0,0x0,0xf3,0x17,0x0,0x0,
0x4,0x18,0x0,0x0,0x3,0x11,0x0,0x0,
0x3,0x11,0x0,0x0,0x4,0x12,0x0,0x0,
0x61,0x11,0x0,0x0,0x3,0x11,0x0,0x0,
0x3,0x11,0x0,0x0,0x14,0x12,0x0,0x0,
0x81,0x11,0x0,0x0,0x3,0x11,0x0,0x0,
0x73,0x19,0x0,0x0,0xc0,0x1b,0x0,0x0,
0x60,0x1,0x0,0x0,0x60,0x1,0x0,0x0,
0x60,0x1,0x0,0x0,0xb4,0x1b,0x0,0x0,
0x73,0x19,0x0,0x0,0xd0,0x1b,0x0,0x0,
0xa1,0x11,0x0,0x0,0xb3,0x18,0x0,0x0,
0xc4,0x18,0x0,0x0,0x3,0x11,0x0,0x0,
0xb0,0x11,0x0,0x0,0x3,0x11,0x0,0x0,
0xe0,0x11,0x0,0x0,0xf3,0x17,0x0,0x0,
0x4,0x18,0x0,0x0,0x63,0x12,0x0,0x0,
0x3,0x11,0x0,0x0,0x0,0x1c,0x0,0x0,
0x60,0x1b,0x0,0x0,0x40,0x4,0x0,0x0,
0x4,0x12,0x0,0x0,0x3,0x11,0x0,0x0,
0x0,0x1c,0x0,0x0,0x60,0x1b,0x0,0x0,
0x50,0x4,0x0,0x0,0x14,0x12,0x0,0x0,
0xf4,0x1b,0x0,0x0,0x71,0x12,0x0,0x0,
0x63,0x12,0x0,0x0,0x14,0x1c,0x0,0x0,
0x83,0x16,0x0,0x0,0x20,0x1c,0x0,0x0,
0x63,0x18,0x0,0x0,0x70,0x18,0x0,0x0,
0x73,0x13,0x0,0x0,0x81,0x0,0x0,0x0,
0xa3,0xb,0x0,0x0,0x81,0x0,0x0,0x0,
0x33,0x16,0x0,0x0,0x0,0x7,0x0,0x0,
0x33,0x16,0x0,0x0,0x80,0x5,0x0,0x0,
0x33,0x16,0x0,0x0,0x90,0x4,0x0,0x0,
0x83,0x4,0x0,0x0,0x0,0x17,0x0,0x0,
0x83,0x4,0x0,0x0,0x10,0x17,0x0,0x0,
0x33,0x16,0x0,0x0,0x0,0x0,0x0,0x0,
0x0,0x0,0x0,0x0,0x0,0x0,0x0,0x0,
0x0,0x0,0x0,0x0,0x0,0x0,0x7a,0x3f,
0x0,0x0,0x0,0x0,0x0,0x80,0x77,0x3f,
0x0,0x0,0x0,0x0,0x0,0x40,0x5,0x40,
0x0,0x0,0x0,0x0,0x0,0xc8,0x56,0x3f,
0x0,0x0,0x0,0x0,0x0,0x40,0xf5,0x7f,
0x0,0x0,0x0,0x0,0x0,0x40,0xc1,0x3f,
0x0,0x0,0x0,0x0,0x0,0x20,0x9d,0xbf,
0x0,0x0,0x0,0x0,0x0,0x0,0x9a,0x3f,
0x0,0x0,0x0,0x0,0x0,0xc0,0xa4,0x3f,
0x0,0x0,0x0,0x0,0x0,0x40,0xf5,0x3f,
0x0,0x0,0x0,0x0,0x0,0x40,0xc5,0x3f,
0x0,0x0,0x0,0x0,0x0,0x40,0x9b,0x3f,
0x0,0x0,0x0,0x0,0x0,0x40,0x71,0x3f,
0x0,0x0,0x0,0x0,0x0,0x78,0x76,0x3f,
0x0,0x0,0x0,0x0,0x0,0x40,0xbb,0x3f,
0x0,0x0,0x0,0x0,0x0,0x40,0xbe,0xbf,
0x0,0x0,0x0,0x0,0x0,0x40,0xb0,0x3f,
0x0,0x0,0x0,0x0,0x0,0xf0,0x86,0x3f,
0x0,0x0,0x0,0x0,0x0,0xc0,0xb4,0xbf,
0x0,0x0,0x0,0x0,0x0,0xc0,0xa4,0xbf,
0x0,0x0,0x0,0x0,0x0,0x80,0x7f,0x3f,
0x0,0x0,0x0,0x0,0x0,0x0,0x6a,0x3f,
0x0,0x0,0x0,0x0,0x0,0x40,0xba,0x3f,
0xcd,0xcc,0xcc,0xcc,0xcc,0x8c,0x19,0x40,
0x0,0x0,0x0,0x0,0x0,0x40,0xf5,0xbf,
0x0,0x0,0x0,0x0,0x0,0x80,0x72,0x3f,
0x0,0x0,0x0,0x0,0x0,0x40,0xc3,0xbf,
0x0,0x0,0x0,0x0,0x0,0x80,0x97,0x3f,
0x0,0x0,0x0,0x0,0x0,0x40,0xbc,0x3f,
0x0,0x0,0x0,0x0,0x0,0x40,0xc3,0x3f,
0x0,0x0,0x0,0x0,0x0,0x40,0xd1,0x3f,
0x0,0x0,0x0,0x0,0x0,0x0,0x80,0x3f,
0x0,0x0,0x0,0x0,0x0,0x40,0x91,0x3f,
0x0,0x0,0x0,0x0,0x0,0x40,0xcc,0x3f,
0x0,0x0,0x0,0x0,0x0,0x40,0xcb,0x3f,
0x0,0x0,0x0,0x0,0x0,0x40,0xa1,0x3f,
0x0,0x0,0x0,0x0,0x0,0x40,0xb1,0x3f,
0x0,0x0,0x0,0x0,0x0,0xc0,0x84,0x3f,
0x0,0x0,0x0,0x0,0x0,0x40,0xdb,0x3f,
0x0,0x0,0x0,0x0,0x0,0x20,0x96,0x3f,
0x0,0x0,0x0,0x0,0x0,0xc0,0xb3,0x3f,
0x0,0x0,0x0,0x0,0x0,0x40,0xc7,0x3f,
0x0,0x0,0x0,0x0,0x0,0x20,0x86,0x3f,
0x0,0x0,0x0,0x0,0x0,0x40,0xac,0x3f,
0x0,0x0,0x0,0x0,0x0,0x70,0x64,0x3f,
0x0,0x0,0x0,0x0,0x0,0xe0,0x85,0x3f,
0x0,0x0,0x0,0x0,0x0,0xc0,0xbe,0x3f,
0x66,0x66,0x66,0x66,0x66,0x26,0x13,0x40,
0x0,0x0,0x0,0x0,0x0,0x98,0x64,0x3f,
0x0,0x0,0x0,0x0,0x0,0xc0,0xa3,0x3f,
0x0,0x0,0x0,0x0,0x0,0x40,0xab,0x3f,
0x0,0x0,0x0,0x0,0x0,0x40,0xae,0x3f,
0x0,0x0,0x0,0x0,0x0,0x40,0xcd,0x3f,
0x0,0x0,0x0,0x0,0x0,0x0,0x90,0x3f,
0x0,0x0,0x0,0x0,0x0,0x40,0xc2,0x3f,
0x0,0x0,0x0,0x0,0x0,0x60,0x93,0x3f,
0x0,0x0,0x0,0x0,0x0,0x40,0xe1,0x3f,
0x0,0x0,0x0,0x0,0x0,0x40,0xd9,0x3f,
0x0,0x0,0x0,0x0,0x0,0x40,0x9c,0x3f,
0x0,0x0,0x0,0x0,0x0,0x80,0x92,0x3f,
0x0,0x0,0x0,0x0,0x0,0xc0,0x93,0x3f,
0x0,0x0,0x0,0x0,0x0,0x40,0xd5,0x3f,
0x0,0x0,0x0,0x0,0x0,0xc0,0x8e,0x3f,
0x0,0x0,0x0,0x0,0x0,0x40,0xdd,0x3f,
0x0,0x0,0x0,0x0,0x0,0x40,0xdf,0x3f,
0x0,0x0,0x0,0x0,0x0,0xa0,0x75,0x3f,
0x0,0x0,0x0,0x0,0x0,0xa0,0x80,0x3f,
0x0,0x0,0x0,0x0,0x0,0x40,0xb9,0x3f,
0x0,0x0,0x0,0x0,0x0,0x20,0x88,0x3f,
0x0,0x0,0x0,0x0,0x0,0xd0,0x67,0x3f,
0x0,0x0,0x0,0x0,0x0,0x40,0xa3,0x3f,
0x0,0x0,0x0,0x0,0x0,0xa0,0x88,0x3f,
0x0,0x0,0x0,0x0,0x0,0xc0,0x94,0x3f,
0x0,0x0,0x0,0x0,0x0,0x70,0x74,0x3f,
0x0,0x0,0x0,0x0,0x0,0x0,0x95,0xbf,
0x0,0x0,0x0,0x0,0x0,0x40,0x9c,0xbf,
0x0,0x0,0x0,0x0,0x0,0x20,0x76,0x3f,
0x9a,0x99,0x99,0x99,0x99,0xd9,0x8,0x40,
0x2a,0x0,0x0,0x0,0x0,0xc0,0x3,0x0,
0x64,0x0,0x0,0x0,0x0,0xc0,0x3,0x0,
0x0,0x0,0x0,0x0,0x0,0xc0,0x3,0x0,
0xc8,0x0,0x0,0x0,0x0,0xc0,0x3,0x0,
0x0,0x0,0x0,0x0,0x0,0x40,0xdc,0x3f,
0x2,0x0,0x0,0x0,0x0,0xc0,0x3,0x0,
0x1,0x0,0x0,0x0,0x0,0xc0,0x3,0x0,
0x98,0x1f,0x0,0x0,0xa8,0x1f,0x0,0x0,
0xb0,0x1f,0x0,0x0,0xc0,0x1f,0x0,0x0,
0xc8,0x1f,0x0,0x0,0xd8,0x1f,0x0,0x0,
0xe0,0x1f,0x0,0x0,0xf0,0x1f,0x0,0x0,
0x2,0x0,0x0,0x0,0x44,0x0,0x0,0x0,
0x45,0x0,0x0,0x0,0x0,0x0,0x0,0x0,
0x1,0x0,0x0,0x0,0x91,0x1,0x0,0x0,
0x3,0x0,0x0,0x0,0xee,0x1,0x0,0x0,
0x8e,0x1,0x0,0x0,0x90,0x1,0x0,0x0,
0x1,0x0,0x0,0x0,0x91,0x1,0x0,0x0,
0x3,0x0,0x0,0x0,0xee,0x1,0x0,0x0,
0x8e,0x1,0x0,0x0,0x90,0x1,0x0,0x0,
0x1,0x0,0x0,0x0,0x91,0x1,0x0,0x0,
0x3,0x0,0x0,0x0,0xee,0x1,0x0,0x0,
0x8e,0x1,0x0,0x0,0x90,0x1,0x0,0x0,
0x2,0x0,0x0,0x0,0x44,0x0,0x0,0x0,
0x45,0x0,0x0,0x0,0x0,0x0,0x0,0x0,
0xc,0x0,0x0,0x0,0x0,0x0,0x0,0x0,
0xff,0xff,0xff,0xff,0x0,0x0,0x0,0x0,
0xce,0x0,0x0,0x0,0x0,0x0,0x0,0x0,
0xff,0xff,0xff,0xff,0x0,0x0,0x0,0x0,
0xd3,0x0,0x0,0x0,0x0,0x0,0x0,0x0,
0xff,0xff,0xff,0xff,0x0,0x0,0x0,0x0,
0x39,0x1,0x0,0x0,0x0,0x0,0x0,0x0,
0xff,0xff,0xff,0xff,0x0,0x0,0x0,0x0,
0x3a,0x1,0x0,0x0,0x0,0x0,0x0,0x0,
0xff,0xff,0xff,0xff,0x0,0x0,0x0,0x0,
0xd3,0x0,0x0,0x0,0x0,0x0,0x0,0x0,
0xff,0xff,0xff,0xff,0x0,0x0,0x0,0x0,
0x44,0x0,0x0,0x0,0x7,0x0,0x0,0x0,
0xa,0x0,0x0,0x0,0x0,0x0,0x0,0x0,
0x38,0x0,0x0,0x0,0x0,0x0,0x0,0x0,
0x38,0x0,0x0,0x0,0x0,0x0,0x1,0x0,
0xff,0xff,0xff,0xff,0x7,0x0,0x0,0x0,
0xc,0x0,0x50,0x0,0x0,0x0,0x0,0x0,
0x0,0x0,0x7,0x0,0x0,0x0,0x0,0x0,
0x0,0x0,0x0,0x0,0xc,0x0,0x0,0x0,
0x1,0x0,0x0,0x0,0x2e,0x0,0x3c,0x1,
0x18,0x6,0x2,0x0,0x0,0x0,0x0,0x0,
0x44,0x0,0x0,0x0,0x8,0x0,0x0,0x0,
0x15,0x0,0x0,0x0,0x0,0x0,0x0,0x0,
0x38,0x0,0x0,0x0,0x0,0x0,0x0,0x0,
0x38,0x0,0x0,0x0,0x0,0x0,0x1,0x0,
0xff,0xff,0xff,0xff,0x7,0x0,0x0,0x0,
0x18,0x0,0x90,0x0,0x0,0x0,0x0,0x0,
0x0,0x0,0x7,0x0,0x0,0x0,0x0,0x0,
0x0,0x0,0x0,0x0,0x18,0x0,0x0,0x0,
0x1,0x0,0x0,0x0,0x2e,0x2,0x3c,0x3,
0x74,0x18,0x6,0x2,0x0,0x0,0x0,0x0,
0x44,0x0,0x0,0x0,0x5,0x0,0x0,0x0,
0x14,0x0,0x0,0x0,0x0,0x0,0x0,0x0,
0x38,0x0,0x0,0x0,0x0,0x0,0x0,0x0,
0x38,0x0,0x0,0x0,0x0,0x0,0x1,0x0,
0xff,0xff,0xff,0xff,0x7,0x0,0x0,0x0,
0x16,0x0,0x90,0x0,0x0,0x0,0x0,0x0,
0x0,0x0,0x7,0x0,0x0,0x0,0x0,0x0,
0x0,0x0,0x0,0x0,0x16,0x0,0x0,0x0,
0x1,0x0,0x0,0x0,0x2e,0x4,0x18,0x6,
0x2,0x0,0x0,0x0,0x0,0x0,0x0,0x0,
0x44,0x0,0x0,0x0,0x7,0x0,0x0,0x0,
0x20,0x0,0x0,0x0,0x0,0x0,0x0,0x0,
0x38,0x0,0x0,0x0,0x0,0x0,0x0,0x0,
0x38,0x0,0x0,0x0,0x0,0x0,0x1,0x0,
0xff,0xff,0xff,0xff,0x7,0x0,0x0,0x0,
0x21,0x0,0xd0,0x0,0x0,0x0,0x0,0x0,
0x0,0x0,0x7,0x0,0x0,0x0,0x0,0x0,
0x0,0x0,0x0,0x0,0x21,0x0,0x0,0x0,
0x1,0x0,0x0,0x0,0x2e,0x5,0x3c,0x6,
0x18,0x6,0x2,0x0,0x0,0x0,0x0,0x0,
0x44,0x0,0x0,0x0,0x5,0x0,0x0,0x0,
0x1c,0x0,0x0,0x0,0x0,0x0,0x0,0x0,
0x38,0x0,0x0,0x0,0x0,0x0,0x0,0x0,
0x38,0x0,0x0,0x0,0x0,0x0,0x1,0x0,
0xff,0xff,0xff,0xff,0x7,0x0,0x0,0x0,
0x1e,0x0,0xd0,0x0,0x0,0x0,0x0,0x0,
0x0,0x0,0x7,0x0,0x0,0x0,0x0,0x0,
0x0,0x0,0x0,0x0,0x1e,0x0,0x0,0x0,
0x1,0x0,0x0,0x0,0x2e,0x7,0x18,0x6,
0x2,0x0,0x0,0x0,0x0,0x0,0x0,0x0,
0x50,0x0,0x0,0x0,0x10,0x0,0x0,0x0,
0x27,0x0,0x0,0x0,0x0,0x0,0x0,0x0,
0x38,0x0,0x0,0x0,0x0,0x0,0x0,0x0,
0x38,0x0,0x0,0x0,0x0,0x0,0x2,0x0,
0xff,0xff,0xff,0xff,0xa,0x0,0x0,0x0,
0x29,0x0,0xd0,0x0,0x0,0x0,0x0,0x0,
0x0,0x0,0x7,0x0,0x0,0x0,0x0,0x0,
0x0,0x0,0x0,0x0,0x29,0x0,0x0,0x0,
0x0,0x0,0x0,0x0,0x1,0x0,0x0,0x0,
0x29,0x0,0x0,0x0,0x1,0x0,0x0,0x0,
0xca,0x2e,0x8,0x18,0x7,0xac,0x9,0x7,
0x0,0x0,0x18,0x6,0xd4,0x16,0x6,0x2,
0x44,0x0,0x0,0x0,0x5,0x0,0x0,0x0,
0x2c,0x0,0x0,0x0,0x0,0x0,0x0,0x0,
0x38,0x0,0x0,0x0,0x0,0x0,0x0,0x0,
0x38,0x0,0x0,0x0,0x0,0x0,0x1,0x0,
0xff,0xff,0xff,0xff,0x7,0x0,0x0,0x0,
0x2f,0x0,0x10,0x1,0x0,0x0,0x0,0x0,
0x0,0x0,0x7,0x0,0x0,0x0,0x0,0x0,
0x0,0x0,0x0,0x0,0x2f,0x0,0x0,0x0,
0x1,0x0,0x0,0x0,0x2e,0xa,0x18,0x6,
0x2,0x0,0x0,0x0,0x0,0x0,0x0,0x0,
0x44,0x0,0x0,0x0,0x7,0x0,0x0,0x0,
0x33,0x0,0x0,0x0,0x0,0x0,0x0,0x0,
0x38,0x0,0x0,0x0,0x0,0x0,0x0,0x0,
0x38,0x0,0x0,0x0,0x0,0x0,0x1,0x0,
0xff,0xff,0xff,0xff,0x7,0x0,0x0,0x0,
0x34,0x0,0x10,0x1,0x0,0x0,0x0,0x0,
0x0,0x0,0x7,0x0,0x0,0x0,0x0,0x0,
0x0,0x0,0x0,0x0,0x34,0x0,0x0,0x0,
0x1,0x0,0x0,0x0,0x2e,0xb,0x3c,0xc,
0x18,0x6,0x2,0x0,0x0,0x0,0x0,0x0,
0x5c,0x0,0x0,0x0,0x18,0x0,0x0,0x0,
0x36,0x0,0x0,0x0,0x0,0x0,0x0,0x0,
0x38,0x0,0x0,0x0,0x0,0x0,0x0,0x0,
0x38,0x0,0x0,0x0,0x0,0x0,0x3,0x0,
0xff,0xff,0xff,0xff,0x9,0x0,0x0,0x0,
0x37,0x0,0x10,0x1,0x0,0x0,0x0,0x0,
0x0,0x0,0x7,0x0,0x0,0x0,0x0,0x0,
0x0,0x0,0x0,0x0,0x38,0x0,0x0,0x0,
0x3,0x0,0x0,0x0,0x8,0x0,0x0,0x0,
0x39,0x0,0x0,0x0,0x4,0x0,0x0,0x0,
0x15,0x0,0x0,0x0,0x3a,0x0,0x0,0x0,
0x4,0x0,0x0,0x0,0x2e,0xd,0x18,0x7,
0x8,0x42,0xe,0x7,0x2e,0xf,0x18,0x7,
0xa,0x18,0x8,0x42,0x10,0x7,0x1a,0x8,
0x6,0x16,0x6,0x2,0x0,0x0,0x0,0x0,
0x44,0x0,0x0,0x0,0x5,0x0,0x0,0x0,
0x14,0x0,0x0,0x0,0x0,0x0,0x0,0x0,
0x38,0x0,0x0,0x0,0x0,0x0,0x0,0x0,
0x38,0x0,0x0,0x0,0x0,0x0,0x1,0x0,
0xff,0xff,0xff,0xff,0x7,0x0,0x0,0x0,
0x42,0x0,0x90,0x0,0x0,0x0,0x0,0x0,
0x0,0x0,0x7,0x0,0x0,0x0,0x0,0x0,
0x0,0x0,0x0,0x0,0x42,0x0,0x0,0x0,
0x1,0x0,0x0,0x0,0x2e,0x11,0x18,0x6,
0x2,0x0,0x0,0x0,0x0,0x0,0x0,0x0,
0x44,0x0,0x0,0x0,0x1d,0x0,0x0,0x0,
0x41,0x0,0x0,0x0,0x0,0x0,0x0,0x0,
0x38,0x0,0x0,0x0,0x0,0x0,0x0,0x0,
0x38,0x0,0x0,0x0,0x0,0x0,0x1,0x0,
0xff,0xff,0xff,0xff,0xd,0x0,0x0,0x0,
0x4d,0x0,0xd0,0x0,0x0,0x0,0x0,0x0,
0x0,0x0,0x7,0x0,0x0,0x0,0x0,0x0,
0x0,0x0,0x0,0x0,0x4d,0x0,0x0,0x0,
0x1,0x0,0x0,0x0,0x2e,0x12,0x18,0x7,
0x2e,0x13,0x18,0xc,0xb8,0xc,0x0,0x0,
0x18,0xa,0x13,0x6b,0x1,0x0,0x0,0x18,
0xb,0xac,0x14,0x7,0x2,0xa,0x18,0x6,
0x2,0x0,0x0,0x0,0x0,0x0,0x0,0x0,
0x44,0x0,0x0,0x0,0x1d,0x0,0x0,0x0,
0x43,0x0,0x0,0x0,0x0,0x0,0x0,0x0,
0x38,0x0,0x0,0x0,0x0,0x0,0x0,0x0,
0x38,0x0,0x0,0x0,0x0,0x0,0x1,0x0,
0xff,0xff,0xff,0xff,0xd,0x0,0x0,0x0,
0x4e,0x0,0xd0,0x0,0x0,0x0,0x0,0x0,
0x0,0x0,0x7,0x0,0x0,0x0,0x0,0x0,
0x0,0x0,0x0,0x0,0x4e,0x0,0x0,0x0,
0x1,0x0,0x0,0x0,0x2e,0x15,0x18,0x7,
0x2e,0x16,0x18,0xc,0xb8,0xc,0x0,0x0,
0x18,0xa,0x13,0x6d,0x1,0x0,0x0,0x18,
0xb,0xac,0x17,0x7,0x2,0xa,0x18,0x6,
0x2,0x0,0x0,0x0,0x0,0x0,0x0,0x0,
0x44,0x0,0x0,0x0,0x7,0x0,0x0,0x0,
0x3b,0x0,0x0,0x0,0x0,0x0,0x0,0x0,
0x38,0x0,0x0,0x0,0x0,0x0,0x0,0x0,
0x38,0x0,0x0,0x0,0x0,0x0,0x1,0x0,
0xff,0xff,0xff,0xff,0x7,0x0,0x0,0x0,
0x48,0x0,0xd0,0x0,0x0,0x0,0x0,0x0,
0x0,0x0,0x7,0x0,0x0,0x0,0x0,0x0,
0x0,0x0,0x0,0x0,0x48,0x0,0x0,0x0,
0x1,0x0,0x0,0x0,0x2e,0x18,0x3c,0x19,
0x18,0x6,0x2,0x0,0x0,0x0,0x0,0x0,
0x44,0x0,0x0,0x0,0x7,0x0,0x0,0x0,
0x3d,0x0,0x0,0x0,0x0,0x0,0x0,0x0,
0x38,0x0,0x0,0x0,0x0,0x0,0x0,0x0,
0x38,0x0,0x0,0x0,0x0,0x0,0x1,0x0,
0xff,0xff,0xff,0xff,0x7,0x0,0x0,0x0,
0x49,0x0,0xd0,0x0,0x0,0x0,0x0,0x0,
0x0,0x0,0x7,0x0,0x0,0x0,0x0,0x0,
0x0,0x0,0x0,0x0,0x49,0x0,0x0,0x0,
0x1,0x0,0x0,0x0,0x2e,0x1a,0x3c,0x1b,
0x18,0x6,0x2,0x0,0x0,0x0,0x0,0x0,
0x68,0x0,0x0,0x0,0x4c,0x0,0x0,0x0,
0x27,0x0,0x0,0x0,0x0,0x0,0x0,0x0,
0x38,0x0,0x0,0x0,0x0,0x0,0x0,0x0,
0x38,0x0,0x0,0x0,0x0,0x0,0x4,0x0,
0xff,0xff,0xff,0xff,0xe,0x0,0x0,0x0,
0x54,0x0,0x10,0x1,0x0,0x0,0x0,0x0,
0x0,0x0,0x7,0x0,0x0,0x0,0x0,0x0,
0x0,0x0,0x0,0x0,0x54,0x0,0x0,0x0,
0x0,0x0,0x0,0x0,0x1,0x0,0x0,0x0,
0x55,0x0,0x0,0x0,0x3,0x0,0x0,0x0,
0x22,0x0,0x0,0x0,0x56,0x0,0x0,0x0,
0x4,0x0,0x0,0x0,0x48,0x0,0x0,0x0,
0x57,0x0,0x0,0x0,0x4,0x0,0x0,0x0,
0xca,0x2e,0x1c,0x18,0x7,0x2e,0x1d,0x18,
0x8,0x2e,0x1e,0x18,0xd,0xb8,0xd,0x0,
0x0,0x18,0xb,0x13,0x6d,0x1,0x0,0x0,
0x18,0xc,0xac,0x1f,0x8,0x2,0xb,0x42,
0x20,0x7,0x2e,0x21,0x18,0x7,0x2e,0x22,
0x18,0x8,0x2e,0x23,0x18,0xd,0xb8,0xd,
0x0,0x0,0x18,0xb,0x13,0x6b,0x1,0x0,
0x0,0x18,0xc,0xac,0x24,0x8,0x2,0xb,
0x18,0x8,0x42,0x25,0x7,0x1a,0x8,0x6,
0xd4,0x16,0x6,0x2,0x0,0x0,0x0,0x0,
0x0,0x0,0x0,0x0,0x0,0x0,0x0,0x0,
0x44,0x0,0x0,0x0,0x5,0x0,0x0,0x0,
0x1c,0x0,0x0,0x0,0x0,0x0,0x0,0x0,
0x38,0x0,0x0,0x0,0x0,0x0,0x0,0x0,
0x38,0x0,0x0,0x0,0x0,0x0,0x1,0x0,
0xff,0xff,0xff,0xff,0x7,0x0,0x0,0x0,
0x62,0x0,0x50,0x1,0x0,0x0,0x0,0x0,
0x0,0x0,0x7,0x0,0x0,0x0,0x0,0x0,
0x0,0x0,0x0,0x0,0x62,0x0,0x0,0x0,
0x1,0x0,0x0,0x0,0x2e,0x26,0x18,0x6,
0x2,0x0,0x0,0x0,0x0,0x0,0x0,0x0,
0x44,0x0,0x0,0x0,0x7,0x0,0x0,0x0,
0x4a,0x0,0x0,0x0,0x0,0x0,0x0,0x0,
0x38,0x0,0x0,0x0,0x0,0x0,0x0,0x0,
0x38,0x0,0x0,0x0,0x0,0x0,0x1,0x0,
0xff,0xff,0xff,0xff,0x7,0x0,0x0,0x0,
0x66,0x0,0x90,0x1,0x0,0x0,0x0,0x0,
0x0,0x0,0x7,0x0,0x0,0x0,0x0,0x0,
0x0,0x0,0x0,0x0,0x66,0x0,0x0,0x0,
0x1,0x0,0x0,0x0,0x2e,0x27,0x3c,0x28,
0x18,0x6,0x2,0x0,0x0,0x0,0x0,0x0,
0x44,0x0,0x0,0x0,0x7,0x0,0x0,0x0,
0x4a,0x0,0x0,0x0,0x0,0x0,0x0,0x0,
0x38,0x0,0x0,0x0,0x0,0x0,0x0,0x0,
0x38,0x0,0x0,0x0,0x0,0x0,0x1,0x0,
0xff,0xff,0xff,0xff,0x7,0x0,0x0,0x0,
0x6d,0x0,0x90,0x1,0x0,0x0,0x0,0x0,
0x0,0x0,0x7,0x0,0x0,0x0,0x0,0x0,
0x0,0x0,0x0,0x0,0x6d,0x0,0x0,0x0,
0x1,0x0,0x0,0x0,0x2e,0x29,0x3c,0x2a,
0x18,0x6,0x2,0x0,0x0,0x0,0x0,0x0,
0x44,0x0,0x0,0x0,0x7,0x0,0x0,0x0,
0x20,0x0,0x0,0x0,0x0,0x0,0x0,0x0,
0x38,0x0,0x0,0x0,0x0,0x0,0x0,0x0,
0x38,0x0,0x0,0x0,0x0,0x0,0x1,0x0,
0xff,0xff,0xff,0xff,0x7,0x0,0x0,0x0,
0x7d,0x0,0xd0,0x0,0x0,0x0,0x0,0x0,
0x0,0x0,0x7,0x0,0x0,0x0,0x0,0x0,
0x0,0x0,0x0,0x0,0x7d,0x0,0x0,0x0,
0x1,0x0,0x0,0x0,0x2e,0x2b,0x3c,0x2c,
0x18,0x6,0x2,0x0,0x0,0x0,0x0,0x0,
0x44,0x0,0x0,0x0,0x5,0x0,0x0,0x0,
0x14,0x0,0x0,0x0,0x0,0x0,0x0,0x0,
0x38,0x0,0x0,0x0,0x0,0x0,0x0,0x0,
0x38,0x0,0x0,0x0,0x0,0x0,0x1,0x0,
0xff,0xff,0xff,0xff,0x7,0x0,0x0,0x0,
0x7e,0x0,0xd0,0x0,0x0,0x0,0x0,0x0,
0x0,0x0,0x7,0x0,0x0,0x0,0x0,0x0,
0x0,0x0,0x0,0x0,0x7e,0x0,0x0,0x0,
0x1,0x0,0x0,0x0,0x2e,0x2d,0x18,0x6,
0x2,0x0,0x0,0x0,0x0,0x0,0x0,0x0,
0x44,0x0,0x0,0x0,0x7,0x0,0x0,0x0,
0x57,0x0,0x0,0x0,0x0,0x0,0x0,0x0,
0x38,0x0,0x0,0x0,0x0,0x0,0x0,0x0,
0x38,0x0,0x0,0x0,0x0,0x0,0x1,0x0,
0xff,0xff,0xff,0xff,0x7,0x0,0x0,0x0,
0x8a,0x0,0x10,0x1,0x0,0x0,0x0,0x0,
0x0,0x0,0x7,0x0,0x0,0x0,0x0,0x0,
0x0,0x0,0x0,0x0,0x8a,0x0,0x0,0x0,
0x1,0x0,0x0,0x0,0x2e,0x2e,0x3c,0x2f,
0x18,0x6,0x2,0x0,0x0,0x0,0x0,0x0,
0x44,0x0,0x0,0x0,0x7,0x0,0x0,0x0,
0x5b,0x0,0x0,0x0,0x0,0x0,0x0,0x0,
0x38,0x0,0x0,0x0,0x0,0x0,0x0,0x0,
0x38,0x0,0x0,0x0,0x0,0x0,0x1,0x0,
0xff,0xff,0xff,0xff,0x7,0x0,0x0,0x0,
0x90,0x0,0x10,0x1,0x0,0x0,0x0,0x0,
0x0,0x0,0x7,0x0,0x0,0x0,0x0,0x0,
0x0,0x0,0x0,0x0,0x90,0x0,0x0,0x0,
0x1,0x0,0x0,0x0,0x2e,0x30,0x3c,0x31,
0x18,0x6,0x2,0x0,0x0,0x0,0x0,0x0,
0x44,0x0,0x0,0x0,0x7,0x0,0x0,0x0,
0x5d,0x0,0x0,0x0,0x0,0x0,0x0,0x0,
0x38,0x0,0x0,0x0,0x0,0x0,0x0,0x0,
0x38,0x0,0x0,0x0,0x0,0x0,0x1,0x0,
0xff,0xff,0xff,0xff,0x7,0x0,0x0,0x0,
0x91,0x0,0x10,0x1,0x0,0x0,0x0,0x0,
0x0,0x0,0x7,0x0,0x0,0x0,0x0,0x0,
0x0,0x0,0x0,0x0,0x91,0x0,0x0,0x0,
0x1,0x0,0x0,0x0,0x2e,0x32,0x3c,0x33,
0x18,0x6,0x2,0x0,0x0,0x0,0x0,0x0,
0x44,0x0,0x0,0x0,0x7,0x0,0x0,0x0,
0x5f,0x0,0x0,0x0,0x0,0x0,0x0,0x0,
0x38,0x0,0x0,0x0,0x0,0x0,0x0,0x0,
0x38,0x0,0x0,0x0,0x0,0x0,0x1,0x0,
0xff,0xff,0xff,0xff,0x7,0x0,0x0,0x0,
0x92,0x0,0x10,0x1,0x0,0x0,0x0,0x0,
0x0,0x0,0x7,0x0,0x0,0x0,0x0,0x0,
0x0,0x0,0x0,0x0,0x92,0x0,0x0,0x0,
0x1,0x0,0x0,0x0,0x2e,0x34,0x3c,0x35,
0x18,0x6,0x2,0x0,0x0,0x0,0x0,0x0,
0x44,0x0,0x0,0x0,0x7,0x0,0x0,0x0,
0x65,0x0,0x0,0x0,0x0,0x0,0x0,0x0,
0x38,0x0,0x0,0x0,0x0,0x0,0x0,0x0,
0x38,0x0,0x0,0x0,0x0,0x0,0x1,0x0,
0xff,0xff,0xff,0xff,0x7,0x0,0x0,0x0,
0x95,0x0,0x10,0x1,0x0,0x0,0x0,0x0,
0x0,0x0,0x7,0x0,0x0,0x0,0x0,0x0,
0x0,0x0,0x0,0x0,0x95,0x0,0x0,0x0,
0x1,0x0,0x0,0x0,0x2e,0x36,0x3c,0x37,
0x18,0x6,0x2,0x0,0x0,0x0,0x0,0x0,
0x44,0x0,0x0,0x0,0x7,0x0,0x0,0x0,
0x69,0x0,0x0,0x0,0x0,0x0,0x0,0x0,
0x38,0x0,0x0,0x0,0x0,0x0,0x0,0x0,
0x38,0x0,0x0,0x0,0x0,0x0,0x1,0x0,
0xff,0xff,0xff,0xff,0x7,0x0,0x0,0x0,
0x97,0x0,0x10,0x1,0x0,0x0,0x0,0x0,
0x0,0x0,0x7,0x0,0x0,0x0,0x0,0x0,
0x0,0x0,0x0,0x0,0x97,0x0,0x0,0x0,
0x1,0x0,0x0,0x0,0x2e,0x38,0x3c,0x39,
0x18,0x6,0x2,0x0,0x0,0x0,0x0,0x0,
0x44,0x0,0x0,0x0,0x7,0x0,0x0,0x0,
0x3d,0x0,0x0,0x0,0x0,0x0,0x0,0x0,
0x38,0x0,0x0,0x0,0x0,0x0,0x0,0x0,
0x38,0x0,0x0,0x0,0x0,0x0,0x1,0x0,
0xff,0xff,0xff,0xff,0x7,0x0,0x0,0x0,
0x8b,0x0,0x10,0x1,0x0,0x0,0x0,0x0,
0x0,0x0,0x7,0x0,0x0,0x0,0x0,0x0,
0x0,0x0,0x0,0x0,0x8b,0x0,0x0,0x0,
0x1,0x0,0x0,0x0,0x2e,0x3a,0x3c,0x3b,
0x18,0x6,0x2,0x0,0x0,0x0,0x0,0x0,
0x44,0x0,0x0,0x0,0x7,0x0,0x0,0x0,
0x59,0x0,0x0,0x0,0x0,0x0,0x0,0x0,
0x38,0x0,0x0,0x0,0x0,0x0,0x0,0x0,
0x38,0x0,0x0,0x0,0x0,0x0,0x1,0x0,
0xff,0xff,0xff,0xff,0x7,0x0,0x0,0x0,
0x8c,0x0,0x10,0x1,0x0,0x0,0x0,0x0,
0x0,0x0,0x7,0x0,0x0,0x0,0x0,0x0,
0x0,0x0,0x0,0x0,0x8c,0x0,0x0,0x0,
0x1,0x0,0x0,0x0,0x2e,0x3c,0x3c,0x3d,
0x18,0x6,0x2,0x0,0x0,0x0,0x0,0x0,
0x44,0x0,0x0,0x0,0x7,0x0,0x0,0x0,
0x61,0x0,0x0,0x0,0x0,0x0,0x0,0x0,
0x38,0x0,0x0,0x0,0x0,0x0,0x0,0x0,
0x38,0x0,0x0,0x0,0x0,0x0,0x1,0x0,
0xff,0xff,0xff,0xff,0x7,0x0,0x0,0x0,
0x93,0x0,0x10,0x1,0x0,0x0,0x0,0x0,
0x0,0x0,0x7,0x0,0x0,0x0,0x0,0x0,
0x0,0x0,0x0,0x0,0x93,0x0,0x0,0x0,
0x1,0x0,0x0,0x0,0x2e,0x3e,0x3c,0x3f,
0x18,0x6,0x2,0x0,0x0,0x0,0x0,0x0,
0x44,0x0,0x0,0x0,0x7,0x0,0x0,0x0,
0x67,0x0,0x0,0x0,0x0,0x0,0x0,0x0,
0x38,0x0,0x0,0x0,0x0,0x0,0x0,0x0,
0x38,0x0,0x0,0x0,0x0,0x0,0x1,0x0,
0xff,0xff,0xff,0xff,0x7,0x0,0x0,0x0,
0x96,0x0,0x10,0x1,0x0,0x0,0x0,0x0,
0x0,0x0,0x7,0x0,0x0,0x0,0x0,0x0,
0x0,0x0,0x0,0x0,0x96,0x0,0x0,0x0,
0x1,0x0,0x0,0x0,0x2e,0x40,0x3c,0x41,
0x18,0x6,0x2,0x0,0x0,0x0,0x0,0x0,
0x44,0x0,0x0,0x0,0x7,0x0,0x0,0x0,
0x6c,0x0,0x0,0x0,0x0,0x0,0x0,0x0,
0x38,0x0,0x0,0x0,0x0,0x0,0x0,0x0,
0x38,0x0,0x0,0x0,0x0,0x0,0x1,0x0,
0xff,0xff,0xff,0xff,0x7,0x0,0x0,0x0,
0x99,0x0,0x10,0x1,0x0,0x0,0x0,0x0,
0x0,0x0,0x7,0x0,0x0,0x0,0x0,0x0,
0x0,0x0,0x0,0x0,0x99,0x0,0x0,0x0,
0x1,0x0,0x0,0x0,0x2e,0x42,0x3c,0x43,
0x18,0x6,0x2,0x0,0x0,0x0,0x0,0x0,
0x44,0x0,0x0,0x0,0x7,0x0,0x0,0x0,
0x20,0x0,0x0,0x0,0x0,0x0,0x0,0x0,
0x38,0x0,0x0,0x0,0x0,0x0,0x0,0x0,
0x38,0x0,0x0,0x0,0x0,0x0,0x1,0x0,
0xff,0xff,0xff,0xff,0x7,0x0,0x0,0x0,
0xaa,0x0,0x10,0x1,0x0,0x0,0x0,0x0,
0x0,0x0,0x7,0x0,0x0,0x0,0x0,0x0,
0x0,0x0,0x0,0x0,0xaa,0x0,0x0,0x0,
0x1,0x0,0x0,0x0,0x2e,0x44,0x3c,0x45,
0x18,0x6,0x2,0x0,0x0,0x0,0x0,0x0,
0x44,0x0,0x0,0x0,0x7,0x0,0x0,0x0,
0x71,0x0,0x0,0x0,0x0,0x0,0x0,0x0,
0x38,0x0,0x0,0x0,0x0,0x0,0x0,0x0,
0x38,0x0,0x0,0x0,0x0,0x0,0x1,0x0,
0xff,0xff,0xff,0xff,0x7,0x0,0x0,0x0,
0xa4,0x0,0x10,0x1,0x0,0x0,0x0,0x0,
0x0,0x0,0x7,0x0,0x0,0x0,0x0,0x0,
0x0,0x0,0x0,0x0,0xa4,0x0,0x0,0x0,
0x1,0x0,0x0,0x0,0x2e,0x46,0x3c,0x47,
0x18,0x6,0x2,0x0,0x0,0x0,0x0,0x0,
0x44,0x0,0x0,0x0,0x7,0x0,0x0,0x0,
0x3b,0x0,0x0,0x0,0x0,0x0,0x0,0x0,
0x38,0x0,0x0,0x0,0x0,0x0,0x0,0x0,
0x38,0x0,0x0,0x0,0x0,0x0,0x1,0x0,
0xff,0xff,0xff,0xff,0x7,0x0,0x0,0x0,
0xa5,0x0,0x10,0x1,0x0,0x0,0x0,0x0,
0x0,0x0,0x7,0x0,0x0,0x0,0x0,0x0,
0x0,0x0,0x0,0x0,0xa5,0x0,0x0,0x0,
0x1,0x0,0x0,0x0,0x2e,0x48,0x3c,0x49,
0x18,0x6,0x2,0x0,0x0,0x0,0x0,0x0,
0x44,0x0,0x0,0x0,0x7,0x0,0x0,0x0,
0x3d,0x0,0x0,0x0,0x0,0x0,0x0,0x0,
0x38,0x0,0x0,0x0,0x0,0x0,0x0,0x0,
0x38,0x0,0x0,0x0,0x0,0x0,0x1,0x0,
0xff,0xff,0xff,0xff,0x7,0x0,0x0,0x0,
0xb4,0x0,0x10,0x1,0x0,0x0,0x0,0x0,
0x0,0x0,0x7,0x0,0x0,0x0,0x0,0x0,
0x0,0x0,0x0,0x0,0xb4,0x0,0x0,0x0,
0x1,0x0,0x0,0x0,0x2e,0x4a,0x3c,0x4b,
0x18,0x6,0x2,0x0,0x0,0x0,0x0,0x0,
0x44,0x0,0x0,0x0,0x7,0x0,0x0,0x0,
0x3b,0x0,0x0,0x0,0x0,0x0,0x0,0x0,
0x38,0x0,0x0,0x0,0x0,0x0,0x0,0x0,
0x38,0x0,0x0,0x0,0x0,0x0,0x1,0x0,
0xff,0xff,0xff,0xff,0x7,0x0,0x0,0x0,
0xb5,0x0,0x10,0x1,0x0,0x0,0x0,0x0,
0x0,0x0,0x7,0x0,0x0,0x0,0x0,0x0,
0x0,0x0,0x0,0x0,0xb5,0x0,0x0,0x0,
0x1,0x0,0x0,0x0,0x2e,0x4c,0x3c,0x4d,
0x18,0x6,0x2,0x0,0x0,0x0,0x0,0x0,
0x5c,0x0,0x0,0x0,0x10,0x0,0x0,0x0,
0x81,0x0,0x0,0x0,0x0,0x0,0x0,0x0,
0x38,0x0,0x0,0x0,0x0,0x0,0x0,0x0,
0x38,0x0,0x0,0x0,0x0,0x0,0x3,0x0,
0xff,0xff,0xff,0xff,0xa,0x0,0x0,0x0,
0xd3,0x0,0x10,0x1,0x0,0x0,0x0,0x0,
0x0,0x0,0x7,0x0,0x0,0x0,0x0,0x0,
0x0,0x0,0x0,0x0,0xd3,0x0,0x0,0x0,
0x0,0x0,0x0,0x0,0x1,0x0,0x0,0x0,
0xd4,0x0,0x0,0x0,0x2,0x0,0x0,0x0,
0xc,0x0,0x0,0x0,0xd5,0x0,0x0,0x0,
0x2,0x0,0x0,0x0,0xca,0x2e,0x4e,0x18,
0x7,0xac,0x4f,0x7,0x0,0x0,0x18,0x6,
0xd4,0x16,0x6,0x2,0x0,0x0,0x0,0x0,
0x44,0x0,0x0,0x0,0x7,0x0,0x0,0x0,
0x79,0x0,0x0,0x0,0x0,0x0,0x0,0x0,
0x38,0x0,0x0,0x0,0x0,0x0,0x0,0x0,
0x38,0x0,0x0,0x0,0x0,0x0,0x1,0x0,
0xff,0xff,0xff,0xff,0x7,0x0,0x0,0x0,
0xc1,0x0,0x10,0x1,0x0,0x0,0x0,0x0,
0x0,0x0,0x7,0x0,0x0,0x0,0x0,0x0,
0x0,0x0,0x0,0x0,0xc1,0x0,0x0,0x0,
0x1,0x0,0x0,0x0,0x2e,0x50,0x3c,0x51,
0x18,0x6,0x2,0x0,0x0,0x0,0x0,0x0,
0x44,0x0,0x0,0x0,0x7,0x0,0x0,0x0,
0x7b,0x0,0x0,0x0,0x0,0x0,0x0,0x0,
0x38,0x0,0x0,0x0,0x0,0x0,0x0,0x0,
0x38,0x0,0x0,0x0,0x0,0x0,0x1,0x0,
0xff,0xff,0xff,0xff,0x7,0x0,0x0,0x0,
0xc2,0x0,0x10,0x1,0x0,0x0,0x0,0x0,
0x0,0x0,0x7,0x0,0x0,0x0,0x0,0x0,
0x0,0x0,0x0,0x0,0xc2,0x0,0x0,0x0,
0x1,0x0,0x0,0x0,0x2e,0x52,0x3c,0x53,
0x18,0x6,0x2,0x0,0x0,0x0,0x0,0x0,
0x44,0x0,0x0,0x0,0x12,0x0,0x0,0x0,
0x7c,0x0,0x0,0x0,0x0,0x0,0x0,0x0,
0x38,0x0,0x0,0x0,0x0,0x0,0x0,0x0,
0x38,0x0,0x0,0x0,0x0,0x0,0x1,0x0,
0xff,0xff,0xff,0xff,0x7,0x0,0x0,0x0,
0xc6,0x0,0x50,0x1,0x0,0x0,0x0,0x0,
0x0,0x0,0x7,0x0,0x0,0x0,0x0,0x0,
0x0,0x0,0x0,0x0,0xc6,0x0,0x0,0x0,
0x1,0x0,0x0,0x0,0x2e,0x54,0x3c,0x55,
0x50,0x7,0x13,0xf,0x1,0x0,0x0,0x4c,
0x2,0x12,0x74,0x18,0x6,0x2,0x0,0x0,
0x0,0x0,0x0,0x0,0x0,0x0,0x0,0x0,
0x44,0x0,0x0,0x0,0x7,0x0,0x0,0x0,
0x5b,0x0,0x0,0x0,0x0,0x0,0x0,0x0,
0x38,0x0,0x0,0x0,0x0,0x0,0x0,0x0,
0x38,0x0,0x0,0x0,0x0,0x0,0x1,0x0,
0xff,0xff,0xff,0xff,0x7,0x0,0x0,0x0,
0xcc,0x0,0x50,0x1,0x0,0x0,0x0,0x0,
0x0,0x0,0x7,0x0,0x0,0x0,0x0,0x0,
0x0,0x0,0x0,0x0,0xcc,0x0,0x0,0x0,
0x1,0x0,0x0,0x0,0x2e,0x56,0x3c,0x57,
0x18,0x6,0x2,0x0,0x0,0x0,0x0,0x0,
0x44,0x0,0x0,0x0,0x7,0x0,0x0,0x0,
0x5d,0x0,0x0,0x0,0x0,0x0,0x0,0x0,
0x38,0x0,0x0,0x0,0x0,0x0,0x0,0x0,
0x38,0x0,0x0,0x0,0x0,0x0,0x1,0x0,
0xff,0xff,0xff,0xff,0x7,0x0,0x0,0x0,
0xcd,0x0,0x50,0x1,0x0,0x0,0x0,0x0,
0x0,0x0,0x7,0x0,0x0,0x0,0x0,0x0,
0x0,0x0,0x0,0x0,0xcd,0x0,0x0,0x0,
0x1,0x0,0x0,0x0,0x2e,0x58,0x3c,0x59,
0x18,0x6,0x2,0x0,0x0,0x0,0x0,0x0,
0x44,0x0,0x0,0x0,0x15,0x0,0x0,0x0,
0x4a,0x0,0x0,0x0,0x0,0x0,0x0,0x0,
0x38,0x0,0x0,0x0,0x0,0x0,0x0,0x0,
0x38,0x0,0x0,0x0,0x0,0x0,0x1,0x0,
0xff,0xff,0xff,0xff,0x7,0x0,0x0,0x0,
0xd0,0x0,0x50,0x1,0x0,0x0,0x0,0x0,
0x0,0x0,0x7,0x0,0x0,0x0,0x0,0x0,
0x0,0x0,0x0,0x0,0xd0,0x0,0x0,0x0,
0x1,0x0,0x0,0x0,0x2e,0x5a,0x3c,0x5b,
0x50,0x7,0x13,0x7b,0x1,0x0,0x0,0x4c,
0x5,0x13,0x7c,0x1,0x0,0x0,0x18,0x6,
0x2,0x0,0x0,0x0,0x0,0x0,0x0,0x0,
0x44,0x0,0x0,0x0,0x5,0x0,0x0,0x0,
0x2c,0x0,0x0,0x0,0x0,0x0,0x0,0x0,
0x38,0x0,0x0,0x0,0x0,0x0,0x0,0x0,
0x38,0x0,0x0,0x0,0x0,0x0,0x1,0x0,
0xff,0xff,0xff,0xff,0x7,0x0,0x0,0x0,
0xd8,0x0,0x50,0x1,0x0,0x0,0x0,0x0,
0x0,0x0,0x7,0x0,0x0,0x0,0x0,0x0,
0x0,0x0,0x0,0x0,0xd8,0x0,0x0,0x0,
0x1,0x0,0x0,0x0,0x2e,0x5c,0x18,0x6,
0x2,0x0,0x0,0x0,0x0,0x0,0x0,0x0,
0x5c,0x0,0x0,0x0,0x12,0x0,0x0,0x0,
0x83,0x0,0x0,0x0,0x0,0x0,0x0,0x0,
0x38,0x0,0x0,0x0,0x0,0x0,0x0,0x0,
0x38,0x0,0x0,0x0,0x0,0x0,0x3,0x0,
0xff,0xff,0xff,0xff,0x8,0x0,0x0,0x0,
0xd9,0x0,0x50,0x1,0x0,0x0,0x0,0x0,
0x0,0x0,0x7,0x0,0x0,0x0,0x0,0x0,
0x0,0x0,0x0,0x0,0xda,0x0,0x0,0x0,
0x2,0x0,0x0,0x0,0x8,0x0,0x0,0x0,
0xdb,0x0,0x0,0x0,0x4,0x0,0x0,0x0,
0x10,0x0,0x0,0x0,0xdc,0x0,0x0,0x0,
0x4,0x0,0x0,0x0,0x2e,0x5d,0x18,0x7,
0xa,0x42,0x5e,0x7,0x2e,0x5f,0x18,0x7,
0x8,0x42,0x60,0x7,0xe,0x2,0x0,0x0,
0x0,0x0,0x0,0x0,0x0,0x0,0x0,0x0,
0x50,0x0,0x0,0x0,0x10,0x0,0x0,0x0,
0x81,0x0,0x0,0x0,0x0,0x0,0x0,0x0,
0x38,0x0,0x0,0x0,0x0,0x0,0x0,0x0,
0x38,0x0,0x0,0x0,0x0,0x0,0x2,0x0,
0xff,0xff,0xff,0xff,0xa,0x0,0x0,0x0,
0xfe,0x0,0x10,0x1,0x0,0x0,0x0,0x0,
0x0,0x0,0x7,0x0,0x0,0x0,0x0,0x0,
0x0,0x0,0x0,0x0,0xfe,0x0,0x0,0x0,
0x0,0x0,0x0,0x0,0x1,0x0,0x0,0x0,
0xfe,0x0,0x0,0x0,0x1,0x0,0x0,0x0,
0xca,0x2e,0x61,0x18,0x7,0xac,0x62,0x7,
0x0,0x0,0x18,0x6,0xd4,0x16,0x6,0x2,
0x44,0x0,0x0,0x0,0x7,0x0,0x0,0x0,
0x79,0x0,0x0,0x0,0x0,0x0,0x0,0x0,
0x38,0x0,0x0,0x0,0x0,0x0,0x0,0x0,
0x38,0x0,0x0,0x0,0x0,0x0,0x1,0x0,
0xff,0xff,0xff,0xff,0x7,0x0,0x0,0x0,
0xe6,0x0,0x10,0x1,0x0,0x0,0x0,0x0,
0x0,0x0,0x7,0x0,0x0,0x0,0x0,0x0,
0x0,0x0,0x0,0x0,0xe6,0x0,0x0,0x0,
0x1,0x0,0x0,0x0,0x2e,0x63,0x3c,0x64,
0x18,0x6,0x2,0x0,0x0,0x0,0x0,0x0,
0x44,0x0,0x0,0x0,0x7,0x0,0x0,0x0,
0x3b,0x0,0x0,0x0,0x0,0x0,0x0,0x0,
0x38,0x0,0x0,0x0,0x0,0x0,0x0,0x0,
0x38,0x0,0x0,0x0,0x0,0x0,0x1,0x0,
0xff,0xff,0xff,0xff,0x7,0x0,0x0,0x0,
0xe7,0x0,0x10,0x1,0x0,0x0,0x0,0x0,
0x0,0x0,0x7,0x0,0x0,0x0,0x0,0x0,
0x0,0x0,0x0,0x0,0xe7,0x0,0x0,0x0,
0x1,0x0,0x0,0x0,0x2e,0x65,0x3c,0x66,
0x18,0x6,0x2,0x0,0x0,0x0,0x0,0x0,
0x44,0x0,0x0,0x0,0x7,0x0,0x0,0x0,
0x5b,0x0,0x0,0x0,0x0,0x0,0x0,0x0,
0x38,0x0,0x0,0x0,0x0,0x0,0x0,0x0,
0x38,0x0,0x0,0x0,0x0,0x0,0x1,0x0,
0xff,0xff,0xff,0xff,0x7,0x0,0x0,0x0,
0xf2,0x0,0x50,0x1,0x0,0x0,0x0,0x0,
0x0,0x0,0x7,0x0,0x0,0x0,0x0,0x0,
0x0,0x0,0x0,0x0,0xf2,0x0,0x0,0x0,
0x1,0x0,0x0,0x0,0x2e,0x67,0x3c,0x68,
0x18,0x6,0x2,0x0,0x0,0x0,0x0,0x0,
0x44,0x0,0x0,0x0,0x7,0x0,0x0,0x0,
0x5d,0x0,0x0,0x0,0x0,0x0,0x0,0x0,
0x38,0x0,0x0,0x0,0x0,0x0,0x0,0x0,
0x38,0x0,0x0,0x0,0x0,0x0,0x1,0x0,
0xff,0xff,0xff,0xff,0x7,0x0,0x0,0x0,
0xf3,0x0,0x50,0x1,0x0,0x0,0x0,0x0,
0x0,0x0,0x7,0x0,0x0,0x0,0x0,0x0,
0x0,0x0,0x0,0x0,0xf3,0x0,0x0,0x0,
0x1,0x0,0x0,0x0,0x2e,0x69,0x3c,0x6a,
0x18,0x6,0x2,0x0,0x0,0x0,0x0,0x0,
0x44,0x0,0x0,0x0,0x5,0x0,0x0,0x0,
0x14,0x0,0x0,0x0,0x0,0x0,0x0,0x0,
0x38,0x0,0x0,0x0,0x0,0x0,0x0,0x0,
0x38,0x0,0x0,0x0,0x0,0x0,0x1,0x0,
0xff,0xff,0xff,0xff,0x7,0x0,0x0,0x0,
0xfb,0x0,0x50,0x1,0x0,0x0,0x0,0x0,
0x0,0x0,0x7,0x0,0x0,0x0,0x0,0x0,
0x0,0x0,0x0,0x0,0xfb,0x0,0x0,0x0,
0x1,0x0,0x0,0x0,0x2e,0x6b,0x18,0x6,
0x2,0x0,0x0,0x0,0x0,0x0,0x0,0x0,
0x44,0x0,0x0,0x0,0x13,0x0,0x0,0x0,
0x8d,0x0,0x0,0x0,0x0,0x0,0x0,0x0,
0x38,0x0,0x0,0x0,0x0,0x0,0x0,0x0,
0x38,0x0,0x0,0x0,0x0,0x0,0x1,0x0,
0xff,0xff,0xff,0xff,0x9,0x0,0x0,0x0,
0xc,0x1,0x10,0x1,0x0,0x0,0x0,0x0,
0x0,0x0,0x7,0x0,0x0,0x0,0x0,0x0,
0x0,0x0,0x0,0x0,0xc,0x1,0x0,0x0,
0x1,0x0,0x0,0x0,0x2e,0x6c,0x3c,0x6d,
0x18,0x7,0x2e,0x6e,0xa2,0x7,0x18,0x8,
0x10,0x2,0x9e,0x8,0x18,0x6,0x2,0x0,
0x0,0x0,0x0,0x0,0x0,0x0,0x0,0x0,
0x44,0x0,0x0,0x0,0x13,0x0,0x0,0x0,
0x8e,0x0,0x0,0x0,0x0,0x0,0x0,0x0,
0x38,0x0,0x0,0x0,0x0,0x0,0x0,0x0,
0x38,0x0,0x0,0x0,0x0,0x0,0x1,0x0,
0xff,0xff,0xff,0xff,0x9,0x0,0x0,0x0,
0xd,0x1,0x10,0x1,0x0,0x0,0x0,0x0,
0x0,0x0,0x7,0x0,0x0,0x0,0x0,0x0,
0x0,0x0,0x0,0x0,0xd,0x1,0x0,0x0,
0x1,0x0,0x0,0x0,0x2e,0x6f,0x3c,0x70,
0x18,0x7,0x2e,0x71,0xa2,0x7,0x18,0x8,
0x4,0x4d,0x9e,0x8,0x18,0x6,0x2,0x0,
0x0,0x0,0x0,0x0,0x0,0x0,0x0,0x0,
0x44,0x0,0x0,0x0,0x5,0x0,0x0,0x0,
0x14,0x0,0x0,0x0,0x0,0x0,0x0,0x0,
0x38,0x0,0x0,0x0,0x0,0x0,0x0,0x0,
0x38,0x0,0x0,0x0,0x0,0x0,0x1,0x0,
0xff,0xff,0xff,0xff,0x7,0x0,0x0,0x0,
0x11,0x1,0x50,0x1,0x0,0x0,0x0,0x0,
0x0,0x0,0x7,0x0,0x0,0x0,0x0,0x0,
0x0,0x0,0x0,0x0,0x11,0x1,0x0,0x0,
0x1,0x0,0x0,0x0,0x2e,0x72,0x18,0x6,
0x2,0x0,0x0,0x0,0x0,0x0,0x0,0x0,
0x44,0x0,0x0,0x0,0x7,0x0,0x0,0x0,
0x5b,0x0,0x0,0x0,0x0,0x0,0x0,0x0,
0x38,0x0,0x0,0x0,0x0,0x0,0x0,0x0,
0x38,0x0,0x0,0x0,0x0,0x0,0x1,0x0,
0xff,0xff,0xff,0xff,0x7,0x0,0x0,0x0,
0x19,0x1,0x90,0x1,0x0,0x0,0x0,0x0,
0x0,0x0,0x7,0x0,0x0,0x0,0x0,0x0,
0x0,0x0,0x0,0x0,0x19,0x1,0x0,0x0,
0x1,0x0,0x0,0x0,0x2e,0x73,0x3c,0x74,
0x18,0x6,0x2,0x0,0x0,0x0,0x0,0x0,
0x44,0x0,0x0,0x0,0x7,0x0,0x0,0x0,
0x79,0x0,0x0,0x0,0x0,0x0,0x0,0x0,
0x38,0x0,0x0,0x0,0x0,0x0,0x0,0x0,
0x38,0x0,0x0,0x0,0x0,0x0,0x1,0x0,
0xff,0xff,0xff,0xff,0x7,0x0,0x0,0x0,
0x1a,0x1,0x90,0x1,0x0,0x0,0x0,0x0,
0x0,0x0,0x7,0x0,0x0,0x0,0x0,0x0,
0x0,0x0,0x0,0x0,0x1a,0x1,0x0,0x0,
0x1,0x0,0x0,0x0,0x2e,0x75,0x3c,0x76,
0x18,0x6,0x2,0x0,0x0,0x0,0x0,0x0,
0x44,0x0,0x0,0x0,0x7,0x0,0x0,0x0,
0x79,0x0,0x0,0x0,0x0,0x0,0x0,0x0,
0x38,0x0,0x0,0x0,0x0,0x0,0x0,0x0,
0x38,0x0,0x0,0x0,0x0,0x0,0x1,0x0,
0xff,0xff,0xff,0xff,0x7,0x0,0x0,0x0,
0x1f,0x1,0x90,0x1,0x0,0x0,0x0,0x0,
0x0,0x0,0x7,0x0,0x0,0x0,0x0,0x0,
0x0,0x0,0x0,0x0,0x1f,0x1,0x0,0x0,
0x1,0x0,0x0,0x0,0x2e,0x77,0x3c,0x78,
0x18,0x6,0x2,0x0,0x0,0x0,0x0,0x0,
0x50,0x0,0x0,0x0,0x10,0x0,0x0,0x0,
0x81,0x0,0x0,0x0,0x0,0x0,0x0,0x0,
0x38,0x0,0x0,0x0,0x0,0x0,0x0,0x0,
0x38,0x0,0x0,0x0,0x0,0x0,0x2,0x0,
0xff,0xff,0xff,0xff,0xa,0x0,0x0,0x0,
0x29,0x1,0xd0,0x1,0x0,0x0,0x0,0x0,
0x0,0x0,0x7,0x0,0x0,0x0,0x0,0x0,
0x0,0x0,0x0,0x0,0x29,0x1,0x0,0x0,
0x0,0x0,0x0,0x0,0x1,0x0,0x0,0x0,
0x29,0x1,0x0,0x0,0x1,0x0,0x0,0x0,
0xca,0x2e,0x79,0x18,0x7,0xac,0x7a,0x7,
0x0,0x0,0x18,0x6,0xd4,0x16,0x6,0x2,
0x68,0x0,0x0,0x0,0x20,0x0,0x0,0x0,
0x81,0x0,0x0,0x0,0x0,0x0,0x0,0x0,
0x38,0x0,0x0,0x0,0x0,0x0,0x0,0x0,
0x38,0x0,0x0,0x0,0x0,0x0,0x4,0x0,
0xff,0xff,0xff,0xff,0xb,0x0,0x0,0x0,
0x3b,0x1,0xd0,0x1,0x0,0x0,0x0,0x0,
0x0,0x0,0x7,0x0,0x0,0x0,0x0,0x0,
0x0,0x0,0x0,0x0,0x3b,0x1,0x0,0x0,
0x0,0x0,0x0,0x0,0x1,0x0,0x0,0x0,
0x3c,0x1,0x0,0x0,0x3,0x0,0x0,0x0,
0xa,0x0,0x0,0x0,0x3d,0x1,0x0,0x0,
0x4,0x0,0x0,0x0,0x1c,0x0,0x0,0x0,
0x3e,0x1,0x0,0x0,0x4,0x0,0x0,0x0,
0xca,0x2e,0x7b,0x18,0x7,0xac,0x7c,0x7,
0x0,0x0,0x2e,0x7d,0x18,0x7,0x13,0x81,
0x1,0x0,0x0,0x18,0xa,0xac,0x7e,0x7,
0x1,0xa,0x18,0x6,0xd4,0x16,0x6,0x2,
0x0,0x0,0x0,0x0,0x0,0x0,0x0,0x0,
0x44,0x0,0x0,0x0,0xa,0x0,0x0,0x0,
0x5b,0x0,0x0,0x0,0x0,0x0,0x0,0x0,
0x38,0x0,0x0,0x0,0x0,0x0,0x0,0x0,
0x38,0x0,0x0,0x0,0x0,0x0,0x1,0x0,
0xff,0xff,0xff,0xff,0x7,0x0,0x0,0x0,
0x38,0x1,0x10,0x2,0x0,0x0,0x0,0x0,
0x0,0x0,0x7,0x0,0x0,0x0,0x0,0x0,
0x0,0x0,0x0,0x0,0x38,0x1,0x0,0x0,
0x1,0x0,0x0,0x0,0x2e,0x7f,0x3d,0x80,
0x0,0x0,0x0,0x18,0x6,0x2,0x0,0x0,
0x0,0x0,0x0,0x0,0x0,0x0,0x0,0x0,
0x44,0x0,0x0,0x0,0xd,0x0,0x0,0x0,
0x5d,0x0,0x0,0x0,0x0,0x0,0x0,0x0,
0x38,0x0,0x0,0x0,0x0,0x0,0x0,0x0,
0x38,0x0,0x0,0x0,0x0,0x0,0x1,0x0,
0xff,0xff,0xff,0xff,0x7,0x0,0x0,0x0,
0x39,0x1,0x10,0x2,0x0,0x0,0x0,0x0,
0x0,0x0,0x7,0x0,0x0,0x0,0x0,0x0,
0x0,0x0,0x0,0x0,0x39,0x1,0x0,0x0,
0x1,0x0,0x0,0x0,0x2f,0x81,0x0,0x0,
0x0,0x3d,0x82,0x0,0x0,0x0,0x18,0x6,
0x2,0x0,0x0,0x0,0x0,0x0,0x0,0x0,
0x44,0x0,0x0,0x0,0x8,0x0,0x0,0x0,
0x14,0x0,0x0,0x0,0x0,0x0,0x0,0x0,
0x38,0x0,0x0,0x0,0x0,0x0,0x0,0x0,
0x38,0x0,0x0,0x0,0x0,0x0,0x1,0x0,
0xff,0xff,0xff,0xff,0x7,0x0,0x0,0x0,
0x49,0x1,0x90,0x0,0x0,0x0,0x0,0x0,
0x0,0x0,0x7,0x0,0x0,0x0,0x0,0x0,
0x0,0x0,0x0,0x0,0x49,0x1,0x0,0x0,
0x1,0x0,0x0,0x0,0x2f,0x83,0x0,0x0,
0x0,0x18,0x6,0x2,0x0,0x0,0x0,0x0,
0x44,0x0,0x0,0x0,0x2f,0x0,0x0,0x0,
0x41,0x0,0x0,0x0,0x0,0x0,0x0,0x0,
0x38,0x0,0x0,0x0,0x0,0x0,0x0,0x0,
0x38,0x0,0x0,0x0,0x0,0x0,0x1,0x0,
0xff,0xff,0xff,0xff,0xd,0x0,0x0,0x0,
0x53,0x1,0xd0,0x0,0x0,0x0,0x0,0x0,
0x0,0x0,0x7,0x0,0x0,0x0,0x0,0x0,
0x0,0x0,0x0,0x0,0x53,0x1,0x0,0x0,
0x1,0x0,0x0,0x0,0x2f,0x84,0x0,0x0,
0x0,0x18,0x7,0x2f,0x85,0x0,0x0,0x0,
0x18,0xc,0xb8,0xc,0x0,0x0,0x18,0xa,
0x13,0x6b,0x1,0x0,0x0,0x18,0xb,0xad,
0x86,0x0,0x0,0x0,0x7,0x0,0x0,0x0,
0x2,0x0,0x0,0x0,0xa,0x0,0x0,0x0,
0x18,0x6,0x2,0x0,0x0,0x0,0x0,0x0,
0x44,0x0,0x0,0x0,0x2f,0x0,0x0,0x0,
0x43,0x0,0x0,0x0,0x0,0x0,0x0,0x0,
0x38,0x0,0x0,0x0,0x0,0x0,0x0,0x0,
0x38,0x0,0x0,0x0,0x0,0x0,0x1,0x0,
0xff,0xff,0xff,0xff,0xd,0x0,0x0,0x0,
0x54,0x1,0xd0,0x0,0x0,0x0,0x0,0x0,
0x0,0x0,0x7,0x0,0x0,0x0,0x0,0x0,
0x0,0x0,0x0,0x0,0x54,0x1,0x0,0x0,
0x1,0x0,0x0,0x0,0x2f,0x87,0x0,0x0,
0x0,0x18,0x7,0x2f,0x88,0x0,0x0,0x0,
0x18,0xc,0xb8,0xc,0x0,0x0,0x18,0xa,
0x13,0x6d,0x1,0x0,0x0,0x18,0xb,0xad,
0x89,0x0,0x0,0x0,0x7,0x0,0x0,0x0,
0x2,0x0,0x0,0x0,0xa,0x0,0x0,0x0,
0x18,0x6,0x2,0x0,0x0,0x0,0x0,0x0,
0x44,0x0,0x0,0x0,0xd,0x0,0x0,0x0,
0x3b,0x0,0x0,0x0,0x0,0x0,0x0,0x0,
0x38,0x0,0x0,0x0,0x0,0x0,0x0,0x0,
0x38,0x0,0x0,0x0,0x0,0x0,0x1,0x0,
0xff,0xff,0xff,0xff,0x7,0x0,0x0,0x0,
0x4e,0x1,0xd0,0x0,0x0,0x0,0x0,0x0,
0x0,0x0,0x7,0x0,0x0,0x0,0x0,0x0,
0x0,0x0,0x0,0x0,0x4e,0x1,0x0,0x0,
0x1,0x0,0x0,0x0,0x2f,0x8a,0x0,0x0,
0x0,0x3d,0x8b,0x0,0x0,0x0,0x18,0x6,
0x2,0x0,0x0,0x0,0x0,0x0,0x0,0x0,
0x44,0x0,0x0,0x0,0xd,0x0,0x0,0x0,
0x3d,0x0,0x0,0x0,0x0,0x0,0x0,0x0,
0x38,0x0,0x0,0x0,0x0,0x0,0x0,0x0,
0x38,0x0,0x0,0x0,0x0,0x0,0x1,0x0,
0xff,0xff,0xff,0xff,0x7,0x0,0x0,0x0,
0x4f,0x1,0xd0,0x0,0x0,0x0,0x0,0x0,
0x0,0x0,0x7,0x0,0x0,0x0,0x0,0x0,
0x0,0x0,0x0,0x0,0x4f,0x1,0x0,0x0,
0x1,0x0,0x0,0x0,0x2f,0x8c,0x0,0x0,
0x0,0x3d,0x8d,0x0,0x0,0x0,0x18,0x6,
0x2,0x0,0x0,0x0,0x0,0x0,0x0,0x0,
0x68,0x0,0x0,0x0,0x82,0x0,0x0,0x0,
0x27,0x0,0x0,0x0,0x0,0x0,0x0,0x0,
0x38,0x0,0x0,0x0,0x0,0x0,0x0,0x0,
0x38,0x0,0x0,0x0,0x0,0x0,0x4,0x0,
0xff,0xff,0xff,0xff,0xe,0x0,0x0,0x0,
0x5a,0x1,0x10,0x1,0x0,0x0,0x0,0x0,
0x0,0x0,0x7,0x0,0x0,0x0,0x0,0x0,
0x0,0x0,0x0,0x0,0x5a,0x1,0x0,0x0,
0x0,0x0,0x0,0x0,0x1,0x0,0x0,0x0,
0x5b,0x1,0x0,0x0,0x3,0x0,0x0,0x0,
0x3d,0x0,0x0,0x0,0x5c,0x1,0x0,0x0,
0x4,0x0,0x0,0x0,0x7e,0x0,0x0,0x0,
0x5d,0x1,0x0,0x0,0x4,0x0,0x0,0x0,
0xca,0x2f,0x8e,0x0,0x0,0x0,0x18,0x7,
0x2f,0x8f,0x0,0x0,0x0,0x18,0x8,0x2f,
0x90,0x0,0x0,0x0,0x18,0xd,0xb8,0xd,
0x0,0x0,0x18,0xb,0x13,0x6d,0x1,0x0,
0x0,0x18,0xc,0xad,0x91,0x0,0x0,0x0,
0x8,0x0,0x0,0x0,0x2,0x0,0x0,0x0,
0xb,0x0,0x0,0x0,0x43,0x92,0x0,0x0,
0x0,0x7,0x0,0x0,0x0,0x2f,0x93,0x0,
0x0,0x0,0x18,0x7,0x2f,0x94,0x0,0x0,
0x0,0x18,0x8,0x2f,0x95,0x0,0x0,0x0,
0x18,0xd,0xb8,0xd,0x0,0x0,0x18,0xb,
0x13,0x6b,0x1,0x0,0x0,0x18,0xc,0xad,
0x96,0x0,0x0,0x0,0x8,0x0,0x0,0x0,
0x2,0x0,0x0,0x0,0xb,0x0,0x0,0x0,
0x18,0x8,0x43,0x97,0x0,0x0,0x0,0x7,
0x0,0x0,0x0,0x1a,0x8,0x6,0xd4,0x16,
0x6,0x2,0x0,0x0,0x0,0x0,0x0,0x0,
0x0,0x0,0x0,0x0,0x0,0x0,0x0,0x0,
0x44,0x0,0x0,0x0,0x8,0x0,0x0,0x0,
0x1c,0x0,0x0,0x0,0x0,0x0,0x0,0x0,
0x38,0x0,0x0,0x0,0x0,0x0,0x0,0x0,
0x38,0x0,0x0,0x0,0x0,0x0,0x1,0x0,
0xff,0xff,0xff,0xff,0x7,0x0,0x0,0x0,
0x68,0x1,0x50,0x1,0x0,0x0,0x0,0x0,
0x0,0x0,0x7,0x0,0x0,0x0,0x0,0x0,
0x0,0x0,0x0,0x0,0x68,0x1,0x0,0x0,
0x1,0x0,0x0,0x0,0x2f,0x98,0x0,0x0,
0x0,0x18,0x6,0x2,0x0,0x0,0x0,0x0,
0x44,0x0,0x0,0x0,0xd,0x0,0x0,0x0,
0x4a,0x0,0x0,0x0,0x0,0x0,0x0,0x0,
0x38,0x0,0x0,0x0,0x0,0x0,0x0,0x0,
0x38,0x0,0x0,0x0,0x0,0x0,0x1,0x0,
0xff,0xff,0xff,0xff,0x7,0x0,0x0,0x0,
0x6c,0x1,0x90,0x1,0x0,0x0,0x0,0x0,
0x0,0x0,0x7,0x0,0x0,0x0,0x0,0x0,
0x0,0x0,0x0,0x0,0x6c,0x1,0x0,0x0,
0x1,0x0,0x0,0x0,0x2f,0x99,0x0,0x0,
0x0,0x3d,0x9a,0x0,0x0,0x0,0x18,0x6,
0x2,0x0,0x0,0x0,0x0,0x0,0x0,0x0,
0x44,0x0,0x0,0x0,0xd,0x0,0x0,0x0,
0x4a,0x0,0x0,0x0,0x0,0x0,0x0,0x0,
0x38,0x0,0x0,0x0,0x0,0x0,0x0,0x0,
0x38,0x0,0x0,0x0,0x0,0x0,0x1,0x0,
0xff,0xff,0xff,0xff,0x7,0x0,0x0,0x0,
0x73,0x1,0x90,0x1,0x0,0x0,0x0,0x0,
0x0,0x0,0x7,0x0,0x0,0x0,0x0,0x0,
0x0,0x0,0x0,0x0,0x73,0x1,0x0,0x0,
0x1,0x0,0x0,0x0,0x2f,0x9b,0x0,0x0,
0x0,0x3d,0x9c,0x0,0x0,0x0,0x18,0x6,
0x2,0x0,0x0,0x0,0x0,0x0,0x0,0x0,
0x44,0x0,0x0,0x0,0xd,0x0,0x0,0x0,
0x57,0x0,0x0,0x0,0x0,0x0,0x0,0x0,
0x38,0x0,0x0,0x0,0x0,0x0,0x0,0x0,
0x38,0x0,0x0,0x0,0x0,0x0,0x1,0x0,
0xff,0xff,0xff,0xff,0x7,0x0,0x0,0x0,
0x83,0x1,0xd0,0x0,0x0,0x0,0x0,0x0,
0x0,0x0,0x7,0x0,0x0,0x0,0x0,0x0,
0x0,0x0,0x0,0x0,0x83,0x1,0x0,0x0,
0x1,0x0,0x0,0x0,0x2f,0x9d,0x0,0x0,
0x0,0x3d,0x9e,0x0,0x0,0x0,0x18,0x6,
0x2,0x0,0x0,0x0,0x0,0x0,0x0,0x0,
0x44,0x0,0x0,0x0,0xd,0x0,0x0,0x0,
0x5b,0x0,0x0,0x0,0x0,0x0,0x0,0x0,
0x38,0x0,0x0,0x0,0x0,0x0,0x0,0x0,
0x38,0x0,0x0,0x0,0x0,0x0,0x1,0x0,
0xff,0xff,0xff,0xff,0x7,0x0,0x0,0x0,
0x89,0x1,0xd0,0x0,0x0,0x0,0x0,0x0,
0x0,0x0,0x7,0x0,0x0,0x0,0x0,0x0,
0x0,0x0,0x0,0x0,0x89,0x1,0x0,0x0,
0x1,0x0,0x0,0x0,0x2f,0x9f,0x0,0x0,
0x0,0x3d,0xa0,0x0,0x0,0x0,0x18,0x6,
0x2,0x0,0x0,0x0,0x0,0x0,0x0,0x0,
0x44,0x0,0x0,0x0,0xd,0x0,0x0,0x0,
0x5d,0x0,0x0,0x0,0x0,0x0,0x0,0x0,
0x38,0x0,0x0,0x0,0x0,0x0,0x0,0x0,
0x38,0x0,0x0,0x0,0x0,0x0,0x1,0x0,
0xff,0xff,0xff,0xff,0x7,0x0,0x0,0x0,
0x8a,0x1,0xd0,0x0,0x0,0x0,0x0,0x0,
0x0,0x0,0x7,0x0,0x0,0x0,0x0,0x0,
0x0,0x0,0x0,0x0,0x8a,0x1,0x0,0x0,
0x1,0x0,0x0,0x0,0x2f,0xa1,0x0,0x0,
0x0,0x3d,0xa2,0x0,0x0,0x0,0x18,0x6,
0x2,0x0,0x0,0x0,0x0,0x0,0x0,0x0,
0x44,0x0,0x0,0x0,0xd,0x0,0x0,0x0,
0x5f,0x0,0x0,0x0,0x0,0x0,0x0,0x0,
0x38,0x0,0x0,0x0,0x0,0x0,0x0,0x0,
0x38,0x0,0x0,0x0,0x0,0x0,0x1,0x0,
0xff,0xff,0xff,0xff,0x7,0x0,0x0,0x0,
0x8b,0x1,0xd0,0x0,0x0,0x0,0x0,0x0,
0x0,0x0,0x7,0x0,0x0,0x0,0x0,0x0,
0x0,0x0,0x0,0x0,0x8b,0x1,0x0,0x0,
0x1,0x0,0x0,0x0,0x2f,0xa3,0x0,0x0,
0x0,0x3d,0xa4,0x0,0x0,0x0,0x18,0x6,
0x2,0x0,0x0,0x0,0x0,0x0,0x0,0x0,
0x44,0x0,0x0,0x0,0xd,0x0,0x0,0x0,
0x65,0x0,0x0,0x0,0x0,0x0,0x0,0x0,
0x38,0x0,0x0,0x0,0x0,0x0,0x0,0x0,
0x38,0x0,0x0,0x0,0x0,0x0,0x1,0x0,
0xff,0xff,0xff,0xff,0x7,0x0,0x0,0x0,
0x8e,0x1,0xd0,0x0,0x0,0x0,0x0,0x0,
0x0,0x0,0x7,0x0,0x0,0x0,0x0,0x0,
0x0,0x0,0x0,0x0,0x8e,0x1,0x0,0x0,
0x1,0x0,0x0,0x0,0x2f,0xa5,0x0,0x0,
0x0,0x3d,0xa6,0x0,0x0,0x0,0x18,0x6,
0x2,0x0,0x0,0x0,0x0,0x0,0x0,0x0,
0x44,0x0,0x0,0x0,0xd,0x0,0x0,0x0,
0x69,0x0,0x0,0x0,0x0,0x0,0x0,0x0,
0x38,0x0,0x0,0x0,0x0,0x0,0x0,0x0,
0x38,0x0,0x0,0x0,0x0,0x0,0x1,0x0,
0xff,0xff,0xff,0xff,0x7,0x0,0x0,0x0,
0x90,0x1,0xd0,0x0,0x0,0x0,0x0,0x0,
0x0,0x0,0x7,0x0,0x0,0x0,0x0,0x0,
0x0,0x0,0x0,0x0,0x90,0x1,0x0,0x0,
0x1,0x0,0x0,0x0,0x2f,0xa7,0x0,0x0,
0x0,0x3d,0xa8,0x0,0x0,0x0,0x18,0x6,
0x2,0x0,0x0,0x0,0x0,0x0,0x0,0x0,
0x44,0x0,0x0,0x0,0xd,0x0,0x0,0x0,
0x3d,0x0,0x0,0x0,0x0,0x0,0x0,0x0,
0x38,0x0,0x0,0x0,0x0,0x0,0x0,0x0,
0x38,0x0,0x0,0x0,0x0,0x0,0x1,0x0,
0xff,0xff,0xff,0xff,0x7,0x0,0x0,0x0,
0x84,0x1,0xd0,0x0,0x0,0x0,0x0,0x0,
0x0,0x0,0x7,0x0,0x0,0x0,0x0,0x0,
0x0,0x0,0x0,0x0,0x84,0x1,0x0,0x0,
0x1,0x0,0x0,0x0,0x2f,0xa9,0x0,0x0,
0x0,0x3d,0xaa,0x0,0x0,0x0,0x18,0x6,
0x2,0x0,0x0,0x0,0x0,0x0,0x0,0x0,
0x44,0x0,0x0,0x0,0xd,0x0,0x0,0x0,
0x59,0x0,0x0,0x0,0x0,0x0,0x0,0x0,
0x38,0x0,0x0,0x0,0x0,0x0,0x0,0x0,
0x38,0x0,0x0,0x0,0x0,0x0,0x1,0x0,
0xff,0xff,0xff,0xff,0x7,0x0,0x0,0x0,
0x85,0x1,0xd0,0x0,0x0,0x0,0x0,0x0,
0x0,0x0,0x7,0x0,0x0,0x0,0x0,0x0,
0x0,0x0,0x0,0x0,0x85,0x1,0x0,0x0,
0x1,0x0,0x0,0x0,0x2f,0xab,0x0,0x0,
0x0,0x3d,0xac,0x0,0x0,0x0,0x18,0x6,
0x2,0x0,0x0,0x0,0x0,0x0,0x0,0x0,
0x44,0x0,0x0,0x0,0xd,0x0,0x0,0x0,
0x61,0x0,0x0,0x0,0x0,0x0,0x0,0x0,
0x38,0x0,0x0,0x0,0x0,0x0,0x0,0x0,
0x38,0x0,0x0,0x0,0x0,0x0,0x1,0x0,
0xff,0xff,0xff,0xff,0x7,0x0,0x0,0x0,
0x8c,0x1,0xd0,0x0,0x0,0x0,0x0,0x0,
0x0,0x0,0x7,0x0,0x0,0x0,0x0,0x0,
0x0,0x0,0x0,0x0,0x8c,0x1,0x0,0x0,
0x1,0x0,0x0,0x0,0x2f,0xad,0x0,0x0,
0x0,0x3d,0xae,0x0,0x0,0x0,0x18,0x6,
0x2,0x0,0x0,0x0,0x0,0x0,0x0,0x0,
0x44,0x0,0x0,0x0,0xd,0x0,0x0,0x0,
0x67,0x0,0x0,0x0,0x0,0x0,0x0,0x0,
0x38,0x0,0x0,0x0,0x0,0x0,0x0,0x0,
0x38,0x0,0x0,0x0,0x0,0x0,0x1,0x0,
0xff,0xff,0xff,0xff,0x7,0x0,0x0,0x0,
0x8f,0x1,0xd0,0x0,0x0,0x0,0x0,0x0,
0x0,0x0,0x7,0x0,0x0,0x0,0x0,0x0,
0x0,0x0,0x0,0x0,0x8f,0x1,0x0,0x0,
0x1,0x0,0x0,0x0,0x2f,0xaf,0x0,0x0,
0x0,0x3d,0xb0,0x0,0x0,0x0,0x18,0x6,
0x2,0x0,0x0,0x0,0x0,0x0,0x0,0x0,
0x44,0x0,0x0,0x0,0xd,0x0,0x0,0x0,
0x6c,0x0,0x0,0x0,0x0,0x0,0x0,0x0,
0x38,0x0,0x0,0x0,0x0,0x0,0x0,0x0,
0x38,0x0,0x0,0x0,0x0,0x0,0x1,0x0,
0xff,0xff,0xff,0xff,0x7,0x0,0x0,0x0,
0x92,0x1,0xd0,0x0,0x0,0x0,0x0,0x0,
0x0,0x0,0x7,0x0,0x0,0x0,0x0,0x0,
0x0,0x0,0x0,0x0,0x92,0x1,0x0,0x0,
0x1,0x0,0x0,0x0,0x2f,0xb1,0x0,0x0,
0x0,0x3d,0xb2,0x0,0x0,0x0,0x18,0x6,
0x2,0x0,0x0,0x0,0x0,0x0,0x0,0x0,
0x44,0x0,0x0,0x0,0xd,0x0,0x0,0x0,
0x20,0x0,0x0,0x0,0x0,0x0,0x0,0x0,
0x38,0x0,0x0,0x0,0x0,0x0,0x0,0x0,
0x38,0x0,0x0,0x0,0x0,0x0,0x1,0x0,
0xff,0xff,0xff,0xff,0x7,0x0,0x0,0x0,
0xa3,0x1,0xd0,0x0,0x0,0x0,0x0,0x0,
0x0,0x0,0x7,0x0,0x0,0x0,0x0,0x0,
0x0,0x0,0x0,0x0,0xa3,0x1,0x0,0x0,
0x1,0x0,0x0,0x0,0x2f,0xb3,0x0,0x0,
0x0,0x3d,0xb4,0x0,0x0,0x0,0x18,0x6,
0x2,0x0,0x0,0x0,0x0,0x0,0x0,0x0,
0x44,0x0,0x0,0x0,0xd,0x0,0x0,0x0,
0x71,0x0,0x0,0x0,0x0,0x0,0x0,0x0,
0x38,0x0,0x0,0x0,0x0,0x0,0x0,0x0,
0x38,0x0,0x0,0x0,0x0,0x0,0x1,0x0,
0xff,0xff,0xff,0xff,0x7,0x0,0x0,0x0,
0x9d,0x1,0xd0,0x0,0x0,0x0,0x0,0x0,
0x0,0x0,0x7,0x0,0x0,0x0,0x0,0x0,
0x0,0x0,0x0,0x0,0x9d,0x1,0x0,0x0,
0x1,0x0,0x0,0x0,0x2f,0xb5,0x0,0x0,
0x0,0x3d,0xb6,0x0,0x0,0x0,0x18,0x6,
0x2,0x0,0x0,0x0,0x0,0x0,0x0,0x0,
0x44,0x0,0x0,0x0,0xd,0x0,0x0,0x0,
0x3b,0x0,0x0,0x0,0x0,0x0,0x0,0x0,
0x38,0x0,0x0,0x0,0x0,0x0,0x0,0x0,
0x38,0x0,0x0,0x0,0x0,0x0,0x1,0x0,
0xff,0xff,0xff,0xff,0x7,0x0,0x0,0x0,
0x9e,0x1,0xd0,0x0,0x0,0x0,0x0,0x0,
0x0,0x0,0x7,0x0,0x0,0x0,0x0,0x0,
0x0,0x0,0x0,0x0,0x9e,0x1,0x0,0x0,
0x1,0x0,0x0,0x0,0x2f,0xb7,0x0,0x0,
0x0,0x3d,0xb8,0x0,0x0,0x0,0x18,0x6,
0x2,0x0,0x0,0x0,0x0,0x0,0x0,0x0,
0x44,0x0,0x0,0x0,0xd,0x0,0x0,0x0,
0x3d,0x0,0x0,0x0,0x0,0x0,0x0,0x0,
0x38,0x0,0x0,0x0,0x0,0x0,0x0,0x0,
0x38,0x0,0x0,0x0,0x0,0x0,0x1,0x0,
0xff,0xff,0xff,0xff,0x7,0x0,0x0,0x0,
0xad,0x1,0xd0,0x0,0x0,0x0,0x0,0x0,
0x0,0x0,0x7,0x0,0x0,0x0,0x0,0x0,
0x0,0x0,0x0,0x0,0xad,0x1,0x0,0x0,
0x1,0x0,0x0,0x0,0x2f,0xb9,0x0,0x0,
0x0,0x3d,0xba,0x0,0x0,0x0,0x18,0x6,
0x2,0x0,0x0,0x0,0x0,0x0,0x0,0x0,
0x44,0x0,0x0,0x0,0xd,0x0,0x0,0x0,
0x3b,0x0,0x0,0x0,0x0,0x0,0x0,0x0,
0x38,0x0,0x0,0x0,0x0,0x0,0x0,0x0,
0x38,0x0,0x0,0x0,0x0,0x0,0x1,0x0,
0xff,0xff,0xff,0xff,0x7,0x0,0x0,0x0,
0xae,0x1,0xd0,0x0,0x0,0x0,0x0,0x0,
0x0,0x0,0x7,0x0,0x0,0x0,0x0,0x0,
0x0,0x0,0x0,0x0,0xae,0x1,0x0,0x0,
0x1,0x0,0x0,0x0,0x2f,0xbb,0x0,0x0,
0x0,0x3d,0xbc,0x0,0x0,0x0,0x18,0x6,
0x2,0x0,0x0,0x0,0x0,0x0,0x0,0x0,
0x44,0x0,0x0,0x0,0x8,0x0,0x0,0x0,
0x1c,0x0,0x0,0x0,0x0,0x0,0x0,0x0,
0x38,0x0,0x0,0x0,0x0,0x0,0x0,0x0,
0x38,0x0,0x0,0x0,0x0,0x0,0x1,0x0,
0xff,0xff,0xff,0xff,0x7,0x0,0x0,0x0,
0xb6,0x1,0xd0,0x0,0x0,0x0,0x0,0x0,
0x0,0x0,0x7,0x0,0x0,0x0,0x0,0x0,
0x0,0x0,0x0,0x0,0xb6,0x1,0x0,0x0,
0x1,0x0,0x0,0x0,0x2f,0xbd,0x0,0x0,
0x0,0x18,0x6,0x2,0x0,0x0,0x0,0x0,
0x44,0x0,0x0,0x0,0x13,0x0,0x0,0x0,
0x9c,0x0,0x0,0x0,0x0,0x0,0x0,0x0,
0x38,0x0,0x0,0x0,0x0,0x0,0x0,0x0,
0x38,0x0,0x0,0x0,0x0,0x0,0x1,0x0,
0xff,0xff,0xff,0xff,0x8,0x0,0x0,0x0,
0xc5,0x1,0x50,0x1,0x0,0x0,0x0,0x0,
0x0,0x0,0x7,0x0,0x0,0x0,0x0,0x0,
0x0,0x0,0x0,0x0,0xc5,0x1,0x0,0x0,
0x1,0x0,0x0,0x0,0x2f,0xbe,0x0,0x0,
0x0,0x3d,0xbf,0x0,0x0,0x0,0x18,0x7,
0x10,0x14,0xa2,0x7,0x18,0x6,0x2,0x0,
0x0,0x0,0x0,0x0,0x0,0x0,0x0,0x0,
0x44,0x0,0x0,0x0,0xd,0x0,0x0,0x0,
0x9d,0x0,0x0,0x0,0x0,0x0,0x0,0x0,
0x38,0x0,0x0,0x0,0x0,0x0,0x0,0x0,
0x38,0x0,0x0,0x0,0x0,0x0,0x1,0x0,
0xff,0xff,0xff,0xff,0x7,0x0,0x0,0x0,
0xc6,0x1,0x50,0x1,0x0,0x0,0x0,0x0,
0x0,0x0,0x7,0x0,0x0,0x0,0x0,0x0,
0x0,0x0,0x0,0x0,0xc6,0x1,0x0,0x0,
0x1,0x0,0x0,0x0,0x2f,0xc0,0x0,0x0,
0x0,0x3d,0xc1,0x0,0x0,0x0,0x18,0x6,
0x2,0x0,0x0,0x0,0x0,0x0,0x0,0x0,
0x44,0x0,0x0,0x0,0xd,0x0,0x0,0x0,
0x5d,0x0,0x0,0x0,0x0,0x0,0x0,0x0,
0x38,0x0,0x0,0x0,0x0,0x0,0x0,0x0,
0x38,0x0,0x0,0x0,0x0,0x0,0x1,0x0,
0xff,0xff,0xff,0xff,0x7,0x0,0x0,0x0,
0xcb,0x1,0x50,0x1,0x0,0x0,0x0,0x0,
0x0,0x0,0x7,0x0,0x0,0x0,0x0,0x0,
0x0,0x0,0x0,0x0,0xcb,0x1,0x0,0x0,
0x1,0x0,0x0,0x0,0x2f,0xc2,0x0,0x0,
0x0,0x3d,0xc3,0x0,0x0,0x0,0x18,0x6,
0x2,0x0,0x0,0x0,0x0,0x0,0x0,0x0,
0x44,0x0,0x0,0x0,0x8,0x0,0x0,0x0,
0x1c,0x0,0x0,0x0,0x0,0x0,0x0,0x0,
0x38,0x0,0x0,0x0,0x0,0x0,0x0,0x0,
0x38,0x0,0x0,0x0,0x0,0x0,0x1,0x0,
0xff,0xff,0xff,0xff,0x7,0x0,0x0,0x0,
0xc7,0x1,0x50,0x1,0x0,0x0,0x0,0x0,
0x0,0x0,0x7,0x0,0x0,0x0,0x0,0x0,
0x0,0x0,0x0,0x0,0xc7,0x1,0x0,0x0,
0x1,0x0,0x0,0x0,0x2f,0xc4,0x0,0x0,
0x0,0x18,0x6,0x2,0x0,0x0,0x0,0x0,
0x44,0x0,0x0,0x0,0x13,0x0,0x0,0x0,
0x9c,0x0,0x0,0x0,0x0,0x0,0x0,0x0,
0x38,0x0,0x0,0x0,0x0,0x0,0x0,0x0,
0x38,0x0,0x0,0x0,0x0,0x0,0x1,0x0,
0xff,0xff,0xff,0xff,0x8,0x0,0x0,0x0,
0xe0,0x1,0x50,0x1,0x0,0x0,0x0,0x0,
0x0,0x0,0x7,0x0,0x0,0x0,0x0,0x0,
0x0,0x0,0x0,0x0,0xe0,0x1,0x0,0x0,
0x1,0x0,0x0,0x0,0x2f,0xc5,0x0,0x0,
0x0,0x3d,0xc6,0x0,0x0,0x0,0x18,0x7,
0x10,0x14,0xa2,0x7,0x18,0x6,0x2,0x0,
0x0,0x0,0x0,0x0,0x0,0x0,0x0,0x0,
0x44,0x0,0x0,0x0,0xd,0x0,0x0,0x0,
0x9d,0x0,0x0,0x0,0x0,0x0,0x0,0x0,
0x38,0x0,0x0,0x0,0x0,0x0,0x0,0x0,
0x38,0x0,0x0,0x0,0x0,0x0,0x1,0x0,
0xff,0xff,0xff,0xff,0x7,0x0,0x0,0x0,
0xe1,0x1,0x50,0x1,0x0,0x0,0x0,0x0,
0x0,0x0,0x7,0x0,0x0,0x0,0x0,0x0,
0x0,0x0,0x0,0x0,0xe1,0x1,0x0,0x0,
0x1,0x0,0x0,0x0,0x2f,0xc7,0x0,0x0,
0x0,0x3d,0xc8,0x0,0x0,0x0,0x18,0x6,
0x2,0x0,0x0,0x0,0x0,0x0,0x0,0x0,
0x44,0x0,0x0,0x0,0xd,0x0,0x0,0x0,
0x5d,0x0,0x0,0x0,0x0,0x0,0x0,0x0,
0x38,0x0,0x0,0x0,0x0,0x0,0x0,0x0,
0x38,0x0,0x0,0x0,0x0,0x0,0x1,0x0,
0xff,0xff,0xff,0xff,0x7,0x0,0x0,0x0,
0xe6,0x1,0x50,0x1,0x0,0x0,0x0,0x0,
0x0,0x0,0x7,0x0,0x0,0x0,0x0,0x0,
0x0,0x0,0x0,0x0,0xe6,0x1,0x0,0x0,
0x1,0x0,0x0,0x0,0x2f,0xc9,0x0,0x0,
0x0,0x3d,0xca,0x0,0x0,0x0,0x18,0x6,
0x2,0x0,0x0,0x0,0x0,0x0,0x0,0x0,
0x44,0x0,0x0,0x0,0xd,0x0,0x0,0x0,
0xa6,0x0,0x0,0x0,0x0,0x0,0x0,0x0,
0x38,0x0,0x0,0x0,0x0,0x0,0x0,0x0,
0x38,0x0,0x0,0x0,0x0,0x0,0x1,0x0,
0xff,0xff,0xff,0xff,0x7,0x0,0x0,0x0,
0xe8,0x1,0x50,0x1,0x0,0x0,0x0,0x0,
0x0,0x0,0x7,0x0,0x0,0x0,0x0,0x0,
0x0,0x0,0x0,0x0,0xe8,0x1,0x0,0x0,
0x1,0x0,0x0,0x0,0x2f,0xcb,0x0,0x0,
0x0,0x3d,0xcc,0x0,0x0,0x0,0x18,0x6,
0x2,0x0,0x0,0x0,0x0,0x0,0x0,0x0,
0x44,0x0,0x0,0x0,0x8,0x0,0x0,0x0,
0x1c,0x0,0x0,0x0,0x0,0x0,0x0,0x0,
0x38,0x0,0x0,0x0,0x0,0x0,0x0,0x0,
0x38,0x0,0x0,0x0,0x0,0x0,0x1,0x0,
0xff,0xff,0xff,0xff,0x7,0x0,0x0,0x0,
0xe2,0x1,0x50,0x1,0x0,0x0,0x0,0x0,
0x0,0x0,0x7,0x0,0x0,0x0,0x0,0x0,
0x0,0x0,0x0,0x0,0xe2,0x1,0x0,0x0,
0x1,0x0,0x0,0x0,0x2f,0xcd,0x0,0x0,
0x0,0x18,0x6,0x2,0x0,0x0,0x0,0x0,
0x5c,0x0,0x0,0x0,0x1f,0x0,0x0,0x0,
0xa9,0x0,0x0,0x0,0x0,0x0,0x0,0x0,
0x38,0x0,0x0,0x0,0x0,0x0,0x0,0x0,
0x38,0x0,0x0,0x0,0x0,0x0,0x3,0x0,
0xff,0xff,0xff,0xff,0xa,0x0,0x0,0x0,
0xee,0x1,0x50,0x1,0x0,0x0,0x0,0x0,
0x0,0x0,0x7,0x0,0x0,0x0,0x0,0x0,
0x0,0x0,0x0,0x0,0xee,0x1,0x0,0x0,
0x0,0x0,0x0,0x0,0x1,0x0,0x0,0x0,
0xef,0x1,0x0,0x0,0x2,0x0,0x0,0x0,
0x1b,0x0,0x0,0x0,0xf0,0x1,0x0,0x0,
0x2,0x0,0x0,0x0,0xca,0x2f,0xce,0x0,
0x0,0x0,0x18,0x7,0xad,0xcf,0x0,0x0,
0x0,0x7,0x0,0x0,0x0,0x0,0x0,0x0,
0x0,0x0,0x0,0x0,0x0,0x18,0x6,0xd4,
0x16,0x6,0x2,0x0,0x0,0x0,0x0,0x0,
0x74,0x0,0x0,0x0,0x77,0x0,0x0,0x0,
0x81,0x0,0x0,0x0,0x0,0x0,0x0,0x0,
0x38,0x0,0x0,0x0,0x0,0x0,0x0,0x0,
0x38,0x0,0x0,0x0,0x0,0x0,0x5,0x0,
0xff,0xff,0xff,0xff,0xe,0x0,0x0,0x0,
0xb,0x2,0x10,0x1,0x0,0x0,0x0,0x0,
0x0,0x0,0x7,0x0,0x0,0x0,0x0,0x0,
0x0,0x0,0x0,0x0,0xb,0x2,0x0,0x0,
0x0,0x0,0x0,0x0,0x1,0x0,0x0,0x0,
0xc,0x2,0x0,0x0,0x2,0x0,0x0,0x0,
0x25,0x0,0x0,0x0,0xd,0x2,0x0,0x0,
0x4,0x0,0x0,0x0,0x41,0x0,0x0,0x0,
0xf,0x2,0x0,0x0,0x6,0x0,0x0,0x0,
0x73,0x0,0x0,0x0,0x11,0x2,0x0,0x0,
0x6,0x0,0x0,0x0,0xca,0x2f,0xd0,0x0,
0x0,0x0,0x3d,0xd1,0x0,0x0,0x0,0x18,
0x7,0x12,0x0,0x6c,0x7,0x4e,0x12,0x2f,
0xd2,0x0,0x0,0x0,0x3d,0xd3,0x0,0x0,
0x0,0x18,0x8,0x12,0x0,0x6c,0x8,0x50,
0x1c,0x2f,0xd4,0x0,0x0,0x0,0x18,0x9,
0xad,0xd5,0x0,0x0,0x0,0x9,0x0,0x0,
0x0,0x0,0x0,0x0,0x0,0x0,0x0,0x0,
0x0,0x18,0x6,0x4c,0x32,0x2f,0xd6,0x0,
0x0,0x0,0x18,0x9,0x2f,0xd7,0x0,0x0,
0x0,0x3d,0xd8,0x0,0x0,0x0,0x18,0xc,
0x2f,0xd9,0x0,0x0,0x0,0x3d,0xda,0x0,
0x0,0x0,0x18,0xd,0xad,0xdb,0x0,0x0,
0x0,0x9,0x0,0x0,0x0,0x2,0x0,0x0,
0x0,0xc,0x0,0x0,0x0,0x18,0x6,0xd4,
0x16,0x6,0x2,0x0,0x0,0x0,0x0,0x0,
0x44,0x0,0x0,0x0,0xd,0x0,0x0,0x0,
0x79,0x0,0x0,0x0,0x0,0x0,0x0,0x0,
0x38,0x0,0x0,0x0,0x0,0x0,0x0,0x0,
0x38,0x0,0x0,0x0,0x0,0x0,0x1,0x0,
0xff,0xff,0xff,0xff,0x7,0x0,0x0,0x0,
0xfa,0x1,0x10,0x1,0x0,0x0,0x0,0x0,
0x0,0x0,0x7,0x0,0x0,0x0,0x0,0x0,
0x0,0x0,0x0,0x0,0xfa,0x1,0x0,0x0,
0x1,0x0,0x0,0x0,0x2f,0xdc,0x0,0x0,
0x0,0x3d,0xdd,0x0,0x0,0x0,0x18,0x6,
0x2,0x0,0x0,0x0,0x0,0x0,0x0,0x0,
0x44,0x0,0x0,0x0,0xd,0x0,0x0,0x0,
0x4a,0x0,0x0,0x0,0x0,0x0,0x0,0x0,
0x38,0x0,0x0,0x0,0x0,0x0,0x0,0x0,
0x38,0x0,0x0,0x0,0x0,0x0,0x1,0x0,
0xff,0xff,0xff,0xff,0x7,0x0,0x0,0x0,
0x2,0x2,0x50,0x1,0x0,0x0,0x0,0x0,
0x0,0x0,0x7,0x0,0x0,0x0,0x0,0x0,
0x0,0x0,0x0,0x0,0x2,0x2,0x0,0x0,
0x1,0x0,0x0,0x0,0x2f,0xde,0x0,0x0,
0x0,0x3d,0xdf,0x0,0x0,0x0,0x18,0x6,
0x2,0x0,0x0,0x0,0x0,0x0,0x0,0x0,
0x44,0x0,0x0,0x0,0xd,0x0,0x0,0x0,
0x5b,0x0,0x0,0x0,0x0,0x0,0x0,0x0,
0x38,0x0,0x0,0x0,0x0,0x0,0x0,0x0,
0x38,0x0,0x0,0x0,0x0,0x0,0x1,0x0,
0xff,0xff,0xff,0xff,0x7,0x0,0x0,0x0,
0x4,0x2,0x50,0x1,0x0,0x0,0x0,0x0,
0x0,0x0,0x7,0x0,0x0,0x0,0x0,0x0,
0x0,0x0,0x0,0x0,0x4,0x2,0x0,0x0,
0x1,0x0,0x0,0x0,0x2f,0xe0,0x0,0x0,
0x0,0x3d,0xe1,0x0,0x0,0x0,0x18,0x6,
0x2,0x0,0x0,0x0,0x0,0x0,0x0,0x0,
0x44,0x0,0x0,0x0,0xd,0x0,0x0,0x0,
0x5d,0x0,0x0,0x0,0x0,0x0,0x0,0x0,
0x38,0x0,0x0,0x0,0x0,0x0,0x0,0x0,
0x38,0x0,0x0,0x0,0x0,0x0,0x1,0x0,
0xff,0xff,0xff,0xff,0x7,0x0,0x0,0x0,
0x5,0x2,0x50,0x1,0x0,0x0,0x0,0x0,
0x0,0x0,0x7,0x0,0x0,0x0,0x0,0x0,
0x0,0x0,0x0,0x0,0x5,0x2,0x0,0x0,
0x1,0x0,0x0,0x0,0x2f,0xe2,0x0,0x0,
0x0,0x3d,0xe3,0x0,0x0,0x0,0x18,0x6,
0x2,0x0,0x0,0x0,0x0,0x0,0x0,0x0,
0x44,0x0,0x0,0x0,0x8,0x0,0x0,0x0,
0x2c,0x0,0x0,0x0,0x0,0x0,0x0,0x0,
0x38,0x0,0x0,0x0,0x0,0x0,0x0,0x0,
0x38,0x0,0x0,0x0,0x0,0x0,0x1,0x0,
0xff,0xff,0xff,0xff,0x7,0x0,0x0,0x0,
0x17,0x2,0xd0,0x0,0x0,0x0,0x0,0x0,
0x0,0x0,0x7,0x0,0x0,0x0,0x0,0x0,
0x0,0x0,0x0,0x0,0x17,0x2,0x0,0x0,
0x1,0x0,0x0,0x0,0x2f,0xe4,0x0,0x0,
0x0,0x18,0x6,0x2,0x0,0x0,0x0,0x0,
0x68,0x0,0x0,0x0,0x2c,0x0,0x0,0x0,
0xae,0x0,0x0,0x0,0x0,0x0,0x0,0x0,
0x38,0x0,0x0,0x0,0x0,0x0,0x0,0x0,
0x38,0x0,0x0,0x0,0x0,0x0,0x4,0x0,
0xff,0xff,0xff,0xff,0x9,0x0,0x0,0x0,
0x19,0x2,0xd0,0x0,0x0,0x0,0x0,0x0,
0x0,0x0,0x7,0x0,0x0,0x0,0x0,0x0,
0x0,0x0,0x0,0x0,0x19,0x2,0x0,0x0,
0x0,0x0,0x0,0x0,0x1,0x0,0x0,0x0,
0x1a,0x2,0x0,0x0,0x3,0x0,0x0,0x0,
0x12,0x0,0x0,0x0,0x1b,0x2,0x0,0x0,
0x4,0x0,0x0,0x0,0x28,0x0,0x0,0x0,
0x1c,0x2,0x0,0x0,0x4,0x0,0x0,0x0,
0xca,0x2f,0xe5,0x0,0x0,0x0,0x18,0x7,
0xa,0x43,0xe6,0x0,0x0,0x0,0x7,0x0,
0x0,0x0,0x2f,0xe7,0x0,0x0,0x0,0x18,
0x7,0x8,0x18,0x8,0x43,0xe8,0x0,0x0,
0x0,0x7,0x0,0x0,0x0,0x1a,0x8,0x6,
0xd4,0x16,0x6,0x2,0x0,0x0,0x0,0x0,
0x0,0x0,0x0,0x0,0x0,0x0,0x0,0x0,
0x5c,0x0,0x0,0x0,0x9,0x0,0x0,0x0,
0xb0,0x0,0x0,0x0,0x0,0x0,0x0,0x0,
0x38,0x0,0x0,0x0,0x0,0x0,0x0,0x0,
0x38,0x0,0x0,0x0,0x0,0x0,0x3,0x0,
0x69,0x0,0x0,0x0,0x7,0x0,0x0,0x0,
0x1e,0x2,0xd0,0x0,0x0,0x0,0x0,0x0,
0x0,0x0,0x7,0x0,0x0,0x0,0x8,0x0,
0x0,0x0,0x0,0x0,0x1e,0x2,0x0,0x0,
0x0,0x0,0x0,0x0,0x1,0x0,0x0,0x0,
0x1e,0x2,0x0,0x0,0x1,0x0,0x0,0x0,
0x5,0x0,0x0,0x0,0x20,0x2,0x0,0x0,
0x1,0x0,0x0,0x0,0xca,0x28,0x69,0x18,
0x6,0xd4,0x16,0x6,0x2,0x0,0x0,0x0,
0x0,0x0,0x0,0x0,0x0,0x0,0x0,0x0,
0x58,0x0,0x0,0x0,0x1a,0x0,0x0,0x0,
0x0,0x0,0x0,0x0,0x1,0x0,0x1,0x0,
0x38,0x0,0x0,0x0,0x0,0x0,0x0,0x0,
0x40,0x0,0x0,0x0,0x0,0x0,0x2,0x0,
0xff,0xff,0xff,0xff,0xb,0x0,0x0,0x0,
0x1e,0x2,0xd0,0x1,0x0,0x0,0x0,0x0,
0x0,0x0,0x8,0x0,0x0,0x0,0x2,0x0,
0xf2,0x1,0x0,0x0,0x0,0x0,0x0,0x0,
0x0,0x0,0x0,0x0,0x1f,0x2,0x0,0x0,
0x2,0x0,0x0,0x0,0x18,0x0,0x0,0x0,
0x20,0x2,0x0,0x0,0x2,0x0,0x0,0x0,
0x2f,0xe9,0x0,0x0,0x0,0x18,0x8,0xad,
0xea,0x0,0x0,0x0,0x8,0x0,0x0,0x0,
0x0,0x0,0x0,0x0,0x0,0x0,0x0,0x0,
0xe,0x2,0x0,0x0,0x0,0x0,0x0,0x0,
0x44,0x0,0x0,0x0,0x1c,0x0,0x0,0x0,
0x8d,0x0,0x0,0x0,0x0,0x0,0x0,0x0,
0x38,0x0,0x0,0x0,0x0,0x0,0x0,0x0,
0x38,0x0,0x0,0x0,0x0,0x0,0x1,0x0,
0xff,0xff,0xff,0xff,0x9,0x0,0x0,0x0,
0x2e,0x2,0xd0,0x0,0x0,0x0,0x0,0x0,
0x0,0x0,0x7,0x0,0x0,0x0,0x0,0x0,
0x0,0x0,0x0,0x0,0x2e,0x2,0x0,0x0,
0x1,0x0,0x0,0x0,0x2f,0xeb,0x0,0x0,
0x0,0x3d,0xec,0x0,0x0,0x0,0x18,0x7,
0x2f,0xed,0x0,0x0,0x0,0xa2,0x7,0x18,
0x8,0x10,0x2,0x9e,0x8,0x18,0x6,0x2,
0x0,0x0,0x0,0x0,0x0,0x0,0x0,0x0,
0x44,0x0,0x0,0x0,0x1c,0x0,0x0,0x0,
0x8e,0x0,0x0,0x0,0x0,0x0,0x0,0x0,
0x38,0x0,0x0,0x0,0x0,0x0,0x0,0x0,
0x38,0x0,0x0,0x0,0x0,0x0,0x1,0x0,
0xff,0xff,0xff,0xff,0x9,0x0,0x0,0x0,
0x2f,0x2,0xd0,0x0,0x0,0x0,0x0,0x0,
0x0,0x0,0x7,0x0,0x0,0x0,0x0,0x0,
0x0,0x0,0x0,0x0,0x2f,0x2,0x0,0x0,
0x1,0x0,0x0,0x0,0x2f,0xee,0x0,0x0,
0x0,0x3d,0xef,0x0,0x0,0x0,0x18,0x7,
0x2f,0xf0,0x0,0x0,0x0,0xa2,0x7,0x18,
0x8,0x4,0x4d,0x9e,0x8,0x18,0x6,0x2,
0x0,0x0,0x0,0x0,0x0,0x0,0x0,0x0,
0x44,0x0,0x0,0x0,0x8,0x0,0x0,0x0,
0x14,0x0,0x0,0x0,0x0,0x0,0x0,0x0,
0x38,0x0,0x0,0x0,0x0,0x0,0x0,0x0,
0x38,0x0,0x0,0x0,0x0,0x0,0x1,0x0,
0xff,0xff,0xff,0xff,0x7,0x0,0x0,0x0,
0x33,0x2,0x10,0x1,0x0,0x0,0x0,0x0,
0x0,0x0,0x7,0x0,0x0,0x0,0x0,0x0,
0x0,0x0,0x0,0x0,0x33,0x2,0x0,0x0,
0x1,0x0,0x0,0x0,0x2f,0xf1,0x0,0x0,
0x0,0x18,0x6,0x2,0x0,0x0,0x0,0x0,
0x44,0x0,0x0,0x0,0xd,0x0,0x0,0x0,
0x5b,0x0,0x0,0x0,0x0,0x0,0x0,0x0,
0x38,0x0,0x0,0x0,0x0,0x0,0x0,0x0,
0x38,0x0,0x0,0x0,0x0,0x0,0x1,0x0,
0xff,0xff,0xff,0xff,0x7,0x0,0x0,0x0,
0x3c,0x2,0x50,0x1,0x0,0x0,0x0,0x0,
0x0,0x0,0x7,0x0,0x0,0x0,0x0,0x0,
0x0,0x0,0x0,0x0,0x3c,0x2,0x0,0x0,
0x1,0x0,0x0,0x0,0x2f,0xf2,0x0,0x0,
0x0,0x3d,0xf3,0x0,0x0,0x0,0x18,0x6,
0x2,0x0,0x0,0x0,0x0,0x0,0x0,0x0,
0x44,0x0,0x0,0x0,0xd,0x0,0x0,0x0,
0x5f,0x0,0x0,0x0,0x0,0x0,0x0,0x0,
0x38,0x0,0x0,0x0,0x0,0x0,0x0,0x0,
0x38,0x0,0x0,0x0,0x0,0x0,0x1,0x0,
0xff,0xff,0xff,0xff,0x7,0x0,0x0,0x0,
0x3d,0x2,0x50,0x1,0x0,0x0,0x0,0x0,
0x0,0x0,0x7,0x0,0x0,0x0,0x0,0x0,
0x0,0x0,0x0,0x0,0x3d,0x2,0x0,0x0,
0x1,0x0,0x0,0x0,0x2f,0xf4,0x0,0x0,
0x0,0x3d,0xf5,0x0,0x0,0x0,0x18,0x6,
0x2,0x0,0x0,0x0,0x0,0x0,0x0,0x0,
0x44,0x0,0x0,0x0,0xd,0x0,0x0,0x0,
0x79,0x0,0x0,0x0,0x0,0x0,0x0,0x0,
0x38,0x0,0x0,0x0,0x0,0x0,0x0,0x0,
0x38,0x0,0x0,0x0,0x0,0x0,0x1,0x0,
0xff,0xff,0xff,0xff,0x7,0x0,0x0,0x0,
0x3e,0x2,0x50,0x1,0x0,0x0,0x0,0x0,
0x0,0x0,0x7,0x0,0x0,0x0,0x0,0x0,
0x0,0x0,0x0,0x0,0x3e,0x2,0x0,0x0,
0x1,0x0,0x0,0x0,0x2f,0xf6,0x0,0x0,
0x0,0x3d,0xf7,0x0,0x0,0x0,0x18,0x6,
0x2,0x0,0x0,0x0,0x0,0x0,0x0,0x0,
0x44,0x0,0x0,0x0,0xd,0x0,0x0,0x0,
0x79,0x0,0x0,0x0,0x0,0x0,0x0,0x0,
0x38,0x0,0x0,0x0,0x0,0x0,0x0,0x0,
0x38,0x0,0x0,0x0,0x0,0x0,0x1,0x0,
0xff,0xff,0xff,0xff,0x7,0x0,0x0,0x0,
0x43,0x2,0x50,0x1,0x0,0x0,0x0,0x0,
0x0,0x0,0x7,0x0,0x0,0x0,0x0,0x0,
0x0,0x0,0x0,0x0,0x43,0x2,0x0,0x0,
0x1,0x0,0x0,0x0,0x2f,0xf8,0x0,0x0,
0x0,0x3d,0xf9,0x0,0x0,0x0,0x18,0x6,
0x2,0x0,0x0,0x0,0x0,0x0,0x0,0x0,
0x68,0x0,0x0,0x0,0x33,0x0,0x0,0x0,
0x81,0x0,0x0,0x0,0x0,0x0,0x0,0x0,
0x38,0x0,0x0,0x0,0x0,0x0,0x0,0x0,
0x38,0x0,0x0,0x0,0x0,0x0,0x4,0x0,
0xff,0xff,0xff,0xff,0xa,0x0,0x0,0x0,
0x56,0x2,0x90,0x1,0x0,0x0,0x0,0x0,
0x0,0x0,0x7,0x0,0x0,0x0,0x0,0x0,
0x0,0x0,0x0,0x0,0x56,0x2,0x0,0x0,
0x0,0x0,0x0,0x0,0x1,0x0,0x0,0x0,
0x57,0x2,0x0,0x0,0x3,0x0,0x0,0x0,
0x19,0x0,0x0,0x0,0x58,0x2,0x0,0x0,
0x4,0x0,0x0,0x0,0x2f,0x0,0x0,0x0,
0x59,0x2,0x0,0x0,0x4,0x0,0x0,0x0,
0xca,0x2f,0xfa,0x0,0x0,0x0,0x18,0x7,
0xad,0xfb,0x0,0x0,0x0,0x7,0x0,0x0,
0x0,0x0,0x0,0x0,0x0,0x0,0x0,0x0,
0x0,0x2f,0xfc,0x0,0x0,0x0,0x18,0x7,
0x8,0x18,0x8,0x43,0xfd,0x0,0x0,0x0,
0x7,0x0,0x0,0x0,0x1a,0x8,0x6,0xd4,
0x16,0x6,0x2,0x0,0x0,0x0,0x0,0x0,
0x0,0x0,0x0,0x0,0x0,0x0,0x0,0x0,
0x44,0x0,0x0,0x0,0xd,0x0,0x0,0x0,
0x5b,0x0,0x0,0x0,0x0,0x0,0x0,0x0,
0x38,0x0,0x0,0x0,0x0,0x0,0x0,0x0,
0x38,0x0,0x0,0x0,0x0,0x0,0x1,0x0,
0xff,0xff,0xff,0xff,0x7,0x0,0x0,0x0,
0x53,0x2,0xd0,0x1,0x0,0x0,0x0,0x0,
0x0,0x0,0x7,0x0,0x0,0x0,0x0,0x0,
0x0,0x0,0x0,0x0,0x53,0x2,0x0,0x0,
0x1,0x0,0x0,0x0,0x2f,0xfe,0x0,0x0,
0x0,0x3d,0xff,0x0,0x0,0x0,0x18,0x6,
0x2,0x0,0x0,0x0,0x0,0x0,0x0,0x0,
0x44,0x0,0x0,0x0,0xd,0x0,0x0,0x0,
0x5d,0x0,0x0,0x0,0x0,0x0,0x0,0x0,
0x38,0x0,0x0,0x0,0x0,0x0,0x0,0x0,
0x38,0x0,0x0,0x0,0x0,0x0,0x1,0x0,
0xff,0xff,0xff,0xff,0x7,0x0,0x0,0x0,
0x54,0x2,0xd0,0x1,0x0,0x0,0x0,0x0,
0x0,0x0,0x7,0x0,0x0,0x0,0x0,0x0,
0x0,0x0,0x0,0x0,0x54,0x2,0x0,0x0,
0x1,0x0,0x0,0x0,0x2f,0x0,0x1,0x0,
0x0,0x3d,0x1,0x1,0x0,0x0,0x18,0x6,
0x2,0x0,0x0,0x0,0x0,0x0,0x0,0x0,
0x44,0x0,0x0,0x0,0xd,0x0,0x0,0x0,
0xb9,0x0,0x0,0x0,0x0,0x0,0x0,0x0,
0x38,0x0,0x0,0x0,0x0,0x0,0x0,0x0,
0x38,0x0,0x0,0x0,0x0,0x0,0x1,0x0,
0xff,0xff,0xff,0xff,0x7,0x0,0x0,0x0,
0x6b,0x2,0xd0,0x0,0x0,0x0,0x0,0x0,
0x0,0x0,0x7,0x0,0x0,0x0,0x0,0x0,
0x0,0x0,0x0,0x0,0x6b,0x2,0x0,0x0,
0x1,0x0,0x0,0x0,0x2f,0x2,0x1,0x0,
0x0,0x3d,0x3,0x1,0x0,0x0,0x18,0x6,
0x2,0x0,0x0,0x0,0x0,0x0,0x0,0x0,
0x68,0x0,0x0,0x0,0x2c,0x0,0x0,0x0,
0x81,0x0,0x0,0x0,0x0,0x0,0x0,0x0,
0x38,0x0,0x0,0x0,0x0,0x0,0x0,0x0,
0x38,0x0,0x0,0x0,0x0,0x0,0x4,0x0,
0xff,0xff,0xff,0xff,0x9,0x0,0x0,0x0,
0x7c,0x2,0xd0,0x0,0x0,0x0,0x0,0x0,
0x0,0x0,0x7,0x0,0x0,0x0,0x0,0x0,
0x0,0x0,0x0,0x0,0x7c,0x2,0x0,0x0,
0x0,0x0,0x0,0x0,0x1,0x0,0x0,0x0,
0x7d,0x2,0x0,0x0,0x3,0x0,0x0,0x0,
0x12,0x0,0x0,0x0,0x7e,0x2,0x0,0x0,
0x4,0x0,0x0,0x0,0x28,0x0,0x0,0x0,
0x7f,0x2,0x0,0x0,0x4,0x0,0x0,0x0,
0xca,0x2f,0x4,0x1,0x0,0x0,0x18,0x7,
0xa,0x43,0x5,0x1,0x0,0x0,0x7,0x0,
0x0,0x0,0x2f,0x6,0x1,0x0,0x0,0x18,
0x7,0x8,0x18,0x8,0x43,0x7,0x1,0x0,
0x0,0x7,0x0,0x0,0x0,0x1a,0x8,0x6,
0xd4,0x16,0x6,0x2,0x0,0x0,0x0,0x0,
0x0,0x0,0x0,0x0,0x0,0x0,0x0,0x0,
0x44,0x0,0x0,0x0,0xd,0x0,0x0,0x0,
0x71,0x0,0x0,0x0,0x0,0x0,0x0,0x0,
0x38,0x0,0x0,0x0,0x0,0x0,0x0,0x0,
0x38,0x0,0x0,0x0,0x0,0x0,0x1,0x0,
0xff,0xff,0xff,0xff,0x7,0x0,0x0,0x0,
0x64,0x2,0xd0,0x0,0x0,0x0,0x0,0x0,
0x0,0x0,0x7,0x0,0x0,0x0,0x0,0x0,
0x0,0x0,0x0,0x0,0x64,0x2,0x0,0x0,
0x1,0x0,0x0,0x0,0x2f,0x8,0x1,0x0,
0x0,0x3d,0x9,0x1,0x0,0x0,0x18,0x6,
0x2,0x0,0x0,0x0,0x0,0x0,0x0,0x0,
0x44,0x0,0x0,0x0,0xd,0x0,0x0,0x0,
0x59,0x0,0x0,0x0,0x0,0x0,0x0,0x0,
0x38,0x0,0x0,0x0,0x0,0x0,0x0,0x0,
0x38,0x0,0x0,0x0,0x0,0x0,0x1,0x0,
0xff,0xff,0xff,0xff,0x7,0x0,0x0,0x0,
0x65,0x2,0xd0,0x0,0x0,0x0,0x0,0x0,
0x0,0x0,0x7,0x0,0x0,0x0,0x0,0x0,
0x0,0x0,0x0,0x0,0x65,0x2,0x0,0x0,
0x1,0x0,0x0,0x0,0x2f,0xa,0x1,0x0,
0x0,0x3d,0xb,0x1,0x0,0x0,0x18,0x6,
0x2,0x0,0x0,0x0,0x0,0x0,0x0,0x0,
0x44,0x0,0x0,0x0,0xd,0x0,0x0,0x0,
0x4a,0x0,0x0,0x0,0x0,0x0,0x0,0x0,
0x38,0x0,0x0,0x0,0x0,0x0,0x0,0x0,
0x38,0x0,0x0,0x0,0x0,0x0,0x1,0x0,
0xff,0xff,0xff,0xff,0x7,0x0,0x0,0x0,
0x73,0x2,0x10,0x1,0x0,0x0,0x0,0x0,
0x0,0x0,0x7,0x0,0x0,0x0,0x0,0x0,
0x0,0x0,0x0,0x0,0x73,0x2,0x0,0x0,
0x1,0x0,0x0,0x0,0x2f,0xc,0x1,0x0,
0x0,0x3d,0xd,0x1,0x0,0x0,0x18,0x6,
0x2,0x0,0x0,0x0,0x0,0x0,0x0,0x0,
0x44,0x0,0x0,0x0,0xd,0x0,0x0,0x0,
0x5b,0x0,0x0,0x0,0x0,0x0,0x0,0x0,
0x38,0x0,0x0,0x0,0x0,0x0,0x0,0x0,
0x38,0x0,0x0,0x0,0x0,0x0,0x1,0x0,
0xff,0xff,0xff,0xff,0x7,0x0,0x0,0x0,
0x75,0x2,0x10,0x1,0x0,0x0,0x0,0x0,
0x0,0x0,0x7,0x0,0x0,0x0,0x0,0x0,
0x0,0x0,0x0,0x0,0x75,0x2,0x0,0x0,
0x1,0x0,0x0,0x0,0x2f,0xe,0x1,0x0,
0x0,0x3d,0xf,0x1,0x0,0x0,0x18,0x6,
0x2,0x0,0x0,0x0,0x0,0x0,0x0,0x0,
0x44,0x0,0x0,0x0,0xd,0x0,0x0,0x0,
0x5d,0x0,0x0,0x0,0x0,0x0,0x0,0x0,
0x38,0x0,0x0,0x0,0x0,0x0,0x0,0x0,
0x38,0x0,0x0,0x0,0x0,0x0,0x1,0x0,
0xff,0xff,0xff,0xff,0x7,0x0,0x0,0x0,
0x76,0x2,0x10,0x1,0x0,0x0,0x0,0x0,
0x0,0x0,0x7,0x0,0x0,0x0,0x0,0x0,
0x0,0x0,0x0,0x0,0x76,0x2,0x0,0x0,
0x1,0x0,0x0,0x0,0x2f,0x10,0x1,0x0,
0x0,0x3d,0x11,0x1,0x0,0x0,0x18,0x6,
0x2,0x0,0x0,0x0,0x0,0x0,0x0,0x0,
0x44,0x0,0x0,0x0,0x8,0x0,0x0,0x0,
0x1c,0x0,0x0,0x0,0x0,0x0,0x0,0x0,
0x38,0x0,0x0,0x0,0x0,0x0,0x0,0x0,
0x38,0x0,0x0,0x0,0x0,0x0,0x1,0x0,
0xff,0xff,0xff,0xff,0x7,0x0,0x0,0x0,
0x79,0x2,0x10,0x1,0x0,0x0,0x0,0x0,
0x0,0x0,0x7,0x0,0x0,0x0,0x0,0x0,
0x0,0x0,0x0,0x0,0x79,0x2,0x0,0x0,
0x1,0x0,0x0,0x0,0x2f,0x12,0x1,0x0,
0x0,0x18,0x6,0x2,0x0,0x0,0x0,0x0,
0x44,0x0,0x0,0x0,0x8,0x0,0x0,0x0,
0x14,0x0,0x0,0x0,0x0,0x0,0x0,0x0,
0x38,0x0,0x0,0x0,0x0,0x0,0x0,0x0,
0x38,0x0,0x0,0x0,0x0,0x0,0x1,0x0,
0xff,0xff,0xff,0xff,0x7,0x0,0x0,0x0,
0x86,0x2,0x90,0x0,0x0,0x0,0x0,0x0,
0x0,0x0,0x7,0x0,0x0,0x0,0x0,0x0,
0x0,0x0,0x0,0x0,0x86,0x2,0x0,0x0,
0x1,0x0,0x0,0x0,0x2f,0x13,0x1,0x0,
0x0,0x18,0x6,0x2,0x0,0x0,0x0,0x0,
0x44,0x0,0x0,0x0,0x2f,0x0,0x0,0x0,
0x41,0x0,0x0,0x0,0x0,0x0,0x0,0x0,
0x38,0x0,0x0,0x0,0x0,0x0,0x0,0x0,
0x38,0x0,0x0,0x0,0x0,0x0,0x1,0x0,
0xff,0xff,0xff,0xff,0xd,0x0,0x0,0x0,
0x90,0x2,0xd0,0x0,0x0,0x0,0x0,0x0,
0x0,0x0,0x7,0x0,0x0,0x0,0x0,0x0,
0x0,0x0,0x0,0x0,0x90,0x2,0x0,0x0,
0x1,0x0,0x0,0x0,0x2f,0x14,0x1,0x0,
0x0,0x18,0x7,0x2f,0x15,0x1,0x0,0x0,
0x18,0xc,0xb8,0xc,0x0,0x0,0x18,0xa,
0x13,0x6b,0x1,0x0,0x0,0x18,0xb,0xad,
0x16,0x1,0x0,0x0,0x7,0x0,0x0,0x0,
0x2,0x0,0x0,0x0,0xa,0x0,0x0,0x0,
0x18,0x6,0x2,0x0,0x0,0x0,0x0,0x0,
0x44,0x0,0x0,0x0,0x2f,0x0,0x0,0x0,
0x43,0x0,0x0,0x0,0x0,0x0,0x0,0x0,
0x38,0x0,0x0,0x0,0x0,0x0,0x0,0x0,
0x38,0x0,0x0,0x0,0x0,0x0,0x1,0x0,
0xff,0xff,0xff,0xff,0xd,0x0,0x0,0x0,
0x91,0x2,0xd0,0x0,0x0,0x0,0x0,0x0,
0x0,0x0,0x7,0x0,0x0,0x0,0x0,0x0,
0x0,0x0,0x0,0x0,0x91,0x2,0x0,0x0,
0x1,0x0,0x0,0x0,0x2f,0x17,0x1,0x0,
0x0,0x18,0x7,0x2f,0x18,0x1,0x0,0x0,
0x18,0xc,0xb8,0xc,0x0,0x0,0x18,0xa,
0x13,0x6d,0x1,0x0,0x0,0x18,0xb,0xad,
0x19,0x1,0x0,0x0,0x7,0x0,0x0,0x0,
0x2,0x0,0x0,0x0,0xa,0x0,0x0,0x0,
0x18,0x6,0x2,0x0,0x0,0x0,0x0,0x0,
0x44,0x0,0x0,0x0,0xd,0x0,0x0,0x0,
0x3b,0x0,0x0,0x0,0x0,0x0,0x0,0x0,
0x38,0x0,0x0,0x0,0x0,0x0,0x0,0x0,
0x38,0x0,0x0,0x0,0x0,0x0,0x1,0x0,
0xff,0xff,0xff,0xff,0x7,0x0,0x0,0x0,
0x8b,0x2,0xd0,0x0,0x0,0x0,0x0,0x0,
0x0,0x0,0x7,0x0,0x0,0x0,0x0,0x0,
0x0,0x0,0x0,0x0,0x8b,0x2,0x0,0x0,
0x1,0x0,0x0,0x0,0x2f,0x1a,0x1,0x0,
0x0,0x3d,0x1b,0x1,0x0,0x0,0x18,0x6,
0x2,0x0,0x0,0x0,0x0,0x0,0x0,0x0,
0x44,0x0,0x0,0x0,0xd,0x0,0x0,0x0,
0x3d,0x0,0x0,0x0,0x0,0x0,0x0,0x0,
0x38,0x0,0x0,0x0,0x0,0x0,0x0,0x0,
0x38,0x0,0x0,0x0,0x0,0x0,0x1,0x0,
0xff,0xff,0xff,0xff,0x7,0x0,0x0,0x0,
0x8c,0x2,0xd0,0x0,0x0,0x0,0x0,0x0,
0x0,0x0,0x7,0x0,0x0,0x0,0x0,0x0,
0x0,0x0,0x0,0x0,0x8c,0x2,0x0,0x0,
0x1,0x0,0x0,0x0,0x2f,0x1c,0x1,0x0,
0x0,0x3d,0x1d,0x1,0x0,0x0,0x18,0x6,
0x2,0x0,0x0,0x0,0x0,0x0,0x0,0x0,
0x68,0x0,0x0,0x0,0x82,0x0,0x0,0x0,
0x27,0x0,0x0,0x0,0x0,0x0,0x0,0x0,
0x38,0x0,0x0,0x0,0x0,0x0,0x0,0x0,
0x38,0x0,0x0,0x0,0x0,0x0,0x4,0x0,
0xff,0xff,0xff,0xff,0xe,0x0,0x0,0x0,
0x97,0x2,0x10,0x1,0x0,0x0,0x0,0x0,
0x0,0x0,0x7,0x0,0x0,0x0,0x0,0x0,
0x0,0x0,0x0,0x0,0x97,0x2,0x0,0x0,
0x0,0x0,0x0,0x0,0x1,0x0,0x0,0x0,
0x98,0x2,0x0,0x0,0x3,0x0,0x0,0x0,
0x3d,0x0,0x0,0x0,0x99,0x2,0x0,0x0,
0x4,0x0,0x0,0x0,0x7e,0x0,0x0,0x0,
0x9a,0x2,0x0,0x0,0x4,0x0,0x0,0x0,
0xca,0x2f,0x1e,0x1,0x0,0x0,0x18,0x7,
0x2f,0x1f,0x1,0x0,0x0,0x18,0x8,0x2f,
0x20,0x1,0x0,0x0,0x18,0xd,0xb8,0xd,
0x0,0x0,0x18,0xb,0x13,0x6d,0x1,0x0,
0x0,0x18,0xc,0xad,0x21,0x1,0x0,0x0,
0x8,0x0,0x0,0x0,0x2,0x0,0x0,0x0,
0xb,0x0,0x0,0x0,0x43,0x22,0x1,0x0,
0x0,0x7,0x0,0x0,0x0,0x2f,0x23,0x1,
0x0,0x0,0x18,0x7,0x2f,0x24,0x1,0x0,
0x0,0x18,0x8,0x2f,0x25,0x1,0x0,0x0,
0x18,0xd,0xb8,0xd,0x0,0x0,0x18,0xb,
0x13,0x6b,0x1,0x0,0x0,0x18,0xc,0xad,
0x26,0x1,0x0,0x0,0x8,0x0,0x0,0x0,
0x2,0x0,0x0,0x0,0xb,0x0,0x0,0x0,
0x18,0x8,0x43,0x27,0x1,0x0,0x0,0x7,
0x0,0x0,0x0,0x1a,0x8,0x6,0xd4,0x16,
0x6,0x2,0x0,0x0,0x0,0x0,0x0,0x0,
0x0,0x0,0x0,0x0,0x0,0x0,0x0,0x0,
0x44,0x0,0x0,0x0,0x8,0x0,0x0,0x0,
0x1c,0x0,0x0,0x0,0x0,0x0,0x0,0x0,
0x38,0x0,0x0,0x0,0x0,0x0,0x0,0x0,
0x38,0x0,0x0,0x0,0x0,0x0,0x1,0x0,
0xff,0xff,0xff,0xff,0x7,0x0,0x0,0x0,
0xa5,0x2,0x50,0x1,0x0,0x0,0x0,0x0,
0x0,0x0,0x7,0x0,0x0,0x0,0x0,0x0,
0x0,0x0,0x0,0x0,0xa5,0x2,0x0,0x0,
0x1,0x0,0x0,0x0,0x2f,0x28,0x1,0x0,
0x0,0x18,0x6,0x2,0x0,0x0,0x0,0x0,
0x44,0x0,0x0,0x0,0xd,0x0,0x0,0x0,
0x4a,0x0,0x0,0x0,0x0,0x0,0x0,0x0,
0x38,0x0,0x0,0x0,0x0,0x0,0x0,0x0,
0x38,0x0,0x0,0x0,0x0,0x0,0x1,0x0,
0xff,0xff,0xff,0xff,0x7,0x0,0x0,0x0,
0xa9,0x2,0x90,0x1,0x0,0x0,0x0,0x0,
0x0,0x0,0x7,0x0,0x0,0x0,0x0,0x0,
0x0,0x0,0x0,0x0,0xa9,0x2,0x0,0x0,
0x1,0x0,0x0,0x0,0x2f,0x29,0x1,0x0,
0x0,0x3d,0x2a,0x1,0x0,0x0,0x18,0x6,
0x2,0x0,0x0,0x0,0x0,0x0,0x0,0x0,
0x44,0x0,0x0,0x0,0xd,0x0,0x0,0x0,
0x4a,0x0,0x0,0x0,0x0,0x0,0x0,0x0,
0x38,0x0,0x0,0x0,0x0,0x0,0x0,0x0,
0x38,0x0,0x0,0x0,0x0,0x0,0x1,0x0,
0xff,0xff,0xff,0xff,0x7,0x0,0x0,0x0,
0xb0,0x2,0x90,0x1,0x0,0x0,0x0,0x0,
0x0,0x0,0x7,0x0,0x0,0x0,0x0,0x0,
0x0,0x0,0x0,0x0,0xb0,0x2,0x0,0x0,
0x1,0x0,0x0,0x0,0x2f,0x2b,0x1,0x0,
0x0,0x3d,0x2c,0x1,0x0,0x0,0x18,0x6,
0x2,0x0,0x0,0x0,0x0,0x0,0x0,0x0,
0x44,0x0,0x0,0x0,0xd,0x0,0x0,0x0,
0x57,0x0,0x0,0x0,0x0,0x0,0x0,0x0,
0x38,0x0,0x0,0x0,0x0,0x0,0x0,0x0,
0x38,0x0,0x0,0x0,0x0,0x0,0x1,0x0,
0xff,0xff,0xff,0xff,0x7,0x0,0x0,0x0,
0xc0,0x2,0xd0,0x0,0x0,0x0,0x0,0x0,
0x0,0x0,0x7,0x0,0x0,0x0,0x0,0x0,
0x0,0x0,0x0,0x0,0xc0,0x2,0x0,0x0,
0x1,0x0,0x0,0x0,0x2f,0x2d,0x1,0x0,
0x0,0x3d,0x2e,0x1,0x0,0x0,0x18,0x6,
0x2,0x0,0x0,0x0,0x0,0x0,0x0,0x0,
0x44,0x0,0x0,0x0,0xd,0x0,0x0,0x0,
0x5b,0x0,0x0,0x0,0x0,0x0,0x0,0x0,
0x38,0x0,0x0,0x0,0x0,0x0,0x0,0x0,
0x38,0x0,0x0,0x0,0x0,0x0,0x1,0x0,
0xff,0xff,0xff,0xff,0x7,0x0,0x0,0x0,
0xc6,0x2,0xd0,0x0,0x0,0x0,0x0,0x0,
0x0,0x0,0x7,0x0,0x0,0x0,0x0,0x0,
0x0,0x0,0x0,0x0,0xc6,0x2,0x0,0x0,
0x1,0x0,0x0,0x0,0x2f,0x2f,0x1,0x0,
0x0,0x3d,0x30,0x1,0x0,0x0,0x18,0x6,
0x2,0x0,0x0,0x0,0x0,0x0,0x0,0x0,
0x44,0x0,0x0,0x0,0xd,0x0,0x0,0x0,
0x5d,0x0,0x0,0x0,0x0,0x0,0x0,0x0,
0x38,0x0,0x0,0x0,0x0,0x0,0x0,0x0,
0x38,0x0,0x0,0x0,0x0,0x0,0x1,0x0,
0xff,0xff,0xff,0xff,0x7,0x0,0x0,0x0,
0xc7,0x2,0xd0,0x0,0x0,0x0,0x0,0x0,
0x0,0x0,0x7,0x0,0x0,0x0,0x0,0x0,
0x0,0x0,0x0,0x0,0xc7,0x2,0x0,0x0,
0x1,0x0,0x0,0x0,0x2f,0x31,0x1,0x0,
0x0,0x3d,0x32,0x1,0x0,0x0,0x18,0x6,
0x2,0x0,0x0,0x0,0x0,0x0,0x0,0x0,
0x44,0x0,0x0,0x0,0xd,0x0,0x0,0x0,
0x5f,0x0,0x0,0x0,0x0,0x0,0x0,0x0,
0x38,0x0,0x0,0x0,0x0,0x0,0x0,0x0,
0x38,0x0,0x0,0x0,0x0,0x0,0x1,0x0,
0xff,0xff,0xff,0xff,0x7,0x0,0x0,0x0,
0xc8,0x2,0xd0,0x0,0x0,0x0,0x0,0x0,
0x0,0x0,0x7,0x0,0x0,0x0,0x0,0x0,
0x0,0x0,0x0,0x0,0xc8,0x2,0x0,0x0,
0x1,0x0,0x0,0x0,0x2f,0x33,0x1,0x0,
0x0,0x3d,0x34,0x1,0x0,0x0,0x18,0x6,
0x2,0x0,0x0,0x0,0x0,0x0,0x0,0x0,
0x44,0x0,0x0,0x0,0xd,0x0,0x0,0x0,
0x65,0x0,0x0,0x0,0x0,0x0,0x0,0x0,
0x38,0x0,0x0,0x0,0x0,0x0,0x0,0x0,
0x38,0x0,0x0,0x0,0x0,0x0,0x1,0x0,
0xff,0xff,0xff,0xff,0x7,0x0,0x0,0x0,
0xcb,0x2,0xd0,0x0,0x0,0x0,0x0,0x0,
0x0,0x0,0x7,0x0,0x0,0x0,0x0,0x0,
0x0,0x0,0x0,0x0,0xcb,0x2,0x0,0x0,
0x1,0x0,0x0,0x0,0x2f,0x35,0x1,0x0,
0x0,0x3d,0x36,0x1,0x0,0x0,0x18,0x6,
0x2,0x0,0x0,0x0,0x0,0x0,0x0,0x0,
0x44,0x0,0x0,0x0,0xd,0x0,0x0,0x0,
0x69,0x0,0x0,0x0,0x0,0x0,0x0,0x0,
0x38,0x0,0x0,0x0,0x0,0x0,0x0,0x0,
0x38,0x0,0x0,0x0,0x0,0x0,0x1,0x0,
0xff,0xff,0xff,0xff,0x7,0x0,0x0,0x0,
0xcd,0x2,0xd0,0x0,0x0,0x0,0x0,0x0,
0x0,0x0,0x7,0x0,0x0,0x0,0x0,0x0,
0x0,0x0,0x0,0x0,0xcd,0x2,0x0,0x0,
0x1,0x0,0x0,0x0,0x2f,0x37,0x1,0x0,
0x0,0x3d,0x38,0x1,0x0,0x0,0x18,0x6,
0x2,0x0,0x0,0x0,0x0,0x0,0x0,0x0,
0x44,0x0,0x0,0x0,0xd,0x0,0x0,0x0,
0x3d,0x0,0x0,0x0,0x0,0x0,0x0,0x0,
0x38,0x0,0x0,0x0,0x0,0x0,0x0,0x0,
0x38,0x0,0x0,0x0,0x0,0x0,0x1,0x0,
0xff,0xff,0xff,0xff,0x7,0x0,0x0,0x0,
0xc1,0x2,0xd0,0x0,0x0,0x0,0x0,0x0,
0x0,0x0,0x7,0x0,0x0,0x0,0x0,0x0,
0x0,0x0,0x0,0x0,0xc1,0x2,0x0,0x0,
0x1,0x0,0x0,0x0,0x2f,0x39,0x1,0x0,
0x0,0x3d,0x3a,0x1,0x0,0x0,0x18,0x6,
0x2,0x0,0x0,0x0,0x0,0x0,0x0,0x0,
0x44,0x0,0x0,0x0,0xd,0x0,0x0,0x0,
0x59,0x0,0x0,0x0,0x0,0x0,0x0,0x0,
0x38,0x0,0x0,0x0,0x0,0x0,0x0,0x0,
0x38,0x0,0x0,0x0,0x0,0x0,0x1,0x0,
0xff,0xff,0xff,0xff,0x7,0x0,0x0,0x0,
0xc2,0x2,0xd0,0x0,0x0,0x0,0x0,0x0,
0x0,0x0,0x7,0x0,0x0,0x0,0x0,0x0,
0x0,0x0,0x0,0x0,0xc2,0x2,0x0,0x0,
0x1,0x0,0x0,0x0,0x2f,0x3b,0x1,0x0,
0x0,0x3d,0x3c,0x1,0x0,0x0,0x18,0x6,
0x2,0x0,0x0,0x0,0x0,0x0,0x0,0x0,
0x44,0x0,0x0,0x0,0xd,0x0,0x0,0x0,
0x61,0x0,0x0,0x0,0x0,0x0,0x0,0x0,
0x38,0x0,0x0,0x0,0x0,0x0,0x0,0x0,
0x38,0x0,0x0,0x0,0x0,0x0,0x1,0x0,
0xff,0xff,0xff,0xff,0x7,0x0,0x0,0x0,
0xc9,0x2,0xd0,0x0,0x0,0x0,0x0,0x0,
0x0,0x0,0x7,0x0,0x0,0x0,0x0,0x0,
0x0,0x0,0x0,0x0,0xc9,0x2,0x0,0x0,
0x1,0x0,0x0,0x0,0x2f,0x3d,0x1,0x0,
0x0,0x3d,0x3e,0x1,0x0,0x0,0x18,0x6,
0x2,0x0,0x0,0x0,0x0,0x0,0x0,0x0,
0x44,0x0,0x0,0x0,0xd,0x0,0x0,0x0,
0x67,0x0,0x0,0x0,0x0,0x0,0x0,0x0,
0x38,0x0,0x0,0x0,0x0,0x0,0x0,0x0,
0x38,0x0,0x0,0x0,0x0,0x0,0x1,0x0,
0xff,0xff,0xff,0xff,0x7,0x0,0x0,0x0,
0xcc,0x2,0xd0,0x0,0x0,0x0,0x0,0x0,
0x0,0x0,0x7,0x0,0x0,0x0,0x0,0x0,
0x0,0x0,0x0,0x0,0xcc,0x2,0x0,0x0,
0x1,0x0,0x0,0x0,0x2f,0x3f,0x1,0x0,
0x0,0x3d,0x40,0x1,0x0,0x0,0x18,0x6,
0x2,0x0,0x0,0x0,0x0,0x0,0x0,0x0,
0x44,0x0,0x0,0x0,0xd,0x0,0x0,0x0,
0x6c,0x0,0x0,0x0,0x0,0x0,0x0,0x0,
0x38,0x0,0x0,0x0,0x0,0x0,0x0,0x0,
0x38,0x0,0x0,0x0,0x0,0x0,0x1,0x0,
0xff,0xff,0xff,0xff,0x7,0x0,0x0,0x0,
0xcf,0x2,0xd0,0x0,0x0,0x0,0x0,0x0,
0x0,0x0,0x7,0x0,0x0,0x0,0x0,0x0,
0x0,0x0,0x0,0x0,0xcf,0x2,0x0,0x0,
0x1,0x0,0x0,0x0,0x2f,0x41,0x1,0x0,
0x0,0x3d,0x42,0x1,0x0,0x0,0x18,0x6,
0x2,0x0,0x0,0x0,0x0,0x0,0x0,0x0,
0x44,0x0,0x0,0x0,0xd,0x0,0x0,0x0,
0x20,0x0,0x0,0x0,0x0,0x0,0x0,0x0,
0x38,0x0,0x0,0x0,0x0,0x0,0x0,0x0,
0x38,0x0,0x0,0x0,0x0,0x0,0x1,0x0,
0xff,0xff,0xff,0xff,0x7,0x0,0x0,0x0,
0xe0,0x2,0xd0,0x0,0x0,0x0,0x0,0x0,
0x0,0x0,0x7,0x0,0x0,0x0,0x0,0x0,
0x0,0x0,0x0,0x0,0xe0,0x2,0x0,0x0,
0x1,0x0,0x0,0x0,0x2f,0x43,0x1,0x0,
0x0,0x3d,0x44,0x1,0x0,0x0,0x18,0x6,
0x2,0x0,0x0,0x0,0x0,0x0,0x0,0x0,
0x44,0x0,0x0,0x0,0xd,0x0,0x0,0x0,
0x71,0x0,0x0,0x0,0x0,0x0,0x0,0x0,
0x38,0x0,0x0,0x0,0x0,0x0,0x0,0x0,
0x38,0x0,0x0,0x0,0x0,0x0,0x1,0x0,
0xff,0xff,0xff,0xff,0x7,0x0,0x0,0x0,
0xda,0x2,0xd0,0x0,0x0,0x0,0x0,0x0,
0x0,0x0,0x7,0x0,0x0,0x0,0x0,0x0,
0x0,0x0,0x0,0x0,0xda,0x2,0x0,0x0,
0x1,0x0,0x0,0x0,0x2f,0x45,0x1,0x0,
0x0,0x3d,0x46,0x1,0x0,0x0,0x18,0x6,
0x2,0x0,0x0,0x0,0x0,0x0,0x0,0x0,
0x44,0x0,0x0,0x0,0xd,0x0,0x0,0x0,
0x3b,0x0,0x0,0x0,0x0,0x0,0x0,0x0,
0x38,0x0,0x0,0x0,0x0,0x0,0x0,0x0,
0x38,0x0,0x0,0x0,0x0,0x0,0x1,0x0,
0xff,0xff,0xff,0xff,0x7,0x0,0x0,0x0,
0xdb,0x2,0xd0,0x0,0x0,0x0,0x0,0x0,
0x0,0x0,0x7,0x0,0x0,0x0,0x0,0x0,
0x0,0x0,0x0,0x0,0xdb,0x2,0x0,0x0,
0x1,0x0,0x0,0x0,0x2f,0x47,0x1,0x0,
0x0,0x3d,0x48,0x1,0x0,0x0,0x18,0x6,
0x2,0x0,0x0,0x0,0x0,0x0,0x0,0x0,
0x44,0x0,0x0,0x0,0xd,0x0,0x0,0x0,
0x3d,0x0,0x0,0x0,0x0,0x0,0x0,0x0,
0x38,0x0,0x0,0x0,0x0,0x0,0x0,0x0,
0x38,0x0,0x0,0x0,0x0,0x0,0x1,0x0,
0xff,0xff,0xff,0xff,0x7,0x0,0x0,0x0,
0xea,0x2,0xd0,0x0,0x0,0x0,0x0,0x0,
0x0,0x0,0x7,0x0,0x0,0x0,0x0,0x0,
0x0,0x0,0x0,0x0,0xea,0x2,0x0,0x0,
0x1,0x0,0x0,0x0,0x2f,0x49,0x1,0x0,
0x0,0x3d,0x4a,0x1,0x0,0x0,0x18,0x6,
0x2,0x0,0x0,0x0,0x0,0x0,0x0,0x0,
0x44,0x0,0x0,0x0,0xd,0x0,0x0,0x0,
0x3b,0x0,0x0,0x0,0x0,0x0,0x0,0x0,
0x38,0x0,0x0,0x0,0x0,0x0,0x0,0x0,
0x38,0x0,0x0,0x0,0x0,0x0,0x1,0x0,
0xff,0xff,0xff,0xff,0x7,0x0,0x0,0x0,
0xeb,0x2,0xd0,0x0,0x0,0x0,0x0,0x0,
0x0,0x0,0x7,0x0,0x0,0x0,0x0,0x0,
0x0,0x0,0x0,0x0,0xeb,0x2,0x0,0x0,
0x1,0x0,0x0,0x0,0x2f,0x4b,0x1,0x0,
0x0,0x3d,0x4c,0x1,0x0,0x0,0x18,0x6,
0x2,0x0,0x0,0x0,0x0,0x0,0x0,0x0,
0x44,0x0,0x0,0x0,0x8,0x0,0x0,0x0,
0x1c,0x0,0x0,0x0,0x0,0x0,0x0,0x0,
0x38,0x0,0x0,0x0,0x0,0x0,0x0,0x0,
0x38,0x0,0x0,0x0,0x0,0x0,0x1,0x0,
0xff,0xff,0xff,0xff,0x7,0x0,0x0,0x0,
0xf3,0x2,0xd0,0x0,0x0,0x0,0x0,0x0,
0x0,0x0,0x7,0x0,0x0,0x0,0x0,0x0,
0x0,0x0,0x0,0x0,0xf3,0x2,0x0,0x0,
0x1,0x0,0x0,0x0,0x2f,0x4d,0x1,0x0,
0x0,0x18,0x6,0x2,0x0,0x0,0x0,0x0,
0x44,0x0,0x0,0x0,0x8,0x0,0x0,0x0,
0x1c,0x0,0x0,0x0,0x0,0x0,0x0,0x0,
0x38,0x0,0x0,0x0,0x0,0x0,0x0,0x0,
0x38,0x0,0x0,0x0,0x0,0x0,0x1,0x0,
0xff,0xff,0xff,0xff,0x7,0x0,0x0,0x0,
0xf6,0x2,0x10,0x1,0x0,0x0,0x0,0x0,
0x0,0x0,0x7,0x0,0x0,0x0,0x0,0x0,
0x0,0x0,0x0,0x0,0xf6,0x2,0x0,0x0,
0x1,0x0,0x0,0x0,0x2f,0x4e,0x1,0x0,
0x0,0x18,0x6,0x2,0x0,0x0,0x0,0x0,
0x44,0x0,0x0,0x0,0x8,0x0,0x0,0x0,
0x14,0x0,0x0,0x0,0x0,0x0,0x0,0x0,
0x38,0x0,0x0,0x0,0x0,0x0,0x0,0x0,
0x38,0x0,0x0,0x0,0x0,0x0,0x1,0x0,
0xff,0xff,0xff,0xff,0x7,0x0,0x0,0x0,
0x3,0x3,0x90,0x1,0x0,0x0,0x0,0x0,
0x0,0x0,0x7,0x0,0x0,0x0,0x0,0x0,
0x0,0x0,0x0,0x0,0x3,0x3,0x0,0x0,
0x1,0x0,0x0,0x0,0x2f,0x4f,0x1,0x0,
0x0,0x18,0x6,0x2,0x0,0x0,0x0,0x0,
0x44,0x0,0x0,0x0,0xd,0x0,0x0,0x0,
0xc4,0x0,0x0,0x0,0x0,0x0,0x0,0x0,
0x38,0x0,0x0,0x0,0x0,0x0,0x0,0x0,
0x38,0x0,0x0,0x0,0x0,0x0,0x1,0x0,
0xff,0xff,0xff,0xff,0x7,0x0,0x0,0x0,
0x9,0x3,0xd0,0x1,0x0,0x0,0x0,0x0,
0x0,0x0,0x7,0x0,0x0,0x0,0x0,0x0,
0x0,0x0,0x0,0x0,0x9,0x3,0x0,0x0,
0x1,0x0,0x0,0x0,0x2f,0x50,0x1,0x0,
0x0,0x3d,0x51,0x1,0x0,0x0,0x18,0x6,
0x2,0x0,0x0,0x0,0x0,0x0,0x0,0x0,
0x44,0x0,0x0,0x0,0x1b,0x0,0x0,0x0,
0x7c,0x0,0x0,0x0,0x0,0x0,0x0,0x0,
0x38,0x0,0x0,0x0,0x0,0x0,0x0,0x0,
0x38,0x0,0x0,0x0,0x0,0x0,0x1,0x0,
0xff,0xff,0xff,0xff,0x7,0x0,0x0,0x0,
0xa,0x3,0xd0,0x1,0x0,0x0,0x0,0x0,
0x0,0x0,0x7,0x0,0x0,0x0,0x0,0x0,
0x0,0x0,0x0,0x0,0xa,0x3,0x0,0x0,
0x1,0x0,0x0,0x0,0x2f,0x52,0x1,0x0,
0x0,0x3d,0x53,0x1,0x0,0x0,0x50,0x7,
0x13,0xac,0x0,0x0,0x0,0x4c,0x5,0x13,
0xbe,0x0,0x0,0x0,0x18,0x6,0x2,0x0,
0x0,0x0,0x0,0x0,0x0,0x0,0x0,0x0,
0x44,0x0,0x0,0x0,0x18,0x0,0x0,0x0,
0x7c,0x0,0x0,0x0,0x0,0x0,0x0,0x0,
0x38,0x0,0x0,0x0,0x0,0x0,0x0,0x0,
0x38,0x0,0x0,0x0,0x0,0x0,0x1,0x0,
0xff,0xff,0xff,0xff,0x7,0x0,0x0,0x0,
0x10,0x3,0x10,0x2,0x0,0x0,0x0,0x0,
0x0,0x0,0x7,0x0,0x0,0x0,0x0,0x0,
0x0,0x0,0x0,0x0,0x10,0x3,0x0,0x0,
0x1,0x0,0x0,0x0,0x2f,0x54,0x1,0x0,
0x0,0x3d,0x55,0x1,0x0,0x0,0x50,0x4,
0x12,0x7e,0x4c,0x5,0x13,0xa1,0x0,0x0,
0x0,0x18,0x6,0x2,0x0,0x0,0x0,0x0,
0x44,0x0,0x0,0x0,0x8,0x0,0x0,0x0,
0x1c,0x0,0x0,0x0,0x0,0x0,0x0,0x0,
0x38,0x0,0x0,0x0,0x0,0x0,0x0,0x0,
0x38,0x0,0x0,0x0,0x0,0x0,0x1,0x0,
0xff,0xff,0xff,0xff,0x7,0x0,0x0,0x0,
0x11,0x3,0x10,0x2,0x0,0x0,0x0,0x0,
0x0,0x0,0x7,0x0,0x0,0x0,0x0,0x0,
0x0,0x0,0x0,0x0,0x11,0x3,0x0,0x0,
0x1,0x0,0x0,0x0,0x2f,0x56,0x1,0x0,
0x0,0x18,0x6,0x2,0x0,0x0,0x0,0x0,
0x74,0x0,0x0,0x0,0x3d,0x0,0x0,0x0,
0x81,0x0,0x0,0x0,0x0,0x0,0x0,0x0,
0x38,0x0,0x0,0x0,0x0,0x0,0x0,0x0,
0x38,0x0,0x0,0x0,0x0,0x0,0x5,0x0,
0xff,0xff,0xff,0xff,0x9,0x0,0x0,0x0,
0x16,0x3,0x10,0x2,0x0,0x0,0x0,0x0,
0x0,0x0,0x7,0x0,0x0,0x0,0x0,0x0,
0x0,0x0,0x0,0x0,0x16,0x3,0x0,0x0,
0x0,0x0,0x0,0x0,0x1,0x0,0x0,0x0,
0x17,0x3,0x0,0x0,0x3,0x0,0x0,0x0,
0x12,0x0,0x0,0x0,0x18,0x3,0x0,0x0,
0x5,0x0,0x0,0x0,0x23,0x0,0x0,0x0,
0x19,0x3,0x0,0x0,0x6,0x0,0x0,0x0,
0x39,0x0,0x0,0x0,0x1a,0x3,0x0,0x0,
0x6,0x0,0x0,0x0,0xca,0x2f,0x57,0x1,
0x0,0x0,0x18,0x7,0x8,0x43,0x58,0x1,
0x0,0x0,0x7,0x0,0x0,0x0,0x2f,0x59,
0x1,0x0,0x0,0x18,0x7,0xa,0x43,0x5a,
0x1,0x0,0x0,0x7,0x0,0x0,0x0,0x2f,
0x5b,0x1,0x0,0x0,0x18,0x7,0x8,0x18,
0x8,0x43,0x5c,0x1,0x0,0x0,0x7,0x0,
0x0,0x0,0x1a,0x8,0x6,0xd4,0x16,0x6,
0x2,0x0,0x0,0x0,0x0,0x0,0x0,0x0,
0x44,0x0,0x0,0x0,0x8,0x0,0x0,0x0,
0x14,0x0,0x0,0x0,0x0,0x0,0x0,0x0,
0x38,0x0,0x0,0x0,0x0,0x0,0x0,0x0,
0x38,0x0,0x0,0x0,0x0,0x0,0x1,0x0,
0xff,0xff,0xff,0xff,0x7,0x0,0x0,0x0,
0x15,0x3,0x10,0x2,0x0,0x0,0x0,0x0,
0x0,0x0,0x7,0x0,0x0,0x0,0x0,0x0,
0x0,0x0,0x0,0x0,0x15,0x3,0x0,0x0,
0x1,0x0,0x0,0x0,0x2f,0x5d,0x1,0x0,
0x0,0x18,0x6,0x2,0x0,0x0,0x0,0x0,
0x44,0x0,0x0,0x0,0xd,0x0,0x0,0x0,
0xc4,0x0,0x0,0x0,0x0,0x0,0x0,0x0,
0x38,0x0,0x0,0x0,0x0,0x0,0x0,0x0,
0x38,0x0,0x0,0x0,0x0,0x0,0x1,0x0,
0xff,0xff,0xff,0xff,0x7,0x0,0x0,0x0,
0x21,0x3,0xd0,0x1,0x0,0x0,0x0,0x0,
0x0,0x0,0x7,0x0,0x0,0x0,0x0,0x0,
0x0,0x0,0x0,0x0,0x21,0x3,0x0,0x0,
0x1,0x0,0x0,0x0,0x2f,0x5e,0x1,0x0,
0x0,0x3d,0x5f,0x1,0x0,0x0,0x18,0x6,
0x2,0x0,0x0,0x0,0x0,0x0,0x0,0x0,
0x44,0x0,0x0,0x0,0x1b,0x0,0x0,0x0,
0x7c,0x0,0x0,0x0,0x0,0x0,0x0,0x0,
0x38,0x0,0x0,0x0,0x0,0x0,0x0,0x0,
0x38,0x0,0x0,0x0,0x0,0x0,0x1,0x0,
0xff,0xff,0xff,0xff,0x7,0x0,0x0,0x0,
0x22,0x3,0xd0,0x1,0x0,0x0,0x0,0x0,
0x0,0x0,0x7,0x0,0x0,0x0,0x0,0x0,
0x0,0x0,0x0,0x0,0x22,0x3,0x0,0x0,
0x1,0x0,0x0,0x0,0x2f,0x60,0x1,0x0,
0x0,0x3d,0x61,0x1,0x0,0x0,0x50,0x7,
0x13,0xbe,0x0,0x0,0x0,0x4c,0x5,0x13,
0xac,0x0,0x0,0x0,0x18,0x6,0x2,0x0,
0x0,0x0,0x0,0x0,0x0,0x0,0x0,0x0,
0x44,0x0,0x0,0x0,0x18,0x0,0x0,0x0,
0x7c,0x0,0x0,0x0,0x0,0x0,0x0,0x0,
0x38,0x0,0x0,0x0,0x0,0x0,0x0,0x0,
0x38,0x0,0x0,0x0,0x0,0x0,0x1,0x0,
0xff,0xff,0xff,0xff,0x7,0x0,0x0,0x0,
0x28,0x3,0x10,0x2,0x0,0x0,0x0,0x0,
0x0,0x0,0x7,0x0,0x0,0x0,0x0,0x0,
0x0,0x0,0x0,0x0,0x28,0x3,0x0,0x0,
0x1,0x0,0x0,0x0,0x2f,0x62,0x1,0x0,
0x0,0x3d,0x63,0x1,0x0,0x0,0x50,0x7,
0x13,0xa1,0x0,0x0,0x0,0x4c,0x2,0x12,
0x7e,0x18,0x6,0x2,0x0,0x0,0x0,0x0,
0x44,0x0,0x0,0x0,0x8,0x0,0x0,0x0,
0x1c,0x0,0x0,0x0,0x0,0x0,0x0,0x0,
0x38,0x0,0x0,0x0,0x0,0x0,0x0,0x0,
0x38,0x0,0x0,0x0,0x0,0x0,0x1,0x0,
0xff,0xff,0xff,0xff,0x7,0x0,0x0,0x0,
0x29,0x3,0x10,0x2,0x0,0x0,0x0,0x0,
0x0,0x0,0x7,0x0,0x0,0x0,0x0,0x0,
0x0,0x0,0x0,0x0,0x29,0x3,0x0,0x0,
0x1,0x0,0x0,0x0,0x2f,0x64,0x1,0x0,
0x0,0x18,0x6,0x2,0x0,0x0,0x0,0x0,
0x74,0x0,0x0,0x0,0x3d,0x0,0x0,0x0,
0x81,0x0,0x0,0x0,0x0,0x0,0x0,0x0,
0x38,0x0,0x0,0x0,0x0,0x0,0x0,0x0,
0x38,0x0,0x0,0x0,0x0,0x0,0x5,0x0,
0xff,0xff,0xff,0xff,0x9,0x0,0x0,0x0,
0x2e,0x3,0x10,0x2,0x0,0x0,0x0,0x0,
0x0,0x0,0x7,0x0,0x0,0x0,0x0,0x0,
0x0,0x0,0x0,0x0,0x2e,0x3,0x0,0x0,
0x0,0x0,0x0,0x0,0x1,0x0,0x0,0x0,
0x2f,0x3,0x0,0x0,0x3,0x0,0x0,0x0,
0x12,0x0,0x0,0x0,0x30,0x3,0x0,0x0,
0x5,0x0,0x0,0x0,0x23,0x0,0x0,0x0,
0x31,0x3,0x0,0x0,0x6,0x0,0x0,0x0,
0x39,0x0,0x0,0x0,0x32,0x3,0x0,0x0,
0x6,0x0,0x0,0x0,0xca,0x2f,0x65,0x1,
0x0,0x0,0x18,0x7,0xa,0x43,0x66,0x1,
0x0,0x0,0x7,0x0,0x0,0x0,0x2f,0x67,
0x1,0x0,0x0,0x18,0x7,0xa,0x43,0x68,
0x1,0x0,0x0,0x7,0x0,0x0,0x0,0x2f,
0x69,0x1,0x0,0x0,0x18,0x7,0x8,0x18,
0x8,0x43,0x6a,0x1,0x0,0x0,0x7,0x0,
0x0,0x0,0x1a,0x8,0x6,0xd4,0x16,0x6,
0x2,0x0,0x0,0x0,0x0,0x0,0x0,0x0,
0x44,0x0,0x0,0x0,0x8,0x0,0x0,0x0,
0x14,0x0,0x0,0x0,0x0,0x0,0x0,0x0,
0x38,0x0,0x0,0x0,0x0,0x0,0x0,0x0,
0x38,0x0,0x0,0x0,0x0,0x0,0x1,0x0,
0xff,0xff,0xff,0xff,0x7,0x0,0x0,0x0,
0x2d,0x3,0x10,0x2,0x0,0x0,0x0,0x0,
0x0,0x0,0x7,0x0,0x0,0x0,0x0,0x0,
0x0,0x0,0x0,0x0,0x2d,0x3,0x0,0x0,
0x1,0x0,0x0,0x0,0x2f,0x6b,0x1,0x0,
0x0,0x18,0x6,0x2,0x0,0x0,0x0,0x0,
0x44,0x0,0x0,0x0,0xd,0x0,0x0,0x0,
0xb9,0x0,0x0,0x0,0x0,0x0,0x0,0x0,
0x38,0x0,0x0,0x0,0x0,0x0,0x0,0x0,
0x38,0x0,0x0,0x0,0x0,0x0,0x1,0x0,
0xff,0xff,0xff,0xff,0x7,0x0,0x0,0x0,
0x46,0x3,0xd0,0x0,0x0,0x0,0x0,0x0,
0x0,0x0,0x7,0x0,0x0,0x0,0x0,0x0,
0x0,0x0,0x0,0x0,0x46,0x3,0x0,0x0,
0x1,0x0,0x0,0x0,0x2f,0x6c,0x1,0x0,
0x0,0x3d,0x6d,0x1,0x0,0x0,0x18,0x6,
0x2,0x0,0x0,0x0,0x0,0x0,0x0,0x0,
0x8c,0x0,0x0,0x0,0x6c,0x0,0x0,0x0,
0x81,0x0,0x0,0x0,0x0,0x0,0x0,0x0,
0x38,0x0,0x0,0x0,0x0,0x0,0x0,0x0,
0x38,0x0,0x0,0x0,0x0,0x0,0x7,0x0,
0xff,0xff,0xff,0xff,0xb,0x0,0x0,0x0,
0x57,0x3,0xd0,0x0,0x0,0x0,0x0,0x0,
0x0,0x0,0x7,0x0,0x0,0x0,0x0,0x0,
0x0,0x0,0x0,0x0,0x57,0x3,0x0,0x0,
0x0,0x0,0x0,0x0,0x1,0x0,0x0,0x0,
0x58,0x3,0x0,0x0,0x3,0x0,0x0,0x0,
0x12,0x0,0x0,0x0,0x59,0x3,0x0,0x0,
0x5,0x0,0x0,0x0,0x23,0x0,0x0,0x0,
0x5a,0x3,0x0,0x0,0x7,0x0,0x0,0x0,
0x35,0x0,0x0,0x0,0x5b,0x3,0x0,0x0,
0x9,0x0,0x0,0x0,0x47,0x0,0x0,0x0,
0x5c,0x3,0x0,0x0,0xa,0x0,0x0,0x0,
0x68,0x0,0x0,0x0,0x5d,0x3,0x0,0x0,
0xa,0x0,0x0,0x0,0xca,0x2f,0x6e,0x1,
0x0,0x0,0x18,0x7,0xa,0x43,0x6f,0x1,
0x0,0x0,0x7,0x0,0x0,0x0,0x2f,0x70,
0x1,0x0,0x0,0x18,0x7,0x8,0x43,0x71,
0x1,0x0,0x0,0x7,0x0,0x0,0x0,0x2f,
0x72,0x1,0x0,0x0,0x18,0x7,0x12,0x0,
0x43,0x73,0x1,0x0,0x0,0x7,0x0,0x0,
0x0,0x2f,0x74,0x1,0x0,0x0,0x18,0x7,
0x12,0x0,0x43,0x75,0x1,0x0,0x0,0x7,
0x0,0x0,0x0,0x2f,0x76,0x1,0x0,0x0,
0x18,0x7,0x13,0x88,0x1,0x0,0x0,0x18,
0xa,0xad,0x77,0x1,0x0,0x0,0x7,0x0,
0x0,0x0,0x1,0x0,0x0,0x0,0xa,0x0,
0x0,0x0,0x18,0x6,0xd4,0x16,0x6,0x2,
0x0,0x0,0x0,0x0,0x0,0x0,0x0,0x0,
0x44,0x0,0x0,0x0,0xd,0x0,0x0,0x0,
0x71,0x0,0x0,0x0,0x0,0x0,0x0,0x0,
0x38,0x0,0x0,0x0,0x0,0x0,0x0,0x0,
0x38,0x0,0x0,0x0,0x0,0x0,0x1,0x0,
0xff,0xff,0xff,0xff,0x7,0x0,0x0,0x0,
0x3f,0x3,0xd0,0x0,0x0,0x0,0x0,0x0,
0x0,0x0,0x7,0x0,0x0,0x0,0x0,0x0,
0x0,0x0,0x0,0x0,0x3f,0x3,0x0,0x0,
0x1,0x0,0x0,0x0,0x2f,0x78,0x1,0x0,
0x0,0x3d,0x79,0x1,0x0,0x0,0x18,0x6,
0x2,0x0,0x0,0x0,0x0,0x0,0x0,0x0,
0x44,0x0,0x0,0x0,0xd,0x0,0x0,0x0,
0x59,0x0,0x0,0x0,0x0,0x0,0x0,0x0,
0x38,0x0,0x0,0x0,0x0,0x0,0x0,0x0,
0x38,0x0,0x0,0x0,0x0,0x0,0x1,0x0,
0xff,0xff,0xff,0xff,0x7,0x0,0x0,0x0,
0x40,0x3,0xd0,0x0,0x0,0x0,0x0,0x0,
0x0,0x0,0x7,0x0,0x0,0x0,0x0,0x0,
0x0,0x0,0x0,0x0,0x40,0x3,0x0,0x0,
0x1,0x0,0x0,0x0,0x2f,0x7a,0x1,0x0,
0x0,0x3d,0x7b,0x1,0x0,0x0,0x18,0x6,
0x2,0x0,0x0,0x0,0x0,0x0,0x0,0x0,
0x44,0x0,0x0,0x0,0xd,0x0,0x0,0x0,
0x4a,0x0,0x0,0x0,0x0,0x0,0x0,0x0,
0x38,0x0,0x0,0x0,0x0,0x0,0x0,0x0,
0x38,0x0,0x0,0x0,0x0,0x0,0x1,0x0,
0xff,0xff,0xff,0xff,0x7,0x0,0x0,0x0,
0x4e,0x3,0x10,0x1,0x0,0x0,0x0,0x0,
0x0,0x0,0x7,0x0,0x0,0x0,0x0,0x0,
0x0,0x0,0x0,0x0,0x4e,0x3,0x0,0x0,
0x1,0x0,0x0,0x0,0x2f,0x7c,0x1,0x0,
0x0,0x3d,0x7d,0x1,0x0,0x0,0x18,0x6,
0x2,0x0,0x0,0x0,0x0,0x0,0x0,0x0,
0x44,0x0,0x0,0x0,0xd,0x0,0x0,0x0,
0x5b,0x0,0x0,0x0,0x0,0x0,0x0,0x0,
0x38,0x0,0x0,0x0,0x0,0x0,0x0,0x0,
0x38,0x0,0x0,0x0,0x0,0x0,0x1,0x0,
0xff,0xff,0xff,0xff,0x7,0x0,0x0,0x0,
0x50,0x3,0x10,0x1,0x0,0x0,0x0,0x0,
0x0,0x0,0x7,0x0,0x0,0x0,0x0,0x0,
0x0,0x0,0x0,0x0,0x50,0x3,0x0,0x0,
0x1,0x0,0x0,0x0,0x2f,0x7e,0x1,0x0,
0x0,0x3d,0x7f,0x1,0x0,0x0,0x18,0x6,
0x2,0x0,0x0,0x0,0x0,0x0,0x0,0x0,
0x44,0x0,0x0,0x0,0xd,0x0,0x0,0x0,
0x5d,0x0,0x0,0x0,0x0,0x0,0x0,0x0,
0x38,0x0,0x0,0x0,0x0,0x0,0x0,0x0,
0x38,0x0,0x0,0x0,0x0,0x0,0x1,0x0,
0xff,0xff,0xff,0xff,0x7,0x0,0x0,0x0,
0x51,0x3,0x10,0x1,0x0,0x0,0x0,0x0,
0x0,0x0,0x7,0x0,0x0,0x0,0x0,0x0,
0x0,0x0,0x0,0x0,0x51,0x3,0x0,0x0,
0x1,0x0,0x0,0x0,0x2f,0x80,0x1,0x0,
0x0,0x3d,0x81,0x1,0x0,0x0,0x18,0x6,
0x2,0x0,0x0,0x0,0x0,0x0,0x0,0x0,
0x44,0x0,0x0,0x0,0x8,0x0,0x0,0x0,
0x1c,0x0,0x0,0x0,0x0,0x0,0x0,0x0,
0x38,0x0,0x0,0x0,0x0,0x0,0x0,0x0,
0x38,0x0,0x0,0x0,0x0,0x0,0x1,0x0,
0xff,0xff,0xff,0xff,0x7,0x0,0x0,0x0,
0x54,0x3,0x10,0x1,0x0,0x0,0x0,0x0,
0x0,0x0,0x7,0x0,0x0,0x0,0x0,0x0,
0x0,0x0,0x0,0x0,0x54,0x3,0x0,0x0,
0x1,0x0,0x0,0x0,0x2f,0x82,0x1,0x0,
0x0,0x18,0x6,0x2,0x0,0x0,0x0,0x0,
0x44,0x0,0x0,0x0,0x8,0x0,0x0,0x0,
0x14,0x0,0x0,0x0,0x0,0x0,0x0,0x0,
0x38,0x0,0x0,0x0,0x0,0x0,0x0,0x0,
0x38,0x0,0x0,0x0,0x0,0x0,0x1,0x0,
0xff,0xff,0xff,0xff,0x7,0x0,0x0,0x0,
0x64,0x3,0x90,0x0,0x0,0x0,0x0,0x0,
0x0,0x0,0x7,0x0,0x0,0x0,0x0,0x0,
0x0,0x0,0x0,0x0,0x64,0x3,0x0,0x0,
0x1,0x0,0x0,0x0,0x2f,0x83,0x1,0x0,
0x0,0x18,0x6,0x2,0x0,0x0,0x0,0x0,
0x44,0x0,0x0,0x0,0x2f,0x0,0x0,0x0,
0x41,0x0,0x0,0x0,0x0,0x0,0x0,0x0,
0x38,0x0,0x0,0x0,0x0,0x0,0x0,0x0,
0x38,0x0,0x0,0x0,0x0,0x0,0x1,0x0,
0xff,0xff,0xff,0xff,0xd,0x0,0x0,0x0,
0x6e,0x3,0xd0,0x0,0x0,0x0,0x0,0x0,
0x0,0x0,0x7,0x0,0x0,0x0,0x0,0x0,
0x0,0x0,0x0,0x0,0x6e,0x3,0x0,0x0,
0x1,0x0,0x0,0x0,0x2f,0x84,0x1,0x0,
0x0,0x18,0x7,0x2f,0x85,0x1,0x0,0x0,
0x18,0xc,0xb8,0xc,0x0,0x0,0x18,0xa,
0x13,0x6b,0x1,0x0,0x0,0x18,0xb,0xad,
0x86,0x1,0x0,0x0,0x7,0x0,0x0,0x0,
0x2,0x0,0x0,0x0,0xa,0x0,0x0,0x0,
0x18,0x6,0x2,0x0,0x0,0x0,0x0,0x0,
0x44,0x0,0x0,0x0,0x2f,0x0,0x0,0x0,
0x43,0x0,0x0,0x0,0x0,0x0,0x0,0x0,
0x38,0x0,0x0,0x0,0x0,0x0,0x0,0x0,
0x38,0x0,0x0,0x0,0x0,0x0,0x1,0x0,
0xff,0xff,0xff,0xff,0xd,0x0,0x0,0x0,
0x6f,0x3,0xd0,0x0,0x0,0x0,0x0,0x0,
0x0,0x0,0x7,0x0,0x0,0x0,0x0,0x0,
0x0,0x0,0x0,0x0,0x6f,0x3,0x0,0x0,
0x1,0x0,0x0,0x0,0x2f,0x87,0x1,0x0,
0x0,0x18,0x7,0x2f,0x88,0x1,0x0,0x0,
0x18,0xc,0xb8,0xc,0x0,0x0,0x18,0xa,
0x13,0x6d,0x1,0x0,0x0,0x18,0xb,0xad,
0x89,0x1,0x0,0x0,0x7,0x0,0x0,0x0,
0x2,0x0,0x0,0x0,0xa,0x0,0x0,0x0,
0x18,0x6,0x2,0x0,0x0,0x0,0x0,0x0,
0x44,0x0,0x0,0x0,0xd,0x0,0x0,0x0,
0x3b,0x0,0x0,0x0,0x0,0x0,0x0,0x0,
0x38,0x0,0x0,0x0,0x0,0x0,0x0,0x0,
0x38,0x0,0x0,0x0,0x0,0x0,0x1,0x0,
0xff,0xff,0xff,0xff,0x7,0x0,0x0,0x0,
0x69,0x3,0xd0,0x0,0x0,0x0,0x0,0x0,
0x0,0x0,0x7,0x0,0x0,0x0,0x0,0x0,
0x0,0x0,0x0,0x0,0x69,0x3,0x0,0x0,
0x1,0x0,0x0,0x0,0x2f,0x8a,0x1,0x0,
0x0,0x3d,0x8b,0x1,0x0,0x0,0x18,0x6,
0x2,0x0,0x0,0x0,0x0,0x0,0x0,0x0,
0x44,0x0,0x0,0x0,0xd,0x0,0x0,0x0,
0x3d,0x0,0x0,0x0,0x0,0x0,0x0,0x0,
0x38,0x0,0x0,0x0,0x0,0x0,0x0,0x0,
0x38,0x0,0x0,0x0,0x0,0x0,0x1,0x0,
0xff,0xff,0xff,0xff,0x7,0x0,0x0,0x0,
0x6a,0x3,0xd0,0x0,0x0,0x0,0x0,0x0,
0x0,0x0,0x7,0x0,0x0,0x0,0x0,0x0,
0x0,0x0,0x0,0x0,0x6a,0x3,0x0,0x0,
0x1,0x0,0x0,0x0,0x2f,0x8c,0x1,0x0,
0x0,0x3d,0x8d,0x1,0x0,0x0,0x18,0x6,
0x2,0x0,0x0,0x0,0x0,0x0,0x0,0x0,
0x68,0x0,0x0,0x0,0x82,0x0,0x0,0x0,
0x27,0x0,0x0,0x0,0x0,0x0,0x0,0x0,
0x38,0x0,0x0,0x0,0x0,0x0,0x0,0x0,
0x38,0x0,0x0,0x0,0x0,0x0,0x4,0x0,
0xff,0xff,0xff,0xff,0xe,0x0,0x0,0x0,
0x75,0x3,0x10,0x1,0x0,0x0,0x0,0x0,
0x0,0x0,0x7,0x0,0x0,0x0,0x0,0x0,
0x0,0x0,0x0,0x0,0x75,0x3,0x0,0x0,
0x0,0x0,0x0,0x0,0x1,0x0,0x0,0x0,
0x76,0x3,0x0,0x0,0x3,0x0,0x0,0x0,
0x3d,0x0,0x0,0x0,0x77,0x3,0x0,0x0,
0x4,0x0,0x0,0x0,0x7e,0x0,0x0,0x0,
0x78,0x3,0x0,0x0,0x4,0x0,0x0,0x0,
0xca,0x2f,0x8e,0x1,0x0,0x0,0x18,0x7,
0x2f,0x8f,0x1,0x0,0x0,0x18,0x8,0x2f,
0x90,0x1,0x0,0x0,0x18,0xd,0xb8,0xd,
0x0,0x0,0x18,0xb,0x13,0x6d,0x1,0x0,
0x0,0x18,0xc,0xad,0x91,0x1,0x0,0x0,
0x8,0x0,0x0,0x0,0x2,0x0,0x0,0x0,
0xb,0x0,0x0,0x0,0x43,0x92,0x1,0x0,
0x0,0x7,0x0,0x0,0x0,0x2f,0x93,0x1,
0x0,0x0,0x18,0x7,0x2f,0x94,0x1,0x0,
0x0,0x18,0x8,0x2f,0x95,0x1,0x0,0x0,
0x18,0xd,0xb8,0xd,0x0,0x0,0x18,0xb,
0x13,0x6b,0x1,0x0,0x0,0x18,0xc,0xad,
0x96,0x1,0x0,0x0,0x8,0x0,0x0,0x0,
0x2,0x0,0x0,0x0,0xb,0x0,0x0,0x0,
0x18,0x8,0x43,0x97,0x1,0x0,0x0,0x7,
0x0,0x0,0x0,0x1a,0x8,0x6,0xd4,0x16,
0x6,0x2,0x0,0x0,0x0,0x0,0x0,0x0,
0x0,0x0,0x0,0x0,0x0,0x0,0x0,0x0,
0x44,0x0,0x0,0x0,0x8,0x0,0x0,0x0,
0x1c,0x0,0x0,0x0,0x0,0x0,0x0,0x0,
0x38,0x0,0x0,0x0,0x0,0x0,0x0,0x0,
0x38,0x0,0x0,0x0,0x0,0x0,0x1,0x0,
0xff,0xff,0xff,0xff,0x7,0x0,0x0,0x0,
0x83,0x3,0x50,0x1,0x0,0x0,0x0,0x0,
0x0,0x0,0x7,0x0,0x0,0x0,0x0,0x0,
0x0,0x0,0x0,0x0,0x83,0x3,0x0,0x0,
0x1,0x0,0x0,0x0,0x2f,0x98,0x1,0x0,
0x0,0x18,0x6,0x2,0x0,0x0,0x0,0x0,
0x44,0x0,0x0,0x0,0xd,0x0,0x0,0x0,
0x4a,0x0,0x0,0x0,0x0,0x0,0x0,0x0,
0x38,0x0,0x0,0x0,0x0,0x0,0x0,0x0,
0x38,0x0,0x0,0x0,0x0,0x0,0x1,0x0,
0xff,0xff,0xff,0xff,0x7,0x0,0x0,0x0,
0x87,0x3,0x90,0x1,0x0,0x0,0x0,0x0,
0x0,0x0,0x7,0x0,0x0,0x0,0x0,0x0,
0x0,0x0,0x0,0x0,0x87,0x3,0x0,0x0,
0x1,0x0,0x0,0x0,0x2f,0x99,0x1,0x0,
0x0,0x3d,0x9a,0x1,0x0,0x0,0x18,0x6,
0x2,0x0,0x0,0x0,0x0,0x0,0x0,0x0,
0x44,0x0,0x0,0x0,0xd,0x0,0x0,0x0,
0x4a,0x0,0x0,0x0,0x0,0x0,0x0,0x0,
0x38,0x0,0x0,0x0,0x0,0x0,0x0,0x0,
0x38,0x0,0x0,0x0,0x0,0x0,0x1,0x0,
0xff,0xff,0xff,0xff,0x7,0x0,0x0,0x0,
0x8e,0x3,0x90,0x1,0x0,0x0,0x0,0x0,
0x0,0x0,0x7,0x0,0x0,0x0,0x0,0x0,
0x0,0x0,0x0,0x0,0x8e,0x3,0x0,0x0,
0x1,0x0,0x0,0x0,0x2f,0x9b,0x1,0x0,
0x0,0x3d,0x9c,0x1,0x0,0x0,0x18,0x6,
0x2,0x0,0x0,0x0,0x0,0x0,0x0,0x0,
0x44,0x0,0x0,0x0,0xd,0x0,0x0,0x0,
0x57,0x0,0x0,0x0,0x0,0x0,0x0,0x0,
0x38,0x0,0x0,0x0,0x0,0x0,0x0,0x0,
0x38,0x0,0x0,0x0,0x0,0x0,0x1,0x0,
0xff,0xff,0xff,0xff,0x7,0x0,0x0,0x0,
0x9e,0x3,0xd0,0x0,0x0,0x0,0x0,0x0,
0x0,0x0,0x7,0x0,0x0,0x0,0x0,0x0,
0x0,0x0,0x0,0x0,0x9e,0x3,0x0,0x0,
0x1,0x0,0x0,0x0,0x2f,0x9d,0x1,0x0,
0x0,0x3d,0x9e,0x1,0x0,0x0,0x18,0x6,
0x2,0x0,0x0,0x0,0x0,0x0,0x0,0x0,
0x44,0x0,0x0,0x0,0xd,0x0,0x0,0x0,
0x5b,0x0,0x0,0x0,0x0,0x0,0x0,0x0,
0x38,0x0,0x0,0x0,0x0,0x0,0x0,0x0,
0x38,0x0,0x0,0x0,0x0,0x0,0x1,0x0,
0xff,0xff,0xff,0xff,0x7,0x0,0x0,0x0,
0xa4,0x3,0xd0,0x0,0x0,0x0,0x0,0x0,
0x0,0x0,0x7,0x0,0x0,0x0,0x0,0x0,
0x0,0x0,0x0,0x0,0xa4,0x3,0x0,0x0,
0x1,0x0,0x0,0x0,0x2f,0x9f,0x1,0x0,
0x0,0x3d,0xa0,0x1,0x0,0x0,0x18,0x6,
0x2,0x0,0x0,0x0,0x0,0x0,0x0,0x0,
0x44,0x0,0x0,0x0,0xd,0x0,0x0,0x0,
0x5d,0x0,0x0,0x0,0x0,0x0,0x0,0x0,
0x38,0x0,0x0,0x0,0x0,0x0,0x0,0x0,
0x38,0x0,0x0,0x0,0x0,0x0,0x1,0x0,
0xff,0xff,0xff,0xff,0x7,0x0,0x0,0x0,
0xa5,0x3,0xd0,0x0,0x0,0x0,0x0,0x0,
0x0,0x0,0x7,0x0,0x0,0x0,0x0,0x0,
0x0,0x0,0x0,0x0,0xa5,0x3,0x0,0x0,
0x1,0x0,0x0,0x0,0x2f,0xa1,0x1,0x0,
0x0,0x3d,0xa2,0x1,0x0,0x0,0x18,0x6,
0x2,0x0,0x0,0x0,0x0,0x0,0x0,0x0,
0x44,0x0,0x0,0x0,0xd,0x0,0x0,0x0,
0x5f,0x0,0x0,0x0,0x0,0x0,0x0,0x0,
0x38,0x0,0x0,0x0,0x0,0x0,0x0,0x0,
0x38,0x0,0x0,0x0,0x0,0x0,0x1,0x0,
0xff,0xff,0xff,0xff,0x7,0x0,0x0,0x0,
0xa6,0x3,0xd0,0x0,0x0,0x0,0x0,0x0,
0x0,0x0,0x7,0x0,0x0,0x0,0x0,0x0,
0x0,0x0,0x0,0x0,0xa6,0x3,0x0,0x0,
0x1,0x0,0x0,0x0,0x2f,0xa3,0x1,0x0,
0x0,0x3d,0xa4,0x1,0x0,0x0,0x18,0x6,
0x2,0x0,0x0,0x0,0x0,0x0,0x0,0x0,
0x44,0x0,0x0,0x0,0xd,0x0,0x0,0x0,
0x65,0x0,0x0,0x0,0x0,0x0,0x0,0x0,
0x38,0x0,0x0,0x0,0x0,0x0,0x0,0x0,
0x38,0x0,0x0,0x0,0x0,0x0,0x1,0x0,
0xff,0xff,0xff,0xff,0x7,0x0,0x0,0x0,
0xa9,0x3,0xd0,0x0,0x0,0x0,0x0,0x0,
0x0,0x0,0x7,0x0,0x0,0x0,0x0,0x0,
0x0,0x0,0x0,0x0,0xa9,0x3,0x0,0x0,
0x1,0x0,0x0,0x0,0x2f,0xa5,0x1,0x0,
0x0,0x3d,0xa6,0x1,0x0,0x0,0x18,0x6,
0x2,0x0,0x0,0x0,0x0,0x0,0x0,0x0,
0x44,0x0,0x0,0x0,0xd,0x0,0x0,0x0,
0x69,0x0,0x0,0x0,0x0,0x0,0x0,0x0,
0x38,0x0,0x0,0x0,0x0,0x0,0x0,0x0,
0x38,0x0,0x0,0x0,0x0,0x0,0x1,0x0,
0xff,0xff,0xff,0xff,0x7,0x0,0x0,0x0,
0xab,0x3,0xd0,0x0,0x0,0x0,0x0,0x0,
0x0,0x0,0x7,0x0,0x0,0x0,0x0,0x0,
0x0,0x0,0x0,0x0,0xab,0x3,0x0,0x0,
0x1,0x0,0x0,0x0,0x2f,0xa7,0x1,0x0,
0x0,0x3d,0xa8,0x1,0x0,0x0,0x18,0x6,
0x2,0x0,0x0,0x0,0x0,0x0,0x0,0x0,
0x44,0x0,0x0,0x0,0xd,0x0,0x0,0x0,
0x3d,0x0,0x0,0x0,0x0,0x0,0x0,0x0,
0x38,0x0,0x0,0x0,0x0,0x0,0x0,0x0,
0x38,0x0,0x0,0x0,0x0,0x0,0x1,0x0,
0xff,0xff,0xff,0xff,0x7,0x0,0x0,0x0,
0x9f,0x3,0xd0,0x0,0x0,0x0,0x0,0x0,
0x0,0x0,0x7,0x0,0x0,0x0,0x0,0x0,
0x0,0x0,0x0,0x0,0x9f,0x3,0x0,0x0,
0x1,0x0,0x0,0x0,0x2f,0xa9,0x1,0x0,
0x0,0x3d,0xaa,0x1,0x0,0x0,0x18,0x6,
0x2,0x0,0x0,0x0,0x0,0x0,0x0,0x0,
0x44,0x0,0x0,0x0,0xd,0x0,0x0,0x0,
0x59,0x0,0x0,0x0,0x0,0x0,0x0,0x0,
0x38,0x0,0x0,0x0,0x0,0x0,0x0,0x0,
0x38,0x0,0x0,0x0,0x0,0x0,0x1,0x0,
0xff,0xff,0xff,0xff,0x7,0x0,0x0,0x0,
0xa0,0x3,0xd0,0x0,0x0,0x0,0x0,0x0,
0x0,0x0,0x7,0x0,0x0,0x0,0x0,0x0,
0x0,0x0,0x0,0x0,0xa0,0x3,0x0,0x0,
0x1,0x0,0x0,0x0,0x2f,0xab,0x1,0x0,
0x0,0x3d,0xac,0x1,0x0,0x0,0x18,0x6,
0x2,0x0,0x0,0x0,0x0,0x0,0x0,0x0,
0x44,0x0,0x0,0x0,0xd,0x0,0x0,0x0,
0x61,0x0,0x0,0x0,0x0,0x0,0x0,0x0,
0x38,0x0,0x0,0x0,0x0,0x0,0x0,0x0,
0x38,0x0,0x0,0x0,0x0,0x0,0x1,0x0,
0xff,0xff,0xff,0xff,0x7,0x0,0x0,0x0,
0xa7,0x3,0xd0,0x0,0x0,0x0,0x0,0x0,
0x0,0x0,0x7,0x0,0x0,0x0,0x0,0x0,
0x0,0x0,0x0,0x0,0xa7,0x3,0x0,0x0,
0x1,0x0,0x0,0x0,0x2f,0xad,0x1,0x0,
0x0,0x3d,0xae,0x1,0x0,0x0,0x18,0x6,
0x2,0x0,0x0,0x0,0x0,0x0,0x0,0x0,
0x44,0x0,0x0,0x0,0xd,0x0,0x0,0x0,
0x67,0x0,0x0,0x0,0x0,0x0,0x0,0x0,
0x38,0x0,0x0,0x0,0x0,0x0,0x0,0x0,
0x38,0x0,0x0,0x0,0x0,0x0,0x1,0x0,
0xff,0xff,0xff,0xff,0x7,0x0,0x0,0x0,
0xaa,0x3,0xd0,0x0,0x0,0x0,0x0,0x0,
0x0,0x0,0x7,0x0,0x0,0x0,0x0,0x0,
0x0,0x0,0x0,0x0,0xaa,0x3,0x0,0x0,
0x1,0x0,0x0,0x0,0x2f,0xaf,0x1,0x0,
0x0,0x3d,0xb0,0x1,0x0,0x0,0x18,0x6,
0x2,0x0,0x0,0x0,0x0,0x0,0x0,0x0,
0x44,0x0,0x0,0x0,0xd,0x0,0x0,0x0,
0x6c,0x0,0x0,0x0,0x0,0x0,0x0,0x0,
0x38,0x0,0x0,0x0,0x0,0x0,0x0,0x0,
0x38,0x0,0x0,0x0,0x0,0x0,0x1,0x0,
0xff,0xff,0xff,0xff,0x7,0x0,0x0,0x0,
0xad,0x3,0xd0,0x0,0x0,0x0,0x0,0x0,
0x0,0x0,0x7,0x0,0x0,0x0,0x0,0x0,
0x0,0x0,0x0,0x0,0xad,0x3,0x0,0x0,
0x1,0x0,0x0,0x0,0x2f,0xb1,0x1,0x0,
0x0,0x3d,0xb2,0x1,0x0,0x0,0x18,0x6,
0x2,0x0,0x0,0x0,0x0,0x0,0x0,0x0,
0x44,0x0,0x0,0x0,0xd,0x0,0x0,0x0,
0x20,0x0,0x0,0x0,0x0,0x0,0x0,0x0,
0x38,0x0,0x0,0x0,0x0,0x0,0x0,0x0,
0x38,0x0,0x0,0x0,0x0,0x0,0x1,0x0,
0xff,0xff,0xff,0xff,0x7,0x0,0x0,0x0,
0xbe,0x3,0xd0,0x0,0x0,0x0,0x0,0x0,
0x0,0x0,0x7,0x0,0x0,0x0,0x0,0x0,
0x0,0x0,0x0,0x0,0xbe,0x3,0x0,0x0,
0x1,0x0,0x0,0x0,0x2f,0xb3,0x1,0x0,
0x0,0x3d,0xb4,0x1,0x0,0x0,0x18,0x6,
0x2,0x0,0x0,0x0,0x0,0x0,0x0,0x0,
0x44,0x0,0x0,0x0,0xd,0x0,0x0,0x0,
0x71,0x0,0x0,0x0,0x0,0x0,0x0,0x0,
0x38,0x0,0x0,0x0,0x0,0x0,0x0,0x0,
0x38,0x0,0x0,0x0,0x0,0x0,0x1,0x0,
0xff,0xff,0xff,0xff,0x7,0x0,0x0,0x0,
0xb8,0x3,0xd0,0x0,0x0,0x0,0x0,0x0,
0x0,0x0,0x7,0x0,0x0,0x0,0x0,0x0,
0x0,0x0,0x0,0x0,0xb8,0x3,0x0,0x0,
0x1,0x0,0x0,0x0,0x2f,0xb5,0x1,0x0,
0x0,0x3d,0xb6,0x1,0x0,0x0,0x18,0x6,
0x2,0x0,0x0,0x0,0x0,0x0,0x0,0x0,
0x44,0x0,0x0,0x0,0xd,0x0,0x0,0x0,
0x3b,0x0,0x0,0x0,0x0,0x0,0x0,0x0,
0x38,0x0,0x0,0x0,0x0,0x0,0x0,0x0,
0x38,0x0,0x0,0x0,0x0,0x0,0x1,0x0,
0xff,0xff,0xff,0xff,0x7,0x0,0x0,0x0,
0xb9,0x3,0xd0,0x0,0x0,0x0,0x0,0x0,
0x0,0x0,0x7,0x0,0x0,0x0,0x0,0x0,
0x0,0x0,0x0,0x0,0xb9,0x3,0x0,0x0,
0x1,0x0,0x0,0x0,0x2f,0xb7,0x1,0x0,
0x0,0x3d,0xb8,0x1,0x0,0x0,0x18,0x6,
0x2,0x0,0x0,0x0,0x0,0x0,0x0,0x0,
0x44,0x0,0x0,0x0,0xd,0x0,0x0,0x0,
0x3d,0x0,0x0,0x0,0x0,0x0,0x0,0x0,
0x38,0x0,0x0,0x0,0x0,0x0,0x0,0x0,
0x38,0x0,0x0,0x0,0x0,0x0,0x1,0x0,
0xff,0xff,0xff,0xff,0x7,0x0,0x0,0x0,
0xc8,0x3,0xd0,0x0,0x0,0x0,0x0,0x0,
0x0,0x0,0x7,0x0,0x0,0x0,0x0,0x0,
0x0,0x0,0x0,0x0,0xc8,0x3,0x0,0x0,
0x1,0x0,0x0,0x0,0x2f,0xb9,0x1,0x0,
0x0,0x3d,0xba,0x1,0x0,0x0,0x18,0x6,
0x2,0x0,0x0,0x0,0x0,0x0,0x0,0x0,
0x44,0x0,0x0,0x0,0xd,0x0,0x0,0x0,
0x3b,0x0,0x0,0x0,0x0,0x0,0x0,0x0,
0x38,0x0,0x0,0x0,0x0,0x0,0x0,0x0,
0x38,0x0,0x0,0x0,0x0,0x0,0x1,0x0,
0xff,0xff,0xff,0xff,0x7,0x0,0x0,0x0,
0xc9,0x3,0xd0,0x0,0x0,0x0,0x0,0x0,
0x0,0x0,0x7,0x0,0x0,0x0,0x0,0x0,
0x0,0x0,0x0,0x0,0xc9,0x3,0x0,0x0,
0x1,0x0,0x0,0x0,0x2f,0xbb,0x1,0x0,
0x0,0x3d,0xbc,0x1,0x0,0x0,0x18,0x6,
0x2,0x0,0x0,0x0,0x0,0x0,0x0,0x0,
0x44,0x0,0x0,0x0,0xd,0x0,0x0,0x0,
0x5b,0x0,0x0,0x0,0x0,0x0,0x0,0x0,
0x38,0x0,0x0,0x0,0x0,0x0,0x0,0x0,
0x38,0x0,0x0,0x0,0x0,0x0,0x1,0x0,
0xff,0xff,0xff,0xff,0x7,0x0,0x0,0x0,
0xe2,0x3,0xd0,0x0,0x0,0x0,0x0,0x0,
0x0,0x0,0x7,0x0,0x0,0x0,0x0,0x0,
0x0,0x0,0x0,0x0,0xe2,0x3,0x0,0x0,
0x1,0x0,0x0,0x0,0x2f,0xbd,0x1,0x0,
0x0,0x3d,0xbe,0x1,0x0,0x0,0x18,0x6,
0x2,0x0,0x0,0x0,0x0,0x0,0x0,0x0,
0x44,0x0,0x0,0x0,0xd,0x0,0x0,0x0,
0x5d,0x0,0x0,0x0,0x0,0x0,0x0,0x0,
0x38,0x0,0x0,0x0,0x0,0x0,0x0,0x0,
0x38,0x0,0x0,0x0,0x0,0x0,0x1,0x0,
0xff,0xff,0xff,0xff,0x7,0x0,0x0,0x0,
0xe3,0x3,0xd0,0x0,0x0,0x0,0x0,0x0,
0x0,0x0,0x7,0x0,0x0,0x0,0x0,0x0,
0x0,0x0,0x0,0x0,0xe3,0x3,0x0,0x0,
0x1,0x0,0x0,0x0,0x2f,0xbf,0x1,0x0,
0x0,0x3d,0xc0,0x1,0x0,0x0,0x18,0x6,
0x2,0x0,0x0,0x0,0x0,0x0,0x0,0x0,
0x44,0x0,0x0,0x0,0xd,0x0,0x0,0x0,
0x3d,0x0,0x0,0x0,0x0,0x0,0x0,0x0,
0x38,0x0,0x0,0x0,0x0,0x0,0x0,0x0,
0x38,0x0,0x0,0x0,0x0,0x0,0x1,0x0,
0xff,0xff,0xff,0xff,0x7,0x0,0x0,0x0,
0xdd,0x3,0xd0,0x0,0x0,0x0,0x0,0x0,
0x0,0x0,0x7,0x0,0x0,0x0,0x0,0x0,
0x0,0x0,0x0,0x0,0xdd,0x3,0x0,0x0,
0x1,0x0,0x0,0x0,0x2f,0xc1,0x1,0x0,
0x0,0x3d,0xc2,0x1,0x0,0x0,0x18,0x6,
0x2,0x0,0x0,0x0,0x0,0x0,0x0,0x0,
0x44,0x0,0x0,0x0,0xd,0x0,0x0,0x0,
0x3b,0x0,0x0,0x0,0x0,0x0,0x0,0x0,
0x38,0x0,0x0,0x0,0x0,0x0,0x0,0x0,
0x38,0x0,0x0,0x0,0x0,0x0,0x1,0x0,
0xff,0xff,0xff,0xff,0x7,0x0,0x0,0x0,
0xde,0x3,0xd0,0x0,0x0,0x0,0x0,0x0,
0x0,0x0,0x7,0x0,0x0,0x0,0x0,0x0,
0x0,0x0,0x0,0x0,0xde,0x3,0x0,0x0,
0x1,0x0,0x0,0x0,0x2f,0xc3,0x1,0x0,
0x0,0x3d,0xc4,0x1,0x0,0x0,0x18,0x6,
0x2,0x0,0x0,0x0,0x0,0x0,0x0,0x0,
0x44,0x0,0x0,0x0,0xd,0x0,0x0,0x0,
0x5b,0x0,0x0,0x0,0x0,0x0,0x0,0x0,
0x38,0x0,0x0,0x0,0x0,0x0,0x0,0x0,
0x38,0x0,0x0,0x0,0x0,0x0,0x1,0x0,
0xff,0xff,0xff,0xff,0x7,0x0,0x0,0x0,
0xfe,0x3,0xd0,0x0,0x0,0x0,0x0,0x0,
0x0,0x0,0x7,0x0,0x0,0x0,0x0,0x0,
0x0,0x0,0x0,0x0,0xfe,0x3,0x0,0x0,
0x1,0x0,0x0,0x0,0x2f,0xc5,0x1,0x0,
0x0,0x3d,0xc6,0x1,0x0,0x0,0x18,0x6,
0x2,0x0,0x0,0x0,0x0,0x0,0x0,0x0,
0x44,0x0,0x0,0x0,0xd,0x0,0x0,0x0,
0x5d,0x0,0x0,0x0,0x0,0x0,0x0,0x0,
0x38,0x0,0x0,0x0,0x0,0x0,0x0,0x0,
0x38,0x0,0x0,0x0,0x0,0x0,0x1,0x0,
0xff,0xff,0xff,0xff,0x7,0x0,0x0,0x0,
0xff,0x3,0xd0,0x0,0x0,0x0,0x0,0x0,
0x0,0x0,0x7,0x0,0x0,0x0,0x0,0x0,
0x0,0x0,0x0,0x0,0xff,0x3,0x0,0x0,
0x1,0x0,0x0,0x0,0x2f,0xc7,0x1,0x0,
0x0,0x3d,0xc8,0x1,0x0,0x0,0x18,0x6,
0x2,0x0,0x0,0x0,0x0,0x0,0x0,0x0,
0x44,0x0,0x0,0x0,0xd,0x0,0x0,0x0,
0x71,0x0,0x0,0x0,0x0,0x0,0x0,0x0,
0x38,0x0,0x0,0x0,0x0,0x0,0x0,0x0,
0x38,0x0,0x0,0x0,0x0,0x0,0x1,0x0,
0xff,0xff,0xff,0xff,0x7,0x0,0x0,0x0,
0xf9,0x3,0xd0,0x0,0x0,0x0,0x0,0x0,
0x0,0x0,0x7,0x0,0x0,0x0,0x0,0x0,
0x0,0x0,0x0,0x0,0xf9,0x3,0x0,0x0,
0x1,0x0,0x0,0x0,0x2f,0xc9,0x1,0x0,
0x0,0x3d,0xca,0x1,0x0,0x0,0x18,0x6,
0x2,0x0,0x0,0x0,0x0,0x0,0x0,0x0,
0x44,0x0,0x0,0x0,0xd,0x0,0x0,0x0,
0x3b,0x0,0x0,0x0,0x0,0x0,0x0,0x0,
0x38,0x0,0x0,0x0,0x0,0x0,0x0,0x0,
0x38,0x0,0x0,0x0,0x0,0x0,0x1,0x0,
0xff,0xff,0xff,0xff,0x7,0x0,0x0,0x0,
0xfa,0x3,0xd0,0x0,0x0,0x0,0x0,0x0,
0x0,0x0,0x7,0x0,0x0,0x0,0x0,0x0,
0x0,0x0,0x0,0x0,0xfa,0x3,0x0,0x0,
0x1,0x0,0x0,0x0,0x2f,0xcb,0x1,0x0,
0x0,0x3d,0xcc,0x1,0x0,0x0,0x18,0x6,
0x2,0x0,0x0,0x0,0x0,0x0,0x0,0x0,
0x44,0x0,0x0,0x0,0xd,0x0,0x0,0x0,
0x79,0x0,0x0,0x0,0x0,0x0,0x0,0x0,
0x38,0x0,0x0,0x0,0x0,0x0,0x0,0x0,
0x38,0x0,0x0,0x0,0x0,0x0,0x1,0x0,
0xff,0xff,0xff,0xff,0x7,0x0,0x0,0x0,
0x8,0x4,0xd0,0x0,0x0,0x0,0x0,0x0,
0x0,0x0,0x7,0x0,0x0,0x0,0x0,0x0,
0x0,0x0,0x0,0x0,0x8,0x4,0x0,0x0,
0x1,0x0,0x0,0x0,0x2f,0xcd,0x1,0x0,
0x0,0x3d,0xce,0x1,0x0,0x0,0x18,0x6,
0x2,0x0,0x0,0x0,0x0,0x0,0x0,0x0,
0x44,0x0,0x0,0x0,0xd,0x0,0x0,0x0,
0x3b,0x0,0x0,0x0,0x0,0x0,0x0,0x0,
0x38,0x0,0x0,0x0,0x0,0x0,0x0,0x0,
0x38,0x0,0x0,0x0,0x0,0x0,0x1,0x0,
0xff,0xff,0xff,0xff,0x7,0x0,0x0,0x0,
0x9,0x4,0xd0,0x0,0x0,0x0,0x0,0x0,
0x0,0x0,0x7,0x0,0x0,0x0,0x0,0x0,
0x0,0x0,0x0,0x0,0x9,0x4,0x0,0x0,
0x1,0x0,0x0,0x0,0x2f,0xcf,0x1,0x0,
0x0,0x3d,0xd0,0x1,0x0,0x0,0x18,0x6,
0x2,0x0,0x0,0x0,0x0,0x0,0x0,0x0,
0xa0,0x0,0x0,0x0,0x8a,0x0,0x0,0x0,
0xda,0x0,0x0,0x0,0x1,0x0,0x1,0x0,
0x38,0x0,0x0,0x0,0x0,0x0,0x0,0x0,
0x40,0x0,0x0,0x0,0x0,0x0,0x8,0x0,
0xff,0xff,0xff,0xff,0xd,0x0,0x0,0x0,
0x32,0x4,0x10,0x1,0x0,0x0,0x0,0x0,
0x0,0x0,0x8,0x0,0x0,0x0,0x0,0x0,
0xdb,0x0,0x0,0x0,0x0,0x0,0x0,0x0,
0x0,0x0,0x0,0x0,0x33,0x4,0x0,0x0,
0x2,0x0,0x0,0x0,0x22,0x0,0x0,0x0,
0x34,0x4,0x0,0x0,0x3,0x0,0x0,0x0,
0x2a,0x0,0x0,0x0,0x35,0x4,0x0,0x0,
0x6,0x0,0x0,0x0,0x3f,0x0,0x0,0x0,
0x36,0x4,0x0,0x0,0x8,0x0,0x0,0x0,
0x56,0x0,0x0,0x0,0x37,0x4,0x0,0x0,
0x9,0x0,0x0,0x0,0x5e,0x0,0x0,0x0,
0x38,0x4,0x0,0x0,0xc,0x0,0x0,0x0,
0x73,0x0,0x0,0x0,0x39,0x4,0x0,0x0,
0xe,0x0,0x0,0x0,0x88,0x0,0x0,0x0,
0x3b,0x4,0x0,0x0,0xe,0x0,0x0,0x0,
0x2f,0xd1,0x1,0x0,0x0,0x18,0x8,0x13,
0x89,0x1,0x0,0x0,0x18,0xb,0x1a,0x6,
0xc,0xad,0xd2,0x1,0x0,0x0,0x8,0x0,
0x0,0x0,0x2,0x0,0x0,0x0,0xb,0x0,
0x0,0x0,0x1a,0x6,0x8,0xa,0x6c,0x8,
0x50,0x2c,0x2f,0xd3,0x1,0x0,0x0,0x18,
0x9,0x13,0xd6,0x0,0x0,0x0,0x43,0xd4,
0x1,0x0,0x0,0x9,0x0,0x0,0x0,0x2f,
0xd5,0x1,0x0,0x0,0x18,0x9,0x13,0xd7,
0x0,0x0,0x0,0x43,0xd6,0x1,0x0,0x0,
0x9,0x0,0x0,0x0,0x4c,0x32,0x1a,0x6,
0x9,0x8,0x6c,0x9,0x50,0x2a,0x2f,0xd7,
0x1,0x0,0x0,0x18,0xa,0x13,0x8a,0x1,
0x0,0x0,0x43,0xd8,0x1,0x0,0x0,0xa,
0x0,0x0,0x0,0x2f,0xd9,0x1,0x0,0x0,
0x18,0xa,0x13,0xd,0x1,0x0,0x0,0x43,
0xda,0x1,0x0,0x0,0xa,0x0,0x0,0x0,
0xe,0x2,0x0,0x0,0x0,0x0,0x0,0x0,
0x0,0x0,0x0,0x0,0x0,0x0,0x0,0x0,
0x44,0x0,0x0,0x0,0xd,0x0,0x0,0x0,
0x79,0x0,0x0,0x0,0x0,0x0,0x0,0x0,
0x38,0x0,0x0,0x0,0x0,0x0,0x0,0x0,
0x38,0x0,0x0,0x0,0x0,0x0,0x1,0x0,
0xff,0xff,0xff,0xff,0x7,0x0,0x0,0x0,
0x10,0x4,0x10,0x1,0x0,0x0,0x0,0x0,
0x0,0x0,0x7,0x0,0x0,0x0,0x0,0x0,
0x0,0x0,0x0,0x0,0x10,0x4,0x0,0x0,
0x1,0x0,0x0,0x0,0x2f,0xdb,0x1,0x0,
0x0,0x3d,0xdc,0x1,0x0,0x0,0x18,0x6,
0x2,0x0,0x0,0x0,0x0,0x0,0x0,0x0,
0x44,0x0,0x0,0x0,0x8,0x0,0x0,0x0,
0x2c,0x0,0x0,0x0,0x0,0x0,0x0,0x0,
0x38,0x0,0x0,0x0,0x0,0x0,0x0,0x0,
0x38,0x0,0x0,0x0,0x0,0x0,0x1,0x0,
0xff,0xff,0xff,0xff,0x7,0x0,0x0,0x0,
0x22,0x4,0x50,0x1,0x0,0x0,0x0,0x0,
0x0,0x0,0x7,0x0,0x0,0x0,0x0,0x0,
0x0,0x0,0x0,0x0,0x22,0x4,0x0,0x0,
0x1,0x0,0x0,0x0,0x2f,0xdd,0x1,0x0,
0x0,0x18,0x6,0x2,0x0,0x0,0x0,0x0,
0x5c,0x0,0x0,0x0,0xc,0x0,0x0,0x0,
0xd9,0x0,0x0,0x0,0x0,0x0,0x0,0x0,
0x38,0x0,0x0,0x0,0x0,0x0,0x0,0x0,
0x38,0x0,0x0,0x0,0x0,0x0,0x3,0x0,
0xd3,0x0,0x0,0x0,0x7,0x0,0x0,0x0,
0x24,0x4,0x50,0x1,0x0,0x0,0x0,0x0,
0x0,0x0,0x7,0x0,0x0,0x0,0x8,0x0,
0x0,0x0,0x0,0x0,0x24,0x4,0x0,0x0,
0x0,0x0,0x0,0x0,0x1,0x0,0x0,0x0,
0x24,0x4,0x0,0x0,0x1,0x0,0x0,0x0,
0x8,0x0,0x0,0x0,0x2f,0x4,0x0,0x0,
0x1,0x0,0x0,0x0,0xca,0x29,0xd3,0x0,
0x0,0x0,0x18,0x6,0xd4,0x16,0x6,0x2,
0x0,0x0,0x0,0x0,0x0,0x0,0x0,0x0,
0xb8,0x0,0x0,0x0,0xad,0x0,0x0,0x0,
0x0,0x0,0x0,0x0,0x1,0x0,0x1,0x0,
0x38,0x0,0x0,0x0,0x0,0x0,0x0,0x0,
0x40,0x0,0x0,0x0,0x0,0x0,0xa,0x0,
0xff,0xff,0xff,0xff,0xe,0x0,0x0,0x0,
0x24,0x4,0x80,0x2,0x0,0x0,0x0,0x0,
0x0,0x0,0x8,0x0,0x0,0x0,0x0,0x0,
0xf3,0x1,0x0,0x0,0x0,0x0,0x0,0x0,
0x0,0x0,0x0,0x0,0x25,0x4,0x0,0x0,
0x1,0x0,0x0,0x0,0x2,0x0,0x0,0x0,
0x25,0x4,0x0,0x0,0x2,0x0,0x0,0x0,
0x6,0x0,0x0,0x0,0x26,0x4,0x0,0x0,
0x3,0x0,0x0,0x0,0x20,0x0,0x0,0x0,
0x27,0x4,0x0,0x0,0x5,0x0,0x0,0x0,
0x42,0x0,0x0,0x0,0x28,0x4,0x0,0x0,
0x6,0x0,0x0,0x0,0x54,0x0,0x0,0x0,
0x28,0x4,0x0,0x0,0x7,0x0,0x0,0x0,
0x58,0x0,0x0,0x0,0x29,0x4,0x0,0x0,
0x8,0x0,0x0,0x0,0x6a,0x0,0x0,0x0,
0x2a,0x4,0x0,0x0,0xa,0x0,0x0,0x0,
0x84,0x0,0x0,0x0,0x2d,0x4,0x0,0x0,
0xc,0x0,0x0,0x0,0xab,0x0,0x0,0x0,
0x2f,0x4,0x0,0x0,0xc,0x0,0x0,0x0,
0xbc,0x75,0x1,0x2,0x8,0x1,0x2f,0xde,
0x1,0x0,0x0,0x18,0x9,0xad,0xdf,0x1,
0x0,0x0,0x9,0x0,0x0,0x0,0x1,0x0,
0x0,0x0,0x6,0x0,0x0,0x0,0x18,0x8,
0x2f,0xe0,0x1,0x0,0x0,0x18,0x9,0x13,
0x8d,0x1,0x0,0x0,0x18,0xc,0x1a,0x8,
0xd,0xad,0xe1,0x1,0x0,0x0,0x9,0x0,
0x0,0x0,0x2,0x0,0x0,0x0,0xc,0x0,
0x0,0x0,0x16,0x8,0x3d,0xe2,0x1,0x0,
0x0,0x18,0x9,0x13,0x8f,0x1,0x0,0x0,
0x6c,0x9,0x50,0x23,0x1,0x2,0xa,0x1,
0x16,0x8,0xc2,0x0,0x3d,0xe3,0x1,0x0,
0x0,0xc2,0x0,0x3d,0xe4,0x1,0x0,0x0,
0x18,0xa,0xb5,0xe5,0x1,0x0,0x0,0x1,
0x0,0x0,0x0,0xa,0x0,0x0,0x0,0x52,
0x2f,0xcd,0x13,0x0,0x0,0x0,0x92,0x1,
0x0,0x0,0xbc,0x23,0x2f,0xe6,0x1,0x0,
0x0,0x18,0x8,0x13,0x94,0x1,0x0,0x0,
0x18,0xb,0x1e,0x0,0x18,0xc,0xad,0xe7,
0x1,0x0,0x0,0x8,0x0,0x0,0x0,0x2,
0x0,0x0,0x0,0xb,0x0,0x0,0x0,0xd4,
0xbc,0x0,0xbe,0xe,0x2,0x0,0x0,0x0,
0x0,0x0,0x0,0x0,0x0,0x0,0x0,0x0,
0x44,0x0,0x0,0x0,0xd,0x0,0x0,0x0,
0x79,0x0,0x0,0x0,0x0,0x0,0x0,0x0,
0x38,0x0,0x0,0x0,0x0,0x0,0x0,0x0,
0x38,0x0,0x0,0x0,0x0,0x0,0x1,0x0,
0xff,0xff,0xff,0xff,0x7,0x0,0x0,0x0,
0x41,0x4,0x10,0x1,0x0,0x0,0x0,0x0,
0x0,0x0,0x7,0x0,0x0,0x0,0x0,0x0,
0x0,0x0,0x0,0x0,0x41,0x4,0x0,0x0,
0x1,0x0,0x0,0x0,0x2f,0xe8,0x1,0x0,
0x0,0x3d,0xe9,0x1,0x0,0x0,0x18,0x6,
0x2,0x0,0x0,0x0,0x0,0x0,0x0,0x0,
0x44,0x0,0x0,0x0,0xd,0x0,0x0,0x0,
0x79,0x0,0x0,0x0,0x0,0x0,0x0,0x0,
0x38,0x0,0x0,0x0,0x0,0x0,0x0,0x0,
0x38,0x0,0x0,0x0,0x0,0x0,0x1,0x0,
0xff,0xff,0xff,0xff,0x7,0x0,0x0,0x0,
0x45,0x4,0x50,0x1,0x0,0x0,0x0,0x0,
0x0,0x0,0x7,0x0,0x0,0x0,0x0,0x0,
0x0,0x0,0x0,0x0,0x45,0x4,0x0,0x0,
0x1,0x0,0x0,0x0,0x2f,0xea,0x1,0x0,
0x0,0x3d,0xeb,0x1,0x0,0x0,0x18,0x6,
0x2,0x0,0x0,0x0,0x0,0x0,0x0,0x0,
0x44,0x0,0x0,0x0,0x8,0x0,0x0,0x0,
0x2c,0x0,0x0,0x0,0x0,0x0,0x0,0x0,
0x38,0x0,0x0,0x0,0x0,0x0,0x0,0x0,
0x38,0x0,0x0,0x0,0x0,0x0,0x1,0x0,
0xff,0xff,0xff,0xff,0x7,0x0,0x0,0x0,
0x5d,0x4,0x90,0x1,0x0,0x0,0x0,0x0,
0x0,0x0,0x7,0x0,0x0,0x0,0x0,0x0,
0x0,0x0,0x0,0x0,0x5d,0x4,0x0,0x0,
0x1,0x0,0x0,0x0,0x2f,0xec,0x1,0x0,
0x0,0x18,0x6,0x2,0x0,0x0,0x0,0x0,
0x5c,0x0,0x0,0x0,0xc,0x0,0x0,0x0,
0xd9,0x0,0x0,0x0,0x0,0x0,0x0,0x0,
0x38,0x0,0x0,0x0,0x0,0x0,0x0,0x0,
0x38,0x0,0x0,0x0,0x0,0x0,0x3,0x0,
0xd8,0x0,0x0,0x0,0x7,0x0,0x0,0x0,
0x5f,0x4,0x90,0x1,0x0,0x0,0x0,0x0,
0x0,0x0,0x7,0x0,0x0,0x0,0x8,0x0,
0x0,0x0,0x0,0x0,0x5f,0x4,0x0,0x0,
0x0,0x0,0x0,0x0,0x1,0x0,0x0,0x0,
0x5f,0x4,0x0,0x0,0x1,0x0,0x0,0x0,
0x8,0x0,0x0,0x0,0x7a,0x4,0x0,0x0,
0x1,0x0,0x0,0x0,0xca,0x29,0xd8,0x0,
0x0,0x0,0x18,0x6,0xd4,0x16,0x6,0x2,
0x0,0x0,0x0,0x0,0x0,0x0,0x0,0x0,
0x3c,0x1,0x0,0x0,0xdb,0x1,0x0,0x0,
0x0,0x0,0x0,0x0,0x1,0x0,0x1,0x0,
0x38,0x0,0x0,0x0,0x0,0x0,0x0,0x0,
0x40,0x0,0x0,0x0,0x0,0x0,0x15,0x0,
0xff,0xff,0xff,0xff,0x16,0x0,0x0,0x0,
0x5f,0x4,0xc0,0x2,0x0,0x0,0x0,0x0,
0x0,0x0,0x8,0x0,0x0,0x0,0x0,0x0,
0xf3,0x1,0x0,0x0,0x0,0x0,0x0,0x0,
0x0,0x0,0x0,0x0,0x60,0x4,0x0,0x0,
0x1,0x0,0x0,0x0,0x5,0x0,0x0,0x0,
0x60,0x4,0x0,0x0,0x2,0x0,0x0,0x0,
0x9,0x0,0x0,0x0,0x61,0x4,0x0,0x0,
0x3,0x0,0x0,0x0,0x23,0x0,0x0,0x0,
0x62,0x4,0x0,0x0,0x5,0x0,0x0,0x0,
0x45,0x0,0x0,0x0,0x63,0x4,0x0,0x0,
0x6,0x0,0x0,0x0,0x5a,0x0,0x0,0x0,
0x63,0x4,0x0,0x0,0x7,0x0,0x0,0x0,
0x5e,0x0,0x0,0x0,0x64,0x4,0x0,0x0,
0x8,0x0,0x0,0x0,0x70,0x0,0x0,0x0,
0x66,0x4,0x0,0x0,0x9,0x0,0x0,0x0,
0x87,0x0,0x0,0x0,0x67,0x4,0x0,0x0,
0xb,0x0,0x0,0x0,0xc4,0x0,0x0,0x0,
0x69,0x4,0x0,0x0,0xd,0x0,0x0,0x0,
0xf5,0x0,0x0,0x0,0x6a,0x4,0x0,0x0,
0xf,0x0,0x0,0x0,0x11,0x1,0x0,0x0,
0x6c,0x4,0x0,0x0,0x10,0x0,0x0,0x0,
0x1a,0x1,0x0,0x0,0x6d,0x4,0x0,0x0,
0x13,0x0,0x0,0x0,0x2f,0x1,0x0,0x0,
0x6e,0x4,0x0,0x0,0x15,0x0,0x0,0x0,
0x46,0x1,0x0,0x0,0x6f,0x4,0x0,0x0,
0x16,0x0,0x0,0x0,0x4f,0x1,0x0,0x0,
0x70,0x4,0x0,0x0,0x19,0x0,0x0,0x0,
0x64,0x1,0x0,0x0,0x71,0x4,0x0,0x0,
0x1b,0x0,0x0,0x0,0x7b,0x1,0x0,0x0,
0x73,0x4,0x0,0x0,0x1e,0x0,0x0,0x0,
0x90,0x1,0x0,0x0,0x74,0x4,0x0,0x0,
0x20,0x0,0x0,0x0,0xb2,0x1,0x0,0x0,
0x78,0x4,0x0,0x0,0x22,0x0,0x0,0x0,
0xd9,0x1,0x0,0x0,0x7a,0x4,0x0,0x0,
0x22,0x0,0x0,0x0,0xbd,0xa0,0x1,0x0,
0x0,0x1,0x2,0x8,0x1,0x2f,0xed,0x1,
0x0,0x0,0x18,0x9,0xad,0xee,0x1,0x0,
0x0,0x9,0x0,0x0,0x0,0x1,0x0,0x0,
0x0,0x6,0x0,0x0,0x0,0x18,0x8,0x2f,
0xef,0x1,0x0,0x0,0x18,0x9,0x13,0x95,
0x1,0x0,0x0,0x18,0xc,0x1a,0x8,0xd,
0xad,0xf0,0x1,0x0,0x0,0x9,0x0,0x0,
0x0,0x2,0x0,0x0,0x0,0xc,0x0,0x0,
0x0,0x16,0x8,0x3d,0xf1,0x1,0x0,0x0,
0x18,0x9,0x13,0x96,0x1,0x0,0x0,0x6c,
0x9,0x51,0x4b,0x1,0x0,0x0,0x1,0x2,
0xa,0x2,0x16,0x8,0xc2,0x0,0x3d,0xf2,
0x1,0x0,0x0,0xc2,0x0,0x3d,0xf3,0x1,
0x0,0x0,0x18,0xb,0x10,0x21,0xa2,0xb,
0x18,0xc,0x14,0x4e,0xd,0x10,0x21,0xa2,
0xd,0x9e,0xc,0x18,0xe,0x10,0x64,0x9c,
0xe,0x18,0xa,0x2f,0xf4,0x1,0x0,0x0,
0x18,0xc,0x14,0x4f,0xf,0x2f,0xf5,0x1,
0x0,0x0,0x18,0x11,0x14,0x50,0x14,0x1a,
0xa,0x15,0xad,0xf6,0x1,0x0,0x0,0x11,
0x0,0x0,0x0,0x2,0x0,0x0,0x0,0x14,
0x0,0x0,0x0,0x18,0x10,0xad,0xf7,0x1,
0x0,0x0,0xc,0x0,0x0,0x0,0x2,0x0,
0x0,0x0,0xf,0x0,0x0,0x0,0x18,0xa,
0x2f,0xf8,0x1,0x0,0x0,0x18,0xc,0x2f,
0xf9,0x1,0x0,0x0,0x18,0xd,0xad,0xfa,
0x1,0x0,0x0,0xd,0x0,0x0,0x0,0x1,
0x0,0x0,0x0,0xa,0x0,0x0,0x0,0x18,
0xd,0x13,0x9b,0x1,0x0,0x0,0x80,0xd,
0x43,0xfb,0x1,0x0,0x0,0xc,0x0,0x0,
0x0,0x2f,0xfc,0x1,0x0,0x0,0x18,0xc,
0x14,0x51,0xd,0x1a,0xa,0xe,0x10,0x64,
0x9e,0xe,0x9c,0xd,0x43,0xfd,0x1,0x0,
0x0,0xc,0x0,0x0,0x0,0x1a,0xa,0xc,
0x10,0x3c,0x64,0xc,0x50,0x2c,0x2f,0xfe,
0x1,0x0,0x0,0x18,0xd,0x13,0x9c,0x1,
0x0,0x0,0x43,0xff,0x1,0x0,0x0,0xd,
0x0,0x0,0x0,0x2f,0x0,0x2,0x0,0x0,
0x18,0xd,0x13,0x9c,0x1,0x0,0x0,0x43,
0x1,0x2,0x0,0x0,0xd,0x0,0x0,0x0,
0x4c,0x5f,0x1a,0xa,0xd,0x10,0x1e,0x64,
0xd,0x50,0x2c,0x2f,0x2,0x2,0x0,0x0,
0x18,0xe,0x13,0xd7,0x0,0x0,0x0,0x43,
0x3,0x2,0x0,0x0,0xe,0x0,0x0,0x0,
0x2f,0x4,0x2,0x0,0x0,0x18,0xe,0x13,
0xd7,0x0,0x0,0x0,0x43,0x5,0x2,0x0,
0x0,0xe,0x0,0x0,0x0,0x4c,0x2a,0x2f,
0x6,0x2,0x0,0x0,0x18,0xe,0x13,0xd,
0x1,0x0,0x0,0x43,0x7,0x2,0x0,0x0,
0xe,0x0,0x0,0x0,0x2f,0x8,0x2,0x0,
0x0,0x18,0xe,0x13,0xd,0x1,0x0,0x0,
0x43,0x9,0x2,0x0,0x0,0xe,0x0,0x0,
0x0,0x52,0x2f,0xcd,0x15,0x0,0x0,0x0,
0x92,0x1,0x0,0x0,0xbc,0x23,0x2f,0xa,
0x2,0x0,0x0,0x18,0x8,0x13,0x9d,0x1,
0x0,0x0,0x18,0xb,0x1e,0x0,0x18,0xc,
0xad,0xb,0x2,0x0,0x0,0x8,0x0,0x0,
0x0,0x2,0x0,0x0,0x0,0xb,0x0,0x0,
0x0,0xd4,0xbc,0x0,0xbe,0xe,0x2,0x0,
0x0,0x0,0x0,0x0,0x0,0x0,0x0,0x0,
0x0,0x0,0x0,0x0,0x0,0x0,0x0,0x0,
0x44,0x0,0x0,0x0,0xd,0x0,0x0,0x0,
0x9d,0x0,0x0,0x0,0x0,0x0,0x0,0x0,
0x38,0x0,0x0,0x0,0x0,0x0,0x0,0x0,
0x38,0x0,0x0,0x0,0x0,0x0,0x1,0x0,
0xff,0xff,0xff,0xff,0x7,0x0,0x0,0x0,
0x86,0x4,0x90,0x1,0x0,0x0,0x0,0x0,
0x0,0x0,0x7,0x0,0x0,0x0,0x0,0x0,
0x0,0x0,0x0,0x0,0x86,0x4,0x0,0x0,
0x1,0x0,0x0,0x0,0x2f,0xc,0x2,0x0,
0x0,0x3d,0xd,0x2,0x0,0x0,0x18,0x6,
0x2,0x0,0x0,0x0,0x0,0x0,0x0,0x0,
0x44,0x0,0x0,0x0,0xd,0x0,0x0,0x0,
0x3b,0x0,0x0,0x0,0x0,0x0,0x0,0x0,
0x38,0x0,0x0,0x0,0x0,0x0,0x0,0x0,
0x38,0x0,0x0,0x0,0x0,0x0,0x1,0x0,
0xff,0xff,0xff,0xff,0x7,0x0,0x0,0x0,
0x9c,0x4,0xd0,0x0,0x0,0x0,0x0,0x0,
0x0,0x0,0x7,0x0,0x0,0x0,0x0,0x0,
0x0,0x0,0x0,0x0,0x9c,0x4,0x0,0x0,
0x1,0x0,0x0,0x0,0x2f,0xe,0x2,0x0,
0x0,0x3d,0xf,0x2,0x0,0x0,0x18,0x6,
0x2,0x0,0x0,0x0,0x0,0x0,0x0,0x0,
0x44,0x0,0x0,0x0,0xd,0x0,0x0,0x0,
0x3d,0x0,0x0,0x0,0x0,0x0,0x0,0x0,
0x38,0x0,0x0,0x0,0x0,0x0,0x0,0x0,
0x38,0x0,0x0,0x0,0x0,0x0,0x1,0x0,
0xff,0xff,0xff,0xff,0x7,0x0,0x0,0x0,
0x9d,0x4,0xd0,0x0,0x0,0x0,0x0,0x0,
0x0,0x0,0x7,0x0,0x0,0x0,0x0,0x0,
0x0,0x0,0x0,0x0,0x9d,0x4,0x0,0x0,
0x1,0x0,0x0,0x0,0x2f,0x10,0x2,0x0,
0x0,0x3d,0x11,0x2,0x0,0x0,0x18,0x6,
0x2,0x0,0x0,0x0,0x0,0x0,0x0,0x0,
0x44,0x0,0x0,0x0,0xd,0x0,0x0,0x0,
0x5b,0x0,0x0,0x0,0x0,0x0,0x0,0x0,
0x38,0x0,0x0,0x0,0x0,0x0,0x0,0x0,
0x38,0x0,0x0,0x0,0x0,0x0,0x1,0x0,
0xff,0xff,0xff,0xff,0x7,0x0,0x0,0x0,
0xaa,0x4,0x50,0x1,0x0,0x0,0x0,0x0,
0x0,0x0,0x7,0x0,0x0,0x0,0x0,0x0,
0x0,0x0,0x0,0x0,0xaa,0x4,0x0,0x0,
0x1,0x0,0x0,0x0,0x2f,0x12,0x2,0x0,
0x0,0x3d,0x13,0x2,0x0,0x0,0x18,0x6,
0x2,0x0,0x0,0x0,0x0,0x0,0x0,0x0,
0x44,0x0,0x0,0x0,0x8,0x0,0x0,0x0,
0xf1,0x0,0x0,0x0,0x0,0x0,0x0,0x0,
0x38,0x0,0x0,0x0,0x0,0x0,0x0,0x0,
0x38,0x0,0x0,0x0,0x0,0x0,0x1,0x0,
0xff,0xff,0xff,0xff,0x7,0x0,0x0,0x0,
0xb3,0x4,0x50,0x1,0x0,0x0,0x0,0x0,
0x0,0x0,0x7,0x0,0x0,0x0,0x0,0x0,
0x0,0x0,0x0,0x0,0xb3,0x4,0x0,0x0,
0x1,0x0,0x0,0x0,0x2f,0x14,0x2,0x0,
0x0,0x18,0x6,0x2,0x0,0x0,0x0,0x0,
0x44,0x0,0x0,0x0,0xd,0x0,0x0,0x0,
0x4a,0x0,0x0,0x0,0x0,0x0,0x0,0x0,
0x38,0x0,0x0,0x0,0x0,0x0,0x0,0x0,
0x38,0x0,0x0,0x0,0x0,0x0,0x1,0x0,
0xff,0xff,0xff,0xff,0x7,0x0,0x0,0x0,
0xbc,0x4,0x90,0x1,0x0,0x0,0x0,0x0,
0x0,0x0,0x7,0x0,0x0,0x0,0x0,0x0,
0x0,0x0,0x0,0x0,0xbc,0x4,0x0,0x0,
0x1,0x0,0x0,0x0,0x2f,0x15,0x2,0x0,
0x0,0x3d,0x16,0x2,0x0,0x0,0x18,0x6,
0x2,0x0,0x0,0x0,0x0,0x0,0x0,0x0,
0x44,0x0,0x0,0x0,0xd,0x0,0x0,0x0,
0x5d,0x0,0x0,0x0,0x0,0x0,0x0,0x0,
0x38,0x0,0x0,0x0,0x0,0x0,0x0,0x0,
0x38,0x0,0x0,0x0,0x0,0x0,0x1,0x0,
0xff,0xff,0xff,0xff,0x7,0x0,0x0,0x0,
0xc0,0x4,0x90,0x1,0x0,0x0,0x0,0x0,
0x0,0x0,0x7,0x0,0x0,0x0,0x0,0x0,
0x0,0x0,0x0,0x0,0xc0,0x4,0x0,0x0,
0x1,0x0,0x0,0x0,0x2f,0x17,0x2,0x0,
0x0,0x3d,0x18,0x2,0x0,0x0,0x18,0x6,
0x2,0x0,0x0,0x0,0x0,0x0,0x0,0x0,
0x44,0x0,0x0,0x0,0xd,0x0,0x0,0x0,
0x5b,0x0,0x0,0x0,0x0,0x0,0x0,0x0,
0x38,0x0,0x0,0x0,0x0,0x0,0x0,0x0,
0x38,0x0,0x0,0x0,0x0,0x0,0x1,0x0,
0xff,0xff,0xff,0xff,0x7,0x0,0x0,0x0,
0xc1,0x4,0x90,0x1,0x0,0x0,0x0,0x0,
0x0,0x0,0x7,0x0,0x0,0x0,0x0,0x0,
0x0,0x0,0x0,0x0,0xc1,0x4,0x0,0x0,
0x1,0x0,0x0,0x0,0x2f,0x19,0x2,0x0,
0x0,0x3d,0x1a,0x2,0x0,0x0,0x18,0x6,
0x2,0x0,0x0,0x0,0x0,0x0,0x0,0x0,
0x44,0x0,0x0,0x0,0xd,0x0,0x0,0x0,
0x5b,0x0,0x0,0x0,0x0,0x0,0x0,0x0,
0x38,0x0,0x0,0x0,0x0,0x0,0x0,0x0,
0x38,0x0,0x0,0x0,0x0,0x0,0x1,0x0,
0xff,0xff,0xff,0xff,0x7,0x0,0x0,0x0,
0xce,0x4,0x50,0x1,0x0,0x0,0x0,0x0,
0x0,0x0,0x7,0x0,0x0,0x0,0x0,0x0,
0x0,0x0,0x0,0x0,0xce,0x4,0x0,0x0,
0x1,0x0,0x0,0x0,0x2f,0x1b,0x2,0x0,
0x0,0x3d,0x1c,0x2,0x0,0x0,0x18,0x6,
0x2,0x0,0x0,0x0,0x0,0x0,0x0,0x0,
0x44,0x0,0x0,0x0,0x8,0x0,0x0,0x0,
0xf1,0x0,0x0,0x0,0x0,0x0,0x0,0x0,
0x38,0x0,0x0,0x0,0x0,0x0,0x0,0x0,
0x38,0x0,0x0,0x0,0x0,0x0,0x1,0x0,
0xff,0xff,0xff,0xff,0x7,0x0,0x0,0x0,
0xd7,0x4,0x50,0x1,0x0,0x0,0x0,0x0,
0x0,0x0,0x7,0x0,0x0,0x0,0x0,0x0,
0x0,0x0,0x0,0x0,0xd7,0x4,0x0,0x0,
0x1,0x0,0x0,0x0,0x2f,0x1d,0x2,0x0,
0x0,0x18,0x6,0x2,0x0,0x0,0x0,0x0,
0x44,0x0,0x0,0x0,0xd,0x0,0x0,0x0,
0x4a,0x0,0x0,0x0,0x0,0x0,0x0,0x0,
0x38,0x0,0x0,0x0,0x0,0x0,0x0,0x0,
0x38,0x0,0x0,0x0,0x0,0x0,0x1,0x0,
0xff,0xff,0xff,0xff,0x7,0x0,0x0,0x0,
0xe0,0x4,0x90,0x1,0x0,0x0,0x0,0x0,
0x0,0x0,0x7,0x0,0x0,0x0,0x0,0x0,
0x0,0x0,0x0,0x0,0xe0,0x4,0x0,0x0,
0x1,0x0,0x0,0x0,0x2f,0x1e,0x2,0x0,
0x0,0x3d,0x1f,0x2,0x0,0x0,0x18,0x6,
0x2,0x0,0x0,0x0,0x0,0x0,0x0,0x0,
0x44,0x0,0x0,0x0,0xd,0x0,0x0,0x0,
0x5d,0x0,0x0,0x0,0x0,0x0,0x0,0x0,
0x38,0x0,0x0,0x0,0x0,0x0,0x0,0x0,
0x38,0x0,0x0,0x0,0x0,0x0,0x1,0x0,
0xff,0xff,0xff,0xff,0x7,0x0,0x0,0x0,
0xe4,0x4,0x90,0x1,0x0,0x0,0x0,0x0,
0x0,0x0,0x7,0x0,0x0,0x0,0x0,0x0,
0x0,0x0,0x0,0x0,0xe4,0x4,0x0,0x0,
0x1,0x0,0x0,0x0,0x2f,0x20,0x2,0x0,
0x0,0x3d,0x21,0x2,0x0,0x0,0x18,0x6,
0x2,0x0,0x0,0x0,0x0,0x0,0x0,0x0,
0x44,0x0,0x0,0x0,0xd,0x0,0x0,0x0,
0x5b,0x0,0x0,0x0,0x0,0x0,0x0,0x0,
0x38,0x0,0x0,0x0,0x0,0x0,0x0,0x0,
0x38,0x0,0x0,0x0,0x0,0x0,0x1,0x0,
0xff,0xff,0xff,0xff,0x7,0x0,0x0,0x0,
0xe5,0x4,0x90,0x1,0x0,0x0,0x0,0x0,
0x0,0x0,0x7,0x0,0x0,0x0,0x0,0x0,
0x0,0x0,0x0,0x0,0xe5,0x4,0x0,0x0,
0x1,0x0,0x0,0x0,0x2f,0x22,0x2,0x0,
0x0,0x3d,0x23,0x2,0x0,0x0,0x18,0x6,
0x2,0x0,0x0,0x0,0x0,0x0,0x0,0x0,
0x44,0x0,0x0,0x0,0xd,0x0,0x0,0x0,
0x9c,0x0,0x0,0x0,0x0,0x0,0x0,0x0,
0x38,0x0,0x0,0x0,0x0,0x0,0x0,0x0,
0x38,0x0,0x0,0x0,0x0,0x0,0x1,0x0,
0xff,0xff,0xff,0xff,0x7,0x0,0x0,0x0,
0xee,0x4,0xd0,0x0,0x0,0x0,0x0,0x0,
0x0,0x0,0x7,0x0,0x0,0x0,0x0,0x0,
0x0,0x0,0x0,0x0,0xee,0x4,0x0,0x0,
0x1,0x0,0x0,0x0,0x2f,0x24,0x2,0x0,
0x0,0x3d,0x25,0x2,0x0,0x0,0x18,0x6,
0x2,0x0,0x0,0x0,0x0,0x0,0x0,0x0,
0x44,0x0,0x0,0x0,0xd,0x0,0x0,0x0,
0x9d,0x0,0x0,0x0,0x0,0x0,0x0,0x0,
0x38,0x0,0x0,0x0,0x0,0x0,0x0,0x0,
0x38,0x0,0x0,0x0,0x0,0x0,0x1,0x0,
0xff,0xff,0xff,0xff,0x7,0x0,0x0,0x0,
0xef,0x4,0xd0,0x0,0x0,0x0,0x0,0x0,
0x0,0x0,0x7,0x0,0x0,0x0,0x0,0x0,
0x0,0x0,0x0,0x0,0xef,0x4,0x0,0x0,
0x1,0x0,0x0,0x0,0x2f,0x26,0x2,0x0,
0x0,0x3d,0x27,0x2,0x0,0x0,0x18,0x6,
0x2,0x0,0x0,0x0,0x0,0x0,0x0,0x0,
0x44,0x0,0x0,0x0,0x12,0x0,0x0,0x0,
0xf9,0x0,0x0,0x0,0x0,0x0,0x0,0x0,
0x38,0x0,0x0,0x0,0x0,0x0,0x0,0x0,
0x38,0x0,0x0,0x0,0x0,0x0,0x1,0x0,
0xff,0xff,0xff,0xff,0x7,0x0,0x0,0x0,
0xf3,0x4,0xd0,0x0,0x0,0x0,0x0,0x0,
0x0,0x0,0x7,0x0,0x0,0x0,0x0,0x0,
0x0,0x0,0x0,0x0,0xf3,0x4,0x0,0x0,
0x1,0x0,0x0,0x0,0x2f,0x28,0x2,0x0,
0x0,0x50,0x7,0x11,0x58,0x2,0x0,0x0,
0x4c,0x1,0x6,0x18,0x6,0x2,0x0,0x0,
0x0,0x0,0x0,0x0,0x0,0x0,0x0,0x0,
0x44,0x0,0x0,0x0,0x12,0x0,0x0,0x0,
0xfb,0x0,0x0,0x0,0x0,0x0,0x0,0x0,
0x38,0x0,0x0,0x0,0x0,0x0,0x0,0x0,
0x38,0x0,0x0,0x0,0x0,0x0,0x1,0x0,
0xff,0xff,0xff,0xff,0x7,0x0,0x0,0x0,
0xf4,0x4,0xd0,0x0,0x0,0x0,0x0,0x0,
0x0,0x0,0x7,0x0,0x0,0x0,0x0,0x0,
0x0,0x0,0x0,0x0,0xf4,0x4,0x0,0x0,
0x1,0x0,0x0,0x0,0x2f,0x29,0x2,0x0,
0x0,0x50,0x7,0x11,0xf4,0x1,0x0,0x0,
0x4c,0x1,0x6,0x18,0x6,0x2,0x0,0x0,
0x0,0x0,0x0,0x0,0x0,0x0,0x0,0x0,
0x44,0x0,0x0,0x0,0x6,0x0,0x0,0x0,
0xfd,0x0,0x0,0x0,0x0,0x0,0x0,0x0,
0x38,0x0,0x0,0x0,0x0,0x0,0x0,0x0,
0x38,0x0,0x0,0x0,0x0,0x0,0x1,0x0,
0xff,0xff,0xff,0xff,0x7,0x0,0x0,0x0,
0xf5,0x4,0xd0,0x0,0x0,0x0,0x0,0x0,
0x0,0x0,0x7,0x0,0x0,0x0,0x0,0x0,
0x0,0x0,0x0,0x0,0xf5,0x4,0x0,0x0,
0x1,0x0,0x0,0x0,0xe8,0x0,0x0,0x18,
0x6,0x2,0x0,0x0,0x0,0x0,0x0,0x0,
0x44,0x0,0x0,0x0,0xd,0x0,0x0,0x0,
0x1,0x1,0x0,0x0,0x0,0x0,0x0,0x0,
0x38,0x0,0x0,0x0,0x0,0x0,0x0,0x0,
0x38,0x0,0x0,0x0,0x0,0x0,0x1,0x0,
0xff,0xff,0xff,0xff,0x7,0x0,0x0,0x0,
0xf9,0x4,0x10,0x1,0x0,0x0,0x0,0x0,
0x0,0x0,0x7,0x0,0x0,0x0,0x0,0x0,
0x0,0x0,0x0,0x0,0xf9,0x4,0x0,0x0,
0x1,0x0,0x0,0x0,0x2f,0x2a,0x2,0x0,
0x0,0x3d,0x2b,0x2,0x0,0x0,0x18,0x6,
0x2,0x0,0x0,0x0,0x0,0x0,0x0,0x0,
0x44,0x0,0x0,0x0,0x8,0x0,0x0,0x0,
0x4,0x1,0x0,0x0,0x0,0x0,0x0,0x0,
0x38,0x0,0x0,0x0,0x0,0x0,0x0,0x0,
0x38,0x0,0x0,0x0,0x0,0x0,0x1,0x0,
0xff,0xff,0xff,0xff,0x7,0x0,0x0,0x0,
0xfe,0x4,0x10,0x1,0x0,0x0,0x0,0x0,
0x0,0x0,0x7,0x0,0x0,0x0,0x0,0x0,
0x0,0x0,0x0,0x0,0xfe,0x4,0x0,0x0,
0x1,0x0,0x0,0x0,0x2f,0x2c,0x2,0x0,
0x0,0x18,0x6,0x2,0x0,0x0,0x0,0x0,
0x44,0x0,0x0,0x0,0x8,0x0,0x0,0x0,
0x6,0x1,0x0,0x0,0x0,0x0,0x0,0x0,
0x38,0x0,0x0,0x0,0x0,0x0,0x0,0x0,
0x38,0x0,0x0,0x0,0x0,0x0,0x1,0x0,
0xff,0xff,0xff,0xff,0x7,0x0,0x0,0x0,
0xff,0x4,0x10,0x1,0x0,0x0,0x0,0x0,
0x0,0x0,0x7,0x0,0x0,0x0,0x0,0x0,
0x0,0x0,0x0,0x0,0xff,0x4,0x0,0x0,
0x1,0x0,0x0,0x0,0x2f,0x2d,0x2,0x0,
0x0,0x18,0x6,0x2,0x0,0x0,0x0,0x0,
0x44,0x0,0x0,0x0,0xd,0x0,0x0,0x0,
0x9c,0x0,0x0,0x0,0x0,0x0,0x0,0x0,
0x38,0x0,0x0,0x0,0x0,0x0,0x0,0x0,
0x38,0x0,0x0,0x0,0x0,0x0,0x1,0x0,
0xff,0xff,0xff,0xff,0x7,0x0,0x0,0x0,
0x5,0x5,0x10,0x1,0x0,0x0,0x0,0x0,
0x0,0x0,0x7,0x0,0x0,0x0,0x0,0x0,
0x0,0x0,0x0,0x0,0x5,0x5,0x0,0x0,
0x1,0x0,0x0,0x0,0x2f,0x2e,0x2,0x0,
0x0,0x3d,0x2f,0x2,0x0,0x0,0x18,0x6,
0x2,0x0,0x0,0x0,0x0,0x0,0x0,0x0,
0x44,0x0,0x0,0x0,0xd,0x0,0x0,0x0,
0x9d,0x0,0x0,0x0,0x0,0x0,0x0,0x0,
0x38,0x0,0x0,0x0,0x0,0x0,0x0,0x0,
0x38,0x0,0x0,0x0,0x0,0x0,0x1,0x0,
0xff,0xff,0xff,0xff,0x7,0x0,0x0,0x0,
0x6,0x5,0x10,0x1,0x0,0x0,0x0,0x0,
0x0,0x0,0x7,0x0,0x0,0x0,0x0,0x0,
0x0,0x0,0x0,0x0,0x6,0x5,0x0,0x0,
0x1,0x0,0x0,0x0,0x2f,0x30,0x2,0x0,
0x0,0x3d,0x31,0x2,0x0,0x0,0x18,0x6,
0x2,0x0,0x0,0x0,0x0,0x0,0x0,0x0,
0x44,0x0,0x0,0x0,0xd,0x0,0x0,0x0,
0x15,0x0,0x0,0x0,0x0,0x0,0x0,0x0,
0x38,0x0,0x0,0x0,0x0,0x0,0x0,0x0,
0x38,0x0,0x0,0x0,0x0,0x0,0x1,0x0,
0xff,0xff,0xff,0xff,0x7,0x0,0x0,0x0,
0x7,0x5,0x10,0x1,0x0,0x0,0x0,0x0,
0x0,0x0,0x7,0x0,0x0,0x0,0x0,0x0,
0x0,0x0,0x0,0x0,0x7,0x5,0x0,0x0,
0x1,0x0,0x0,0x0,0x2f,0x32,0x2,0x0,
0x0,0x3d,0x33,0x2,0x0,0x0,0x18,0x6,
0x2,0x0,0x0,0x0,0x0,0x0,0x0,0x0,
0x44,0x0,0x0,0x0,0xd,0x0,0x0,0x0,
0x20,0x0,0x0,0x0,0x0,0x0,0x0,0x0,
0x38,0x0,0x0,0x0,0x0,0x0,0x0,0x0,
0x38,0x0,0x0,0x0,0x0,0x0,0x1,0x0,
0xff,0xff,0xff,0xff,0x7,0x0,0x0,0x0,
0x8,0x5,0x10,0x1,0x0,0x0,0x0,0x0,
0x0,0x0,0x7,0x0,0x0,0x0,0x0,0x0,
0x0,0x0,0x0,0x0,0x8,0x5,0x0,0x0,
0x1,0x0,0x0,0x0,0x2f,0x34,0x2,0x0,
0x0,0x3d,0x35,0x2,0x0,0x0,0x18,0x6,
0x2,0x0,0x0,0x0,0x0,0x0,0x0,0x0,
0x44,0x0,0x0,0x0,0x8,0x0,0x0,0x0,
0x1c,0x0,0x0,0x0,0x0,0x0,0x0,0x0,
0x38,0x0,0x0,0x0,0x0,0x0,0x0,0x0,
0x38,0x0,0x0,0x0,0x0,0x0,0x1,0x0,
0xff,0xff,0xff,0xff,0x7,0x0,0x0,0x0,
0x4,0x5,0x10,0x1,0x0,0x0,0x0,0x0,
0x0,0x0,0x7,0x0,0x0,0x0,0x0,0x0,
0x0,0x0,0x0,0x0,0x4,0x5,0x0,0x0,
0x1,0x0,0x0,0x0,0x2f,0x36,0x2,0x0,
0x0,0x18,0x6,0x2,0x0,0x0,0x0,0x0,
0x44,0x0,0x0,0x0,0xd,0x0,0x0,0x0,
0x9,0x1,0x0,0x0,0x0,0x0,0x0,0x0,
0x38,0x0,0x0,0x0,0x0,0x0,0x0,0x0,
0x38,0x0,0x0,0x0,0x0,0x0,0x1,0x0,
0xff,0xff,0xff,0xff,0x7,0x0,0x0,0x0,
0xd,0x5,0x10,0x1,0x0,0x0,0x0,0x0,
0x0,0x0,0x7,0x0,0x0,0x0,0x0,0x0,
0x0,0x0,0x0,0x0,0xd,0x5,0x0,0x0,
0x1,0x0,0x0,0x0,0x2f,0x37,0x2,0x0,
0x0,0x3d,0x38,0x2,0x0,0x0,0x18,0x6,
0x2,0x0,0x0,0x0,0x0,0x0,0x0,0x0,
0x68,0x0,0x0,0x0,0x37,0x0,0x0,0x0,
0x27,0x0,0x0,0x0,0x0,0x0,0x0,0x0,
0x38,0x0,0x0,0x0,0x0,0x0,0x0,0x0,
0x38,0x0,0x0,0x0,0x0,0x0,0x4,0x0,
0xff,0xff,0xff,0xff,0xb,0x0,0x0,0x0,
0xf,0x5,0x10,0x1,0x0,0x0,0x0,0x0,
0x0,0x0,0x7,0x0,0x0,0x0,0x0,0x0,
0x0,0x0,0x0,0x0,0xf,0x5,0x0,0x0,
0x0,0x0,0x0,0x0,0x1,0x0,0x0,0x0,
0x10,0x5,0x0,0x0,0x2,0x0,0x0,0x0,
0xd,0x0,0x0,0x0,0x11,0x5,0x0,0x0,
0x3,0x0,0x0,0x0,0x33,0x0,0x0,0x0,
0x12,0x5,0x0,0x0,0x3,0x0,0x0,0x0,
0xca,0x2f,0x39,0x2,0x0,0x0,0x3d,0x3a,
0x2,0x0,0x0,0x50,0x26,0x2f,0x3b,0x2,
0x0,0x0,0x18,0x7,0x2f,0x3c,0x2,0x0,
0x0,0x3d,0x3d,0x2,0x0,0x0,0x18,0xa,
0xad,0x3e,0x2,0x0,0x0,0x7,0x0,0x0,
0x0,0x1,0x0,0x0,0x0,0xa,0x0,0x0,
0x0,0x18,0x6,0xd4,0x16,0x6,0x2,0x0,
0x0,0x0,0x0,0x0,0x0,0x0,0x0,0x0,
0x44,0x0,0x0,0x0,0x1c,0x0,0x0,0x0,
0x8d,0x0,0x0,0x0,0x0,0x0,0x0,0x0,
0x38,0x0,0x0,0x0,0x0,0x0,0x0,0x0,
0x38,0x0,0x0,0x0,0x0,0x0,0x1,0x0,
0xff,0xff,0xff,0xff,0x9,0x0,0x0,0x0,
0x19,0x5,0x10,0x1,0x0,0x0,0x0,0x0,
0x0,0x0,0x7,0x0,0x0,0x0,0x0,0x0,
0x0,0x0,0x0,0x0,0x19,0x5,0x0,0x0,
0x1,0x0,0x0,0x0,0x2f,0x3f,0x2,0x0,
0x0,0x3d,0x40,0x2,0x0,0x0,0x18,0x7,
0x2f,0x41,0x2,0x0,0x0,0xa2,0x7,0x18,
0x8,0x10,0x5a,0xa2,0x8,0x18,0x6,0x2,
0x0,0x0,0x0,0x0,0x0,0x0,0x0,0x0,
0x44,0x0,0x0,0x0,0x1b,0x0,0x0,0x0,
0x4a,0x0,0x0,0x0,0x0,0x0,0x0,0x0,
0x38,0x0,0x0,0x0,0x0,0x0,0x0,0x0,
0x38,0x0,0x0,0x0,0x0,0x0,0x1,0x0,
0xff,0xff,0xff,0xff,0x7,0x0,0x0,0x0,
0x1b,0x5,0x10,0x1,0x0,0x0,0x0,0x0,
0x0,0x0,0x7,0x0,0x0,0x0,0x0,0x0,
0x0,0x0,0x0,0x0,0x1b,0x5,0x0,0x0,
0x1,0x0,0x0,0x0,0x2f,0x42,0x2,0x0,
0x0,0x3d,0x43,0x2,0x0,0x0,0x50,0x7,
0x13,0xa2,0x1,0x0,0x0,0x4c,0x5,0x13,
0xa3,0x1,0x0,0x0,0x18,0x6,0x2,0x0,
0x0,0x0,0x0,0x0,0x0,0x0,0x0,0x0,
0x5c,0x0,0x0,0x0,0x25,0x0,0x0,0x0,
0x81,0x0,0x0,0x0,0x0,0x0,0x0,0x0,
0x38,0x0,0x0,0x0,0x0,0x0,0x0,0x0,
0x38,0x0,0x0,0x0,0x0,0x0,0x3,0x0,
0xff,0xff,0xff,0xff,0x9,0x0,0x0,0x0,
0x2d,0x5,0x10,0x1,0x0,0x0,0x0,0x0,
0x0,0x0,0x7,0x0,0x0,0x0,0x0,0x0,
0x0,0x0,0x0,0x0,0x2d,0x5,0x0,0x0,
0x0,0x0,0x0,0x0,0x1,0x0,0x0,0x0,
0x2e,0x5,0x0,0x0,0x2,0x0,0x0,0x0,
0x21,0x0,0x0,0x0,0x2f,0x5,0x0,0x0,
0x2,0x0,0x0,0x0,0xca,0x2f,0x44,0x2,
0x0,0x0,0x18,0x7,0x2f,0x45,0x2,0x0,
0x0,0x3d,0x46,0x2,0x0,0x0,0x74,0x18,
0x8,0x43,0x47,0x2,0x0,0x0,0x7,0x0,
0x0,0x0,0x1a,0x8,0x6,0xd4,0x16,0x6,
0x2,0x0,0x0,0x0,0x0,0x0,0x0,0x0,
0x44,0x0,0x0,0x0,0x18,0x0,0x0,0x0,
0x7c,0x0,0x0,0x0,0x0,0x0,0x0,0x0,
0x38,0x0,0x0,0x0,0x0,0x0,0x0,0x0,
0x38,0x0,0x0,0x0,0x0,0x0,0x1,0x0,
0xff,0xff,0xff,0xff,0x7,0x0,0x0,0x0,
0x21,0x5,0x50,0x1,0x0,0x0,0x0,0x0,
0x0,0x0,0x7,0x0,0x0,0x0,0x0,0x0,
0x0,0x0,0x0,0x0,0x21,0x5,0x0,0x0,
0x1,0x0,0x0,0x0,0x2f,0x48,0x2,0x0,
0x0,0x3d,0x49,0x2,0x0,0x0,0x50,0x7,
0x13,0xf,0x1,0x0,0x0,0x4c,0x2,0x12,
0x74,0x18,0x6,0x2,0x0,0x0,0x0,0x0,
0x44,0x0,0x0,0x0,0xd,0x0,0x0,0x0,
0x4a,0x0,0x0,0x0,0x0,0x0,0x0,0x0,
0x38,0x0,0x0,0x0,0x0,0x0,0x0,0x0,
0x38,0x0,0x0,0x0,0x0,0x0,0x1,0x0,
0xff,0xff,0xff,0xff,0x7,0x0,0x0,0x0,
0x26,0x5,0x50,0x1,0x0,0x0,0x0,0x0,
0x0,0x0,0x7,0x0,0x0,0x0,0x0,0x0,
0x0,0x0,0x0,0x0,0x26,0x5,0x0,0x0,
0x1,0x0,0x0,0x0,0x2f,0x4a,0x2,0x0,
0x0,0x3d,0x4b,0x2,0x0,0x0,0x18,0x6,
0x2,0x0,0x0,0x0,0x0,0x0,0x0,0x0,
0x44,0x0,0x0,0x0,0xd,0x0,0x0,0x0,
0xb,0x1,0x0,0x0,0x0,0x0,0x0,0x0,
0x38,0x0,0x0,0x0,0x0,0x0,0x0,0x0,
0x38,0x0,0x0,0x0,0x0,0x0,0x1,0x0,
0xff,0xff,0xff,0xff,0x7,0x0,0x0,0x0,
0x28,0x5,0x50,0x1,0x0,0x0,0x0,0x0,
0x0,0x0,0x7,0x0,0x0,0x0,0x0,0x0,
0x0,0x0,0x0,0x0,0x28,0x5,0x0,0x0,
0x1,0x0,0x0,0x0,0x2f,0x4c,0x2,0x0,
0x0,0x3d,0x4d,0x2,0x0,0x0,0x18,0x6,
0x2,0x0,0x0,0x0,0x0,0x0,0x0,0x0,
0x44,0x0,0x0,0x0,0xd,0x0,0x0,0x0,
0x5b,0x0,0x0,0x0,0x0,0x0,0x0,0x0,
0x38,0x0,0x0,0x0,0x0,0x0,0x0,0x0,
0x38,0x0,0x0,0x0,0x0,0x0,0x1,0x0,
0xff,0xff,0xff,0xff,0x7,0x0,0x0,0x0,
0x29,0x5,0x50,0x1,0x0,0x0,0x0,0x0,
0x0,0x0,0x7,0x0,0x0,0x0,0x0,0x0,
0x0,0x0,0x0,0x0,0x29,0x5,0x0,0x0,
0x1,0x0,0x0,0x0,0x2f,0x4e,0x2,0x0,
0x0,0x3d,0x4f,0x2,0x0,0x0,0x18,0x6,
0x2,0x0,0x0,0x0,0x0,0x0,0x0,0x0,
0x44,0x0,0x0,0x0,0xd,0x0,0x0,0x0,
0x5d,0x0,0x0,0x0,0x0,0x0,0x0,0x0,
0x38,0x0,0x0,0x0,0x0,0x0,0x0,0x0,
0x38,0x0,0x0,0x0,0x0,0x0,0x1,0x0,
0xff,0xff,0xff,0xff,0x7,0x0,0x0,0x0,
0x2a,0x5,0x50,0x1,0x0,0x0,0x0,0x0,
0x0,0x0,0x7,0x0,0x0,0x0,0x0,0x0,
0x0,0x0,0x0,0x0,0x2a,0x5,0x0,0x0,
0x1,0x0,0x0,0x0,0x2f,0x50,0x2,0x0,
0x0,0x3d,0x51,0x2,0x0,0x0,0x18,0x6,
0x2,0x0,0x0,0x0,0x0,0x0,0x0,0x0,
0x68,0x0,0x0,0x0,0x6c,0x0,0x0,0x0,
0x81,0x0,0x0,0x0,0x0,0x0,0x0,0x0,
0x38,0x0,0x0,0x0,0x0,0x0,0x0,0x0,
0x38,0x0,0x0,0x0,0x0,0x0,0x4,0x0,
0xff,0xff,0xff,0xff,0xd,0x0,0x0,0x0,
0x50,0x5,0x90,0x0,0x0,0x0,0x0,0x0,
0x0,0x0,0x7,0x0,0x0,0x0,0x0,0x0,
0x0,0x0,0x0,0x0,0x50,0x5,0x0,0x0,
0x0,0x0,0x0,0x0,0x1,0x0,0x0,0x0,
0x50,0x5,0x0,0x0,0x1,0x0,0x0,0x0,
0x22,0x0,0x0,0x0,0x51,0x5,0x0,0x0,
0x1,0x0,0x0,0x0,0x45,0x0,0x0,0x0,
0x52,0x5,0x0,0x0,0x1,0x0,0x0,0x0,
0xca,0x2f,0x52,0x2,0x0,0x0,0x18,0x7,
0x13,0xa4,0x1,0x0,0x0,0x18,0xa,0xad,
0x53,0x2,0x0,0x0,0x7,0x0,0x0,0x0,
0x1,0x0,0x0,0x0,0xa,0x0,0x0,0x0,
0x18,0x7,0x2f,0x54,0x2,0x0,0x0,0x18,
0x8,0x13,0xa6,0x1,0x0,0x0,0x18,0xb,
0xad,0x55,0x2,0x0,0x0,0x8,0x0,0x0,
0x0,0x1,0x0,0x0,0x0,0xb,0x0,0x0,
0x0,0x82,0x7,0x18,0x8,0x2f,0x56,0x2,
0x0,0x0,0x18,0x9,0x13,0xa7,0x1,0x0,
0x0,0x18,0xc,0xad,0x57,0x2,0x0,0x0,
0x9,0x0,0x0,0x0,0x1,0x0,0x0,0x0,
0xc,0x0,0x0,0x0,0x82,0x8,0x18,0x6,
0xd4,0x16,0x6,0x2,0x0,0x0,0x0,0x0,
0x44,0x0,0x0,0x0,0xd,0x0,0x0,0x0,
0x3d,0x0,0x0,0x0,0x0,0x0,0x0,0x0,
0x38,0x0,0x0,0x0,0x0,0x0,0x0,0x0,
0x38,0x0,0x0,0x0,0x0,0x0,0x1,0x0,
0xff,0xff,0xff,0xff,0x7,0x0,0x0,0x0,
0x3c,0x5,0x90,0x0,0x0,0x0,0x0,0x0,
0x0,0x0,0x7,0x0,0x0,0x0,0x0,0x0,
0x0,0x0,0x0,0x0,0x3c,0x5,0x0,0x0,
0x1,0x0,0x0,0x0,0x2f,0x58,0x2,0x0,
0x0,0x3d,0x59,0x2,0x0,0x0,0x18,0x6,
0x2,0x0,0x0,0x0,0x0,0x0,0x0,0x0,
0x44,0x0,0x0,0x0,0xd,0x0,0x0,0x0,
0x3b,0x0,0x0,0x0,0x0,0x0,0x0,0x0,
0x38,0x0,0x0,0x0,0x0,0x0,0x0,0x0,
0x38,0x0,0x0,0x0,0x0,0x0,0x1,0x0,
0xff,0xff,0xff,0xff,0x7,0x0,0x0,0x0,
0x3d,0x5,0x90,0x0,0x0,0x0,0x0,0x0,
0x0,0x0,0x7,0x0,0x0,0x0,0x0,0x0,
0x0,0x0,0x0,0x0,0x3d,0x5,0x0,0x0,
0x1,0x0,0x0,0x0,0x2f,0x5a,0x2,0x0,
0x0,0x3d,0x5b,0x2,0x0,0x0,0x18,0x6,
0x2,0x0,0x0,0x0,0x0,0x0,0x0,0x0,
0x44,0x0,0x0,0x0,0xd,0x0,0x0,0x0,
0x5b,0x0,0x0,0x0,0x0,0x0,0x0,0x0,
0x38,0x0,0x0,0x0,0x0,0x0,0x0,0x0,
0x38,0x0,0x0,0x0,0x0,0x0,0x1,0x0,
0xff,0xff,0xff,0xff,0x7,0x0,0x0,0x0,
0x4c,0x5,0xd0,0x0,0x0,0x0,0x0,0x0,
0x0,0x0,0x7,0x0,0x0,0x0,0x0,0x0,
0x0,0x0,0x0,0x0,0x4c,0x5,0x0,0x0,
0x1,0x0,0x0,0x0,0x2f,0x5c,0x2,0x0,
0x0,0x3d,0x5d,0x2,0x0,0x0,0x18,0x6,
0x2,0x0,0x0,0x0,0x0,0x0,0x0,0x0,
0x44,0x0,0x0,0x0,0xd,0x0,0x0,0x0,
0x5d,0x0,0x0,0x0,0x0,0x0,0x0,0x0,
0x38,0x0,0x0,0x0,0x0,0x0,0x0,0x0,
0x38,0x0,0x0,0x0,0x0,0x0,0x1,0x0,
0xff,0xff,0xff,0xff,0x7,0x0,0x0,0x0,
0x4d,0x5,0xd0,0x0,0x0,0x0,0x0,0x0,
0x0,0x0,0x7,0x0,0x0,0x0,0x0,0x0,
0x0,0x0,0x0,0x0,0x4d,0x5,0x0,0x0,
0x1,0x0,0x0,0x0,0x2f,0x5e,0x2,0x0,
0x0,0x3d,0x5f,0x2,0x0,0x0,0x18,0x6,
0x2,0x0,0x0,0x0,0x0,0x0,0x0,0x0,
0x68,0x0,0x0,0x0,0x61,0x0,0x0,0x0,
0x81,0x0,0x0,0x0,0x0,0x0,0x0,0x0,
0x38,0x0,0x0,0x0,0x0,0x0,0x0,0x0,
0x38,0x0,0x0,0x0,0x0,0x0,0x4,0x0,
0xff,0xff,0xff,0xff,0xc,0x0,0x0,0x0,
0x6f,0x5,0x90,0x0,0x0,0x0,0x0,0x0,
0x0,0x0,0x7,0x0,0x0,0x0,0x0,0x0,
0x0,0x0,0x0,0x0,0x6f,0x5,0x0,0x0,
0x0,0x0,0x0,0x0,0x1,0x0,0x0,0x0,
0x70,0x5,0x0,0x0,0x3,0x0,0x0,0x0,
0x2e,0x0,0x0,0x0,0x71,0x5,0x0,0x0,
0x4,0x0,0x0,0x0,0x5d,0x0,0x0,0x0,
0x72,0x5,0x0,0x0,0x4,0x0,0x0,0x0,
0xca,0x2f,0x60,0x2,0x0,0x0,0x18,0x7,
0x13,0xa8,0x1,0x0,0x0,0x18,0xb,0x2f,
0x61,0x2,0x0,0x0,0x3d,0x62,0x2,0x0,
0x0,0x80,0xb,0x18,0xa,0xad,0x63,0x2,
0x0,0x0,0x7,0x0,0x0,0x0,0x1,0x0,
0x0,0x0,0xa,0x0,0x0,0x0,0x2f,0x64,
0x2,0x0,0x0,0x18,0x7,0x13,0xa9,0x1,
0x0,0x0,0x18,0xb,0x2f,0x65,0x2,0x0,
0x0,0x3d,0x66,0x2,0x0,0x0,0x80,0xb,
0x18,0xa,0xad,0x67,0x2,0x0,0x0,0x7,
0x0,0x0,0x0,0x1,0x0,0x0,0x0,0xa,
0x0,0x0,0x0,0x18,0x6,0xd4,0x16,0x6,
0x2,0x0,0x0,0x0,0x0,0x0,0x0,0x0,
0x0,0x0,0x0,0x0,0x0,0x0,0x0,0x0,
0x44,0x0,0x0,0x0,0xd,0x0,0x0,0x0,
0x79,0x0,0x0,0x0,0x0,0x0,0x0,0x0,
0x38,0x0,0x0,0x0,0x0,0x0,0x0,0x0,
0x38,0x0,0x0,0x0,0x0,0x0,0x1,0x0,
0xff,0xff,0xff,0xff,0x7,0x0,0x0,0x0,
0x5a,0x5,0x90,0x0,0x0,0x0,0x0,0x0,
0x0,0x0,0x7,0x0,0x0,0x0,0x0,0x0,
0x0,0x0,0x0,0x0,0x5a,0x5,0x0,0x0,
0x1,0x0,0x0,0x0,0x2f,0x68,0x2,0x0,
0x0,0x3d,0x69,0x2,0x0,0x0,0x18,0x6,
0x2,0x0,0x0,0x0,0x0,0x0,0x0,0x0,
0x44,0x0,0x0,0x0,0xd,0x0,0x0,0x0,
0x3b,0x0,0x0,0x0,0x0,0x0,0x0,0x0,
0x38,0x0,0x0,0x0,0x0,0x0,0x0,0x0,
0x38,0x0,0x0,0x0,0x0,0x0,0x1,0x0,
0xff,0xff,0xff,0xff,0x7,0x0,0x0,0x0,
0x5b,0x5,0x90,0x0,0x0,0x0,0x0,0x0,
0x0,0x0,0x7,0x0,0x0,0x0,0x0,0x0,
0x0,0x0,0x0,0x0,0x5b,0x5,0x0,0x0,
0x1,0x0,0x0,0x0,0x2f,0x6a,0x2,0x0,
0x0,0x3d,0x6b,0x2,0x0,0x0,0x18,0x6,
0x2,0x0,0x0,0x0,0x0,0x0,0x0,0x0,
0x44,0x0,0x0,0x0,0xd,0x0,0x0,0x0,
0x4a,0x0,0x0,0x0,0x0,0x0,0x0,0x0,
0x38,0x0,0x0,0x0,0x0,0x0,0x0,0x0,
0x38,0x0,0x0,0x0,0x0,0x0,0x1,0x0,
0xff,0xff,0xff,0xff,0x7,0x0,0x0,0x0,
0x66,0x5,0xd0,0x0,0x0,0x0,0x0,0x0,
0x0,0x0,0x7,0x0,0x0,0x0,0x0,0x0,
0x0,0x0,0x0,0x0,0x66,0x5,0x0,0x0,
0x1,0x0,0x0,0x0,0x2f,0x6c,0x2,0x0,
0x0,0x3d,0x6d,0x2,0x0,0x0,0x18,0x6,
0x2,0x0,0x0,0x0,0x0,0x0,0x0,0x0,
0x44,0x0,0x0,0x0,0xd,0x0,0x0,0x0,
0x5b,0x0,0x0,0x0,0x0,0x0,0x0,0x0,
0x38,0x0,0x0,0x0,0x0,0x0,0x0,0x0,
0x38,0x0,0x0,0x0,0x0,0x0,0x1,0x0,
0xff,0xff,0xff,0xff,0x7,0x0,0x0,0x0,
0x6a,0x5,0xd0,0x0,0x0,0x0,0x0,0x0,
0x0,0x0,0x7,0x0,0x0,0x0,0x0,0x0,
0x0,0x0,0x0,0x0,0x6a,0x5,0x0,0x0,
0x1,0x0,0x0,0x0,0x2f,0x6e,0x2,0x0,
0x0,0x3d,0x6f,0x2,0x0,0x0,0x18,0x6,
0x2,0x0,0x0,0x0,0x0,0x0,0x0,0x0,
0x44,0x0,0x0,0x0,0xd,0x0,0x0,0x0,
0x5d,0x0,0x0,0x0,0x0,0x0,0x0,0x0,
0x38,0x0,0x0,0x0,0x0,0x0,0x0,0x0,
0x38,0x0,0x0,0x0,0x0,0x0,0x1,0x0,
0xff,0xff,0xff,0xff,0x7,0x0,0x0,0x0,
0x6b,0x5,0xd0,0x0,0x0,0x0,0x0,0x0,
0x0,0x0,0x7,0x0,0x0,0x0,0x0,0x0,
0x0,0x0,0x0,0x0,0x6b,0x5,0x0,0x0,
0x1,0x0,0x0,0x0,0x2f,0x70,0x2,0x0,
0x0,0x3d,0x71,0x2,0x0,0x0,0x18,0x6,
0x2,0x0,0x0,0x0,0x0,0x0,0x0,0x0,
0x44,0x0,0x0,0x0,0xd,0x0,0x0,0x0,
0x13,0x1,0x0,0x0,0x0,0x0,0x0,0x0,
0x38,0x0,0x0,0x0,0x0,0x0,0x0,0x0,
0x38,0x0,0x0,0x0,0x0,0x0,0x1,0x0,
0xff,0xff,0xff,0xff,0x7,0x0,0x0,0x0,
0x79,0x5,0x90,0x0,0x0,0x0,0x0,0x0,
0x0,0x0,0x7,0x0,0x0,0x0,0x0,0x0,
0x0,0x0,0x0,0x0,0x79,0x5,0x0,0x0,
0x1,0x0,0x0,0x0,0x2f,0x72,0x2,0x0,
0x0,0x3d,0x73,0x2,0x0,0x0,0x18,0x6,
0x2,0x0,0x0,0x0,0x0,0x0,0x0,0x0,
0x44,0x0,0x0,0x0,0xd,0x0,0x0,0x0,
0x15,0x1,0x0,0x0,0x0,0x0,0x0,0x0,
0x38,0x0,0x0,0x0,0x0,0x0,0x0,0x0,
0x38,0x0,0x0,0x0,0x0,0x0,0x1,0x0,
0xff,0xff,0xff,0xff,0x7,0x0,0x0,0x0,
0x7a,0x5,0x90,0x0,0x0,0x0,0x0,0x0,
0x0,0x0,0x7,0x0,0x0,0x0,0x0,0x0,
0x0,0x0,0x0,0x0,0x7a,0x5,0x0,0x0,
0x1,0x0,0x0,0x0,0x2f,0x74,0x2,0x0,
0x0,0x3d,0x75,0x2,0x0,0x0,0x18,0x6,
0x2,0x0,0x0,0x0,0x0,0x0,0x0,0x0,
0x44,0x0,0x0,0x0,0x1a,0x0,0x0,0x0,
0x17,0x1,0x0,0x0,0x0,0x0,0x0,0x0,
0x38,0x0,0x0,0x0,0x0,0x0,0x0,0x0,
0x38,0x0,0x0,0x0,0x0,0x0,0x1,0x0,
0xff,0xff,0xff,0xff,0xa,0x0,0x0,0x0,
0x7d,0x5,0x90,0x0,0x0,0x0,0x0,0x0,
0x0,0x0,0x7,0x0,0x0,0x0,0x0,0x0,
0x0,0x0,0x0,0x0,0x7d,0x5,0x0,0x0,
0x1,0x0,0x0,0x0,0x2f,0x76,0x2,0x0,
0x0,0x18,0x7,0x10,0x2,0x9e,0x7,0x18,
0x8,0x4,0x52,0xa2,0x8,0x18,0x9,0x10,
0x28,0xa2,0x9,0x18,0x6,0x2,0x0,0x0,
0x0,0x0,0x0,0x0,0x0,0x0,0x0,0x0,
0x44,0x0,0x0,0x0,0x1a,0x0,0x0,0x0,
0x19,0x1,0x0,0x0,0x0,0x0,0x0,0x0,
0x38,0x0,0x0,0x0,0x0,0x0,0x0,0x0,
0x38,0x0,0x0,0x0,0x0,0x0,0x1,0x0,
0xff,0xff,0xff,0xff,0xa,0x0,0x0,0x0,
0x7e,0x5,0x90,0x0,0x0,0x0,0x0,0x0,
0x0,0x0,0x7,0x0,0x0,0x0,0x0,0x0,
0x0,0x0,0x0,0x0,0x7e,0x5,0x0,0x0,
0x1,0x0,0x0,0x0,0x2f,0x77,0x2,0x0,
0x0,0x18,0x7,0x10,0x2,0x9e,0x7,0x18,
0x8,0x4,0x52,0xa2,0x8,0x18,0x9,0x10,
0xa,0xa2,0x9,0x18,0x6,0x2,0x0,0x0,
0x0,0x0,0x0,0x0,0x0,0x0,0x0,0x0,
0x44,0x0,0x0,0x0,0x4,0x0,0x0,0x0,
0x1c,0x1,0x0,0x0,0x0,0x0,0x0,0x0,
0x38,0x0,0x0,0x0,0x0,0x0,0x0,0x0,
0x38,0x0,0x0,0x0,0x0,0x0,0x1,0x0,
0xff,0xff,0xff,0xff,0x7,0x0,0x0,0x0,
0x82,0x5,0x90,0x0,0x0,0x0,0x0,0x0,
0x0,0x0,0x7,0x0,0x0,0x0,0x0,0x0,
0x0,0x0,0x0,0x0,0x82,0x5,0x0,0x0,
0x1,0x0,0x0,0x0,0xe,0x18,0x6,0x2,
0x0,0x0,0x0,0x0,0x0,0x0,0x0,0x0,
0x44,0x0,0x0,0x0,0x4,0x0,0x0,0x0,
0x1f,0x1,0x0,0x0,0x0,0x0,0x0,0x0,
0x38,0x0,0x0,0x0,0x0,0x0,0x0,0x0,
0x38,0x0,0x0,0x0,0x0,0x0,0x1,0x0,
0xff,0xff,0xff,0xff,0x7,0x0,0x0,0x0,
0x83,0x5,0x90,0x0,0x0,0x0,0x0,0x0,
0x0,0x0,0x7,0x0,0x0,0x0,0x0,0x0,
0x0,0x0,0x0,0x0,0x83,0x5,0x0,0x0,
0x1,0x0,0x0,0x0,0xe,0x18,0x6,0x2,
0x0,0x0,0x0,0x0,0x0,0x0,0x0,0x0,
0x4c,0x0,0x0,0x0,0x20,0x0,0x0,0x0,
0x20,0x1,0x0,0x0,0x1,0x0,0x1,0x0,
0x38,0x0,0x0,0x0,0x0,0x0,0x0,0x0,
0x40,0x0,0x0,0x0,0x0,0x0,0x1,0x0,
0xff,0xff,0xff,0xff,0xb,0x0,0x0,0x0,
0x86,0x5,0x90,0x0,0x0,0x0,0x0,0x0,
0x0,0x0,0x8,0x0,0x0,0x0,0x0,0x0,
0x44,0x0,0x0,0x0,0x0,0x0,0x0,0x0,
0x0,0x0,0x0,0x0,0x87,0x5,0x0,0x0,
0x1,0x0,0x0,0x0,0x2f,0x78,0x2,0x0,
0x0,0xa2,0x6,0x18,0x8,0x2f,0x79,0x2,
0x0,0x0,0x9c,0x8,0x18,0x9,0x2f,0x7a,
0x2,0x0,0x0,0x18,0xa,0x10,0x2,0x9e,
0xa,0x80,0x9,0x2,0x0,0x0,0x0,0x0,
0x4c,0x0,0x0,0x0,0x20,0x0,0x0,0x0,
0x21,0x1,0x0,0x0,0x1,0x0,0x1,0x0,
0x38,0x0,0x0,0x0,0x0,0x0,0x0,0x0,
0x40,0x0,0x0,0x0,0x0,0x0,0x1,0x0,
0xff,0xff,0xff,0xff,0xb,0x0,0x0,0x0,
0x8a,0x5,0x90,0x0,0x0,0x0,0x0,0x0,
0x0,0x0,0x8,0x0,0x0,0x0,0x0,0x0,
0x45,0x0,0x0,0x0,0x0,0x0,0x0,0x0,
0x0,0x0,0x0,0x0,0x8b,0x5,0x0,0x0,
0x1,0x0,0x0,0x0,0x2f,0x7b,0x2,0x0,
0x0,0x18,0x8,0x10,0x2,0x9e,0x8,0x18,
0x9,0x2f,0x7c,0x2,0x0,0x0,0xa2,0x6,
0x18,0xa,0x2f,0x7d,0x2,0x0,0x0,0x9c,
0xa,0xa2,0x9,0x2,0x0,0x0,0x0,0x0,
0x44,0x0,0x0,0x0,0xd,0x0,0x0,0x0,
0x79,0x0,0x0,0x0,0x0,0x0,0x0,0x0,
0x38,0x0,0x0,0x0,0x0,0x0,0x0,0x0,
0x38,0x0,0x0,0x0,0x0,0x0,0x1,0x0,
0xff,0xff,0xff,0xff,0x7,0x0,0x0,0x0,
0x8e,0x5,0x90,0x0,0x0,0x0,0x0,0x0,
0x0,0x0,0x7,0x0,0x0,0x0,0x0,0x0,
0x0,0x0,0x0,0x0,0x8e,0x5,0x0,0x0,
0x1,0x0,0x0,0x0,0x2f,0x7e,0x2,0x0,
0x0,0x3d,0x7f,0x2,0x0,0x0,0x18,0x6,
0x2,0x0,0x0,0x0,0x0,0x0,0x0,0x0,
0x44,0x0,0x0,0x0,0xd,0x0,0x0,0x0,
0x3b,0x0,0x0,0x0,0x0,0x0,0x0,0x0,
0x38,0x0,0x0,0x0,0x0,0x0,0x0,0x0,
0x38,0x0,0x0,0x0,0x0,0x0,0x1,0x0,
0xff,0xff,0xff,0xff,0x7,0x0,0x0,0x0,
0x8f,0x5,0x90,0x0,0x0,0x0,0x0,0x0,
0x0,0x0,0x7,0x0,0x0,0x0,0x0,0x0,
0x0,0x0,0x0,0x0,0x8f,0x5,0x0,0x0,
0x1,0x0,0x0,0x0,0x2f,0x80,0x2,0x0,
0x0,0x3d,0x81,0x2,0x0,0x0,0x18,0x6,
0x2,0x0,0x0,0x0,0x0,0x0,0x0,0x0,
0x44,0x0,0x0,0x0,0xd,0x0,0x0,0x0,
0x3d,0x0,0x0,0x0,0x0,0x0,0x0,0x0,
0x38,0x0,0x0,0x0,0x0,0x0,0x0,0x0,
0x38,0x0,0x0,0x0,0x0,0x0,0x1,0x0,
0xff,0xff,0xff,0xff,0x7,0x0,0x0,0x0,
0x90,0x5,0x90,0x0,0x0,0x0,0x0,0x0,
0x0,0x0,0x7,0x0,0x0,0x0,0x0,0x0,
0x0,0x0,0x0,0x0,0x90,0x5,0x0,0x0,
0x1,0x0,0x0,0x0,0x2f,0x82,0x2,0x0,
0x0,0x3d,0x83,0x2,0x0,0x0,0x18,0x6,
0x2,0x0,0x0,0x0,0x0,0x0,0x0,0x0,
0x44,0x0,0x0,0x0,0x8,0x0,0x0,0x0,
0x14,0x0,0x0,0x0,0x0,0x0,0x0,0x0,
0x38,0x0,0x0,0x0,0x0,0x0,0x0,0x0,
0x38,0x0,0x0,0x0,0x0,0x0,0x1,0x0,
0xff,0xff,0xff,0xff,0x7,0x0,0x0,0x0,
0x9d,0x5,0x10,0x1,0x0,0x0,0x0,0x0,
0x0,0x0,0x7,0x0,0x0,0x0,0x0,0x0,
0x0,0x0,0x0,0x0,0x9d,0x5,0x0,0x0,
0x1,0x0,0x0,0x0,0x2f,0x84,0x2,0x0,
0x0,0x18,0x6,0x2,0x0,0x0,0x0,0x0,
0x44,0x0,0x0,0x0,0x6,0x0,0x0,0x0,
0x28,0x1,0x0,0x0,0x0,0x0,0x0,0x0,
0x38,0x0,0x0,0x0,0x0,0x0,0x0,0x0,
0x38,0x0,0x0,0x0,0x0,0x0,0x1,0x0,
0xff,0xff,0xff,0xff,0x7,0x0,0x0,0x0,
0xa4,0x5,0x10,0x1,0x0,0x0,0x0,0x0,
0x0,0x0,0x7,0x0,0x0,0x0,0x0,0x0,
0x0,0x0,0x0,0x0,0xa4,0x5,0x0,0x0,
0x1,0x0,0x0,0x0,0xe8,0x0,0x0,0x18,
0x6,0x2,0x0,0x0,0x0,0x0,0x0,0x0,
0xd8,0x0,0x0,0x0,0x17,0x1,0x0,0x0,
0x2a,0x1,0x0,0x0,0x0,0x0,0x0,0x0,
0x38,0x0,0x0,0x0,0x0,0x0,0x0,0x0,
0x38,0x0,0x0,0x0,0x0,0x0,0xd,0x0,
0xff,0xff,0xff,0xff,0x10,0x0,0x0,0x0,
0xa6,0x5,0x10,0x1,0x1,0x0,0x0,0x0,
0x0,0x0,0x9,0x0,0x0,0x0,0x0,0x0,
0x0,0x0,0x0,0x0,0xa6,0x5,0x0,0x0,
0x0,0x0,0x0,0x0,0x1,0x0,0x0,0x0,
0xa7,0x5,0x0,0x0,0x2,0x0,0x0,0x0,
0x17,0x0,0x0,0x0,0xa8,0x5,0x0,0x0,
0x4,0x0,0x0,0x0,0x3c,0x0,0x0,0x0,
0xa9,0x5,0x0,0x0,0x6,0x0,0x0,0x0,
0x47,0x0,0x0,0x0,0xaa,0x5,0x0,0x0,
0x8,0x0,0x0,0x0,0x55,0x0,0x0,0x0,
0xac,0x5,0x0,0x0,0x9,0x0,0x0,0x0,
0x6a,0x0,0x0,0x0,0xad,0x5,0x0,0x0,
0xc,0x0,0x0,0x0,0x7b,0x0,0x0,0x0,
0xae,0x5,0x0,0x0,0xe,0x0,0x0,0x0,
0xae,0x0,0x0,0x0,0xaf,0x5,0x0,0x0,
0xf,0x0,0x0,0x0,0xc3,0x0,0x0,0x0,
0xb0,0x5,0x0,0x0,0x12,0x0,0x0,0x0,
0xf8,0x0,0x0,0x0,0xb1,0x5,0x0,0x0,
0x13,0x0,0x0,0x0,0x0,0x1,0x0,0x0,
0xb2,0x5,0x0,0x0,0x14,0x0,0x0,0x0,
0x13,0x1,0x0,0x0,0xb4,0x5,0x0,0x0,
0x14,0x0,0x0,0x0,0xb2,0x0,0x0,0x0,
0xca,0x13,0xaa,0x1,0x0,0x0,0x18,0xb,
0xb5,0x85,0x2,0x0,0x0,0x1,0x0,0x0,
0x0,0xb,0x0,0x0,0x0,0x18,0x7,0x14,
0x50,0xb,0x14,0x50,0xc,0x2f,0x86,0x2,
0x0,0x0,0x18,0xd,0x2f,0x87,0x2,0x0,
0x0,0x18,0xe,0xad,0x88,0x2,0x0,0x0,
0x7,0x0,0x0,0x0,0x4,0x0,0x0,0x0,
0xb,0x0,0x0,0x0,0x10,0x2,0x43,0x89,
0x2,0x0,0x0,0x7,0x0,0x0,0x0,0x13,
0xaf,0x1,0x0,0x0,0x43,0x8a,0x2,0x0,
0x0,0x7,0x0,0x0,0x0,0x2f,0x8b,0x2,
0x0,0x0,0x3d,0x8c,0x2,0x0,0x0,0x18,
0x9,0x10,0x1,0x64,0x9,0x51,0xa9,0x0,
0x0,0x0,0xad,0x8d,0x2,0x0,0x0,0x7,
0x0,0x0,0x0,0x0,0x0,0x0,0x0,0x0,
0x0,0x0,0x0,0x2f,0x8e,0x2,0x0,0x0,
0x18,0xe,0x6,0x34,0xe,0x3d,0x8f,0x2,
0x0,0x0,0x18,0xc,0x2f,0x90,0x2,0x0,
0x0,0x18,0xe,0x6,0x34,0xe,0x3d,0x91,
0x2,0x0,0x0,0x18,0xd,0xad,0x92,0x2,
0x0,0x0,0x7,0x0,0x0,0x0,0x2,0x0,
0x0,0x0,0xc,0x0,0x0,0x0,0x10,0x1,
0x18,0x8,0x1a,0x8,0xa,0x2f,0x93,0x2,
0x0,0x0,0x3d,0x94,0x2,0x0,0x0,0x68,
0xa,0x50,0x3d,0x2f,0x95,0x2,0x0,0x0,
0x18,0xf,0x16,0x8,0x34,0xf,0x3d,0x96,
0x2,0x0,0x0,0x18,0xd,0x2f,0x97,0x2,
0x0,0x0,0x18,0xf,0x16,0x8,0x34,0xf,
0x3d,0x98,0x2,0x0,0x0,0x18,0xe,0xad,
0x99,0x2,0x0,0x0,0x7,0x0,0x0,0x0,
0x2,0x0,0x0,0x0,0xd,0x0,0x0,0x0,
0x16,0x8,0x7c,0x18,0x8,0x56,0x4c,0xb2,
0xad,0x9a,0x2,0x0,0x0,0x7,0x0,0x0,
0x0,0x0,0x0,0x0,0x0,0x0,0x0,0x0,
0x0,0x18,0x6,0xd4,0x16,0x6,0x2,0x0,
0x0,0x0,0x0,0x0,0x0,0x0,0x0,0x0,
0x44,0x0,0x0,0x0,0x8,0x0,0x0,0x0,
0x14,0x0,0x0,0x0,0x0,0x0,0x0,0x0,
0x38,0x0,0x0,0x0,0x0,0x0,0x0,0x0,
0x38,0x0,0x0,0x0,0x0,0x0,0x1,0x0,
0xff,0xff,0xff,0xff,0x7,0x0,0x0,0x0,
0xa3,0x5,0x10,0x1,0x0,0x0,0x0,0x0,
0x0,0x0,0x7,0x0,0x0,0x0,0x0,0x0,
0x0,0x0,0x0,0x0,0xa3,0x5,0x0,0x0,
0x1,0x0,0x0,0x0,0x2f,0x9b,0x2,0x0,
0x0,0x18,0x6,0x2,0x0,0x0,0x0,0x0,
0x44,0x0,0x0,0x0,0xd,0x0,0x0,0x0,
0x8d,0x0,0x0,0x0,0x0,0x0,0x0,0x0,
0x38,0x0,0x0,0x0,0x0,0x0,0x0,0x0,
0x38,0x0,0x0,0x0,0x0,0x0,0x1,0x0,
0xff,0xff,0xff,0xff,0x7,0x0,0x0,0x0,
0xbd,0x5,0x10,0x1,0x0,0x0,0x0,0x0,
0x0,0x0,0x7,0x0,0x0,0x0,0x0,0x0,
0x0,0x0,0x0,0x0,0xbd,0x5,0x0,0x0,
0x1,0x0,0x0,0x0,0x2f,0x9c,0x2,0x0,
0x0,0x3d,0x9d,0x2,0x0,0x0,0x18,0x6,
0x2,0x0,0x0,0x0,0x0,0x0,0x0,0x0,
0x44,0x0,0x0,0x0,0xd,0x0,0x0,0x0,
0x8e,0x0,0x0,0x0,0x0,0x0,0x0,0x0,
0x38,0x0,0x0,0x0,0x0,0x0,0x0,0x0,
0x38,0x0,0x0,0x0,0x0,0x0,0x1,0x0,
0xff,0xff,0xff,0xff,0x7,0x0,0x0,0x0,
0xbe,0x5,0x10,0x1,0x0,0x0,0x0,0x0,
0x0,0x0,0x7,0x0,0x0,0x0,0x0,0x0,
0x0,0x0,0x0,0x0,0xbe,0x5,0x0,0x0,
0x1,0x0,0x0,0x0,0x2f,0x9e,0x2,0x0,
0x0,0x3d,0x9f,0x2,0x0,0x0,0x18,0x6,
0x2,0x0,0x0,0x0,0x0,0x0,0x0,0x0,
0x44,0x0,0x0,0x0,0xd,0x0,0x0,0x0,
0x2e,0x1,0x0,0x0,0x0,0x0,0x0,0x0,
0x38,0x0,0x0,0x0,0x0,0x0,0x0,0x0,
0x38,0x0,0x0,0x0,0x0,0x0,0x1,0x0,
0xff,0xff,0xff,0xff,0x7,0x0,0x0,0x0,
0xbf,0x5,0x10,0x1,0x0,0x0,0x0,0x0,
0x0,0x0,0x7,0x0,0x0,0x0,0x0,0x0,
0x0,0x0,0x0,0x0,0xbf,0x5,0x0,0x0,
0x1,0x0,0x0,0x0,0x2f,0xa0,0x2,0x0,
0x0,0x3d,0xa1,0x2,0x0,0x0,0x18,0x6,
0x2,0x0,0x0,0x0,0x0,0x0,0x0,0x0,
0x44,0x0,0x0,0x0,0xd,0x0,0x0,0x0,
0x30,0x1,0x0,0x0,0x0,0x0,0x0,0x0,
0x38,0x0,0x0,0x0,0x0,0x0,0x0,0x0,
0x38,0x0,0x0,0x0,0x0,0x0,0x1,0x0,
0xff,0xff,0xff,0xff,0x7,0x0,0x0,0x0,
0xc0,0x5,0x10,0x1,0x0,0x0,0x0,0x0,
0x0,0x0,0x7,0x0,0x0,0x0,0x0,0x0,
0x0,0x0,0x0,0x0,0xc0,0x5,0x0,0x0,
0x1,0x0,0x0,0x0,0x2f,0xa2,0x2,0x0,
0x0,0x3d,0xa3,0x2,0x0,0x0,0x18,0x6,
0x2,0x0,0x0,0x0,0x0,0x0,0x0,0x0,
0x44,0x0,0x0,0x0,0x8,0x0,0x0,0x0,
0x2c,0x0,0x0,0x0,0x0,0x0,0x0,0x0,
0x38,0x0,0x0,0x0,0x0,0x0,0x0,0x0,
0x38,0x0,0x0,0x0,0x0,0x0,0x1,0x0,
0xff,0xff,0xff,0xff,0x7,0x0,0x0,0x0,
0xd1,0x5,0xd0,0x0,0x0,0x0,0x0,0x0,
0x0,0x0,0x7,0x0,0x0,0x0,0x0,0x0,
0x0,0x0,0x0,0x0,0xd1,0x5,0x0,0x0,
0x1,0x0,0x0,0x0,0x2f,0xa4,0x2,0x0,
0x0,0x18,0x6,0x2,0x0,0x0,0x0,0x0,
0xdc,0x0,0x0,0x0,0x9e,0x1,0x0,0x0,
0x34,0x1,0x0,0x0,0x1,0x0,0x1,0x0,
0x38,0x0,0x0,0x0,0x0,0x0,0x0,0x0,
0x40,0x0,0x0,0x0,0x0,0x0,0xd,0x0,
0xff,0xff,0xff,0xff,0x15,0x0,0x0,0x0,
0xd3,0x5,0xd0,0x0,0x0,0x0,0x0,0x0,
0x0,0x0,0xc,0x0,0x0,0x0,0x0,0x0,
0x35,0x1,0x0,0x0,0x0,0x0,0x0,0x0,
0x0,0x0,0x0,0x0,0xd4,0x5,0x0,0x0,
0x1,0x0,0x0,0x0,0x1a,0x0,0x0,0x0,
0xd5,0x5,0x0,0x0,0x2,0x0,0x0,0x0,
0x28,0x0,0x0,0x0,0xd6,0x5,0x0,0x0,
0x3,0x0,0x0,0x0,0x36,0x0,0x0,0x0,
0xd7,0x5,0x0,0x0,0x4,0x0,0x0,0x0,
0x3f,0x0,0x0,0x0,0xd9,0x5,0x0,0x0,
0x6,0x0,0x0,0x0,0x6b,0x0,0x0,0x0,
0xdb,0x5,0x0,0x0,0x7,0x0,0x0,0x0,
0x8d,0x0,0x0,0x0,0xdc,0x5,0x0,0x0,
0xa,0x0,0x0,0x0,0x9f,0x0,0x0,0x0,
0xdd,0x5,0x0,0x0,0xc,0x0,0x0,0x0,
0xb1,0x0,0x0,0x0,0xde,0x5,0x0,0x0,
0xe,0x0,0x0,0x0,0xd6,0x0,0x0,0x0,
0xe1,0x5,0x0,0x0,0x10,0x0,0x0,0x0,
0xfe,0x0,0x0,0x0,0xe2,0x5,0x0,0x0,
0x12,0x0,0x0,0x0,0x26,0x1,0x0,0x0,
0xe3,0x5,0x0,0x0,0x14,0x0,0x0,0x0,
0x9c,0x1,0x0,0x0,0xe4,0x5,0x0,0x0,
0x14,0x0,0x0,0x0,0x2f,0xa5,0x2,0x0,
0x0,0x18,0xc,0xad,0xa6,0x2,0x0,0x0,
0xc,0x0,0x0,0x0,0x1,0x0,0x0,0x0,
0x6,0x0,0x0,0x0,0x18,0x8,0x16,0x8,
0x3d,0xa7,0x2,0x0,0x0,0x3d,0xa8,0x2,
0x0,0x0,0x18,0xa,0x16,0x8,0x3d,0xa9,
0x2,0x0,0x0,0x3d,0xaa,0x2,0x0,0x0,
0x18,0xb,0x16,0x8,0x3d,0xab,0x2,0x0,
0x0,0x18,0x9,0x2f,0xac,0x2,0x0,0x0,
0x18,0xc,0x13,0xb8,0x1,0x0,0x0,0x18,
0xf,0x1a,0xa,0x10,0x13,0xb9,0x1,0x0,
0x0,0x18,0x11,0x1a,0xb,0x12,0xad,0xad,
0x2,0x0,0x0,0xc,0x0,0x0,0x0,0x4,
0x0,0x0,0x0,0xf,0x0,0x0,0x0,0x2f,
0xae,0x2,0x0,0x0,0x3d,0xaf,0x2,0x0,
0x0,0x18,0xc,0xe,0x6c,0xc,0x4e,0x11,
0x2f,0xb0,0x2,0x0,0x0,0x3d,0xb1,0x2,
0x0,0x0,0x18,0xd,0xe,0x6c,0xd,0x50,
0x49,0x2f,0xb2,0x2,0x0,0x0,0x18,0xe,
0x16,0xa,0x43,0xb3,0x2,0x0,0x0,0xe,
0x0,0x0,0x0,0x2f,0xb4,0x2,0x0,0x0,
0x18,0xe,0x16,0xb,0x43,0xb5,0x2,0x0,
0x0,0xe,0x0,0x0,0x0,0x2f,0xb6,0x2,
0x0,0x0,0x18,0xe,0x13,0xba,0x1,0x0,
0x0,0x18,0x11,0x1a,0xa,0x12,0x1a,0xb,
0x13,0xad,0xb7,0x2,0x0,0x0,0xe,0x0,
0x0,0x0,0x3,0x0,0x0,0x0,0x11,0x0,
0x0,0x0,0x2f,0xb8,0x2,0x0,0x0,0x18,
0xc,0x2f,0xb9,0x2,0x0,0x0,0x18,0xd,
0xad,0xba,0x2,0x0,0x0,0xd,0x0,0x0,
0x0,0x1,0x0,0x0,0x0,0xa,0x0,0x0,
0x0,0x43,0xbb,0x2,0x0,0x0,0xc,0x0,
0x0,0x0,0x2f,0xbc,0x2,0x0,0x0,0x18,
0xc,0x2f,0xbd,0x2,0x0,0x0,0x18,0xd,
0xad,0xbe,0x2,0x0,0x0,0xd,0x0,0x0,
0x0,0x1,0x0,0x0,0x0,0xb,0x0,0x0,
0x0,0x43,0xbf,0x2,0x0,0x0,0xc,0x0,
0x0,0x0,0x2f,0xc0,0x2,0x0,0x0,0x18,
0xc,0x2f,0xc1,0x2,0x0,0x0,0x18,0xd,
0x14,0x53,0x12,0x16,0x9,0x3d,0xc2,0x2,
0x0,0x0,0x18,0x13,0x16,0x9,0x3d,0xc3,
0x2,0x0,0x0,0x9c,0x13,0x9c,0x12,0x18,
0x10,0x14,0x54,0x12,0x14,0x53,0x13,0x16,
0x9,0x3d,0xc4,0x2,0x0,0x0,0x18,0x14,
0x16,0x9,0x3d,0xc5,0x2,0x0,0x0,0x9c,
0x14,0x9c,0x13,0xa2,0x12,0x18,0x11,0xad,
0xc6,0x2,0x0,0x0,0xd,0x0,0x0,0x0,
0x2,0x0,0x0,0x0,0x10,0x0,0x0,0x0,
0x18,0xd,0x11,0xb4,0x0,0x0,0x0,0x9c,
0xd,0x18,0xe,0x2f,0xc7,0x2,0x0,0x0,
0x3d,0xc8,0x2,0x0,0x0,0x9e,0xe,0x43,
0xc9,0x2,0x0,0x0,0xc,0x0,0x0,0x0,
0xe,0x2,0x0,0x0,0x0,0x0,0x0,0x0,
0x94,0x0,0x0,0x0,0xa0,0x0,0x0,0x0,
0x36,0x1,0x0,0x0,0x1,0x0,0x1,0x0,
0x38,0x0,0x0,0x0,0x0,0x0,0x0,0x0,
0x40,0x0,0x0,0x0,0x0,0x0,0x7,0x0,
0xff,0xff,0xff,0xff,0xf,0x0,0x0,0x0,
0xe6,0x5,0xd0,0x0,0x0,0x0,0x0,0x0,
0x0,0x0,0x9,0x0,0x0,0x0,0x0,0x0,
0x35,0x1,0x0,0x0,0x0,0x0,0x0,0x0,
0x0,0x0,0x0,0x0,0xe7,0x5,0x0,0x0,
0x1,0x0,0x0,0x0,0x1a,0x0,0x0,0x0,
0xe9,0x5,0x0,0x0,0x2,0x0,0x0,0x0,
0x3c,0x0,0x0,0x0,0xea,0x5,0x0,0x0,
0x5,0x0,0x0,0x0,0x5b,0x0,0x0,0x0,
0xeb,0x5,0x0,0x0,0x6,0x0,0x0,0x0,
0x5d,0x0,0x0,0x0,0xee,0x5,0x0,0x0,
0x8,0x0,0x0,0x0,0x85,0x0,0x0,0x0,
0xf2,0x5,0x0,0x0,0xa,0x0,0x0,0x0,
0x9d,0x0,0x0,0x0,0xf3,0x5,0x0,0x0,
0xa,0x0,0x0,0x0,0x2f,0xca,0x2,0x0,
0x0,0x18,0x9,0xad,0xcb,0x2,0x0,0x0,
0x9,0x0,0x0,0x0,0x1,0x0,0x0,0x0,
0x6,0x0,0x0,0x0,0x18,0x8,0x2f,0xcc,
0x2,0x0,0x0,0x3d,0xcd,0x2,0x0,0x0,
0x18,0x9,0xe,0x6c,0x9,0x4e,0x11,0x2f,
0xce,0x2,0x0,0x0,0x3d,0xcf,0x2,0x0,
0x0,0x18,0xa,0xe,0x6c,0xa,0x50,0x21,
0x2f,0xd0,0x2,0x0,0x0,0x18,0xb,0x13,
0xbe,0x1,0x0,0x0,0x18,0xe,0xad,0xd1,
0x2,0x0,0x0,0xb,0x0,0x0,0x0,0x1,
0x0,0x0,0x0,0xe,0x0,0x0,0x0,0xe,
0x2,0x2f,0xd2,0x2,0x0,0x0,0x18,0x9,
0x29,0x1e,0x1,0x0,0x0,0x18,0xc,0xad,
0xdd,0x2,0x0,0x0,0x8,0x0,0x0,0x0,
0x1,0x0,0x0,0x0,0xc,0x0,0x0,0x0,
0x43,0xde,0x2,0x0,0x0,0x9,0x0,0x0,
0x0,0x2f,0xdf,0x2,0x0,0x0,0x18,0x9,
0xad,0xe0,0x2,0x0,0x0,0x9,0x0,0x0,
0x0,0x0,0x0,0x0,0x0,0x0,0x0,0x0,
0x0,0x16,0x7,0x2,0x0,0x0,0x0,0x0,
0x0,0x0,0x0,0x0,0x0,0x0,0x0,0x0,
0x58,0x0,0x0,0x0,0x5f,0x0,0x0,0x0,
0x0,0x0,0x0,0x0,0x1,0x0,0x1,0x0,
0x38,0x0,0x0,0x0,0x0,0x0,0x0,0x0,
0x40,0x0,0x0,0x0,0x0,0x0,0x2,0x0,
0xff,0xff,0xff,0xff,0xd,0x0,0x0,0x0,
0xee,0x5,0x10,0x3,0x0,0x0,0x0,0x0,
0x0,0x0,0x8,0x0,0x0,0x0,0x2,0x0,
0xf4,0x1,0x0,0x0,0x0,0x0,0x0,0x0,
0x0,0x0,0x0,0x0,0xef,0x5,0x0,0x0,
0x1,0x0,0x0,0x0,0x2d,0x0,0x0,0x0,
0xf0,0x5,0x0,0x0,0x1,0x0,0x0,0x0,
0x2f,0xd3,0x2,0x0,0x0,0x18,0x8,0x16,
0x6,0x3d,0xd4,0x2,0x0,0x0,0x3d,0xd5,
0x2,0x0,0x0,0x3d,0xd6,0x2,0x0,0x0,
0x18,0xb,0xad,0xd7,0x2,0x0,0x0,0x8,
0x0,0x0,0x0,0x1,0x0,0x0,0x0,0xb,
0x0,0x0,0x0,0x18,0x8,0x2f,0xd8,0x2,
0x0,0x0,0x18,0x9,0x16,0x6,0x3d,0xd9,
0x2,0x0,0x0,0x3d,0xda,0x2,0x0,0x0,
0x3d,0xdb,0x2,0x0,0x0,0x18,0xc,0xad,
0xdc,0x2,0x0,0x0,0x9,0x0,0x0,0x0,
0x1,0x0,0x0,0x0,0xc,0x0,0x0,0x0,
0x18,0x9,0xea,0x0,0x2,0x8,0x2,0x0,
0x44,0x0,0x0,0x0,0xd,0x0,0x0,0x0,
0xb9,0x0,0x0,0x0,0x0,0x0,0x0,0x0,
0x38,0x0,0x0,0x0,0x0,0x0,0x0,0x0,
0x38,0x0,0x0,0x0,0x0,0x0,0x1,0x0,
0xff,0xff,0xff,0xff,0x7,0x0,0x0,0x0,
0x3,0x6,0x90,0x0,0x0,0x0,0x0,0x0,
0x0,0x0,0x7,0x0,0x0,0x0,0x0,0x0,
0x0,0x0,0x0,0x0,0x3,0x6,0x0,0x0,
0x1,0x0,0x0,0x0,0x2f,0xe1,0x2,0x0,
0x0,0x3d,0xe2,0x2,0x0,0x0,0x18,0x6,
0x2,0x0,0x0,0x0,0x0,0x0,0x0,0x0,
0x68,0x0,0x0,0x0,0x2c,0x0,0x0,0x0,
0x81,0x0,0x0,0x0,0x0,0x0,0x0,0x0,
0x38,0x0,0x0,0x0,0x0,0x0,0x0,0x0,
0x38,0x0,0x0,0x0,0x0,0x0,0x4,0x0,
0xff,0xff,0xff,0xff,0x9,0x0,0x0,0x0,
0x14,0x6,0x90,0x0,0x0,0x0,0x0,0x0,
0x0,0x0,0x7,0x0,0x0,0x0,0x0,0x0,
0x0,0x0,0x0,0x0,0x14,0x6,0x0,0x0,
0x0,0x0,0x0,0x0,0x1,0x0,0x0,0x0,
0x15,0x6,0x0,0x0,0x3,0x0,0x0,0x0,
0x12,0x0,0x0,0x0,0x16,0x6,0x0,0x0,
0x4,0x0,0x0,0x0,0x28,0x0,0x0,0x0,
0x17,0x6,0x0,0x0,0x4,0x0,0x0,0x0,
0xca,0x2f,0xe3,0x2,0x0,0x0,0x18,0x7,
0xa,0x43,0xe4,0x2,0x0,0x0,0x7,0x0,
0x0,0x0,0x2f,0xe5,0x2,0x0,0x0,0x18,
0x7,0x8,0x18,0x8,0x43,0xe6,0x2,0x0,
0x0,0x7,0x0,0x0,0x0,0x1a,0x8,0x6,
0xd4,0x16,0x6,0x2,0x0,0x0,0x0,0x0,
0x0,0x0,0x0,0x0,0x0,0x0,0x0,0x0,
0x44,0x0,0x0,0x0,0xd,0x0,0x0,0x0,
0x71,0x0,0x0,0x0,0x0,0x0,0x0,0x0,
0x38,0x0,0x0,0x0,0x0,0x0,0x0,0x0,
0x38,0x0,0x0,0x0,0x0,0x0,0x1,0x0,
0xff,0xff,0xff,0xff,0x7,0x0,0x0,0x0,
0xfc,0x5,0x90,0x0,0x0,0x0,0x0,0x0,
0x0,0x0,0x7,0x0,0x0,0x0,0x0,0x0,
0x0,0x0,0x0,0x0,0xfc,0x5,0x0,0x0,
0x1,0x0,0x0,0x0,0x2f,0xe7,0x2,0x0,
0x0,0x3d,0xe8,0x2,0x0,0x0,0x18,0x6,
0x2,0x0,0x0,0x0,0x0,0x0,0x0,0x0,
0x44,0x0,0x0,0x0,0xd,0x0,0x0,0x0,
0x59,0x0,0x0,0x0,0x0,0x0,0x0,0x0,
0x38,0x0,0x0,0x0,0x0,0x0,0x0,0x0,
0x38,0x0,0x0,0x0,0x0,0x0,0x1,0x0,
0xff,0xff,0xff,0xff,0x7,0x0,0x0,0x0,
0xfd,0x5,0x90,0x0,0x0,0x0,0x0,0x0,
0x0,0x0,0x7,0x0,0x0,0x0,0x0,0x0,
0x0,0x0,0x0,0x0,0xfd,0x5,0x0,0x0,
0x1,0x0,0x0,0x0,0x2f,0xe9,0x2,0x0,
0x0,0x3d,0xea,0x2,0x0,0x0,0x18,0x6,
0x2,0x0,0x0,0x0,0x0,0x0,0x0,0x0,
0x44,0x0,0x0,0x0,0xd,0x0,0x0,0x0,
0x4a,0x0,0x0,0x0,0x0,0x0,0x0,0x0,
0x38,0x0,0x0,0x0,0x0,0x0,0x0,0x0,
0x38,0x0,0x0,0x0,0x0,0x0,0x1,0x0,
0xff,0xff,0xff,0xff,0x7,0x0,0x0,0x0,
0xb,0x6,0xd0,0x0,0x0,0x0,0x0,0x0,
0x0,0x0,0x7,0x0,0x0,0x0,0x0,0x0,
0x0,0x0,0x0,0x0,0xb,0x6,0x0,0x0,
0x1,0x0,0x0,0x0,0x2f,0xeb,0x2,0x0,
0x0,0x3d,0xec,0x2,0x0,0x0,0x18,0x6,
0x2,0x0,0x0,0x0,0x0,0x0,0x0,0x0,
0x44,0x0,0x0,0x0,0xd,0x0,0x0,0x0,
0x5b,0x0,0x0,0x0,0x0,0x0,0x0,0x0,
0x38,0x0,0x0,0x0,0x0,0x0,0x0,0x0,
0x38,0x0,0x0,0x0,0x0,0x0,0x1,0x0,
0xff,0xff,0xff,0xff,0x7,0x0,0x0,0x0,
0xd,0x6,0xd0,0x0,0x0,0x0,0x0,0x0,
0x0,0x0,0x7,0x0,0x0,0x0,0x0,0x0,
0x0,0x0,0x0,0x0,0xd,0x6,0x0,0x0,
0x1,0x0,0x0,0x0,0x2f,0xed,0x2,0x0,
0x0,0x3d,0xee,0x2,0x0,0x0,0x18,0x6,
0x2,0x0,0x0,0x0,0x0,0x0,0x0,0x0,
0x44,0x0,0x0,0x0,0xd,0x0,0x0,0x0,
0x5d,0x0,0x0,0x0,0x0,0x0,0x0,0x0,
0x38,0x0,0x0,0x0,0x0,0x0,0x0,0x0,
0x38,0x0,0x0,0x0,0x0,0x0,0x1,0x0,
0xff,0xff,0xff,0xff,0x7,0x0,0x0,0x0,
0xe,0x6,0xd0,0x0,0x0,0x0,0x0,0x0,
0x0,0x0,0x7,0x0,0x0,0x0,0x0,0x0,
0x0,0x0,0x0,0x0,0xe,0x6,0x0,0x0,
0x1,0x0,0x0,0x0,0x2f,0xef,0x2,0x0,
0x0,0x3d,0xf0,0x2,0x0,0x0,0x18,0x6,
0x2,0x0,0x0,0x0,0x0,0x0,0x0,0x0,
0x44,0x0,0x0,0x0,0x8,0x0,0x0,0x0,
0x1c,0x0,0x0,0x0,0x0,0x0,0x0,0x0,
0x38,0x0,0x0,0x0,0x0,0x0,0x0,0x0,
0x38,0x0,0x0,0x0,0x0,0x0,0x1,0x0,
0xff,0xff,0xff,0xff,0x7,0x0,0x0,0x0,
0x11,0x6,0xd0,0x0,0x0,0x0,0x0,0x0,
0x0,0x0,0x7,0x0,0x0,0x0,0x0,0x0,
0x0,0x0,0x0,0x0,0x11,0x6,0x0,0x0,
0x1,0x0,0x0,0x0,0x2f,0xf1,0x2,0x0,
0x0,0x18,0x6,0x2,0x0,0x0,0x0,0x0,
0x44,0x0,0x0,0x0,0x8,0x0,0x0,0x0,
0x14,0x0,0x0,0x0,0x0,0x0,0x0,0x0,
0x38,0x0,0x0,0x0,0x0,0x0,0x0,0x0,
0x38,0x0,0x0,0x0,0x0,0x0,0x1,0x0,
0xff,0xff,0xff,0xff,0x7,0x0,0x0,0x0,
0x1f,0x6,0x50,0x0,0x0,0x0,0x0,0x0,
0x0,0x0,0x7,0x0,0x0,0x0,0x0,0x0,
0x0,0x0,0x0,0x0,0x1f,0x6,0x0,0x0,
0x1,0x0,0x0,0x0,0x2f,0xf2,0x2,0x0,
0x0,0x18,0x6,0x2,0x0,0x0,0x0,0x0,
0x44,0x0,0x0,0x0,0x2f,0x0,0x0,0x0,
0x41,0x0,0x0,0x0,0x0,0x0,0x0,0x0,
0x38,0x0,0x0,0x0,0x0,0x0,0x0,0x0,
0x38,0x0,0x0,0x0,0x0,0x0,0x1,0x0,
0xff,0xff,0xff,0xff,0xd,0x0,0x0,0x0,
0x28,0x6,0x90,0x0,0x0,0x0,0x0,0x0,
0x0,0x0,0x7,0x0,0x0,0x0,0x0,0x0,
0x0,0x0,0x0,0x0,0x28,0x6,0x0,0x0,
0x1,0x0,0x0,0x0,0x2f,0xf3,0x2,0x0,
0x0,0x18,0x7,0x2f,0xf4,0x2,0x0,0x0,
0x18,0xc,0xb8,0xc,0x0,0x0,0x18,0xa,
0x13,0x6b,0x1,0x0,0x0,0x18,0xb,0xad,
0xf5,0x2,0x0,0x0,0x7,0x0,0x0,0x0,
0x2,0x0,0x0,0x0,0xa,0x0,0x0,0x0,
0x18,0x6,0x2,0x0,0x0,0x0,0x0,0x0,
0x44,0x0,0x0,0x0,0x2f,0x0,0x0,0x0,
0x43,0x0,0x0,0x0,0x0,0x0,0x0,0x0,
0x38,0x0,0x0,0x0,0x0,0x0,0x0,0x0,
0x38,0x0,0x0,0x0,0x0,0x0,0x1,0x0,
0xff,0xff,0xff,0xff,0xd,0x0,0x0,0x0,
0x29,0x6,0x90,0x0,0x0,0x0,0x0,0x0,
0x0,0x0,0x7,0x0,0x0,0x0,0x0,0x0,
0x0,0x0,0x0,0x0,0x29,0x6,0x0,0x0,
0x1,0x0,0x0,0x0,0x2f,0xf6,0x2,0x0,
0x0,0x18,0x7,0x2f,0xf7,0x2,0x0,0x0,
0x18,0xc,0xb8,0xc,0x0,0x0,0x18,0xa,
0x13,0x6d,0x1,0x0,0x0,0x18,0xb,0xad,
0xf8,0x2,0x0,0x0,0x7,0x0,0x0,0x0,
0x2,0x0,0x0,0x0,0xa,0x0,0x0,0x0,
0x18,0x6,0x2,0x0,0x0,0x0,0x0,0x0,
0x44,0x0,0x0,0x0,0xd,0x0,0x0,0x0,
0x3b,0x0,0x0,0x0,0x0,0x0,0x0,0x0,
0x38,0x0,0x0,0x0,0x0,0x0,0x0,0x0,
0x38,0x0,0x0,0x0,0x0,0x0,0x1,0x0,
0xff,0xff,0xff,0xff,0x7,0x0,0x0,0x0,
0x23,0x6,0x90,0x0,0x0,0x0,0x0,0x0,
0x0,0x0,0x7,0x0,0x0,0x0,0x0,0x0,
0x0,0x0,0x0,0x0,0x23,0x6,0x0,0x0,
0x1,0x0,0x0,0x0,0x2f,0xf9,0x2,0x0,
0x0,0x3d,0xfa,0x2,0x0,0x0,0x18,0x6,
0x2,0x0,0x0,0x0,0x0,0x0,0x0,0x0,
0x44,0x0,0x0,0x0,0xd,0x0,0x0,0x0,
0x3d,0x0,0x0,0x0,0x0,0x0,0x0,0x0,
0x38,0x0,0x0,0x0,0x0,0x0,0x0,0x0,
0x38,0x0,0x0,0x0,0x0,0x0,0x1,0x0,
0xff,0xff,0xff,0xff,0x7,0x0,0x0,0x0,
0x24,0x6,0x90,0x0,0x0,0x0,0x0,0x0,
0x0,0x0,0x7,0x0,0x0,0x0,0x0,0x0,
0x0,0x0,0x0,0x0,0x24,0x6,0x0,0x0,
0x1,0x0,0x0,0x0,0x2f,0xfb,0x2,0x0,
0x0,0x3d,0xfc,0x2,0x0,0x0,0x18,0x6,
0x2,0x0,0x0,0x0,0x0,0x0,0x0,0x0,
0x68,0x0,0x0,0x0,0x82,0x0,0x0,0x0,
0x27,0x0,0x0,0x0,0x0,0x0,0x0,0x0,
0x38,0x0,0x0,0x0,0x0,0x0,0x0,0x0,
0x38,0x0,0x0,0x0,0x0,0x0,0x4,0x0,
0xff,0xff,0xff,0xff,0xe,0x0,0x0,0x0,
0x2f,0x6,0xd0,0x0,0x0,0x0,0x0,0x0,
0x0,0x0,0x7,0x0,0x0,0x0,0x0,0x0,
0x0,0x0,0x0,0x0,0x2f,0x6,0x0,0x0,
0x0,0x0,0x0,0x0,0x1,0x0,0x0,0x0,
0x30,0x6,0x0,0x0,0x3,0x0,0x0,0x0,
0x3d,0x0,0x0,0x0,0x31,0x6,0x0,0x0,
0x4,0x0,0x0,0x0,0x7e,0x0,0x0,0x0,
0x32,0x6,0x0,0x0,0x4,0x0,0x0,0x0,
0xca,0x2f,0xfd,0x2,0x0,0x0,0x18,0x7,
0x2f,0xfe,0x2,0x0,0x0,0x18,0x8,0x2f,
0xff,0x2,0x0,0x0,0x18,0xd,0xb8,0xd,
0x0,0x0,0x18,0xb,0x13,0x6d,0x1,0x0,
0x0,0x18,0xc,0xad,0x0,0x3,0x0,0x0,
0x8,0x0,0x0,0x0,0x2,0x0,0x0,0x0,
0xb,0x0,0x0,0x0,0x43,0x1,0x3,0x0,
0x0,0x7,0x0,0x0,0x0,0x2f,0x2,0x3,
0x0,0x0,0x18,0x7,0x2f,0x3,0x3,0x0,
0x0,0x18,0x8,0x2f,0x4,0x3,0x0,0x0,
0x18,0xd,0xb8,0xd,0x0,0x0,0x18,0xb,
0x13,0x6b,0x1,0x0,0x0,0x18,0xc,0xad,
0x5,0x3,0x0,0x0,0x8,0x0,0x0,0x0,
0x2,0x0,0x0,0x0,0xb,0x0,0x0,0x0,
0x18,0x8,0x43,0x6,0x3,0x0,0x0,0x7,
0x0,0x0,0x0,0x1a,0x8,0x6,0xd4,0x16,
0x6,0x2,0x0,0x0,0x0,0x0,0x0,0x0,
0x0,0x0,0x0,0x0,0x0,0x0,0x0,0x0,
0x44,0x0,0x0,0x0,0x8,0x0,0x0,0x0,
0x1c,0x0,0x0,0x0,0x0,0x0,0x0,0x0,
0x38,0x0,0x0,0x0,0x0,0x0,0x0,0x0,
0x38,0x0,0x0,0x0,0x0,0x0,0x1,0x0,
0xff,0xff,0xff,0xff,0x7,0x0,0x0,0x0,
0x3d,0x6,0x10,0x1,0x0,0x0,0x0,0x0,
0x0,0x0,0x7,0x0,0x0,0x0,0x0,0x0,
0x0,0x0,0x0,0x0,0x3d,0x6,0x0,0x0,
0x1,0x0,0x0,0x0,0x2f,0x7,0x3,0x0,
0x0,0x18,0x6,0x2,0x0,0x0,0x0,0x0,
0x44,0x0,0x0,0x0,0xd,0x0,0x0,0x0,
0x4a,0x0,0x0,0x0,0x0,0x0,0x0,0x0,
0x38,0x0,0x0,0x0,0x0,0x0,0x0,0x0,
0x38,0x0,0x0,0x0,0x0,0x0,0x1,0x0,
0xff,0xff,0xff,0xff,0x7,0x0,0x0,0x0,
0x41,0x6,0x50,0x1,0x0,0x0,0x0,0x0,
0x0,0x0,0x7,0x0,0x0,0x0,0x0,0x0,
0x0,0x0,0x0,0x0,0x41,0x6,0x0,0x0,
0x1,0x0,0x0,0x0,0x2f,0x8,0x3,0x0,
0x0,0x3d,0x9,0x3,0x0,0x0,0x18,0x6,
0x2,0x0,0x0,0x0,0x0,0x0,0x0,0x0,
0x44,0x0,0x0,0x0,0xd,0x0,0x0,0x0,
0x4a,0x0,0x0,0x0,0x0,0x0,0x0,0x0,
0x38,0x0,0x0,0x0,0x0,0x0,0x0,0x0,
0x38,0x0,0x0,0x0,0x0,0x0,0x1,0x0,
0xff,0xff,0xff,0xff,0x7,0x0,0x0,0x0,
0x48,0x6,0x50,0x1,0x0,0x0,0x0,0x0,
0x0,0x0,0x7,0x0,0x0,0x0,0x0,0x0,
0x0,0x0,0x0,0x0,0x48,0x6,0x0,0x0,
0x1,0x0,0x0,0x0,0x2f,0xa,0x3,0x0,
0x0,0x3d,0xb,0x3,0x0,0x0,0x18,0x6,
0x2,0x0,0x0,0x0,0x0,0x0,0x0,0x0,
0x44,0x0,0x0,0x0,0xd,0x0,0x0,0x0,
0x57,0x0,0x0,0x0,0x0,0x0,0x0,0x0,
0x38,0x0,0x0,0x0,0x0,0x0,0x0,0x0,
0x38,0x0,0x0,0x0,0x0,0x0,0x1,0x0,
0xff,0xff,0xff,0xff,0x7,0x0,0x0,0x0,
0x58,0x6,0x90,0x0,0x0,0x0,0x0,0x0,
0x0,0x0,0x7,0x0,0x0,0x0,0x0,0x0,
0x0,0x0,0x0,0x0,0x58,0x6,0x0,0x0,
0x1,0x0,0x0,0x0,0x2f,0xc,0x3,0x0,
0x0,0x3d,0xd,0x3,0x0,0x0,0x18,0x6,
0x2,0x0,0x0,0x0,0x0,0x0,0x0,0x0,
0x44,0x0,0x0,0x0,0xd,0x0,0x0,0x0,
0x5b,0x0,0x0,0x0,0x0,0x0,0x0,0x0,
0x38,0x0,0x0,0x0,0x0,0x0,0x0,0x0,
0x38,0x0,0x0,0x0,0x0,0x0,0x1,0x0,
0xff,0xff,0xff,0xff,0x7,0x0,0x0,0x0,
0x5e,0x6,0x90,0x0,0x0,0x0,0x0,0x0,
0x0,0x0,0x7,0x0,0x0,0x0,0x0,0x0,
0x0,0x0,0x0,0x0,0x5e,0x6,0x0,0x0,
0x1,0x0,0x0,0x0,0x2f,0xe,0x3,0x0,
0x0,0x3d,0xf,0x3,0x0,0x0,0x18,0x6,
0x2,0x0,0x0,0x0,0x0,0x0,0x0,0x0,
0x44,0x0,0x0,0x0,0xd,0x0,0x0,0x0,
0x5d,0x0,0x0,0x0,0x0,0x0,0x0,0x0,
0x38,0x0,0x0,0x0,0x0,0x0,0x0,0x0,
0x38,0x0,0x0,0x0,0x0,0x0,0x1,0x0,
0xff,0xff,0xff,0xff,0x7,0x0,0x0,0x0,
0x5f,0x6,0x90,0x0,0x0,0x0,0x0,0x0,
0x0,0x0,0x7,0x0,0x0,0x0,0x0,0x0,
0x0,0x0,0x0,0x0,0x5f,0x6,0x0,0x0,
0x1,0x0,0x0,0x0,0x2f,0x10,0x3,0x0,
0x0,0x3d,0x11,0x3,0x0,0x0,0x18,0x6,
0x2,0x0,0x0,0x0,0x0,0x0,0x0,0x0,
0x44,0x0,0x0,0x0,0xd,0x0,0x0,0x0,
0x5f,0x0,0x0,0x0,0x0,0x0,0x0,0x0,
0x38,0x0,0x0,0x0,0x0,0x0,0x0,0x0,
0x38,0x0,0x0,0x0,0x0,0x0,0x1,0x0,
0xff,0xff,0xff,0xff,0x7,0x0,0x0,0x0,
0x60,0x6,0x90,0x0,0x0,0x0,0x0,0x0,
0x0,0x0,0x7,0x0,0x0,0x0,0x0,0x0,
0x0,0x0,0x0,0x0,0x60,0x6,0x0,0x0,
0x1,0x0,0x0,0x0,0x2f,0x12,0x3,0x0,
0x0,0x3d,0x13,0x3,0x0,0x0,0x18,0x6,
0x2,0x0,0x0,0x0,0x0,0x0,0x0,0x0,
0x44,0x0,0x0,0x0,0xd,0x0,0x0,0x0,
0x65,0x0,0x0,0x0,0x0,0x0,0x0,0x0,
0x38,0x0,0x0,0x0,0x0,0x0,0x0,0x0,
0x38,0x0,0x0,0x0,0x0,0x0,0x1,0x0,
0xff,0xff,0xff,0xff,0x7,0x0,0x0,0x0,
0x63,0x6,0x90,0x0,0x0,0x0,0x0,0x0,
0x0,0x0,0x7,0x0,0x0,0x0,0x0,0x0,
0x0,0x0,0x0,0x0,0x63,0x6,0x0,0x0,
0x1,0x0,0x0,0x0,0x2f,0x14,0x3,0x0,
0x0,0x3d,0x15,0x3,0x0,0x0,0x18,0x6,
0x2,0x0,0x0,0x0,0x0,0x0,0x0,0x0,
0x44,0x0,0x0,0x0,0xd,0x0,0x0,0x0,
0x69,0x0,0x0,0x0,0x0,0x0,0x0,0x0,
0x38,0x0,0x0,0x0,0x0,0x0,0x0,0x0,
0x38,0x0,0x0,0x0,0x0,0x0,0x1,0x0,
0xff,0xff,0xff,0xff,0x7,0x0,0x0,0x0,
0x65,0x6,0x90,0x0,0x0,0x0,0x0,0x0,
0x0,0x0,0x7,0x0,0x0,0x0,0x0,0x0,
0x0,0x0,0x0,0x0,0x65,0x6,0x0,0x0,
0x1,0x0,0x0,0x0,0x2f,0x16,0x3,0x0,
0x0,0x3d,0x17,0x3,0x0,0x0,0x18,0x6,
0x2,0x0,0x0,0x0,0x0,0x0,0x0,0x0,
0x44,0x0,0x0,0x0,0xd,0x0,0x0,0x0,
0x3d,0x0,0x0,0x0,0x0,0x0,0x0,0x0,
0x38,0x0,0x0,0x0,0x0,0x0,0x0,0x0,
0x38,0x0,0x0,0x0,0x0,0x0,0x1,0x0,
0xff,0xff,0xff,0xff,0x7,0x0,0x0,0x0,
0x59,0x6,0x90,0x0,0x0,0x0,0x0,0x0,
0x0,0x0,0x7,0x0,0x0,0x0,0x0,0x0,
0x0,0x0,0x0,0x0,0x59,0x6,0x0,0x0,
0x1,0x0,0x0,0x0,0x2f,0x18,0x3,0x0,
0x0,0x3d,0x19,0x3,0x0,0x0,0x18,0x6,
0x2,0x0,0x0,0x0,0x0,0x0,0x0,0x0,
0x44,0x0,0x0,0x0,0xd,0x0,0x0,0x0,
0x59,0x0,0x0,0x0,0x0,0x0,0x0,0x0,
0x38,0x0,0x0,0x0,0x0,0x0,0x0,0x0,
0x38,0x0,0x0,0x0,0x0,0x0,0x1,0x0,
0xff,0xff,0xff,0xff,0x7,0x0,0x0,0x0,
0x5a,0x6,0x90,0x0,0x0,0x0,0x0,0x0,
0x0,0x0,0x7,0x0,0x0,0x0,0x0,0x0,
0x0,0x0,0x0,0x0,0x5a,0x6,0x0,0x0,
0x1,0x0,0x0,0x0,0x2f,0x1a,0x3,0x0,
0x0,0x3d,0x1b,0x3,0x0,0x0,0x18,0x6,
0x2,0x0,0x0,0x0,0x0,0x0,0x0,0x0,
0x44,0x0,0x0,0x0,0xd,0x0,0x0,0x0,
0x61,0x0,0x0,0x0,0x0,0x0,0x0,0x0,
0x38,0x0,0x0,0x0,0x0,0x0,0x0,0x0,
0x38,0x0,0x0,0x0,0x0,0x0,0x1,0x0,
0xff,0xff,0xff,0xff,0x7,0x0,0x0,0x0,
0x61,0x6,0x90,0x0,0x0,0x0,0x0,0x0,
0x0,0x0,0x7,0x0,0x0,0x0,0x0,0x0,
0x0,0x0,0x0,0x0,0x61,0x6,0x0,0x0,
0x1,0x0,0x0,0x0,0x2f,0x1c,0x3,0x0,
0x0,0x3d,0x1d,0x3,0x0,0x0,0x18,0x6,
0x2,0x0,0x0,0x0,0x0,0x0,0x0,0x0,
0x44,0x0,0x0,0x0,0xd,0x0,0x0,0x0,
0x67,0x0,0x0,0x0,0x0,0x0,0x0,0x0,
0x38,0x0,0x0,0x0,0x0,0x0,0x0,0x0,
0x38,0x0,0x0,0x0,0x0,0x0,0x1,0x0,
0xff,0xff,0xff,0xff,0x7,0x0,0x0,0x0,
0x64,0x6,0x90,0x0,0x0,0x0,0x0,0x0,
0x0,0x0,0x7,0x0,0x0,0x0,0x0,0x0,
0x0,0x0,0x0,0x0,0x64,0x6,0x0,0x0,
0x1,0x0,0x0,0x0,0x2f,0x1e,0x3,0x0,
0x0,0x3d,0x1f,0x3,0x0,0x0,0x18,0x6,
0x2,0x0,0x0,0x0,0x0,0x0,0x0,0x0,
0x44,0x0,0x0,0x0,0xd,0x0,0x0,0x0,
0x6c,0x0,0x0,0x0,0x0,0x0,0x0,0x0,
0x38,0x0,0x0,0x0,0x0,0x0,0x0,0x0,
0x38,0x0,0x0,0x0,0x0,0x0,0x1,0x0,
0xff,0xff,0xff,0xff,0x7,0x0,0x0,0x0,
0x67,0x6,0x90,0x0,0x0,0x0,0x0,0x0,
0x0,0x0,0x7,0x0,0x0,0x0,0x0,0x0,
0x0,0x0,0x0,0x0,0x67,0x6,0x0,0x0,
0x1,0x0,0x0,0x0,0x2f,0x20,0x3,0x0,
0x0,0x3d,0x21,0x3,0x0,0x0,0x18,0x6,
0x2,0x0,0x0,0x0,0x0,0x0,0x0,0x0,
0x44,0x0,0x0,0x0,0xd,0x0,0x0,0x0,
0x20,0x0,0x0,0x0,0x0,0x0,0x0,0x0,
0x38,0x0,0x0,0x0,0x0,0x0,0x0,0x0,
0x38,0x0,0x0,0x0,0x0,0x0,0x1,0x0,
0xff,0xff,0xff,0xff,0x7,0x0,0x0,0x0,
0x78,0x6,0x90,0x0,0x0,0x0,0x0,0x0,
0x0,0x0,0x7,0x0,0x0,0x0,0x0,0x0,
0x0,0x0,0x0,0x0,0x78,0x6,0x0,0x0,
0x1,0x0,0x0,0x0,0x2f,0x22,0x3,0x0,
0x0,0x3d,0x23,0x3,0x0,0x0,0x18,0x6,
0x2,0x0,0x0,0x0,0x0,0x0,0x0,0x0,
0x44,0x0,0x0,0x0,0xd,0x0,0x0,0x0,
0x71,0x0,0x0,0x0,0x0,0x0,0x0,0x0,
0x38,0x0,0x0,0x0,0x0,0x0,0x0,0x0,
0x38,0x0,0x0,0x0,0x0,0x0,0x1,0x0,
0xff,0xff,0xff,0xff,0x7,0x0,0x0,0x0,
0x72,0x6,0x90,0x0,0x0,0x0,0x0,0x0,
0x0,0x0,0x7,0x0,0x0,0x0,0x0,0x0,
0x0,0x0,0x0,0x0,0x72,0x6,0x0,0x0,
0x1,0x0,0x0,0x0,0x2f,0x24,0x3,0x0,
0x0,0x3d,0x25,0x3,0x0,0x0,0x18,0x6,
0x2,0x0,0x0,0x0,0x0,0x0,0x0,0x0,
0x44,0x0,0x0,0x0,0xd,0x0,0x0,0x0,
0x3b,0x0,0x0,0x0,0x0,0x0,0x0,0x0,
0x38,0x0,0x0,0x0,0x0,0x0,0x0,0x0,
0x38,0x0,0x0,0x0,0x0,0x0,0x1,0x0,
0xff,0xff,0xff,0xff,0x7,0x0,0x0,0x0,
0x73,0x6,0x90,0x0,0x0,0x0,0x0,0x0,
0x0,0x0,0x7,0x0,0x0,0x0,0x0,0x0,
0x0,0x0,0x0,0x0,0x73,0x6,0x0,0x0,
0x1,0x0,0x0,0x0,0x2f,0x26,0x3,0x0,
0x0,0x3d,0x27,0x3,0x0,0x0,0x18,0x6,
0x2,0x0,0x0,0x0,0x0,0x0,0x0,0x0,
0x44,0x0,0x0,0x0,0xd,0x0,0x0,0x0,
0x3d,0x0,0x0,0x0,0x0,0x0,0x0,0x0,
0x38,0x0,0x0,0x0,0x0,0x0,0x0,0x0,
0x38,0x0,0x0,0x0,0x0,0x0,0x1,0x0,
0xff,0xff,0xff,0xff,0x7,0x0,0x0,0x0,
0x82,0x6,0x90,0x0,0x0,0x0,0x0,0x0,
0x0,0x0,0x7,0x0,0x0,0x0,0x0,0x0,
0x0,0x0,0x0,0x0,0x82,0x6,0x0,0x0,
0x1,0x0,0x0,0x0,0x2f,0x28,0x3,0x0,
0x0,0x3d,0x29,0x3,0x0,0x0,0x18,0x6,
0x2,0x0,0x0,0x0,0x0,0x0,0x0,0x0,
0x44,0x0,0x0,0x0,0xd,0x0,0x0,0x0,
0x3b,0x0,0x0,0x0,0x0,0x0,0x0,0x0,
0x38,0x0,0x0,0x0,0x0,0x0,0x0,0x0,
0x38,0x0,0x0,0x0,0x0,0x0,0x1,0x0,
0xff,0xff,0xff,0xff,0x7,0x0,0x0,0x0,
0x83,0x6,0x90,0x0,0x0,0x0,0x0,0x0,
0x0,0x0,0x7,0x0,0x0,0x0,0x0,0x0,
0x0,0x0,0x0,0x0,0x83,0x6,0x0,0x0,
0x1,0x0,0x0,0x0,0x2f,0x2a,0x3,0x0,
0x0,0x3d,0x2b,0x3,0x0,0x0,0x18,0x6,
0x2,0x0,0x0,0x0,0x0,0x0,0x0,0x0,
0x44,0x0,0x0,0x0,0xd,0x0,0x0,0x0,
0x5b,0x0,0x0,0x0,0x0,0x0,0x0,0x0,
0x38,0x0,0x0,0x0,0x0,0x0,0x0,0x0,
0x38,0x0,0x0,0x0,0x0,0x0,0x1,0x0,
0xff,0xff,0xff,0xff,0x7,0x0,0x0,0x0,
0x9c,0x6,0x90,0x0,0x0,0x0,0x0,0x0,
0x0,0x0,0x7,0x0,0x0,0x0,0x0,0x0,
0x0,0x0,0x0,0x0,0x9c,0x6,0x0,0x0,
0x1,0x0,0x0,0x0,0x2f,0x2c,0x3,0x0,
0x0,0x3d,0x2d,0x3,0x0,0x0,0x18,0x6,
0x2,0x0,0x0,0x0,0x0,0x0,0x0,0x0,
0x44,0x0,0x0,0x0,0xd,0x0,0x0,0x0,
0x5d,0x0,0x0,0x0,0x0,0x0,0x0,0x0,
0x38,0x0,0x0,0x0,0x0,0x0,0x0,0x0,
0x38,0x0,0x0,0x0,0x0,0x0,0x1,0x0,
0xff,0xff,0xff,0xff,0x7,0x0,0x0,0x0,
0x9d,0x6,0x90,0x0,0x0,0x0,0x0,0x0,
0x0,0x0,0x7,0x0,0x0,0x0,0x0,0x0,
0x0,0x0,0x0,0x0,0x9d,0x6,0x0,0x0,
0x1,0x0,0x0,0x0,0x2f,0x2e,0x3,0x0,
0x0,0x3d,0x2f,0x3,0x0,0x0,0x18,0x6,
0x2,0x0,0x0,0x0,0x0,0x0,0x0,0x0,
0x44,0x0,0x0,0x0,0xd,0x0,0x0,0x0,
0x3d,0x0,0x0,0x0,0x0,0x0,0x0,0x0,
0x38,0x0,0x0,0x0,0x0,0x0,0x0,0x0,
0x38,0x0,0x0,0x0,0x0,0x0,0x1,0x0,
0xff,0xff,0xff,0xff,0x7,0x0,0x0,0x0,
0x97,0x6,0x90,0x0,0x0,0x0,0x0,0x0,
0x0,0x0,0x7,0x0,0x0,0x0,0x0,0x0,
0x0,0x0,0x0,0x0,0x97,0x6,0x0,0x0,
0x1,0x0,0x0,0x0,0x2f,0x30,0x3,0x0,
0x0,0x3d,0x31,0x3,0x0,0x0,0x18,0x6,
0x2,0x0,0x0,0x0,0x0,0x0,0x0,0x0,
0x44,0x0,0x0,0x0,0xd,0x0,0x0,0x0,
0x3b,0x0,0x0,0x0,0x0,0x0,0x0,0x0,
0x38,0x0,0x0,0x0,0x0,0x0,0x0,0x0,
0x38,0x0,0x0,0x0,0x0,0x0,0x1,0x0,
0xff,0xff,0xff,0xff,0x7,0x0,0x0,0x0,
0x98,0x6,0x90,0x0,0x0,0x0,0x0,0x0,
0x0,0x0,0x7,0x0,0x0,0x0,0x0,0x0,
0x0,0x0,0x0,0x0,0x98,0x6,0x0,0x0,
0x1,0x0,0x0,0x0,0x2f,0x32,0x3,0x0,
0x0,0x3d,0x33,0x3,0x0,0x0,0x18,0x6,
0x2,0x0,0x0,0x0,0x0,0x0,0x0,0x0,
0x44,0x0,0x0,0x0,0xd,0x0,0x0,0x0,
0x5b,0x0,0x0,0x0,0x0,0x0,0x0,0x0,
0x38,0x0,0x0,0x0,0x0,0x0,0x0,0x0,
0x38,0x0,0x0,0x0,0x0,0x0,0x1,0x0,
0xff,0xff,0xff,0xff,0x7,0x0,0x0,0x0,
0xb7,0x6,0x90,0x0,0x0,0x0,0x0,0x0,
0x0,0x0,0x7,0x0,0x0,0x0,0x0,0x0,
0x0,0x0,0x0,0x0,0xb7,0x6,0x0,0x0,
0x1,0x0,0x0,0x0,0x2f,0x34,0x3,0x0,
0x0,0x3d,0x35,0x3,0x0,0x0,0x18,0x6,
0x2,0x0,0x0,0x0,0x0,0x0,0x0,0x0,
0x44,0x0,0x0,0x0,0xd,0x0,0x0,0x0,
0x5d,0x0,0x0,0x0,0x0,0x0,0x0,0x0,
0x38,0x0,0x0,0x0,0x0,0x0,0x0,0x0,
0x38,0x0,0x0,0x0,0x0,0x0,0x1,0x0,
0xff,0xff,0xff,0xff,0x7,0x0,0x0,0x0,
0xb8,0x6,0x90,0x0,0x0,0x0,0x0,0x0,
0x0,0x0,0x7,0x0,0x0,0x0,0x0,0x0,
0x0,0x0,0x0,0x0,0xb8,0x6,0x0,0x0,
0x1,0x0,0x0,0x0,0x2f,0x36,0x3,0x0,
0x0,0x3d,0x37,0x3,0x0,0x0,0x18,0x6,
0x2,0x0,0x0,0x0,0x0,0x0,0x0,0x0,
0x44,0x0,0x0,0x0,0xd,0x0,0x0,0x0,
0x3d,0x0,0x0,0x0,0x0,0x0,0x0,0x0,
0x38,0x0,0x0,0x0,0x0,0x0,0x0,0x0,
0x38,0x0,0x0,0x0,0x0,0x0,0x1,0x0,
0xff,0xff,0xff,0xff,0x7,0x0,0x0,0x0,
0xb2,0x6,0x90,0x0,0x0,0x0,0x0,0x0,
0x0,0x0,0x7,0x0,0x0,0x0,0x0,0x0,
0x0,0x0,0x0,0x0,0xb2,0x6,0x0,0x0,
0x1,0x0,0x0,0x0,0x2f,0x38,0x3,0x0,
0x0,0x3d,0x39,0x3,0x0,0x0,0x18,0x6,
0x2,0x0,0x0,0x0,0x0,0x0,0x0,0x0,
0x44,0x0,0x0,0x0,0xd,0x0,0x0,0x0,
0x3b,0x0,0x0,0x0,0x0,0x0,0x0,0x0,
0x38,0x0,0x0,0x0,0x0,0x0,0x0,0x0,
0x38,0x0,0x0,0x0,0x0,0x0,0x1,0x0,
0xff,0xff,0xff,0xff,0x7,0x0,0x0,0x0,
0xb3,0x6,0x90,0x0,0x0,0x0,0x0,0x0,
0x0,0x0,0x7,0x0,0x0,0x0,0x0,0x0,
0x0,0x0,0x0,0x0,0xb3,0x6,0x0,0x0,
0x1,0x0,0x0,0x0,0x2f,0x3a,0x3,0x0,
0x0,0x3d,0x3b,0x3,0x0,0x0,0x18,0x6,
0x2,0x0,0x0,0x0,0x0,0x0,0x0,0x0,
0x44,0x0,0x0,0x0,0xd,0x0,0x0,0x0,
0x5b,0x0,0x0,0x0,0x0,0x0,0x0,0x0,
0x38,0x0,0x0,0x0,0x0,0x0,0x0,0x0,
0x38,0x0,0x0,0x0,0x0,0x0,0x1,0x0,
0xff,0xff,0xff,0xff,0x7,0x0,0x0,0x0,
0xd2,0x6,0x90,0x0,0x0,0x0,0x0,0x0,
0x0,0x0,0x7,0x0,0x0,0x0,0x0,0x0,
0x0,0x0,0x0,0x0,0xd2,0x6,0x0,0x0,
0x1,0x0,0x0,0x0,0x2f,0x3c,0x3,0x0,
0x0,0x3d,0x3d,0x3,0x0,0x0,0x18,0x6,
0x2,0x0,0x0,0x0,0x0,0x0,0x0,0x0,
0x44,0x0,0x0,0x0,0xd,0x0,0x0,0x0,
0x5d,0x0,0x0,0x0,0x0,0x0,0x0,0x0,
0x38,0x0,0x0,0x0,0x0,0x0,0x0,0x0,
0x38,0x0,0x0,0x0,0x0,0x0,0x1,0x0,
0xff,0xff,0xff,0xff,0x7,0x0,0x0,0x0,
0xd3,0x6,0x90,0x0,0x0,0x0,0x0,0x0,
0x0,0x0,0x7,0x0,0x0,0x0,0x0,0x0,
0x0,0x0,0x0,0x0,0xd3,0x6,0x0,0x0,
0x1,0x0,0x0,0x0,0x2f,0x3e,0x3,0x0,
0x0,0x3d,0x3f,0x3,0x0,0x0,0x18,0x6,
0x2,0x0,0x0,0x0,0x0,0x0,0x0,0x0,
0x44,0x0,0x0,0x0,0xd,0x0,0x0,0x0,
0x71,0x0,0x0,0x0,0x0,0x0,0x0,0x0,
0x38,0x0,0x0,0x0,0x0,0x0,0x0,0x0,
0x38,0x0,0x0,0x0,0x0,0x0,0x1,0x0,
0xff,0xff,0xff,0xff,0x7,0x0,0x0,0x0,
0xcd,0x6,0x90,0x0,0x0,0x0,0x0,0x0,
0x0,0x0,0x7,0x0,0x0,0x0,0x0,0x0,
0x0,0x0,0x0,0x0,0xcd,0x6,0x0,0x0,
0x1,0x0,0x0,0x0,0x2f,0x40,0x3,0x0,
0x0,0x3d,0x41,0x3,0x0,0x0,0x18,0x6,
0x2,0x0,0x0,0x0,0x0,0x0,0x0,0x0,
0x44,0x0,0x0,0x0,0xd,0x0,0x0,0x0,
0x3b,0x0,0x0,0x0,0x0,0x0,0x0,0x0,
0x38,0x0,0x0,0x0,0x0,0x0,0x0,0x0,
0x38,0x0,0x0,0x0,0x0,0x0,0x1,0x0,
0xff,0xff,0xff,0xff,0x7,0x0,0x0,0x0,
0xce,0x6,0x90,0x0,0x0,0x0,0x0,0x0,
0x0,0x0,0x7,0x0,0x0,0x0,0x0,0x0,
0x0,0x0,0x0,0x0,0xce,0x6,0x0,0x0,
0x1,0x0,0x0,0x0,0x2f,0x42,0x3,0x0,
0x0,0x3d,0x43,0x3,0x0,0x0,0x18,0x6,
0x2,0x0,0x0,0x0,0x0,0x0,0x0,0x0,
0x44,0x0,0x0,0x0,0xd,0x0,0x0,0x0,
0x79,0x0,0x0,0x0,0x0,0x0,0x0,0x0,
0x38,0x0,0x0,0x0,0x0,0x0,0x0,0x0,
0x38,0x0,0x0,0x0,0x0,0x0,0x1,0x0,
0xff,0xff,0xff,0xff,0x7,0x0,0x0,0x0,
0xdc,0x6,0x90,0x0,0x0,0x0,0x0,0x0,
0x0,0x0,0x7,0x0,0x0,0x0,0x0,0x0,
0x0,0x0,0x0,0x0,0xdc,0x6,0x0,0x0,
0x1,0x0,0x0,0x0,0x2f,0x44,0x3,0x0,
0x0,0x3d,0x45,0x3,0x0,0x0,0x18,0x6,
0x2,0x0,0x0,0x0,0x0,0x0,0x0,0x0,
0x44,0x0,0x0,0x0,0xd,0x0,0x0,0x0,
0x3b,0x0,0x0,0x0,0x0,0x0,0x0,0x0,
0x38,0x0,0x0,0x0,0x0,0x0,0x0,0x0,
0x38,0x0,0x0,0x0,0x0,0x0,0x1,0x0,
0xff,0xff,0xff,0xff,0x7,0x0,0x0,0x0,
0xdd,0x6,0x90,0x0,0x0,0x0,0x0,0x0,
0x0,0x0,0x7,0x0,0x0,0x0,0x0,0x0,
0x0,0x0,0x0,0x0,0xdd,0x6,0x0,0x0,
0x1,0x0,0x0,0x0,0x2f,0x46,0x3,0x0,
0x0,0x3d,0x47,0x3,0x0,0x0,0x18,0x6,
0x2,0x0,0x0,0x0,0x0,0x0,0x0,0x0,
0xa0,0x0,0x0,0x0,0x8a,0x0,0x0,0x0,
0xda,0x0,0x0,0x0,0x1,0x0,0x1,0x0,
0x38,0x0,0x0,0x0,0x0,0x0,0x0,0x0,
0x40,0x0,0x0,0x0,0x0,0x0,0x8,0x0,
0xff,0xff,0xff,0xff,0xd,0x0,0x0,0x0,
0x6,0x7,0xd0,0x0,0x0,0x0,0x0,0x0,
0x0,0x0,0x8,0x0,0x0,0x0,0x0,0x0,
0xdb,0x0,0x0,0x0,0x0,0x0,0x0,0x0,
0x0,0x0,0x0,0x0,0x7,0x7,0x0,0x0,
0x2,0x0,0x0,0x0,0x22,0x0,0x0,0x0,
0x8,0x7,0x0,0x0,0x3,0x0,0x0,0x0,
0x2a,0x0,0x0,0x0,0x9,0x7,0x0,0x0,
0x6,0x0,0x0,0x0,0x3f,0x0,0x0,0x0,
0xa,0x7,0x0,0x0,0x8,0x0,0x0,0x0,
0x56,0x0,0x0,0x0,0xb,0x7,0x0,0x0,
0x9,0x0,0x0,0x0,0x5e,0x0,0x0,0x0,
0xc,0x7,0x0,0x0,0xc,0x0,0x0,0x0,
0x73,0x0,0x0,0x0,0xd,0x7,0x0,0x0,
0xe,0x0,0x0,0x0,0x88,0x0,0x0,0x0,
0xf,0x7,0x0,0x0,0xe,0x0,0x0,0x0,
0x2f,0x48,0x3,0x0,0x0,0x18,0x8,0x13,
0x89,0x1,0x0,0x0,0x18,0xb,0x1a,0x6,
0xc,0xad,0x49,0x3,0x0,0x0,0x8,0x0,
0x0,0x0,0x2,0x0,0x0,0x0,0xb,0x0,
0x0,0x0,0x1a,0x6,0x8,0xa,0x6c,0x8,
0x50,0x2c,0x2f,0x4a,0x3,0x0,0x0,0x18,
0x9,0x13,0xd6,0x0,0x0,0x0,0x43,0x4b,
0x3,0x0,0x0,0x9,0x0,0x0,0x0,0x2f,
0x4c,0x3,0x0,0x0,0x18,0x9,0x13,0xd7,
0x0,0x0,0x0,0x43,0x4d,0x3,0x0,0x0,
0x9,0x0,0x0,0x0,0x4c,0x32,0x1a,0x6,
0x9,0x8,0x6c,0x9,0x50,0x2a,0x2f,0x4e,
0x3,0x0,0x0,0x18,0xa,0x13,0x8a,0x1,
0x0,0x0,0x43,0x4f,0x3,0x0,0x0,0xa,
0x0,0x0,0x0,0x2f,0x50,0x3,0x0,0x0,
0x18,0xa,0x13,0xd,0x1,0x0,0x0,0x43,
0x51,0x3,0x0,0x0,0xa,0x0,0x0,0x0,
0xe,0x2,0x0,0x0,0x0,0x0,0x0,0x0,
0x0,0x0,0x0,0x0,0x0,0x0,0x0,0x0,
0x44,0x0,0x0,0x0,0xd,0x0,0x0,0x0,
0x79,0x0,0x0,0x0,0x0,0x0,0x0,0x0,
0x38,0x0,0x0,0x0,0x0,0x0,0x0,0x0,
0x38,0x0,0x0,0x0,0x0,0x0,0x1,0x0,
0xff,0xff,0xff,0xff,0x7,0x0,0x0,0x0,
0xe4,0x6,0xd0,0x0,0x0,0x0,0x0,0x0,
0x0,0x0,0x7,0x0,0x0,0x0,0x0,0x0,
0x0,0x0,0x0,0x0,0xe4,0x6,0x0,0x0,
0x1,0x0,0x0,0x0,0x2f,0x52,0x3,0x0,
0x0,0x3d,0x53,0x3,0x0,0x0,0x18,0x6,
0x2,0x0,0x0,0x0,0x0,0x0,0x0,0x0,
0x44,0x0,0x0,0x0,0x8,0x0,0x0,0x0,
0x2c,0x0,0x0,0x0,0x0,0x0,0x0,0x0,
0x38,0x0,0x0,0x0,0x0,0x0,0x0,0x0,
0x38,0x0,0x0,0x0,0x0,0x0,0x1,0x0,
0xff,0xff,0xff,0xff,0x7,0x0,0x0,0x0,
0xf6,0x6,0x10,0x1,0x0,0x0,0x0,0x0,
0x0,0x0,0x7,0x0,0x0,0x0,0x0,0x0,
0x0,0x0,0x0,0x0,0xf6,0x6,0x0,0x0,
0x1,0x0,0x0,0x0,0x2f,0x54,0x3,0x0,
0x0,0x18,0x6,0x2,0x0,0x0,0x0,0x0,
0x5c,0x0,0x0,0x0,0xc,0x0,0x0,0x0,
0xd9,0x0,0x0,0x0,0x0,0x0,0x0,0x0,
0x38,0x0,0x0,0x0,0x0,0x0,0x0,0x0,
0x38,0x0,0x0,0x0,0x0,0x0,0x3,0x0,
0x52,0x1,0x0,0x0,0x7,0x0,0x0,0x0,
0xf8,0x6,0x10,0x1,0x0,0x0,0x0,0x0,
0x0,0x0,0x7,0x0,0x0,0x0,0x8,0x0,
0x0,0x0,0x0,0x0,0xf8,0x6,0x0,0x0,
0x0,0x0,0x0,0x0,0x1,0x0,0x0,0x0,
0xf8,0x6,0x0,0x0,0x1,0x0,0x0,0x0,
0x8,0x0,0x0,0x0,0x3,0x7,0x0,0x0,
0x1,0x0,0x0,0x0,0xca,0x29,0x52,0x1,
0x0,0x0,0x18,0x6,0xd4,0x16,0x6,0x2,
0x0,0x0,0x0,0x0,0x0,0x0,0x0,0x0,
0xb8,0x0,0x0,0x0,0xad,0x0,0x0,0x0,
0x0,0x0,0x0,0x0,0x1,0x0,0x1,0x0,
0x38,0x0,0x0,0x0,0x0,0x0,0x0,0x0,
0x40,0x0,0x0,0x0,0x0,0x0,0xa,0x0,
0xff,0xff,0xff,0xff,0xe,0x0,0x0,0x0,
0xf8,0x6,0x40,0x2,0x0,0x0,0x0,0x0,
0x0,0x0,0x8,0x0,0x0,0x0,0x0,0x0,
0xf3,0x1,0x0,0x0,0x0,0x0,0x0,0x0,
0x0,0x0,0x0,0x0,0xf9,0x6,0x0,0x0,
0x1,0x0,0x0,0x0,0x2,0x0,0x0,0x0,
0xf9,0x6,0x0,0x0,0x2,0x0,0x0,0x0,
0x6,0x0,0x0,0x0,0xfa,0x6,0x0,0x0,
0x3,0x0,0x0,0x0,0x20,0x0,0x0,0x0,
0xfb,0x6,0x0,0x0,0x5,0x0,0x0,0x0,
0x42,0x0,0x0,0x0,0xfc,0x6,0x0,0x0,
0x6,0x0,0x0,0x0,0x54,0x0,0x0,0x0,
0xfc,0x6,0x0,0x0,0x7,0x0,0x0,0x0,
0x58,0x0,0x0,0x0,0xfd,0x6,0x0,0x0,
0x8,0x0,0x0,0x0,0x6a,0x0,0x0,0x0,
0xfe,0x6,0x0,0x0,0xa,0x0,0x0,0x0,
0x84,0x0,0x0,0x0,0x1,0x7,0x0,0x0,
0xc,0x0,0x0,0x0,0xab,0x0,0x0,0x0,
0x3,0x7,0x0,0x0,0xc,0x0,0x0,0x0,
0xbc,0x75,0x1,0x2,0x8,0x1,0x2f,0x55,
0x3,0x0,0x0,0x18,0x9,0xad,0x56,0x3,
0x0,0x0,0x9,0x0,0x0,0x0,0x1,0x0,
0x0,0x0,0x6,0x0,0x0,0x0,0x18,0x8,
0x2f,0x57,0x3,0x0,0x0,0x18,0x9,0x13,
0x8d,0x1,0x0,0x0,0x18,0xc,0x1a,0x8,
0xd,0xad,0x58,0x3,0x0,0x0,0x9,0x0,
0x0,0x0,0x2,0x0,0x0,0x0,0xc,0x0,
0x0,0x0,0x16,0x8,0x3d,0x59,0x3,0x0,
0x0,0x18,0x9,0x13,0x8f,0x1,0x0,0x0,
0x6c,0x9,0x50,0x23,0x1,0x2,0xa,0x1,
0x16,0x8,0xc2,0x0,0x3d,0x5a,0x3,0x0,
0x0,0xc2,0x0,0x3d,0x5b,0x3,0x0,0x0,
0x18,0xa,0xb5,0x5c,0x3,0x0,0x0,0x1,
0x0,0x0,0x0,0xa,0x0,0x0,0x0,0x52,
0x2f,0xcd,0x1e,0x0,0x0,0x0,0x92,0x1,
0x0,0x0,0xbc,0x23,0x2f,0x5d,0x3,0x0,
0x0,0x18,0x8,0x13,0x94,0x1,0x0,0x0,
0x18,0xb,0x1e,0x0,0x18,0xc,0xad,0x5e,
0x3,0x0,0x0,0x8,0x0,0x0,0x0,0x2,
0x0,0x0,0x0,0xb,0x0,0x0,0x0,0xd4,
0xbc,0x0,0xbe,0xe,0x2,0x0,0x0,0x0,
0x0,0x0,0x0,0x0,0x0,0x0,0x0,0x0,
0x44,0x0,0x0,0x0,0xd,0x0,0x0,0x0,
0x79,0x0,0x0,0x0,0x0,0x0,0x0,0x0,
0x38,0x0,0x0,0x0,0x0,0x0,0x0,0x0,
0x38,0x0,0x0,0x0,0x0,0x0,0x1,0x0,
0xff,0xff,0xff,0xff,0x7,0x0,0x0,0x0,
0x15,0x7,0xd0,0x0,0x0,0x0,0x0,0x0,
0x0,0x0,0x7,0x0,0x0,0x0,0x0,0x0,
0x0,0x0,0x0,0x0,0x15,0x7,0x0,0x0,
0x1,0x0,0x0,0x0,0x2f,0x5f,0x3,0x0,
0x0,0x3d,0x60,0x3,0x0,0x0,0x18,0x6,
0x2,0x0,0x0,0x0,0x0,0x0,0x0,0x0,
0x44,0x0,0x0,0x0,0xd,0x0,0x0,0x0,
0x79,0x0,0x0,0x0,0x0,0x0,0x0,0x0,
0x38,0x0,0x0,0x0,0x0,0x0,0x0,0x0,
0x38,0x0,0x0,0x0,0x0,0x0,0x1,0x0,
0xff,0xff,0xff,0xff,0x7,0x0,0x0,0x0,
0x19,0x7,0x10,0x1,0x0,0x0,0x0,0x0,
0x0,0x0,0x7,0x0,0x0,0x0,0x0,0x0,
0x0,0x0,0x0,0x0,0x19,0x7,0x0,0x0,
0x1,0x0,0x0,0x0,0x2f,0x61,0x3,0x0,
0x0,0x3d,0x62,0x3,0x0,0x0,0x18,0x6,
0x2,0x0,0x0,0x0,0x0,0x0,0x0,0x0,
0x44,0x0,0x0,0x0,0x8,0x0,0x0,0x0,
0x2c,0x0,0x0,0x0,0x0,0x0,0x0,0x0,
0x38,0x0,0x0,0x0,0x0,0x0,0x0,0x0,
0x38,0x0,0x0,0x0,0x0,0x0,0x1,0x0,
0xff,0xff,0xff,0xff,0x7,0x0,0x0,0x0,
0x30,0x7,0x50,0x1,0x0,0x0,0x0,0x0,
0x0,0x0,0x7,0x0,0x0,0x0,0x0,0x0,
0x0,0x0,0x0,0x0,0x30,0x7,0x0,0x0,
0x1,0x0,0x0,0x0,0x2f,0x63,0x3,0x0,
0x0,0x18,0x6,0x2,0x0,0x0,0x0,0x0,
0x5c,0x0,0x0,0x0,0xc,0x0,0x0,0x0,
0xd9,0x0,0x0,0x0,0x0,0x0,0x0,0x0,
0x38,0x0,0x0,0x0,0x0,0x0,0x0,0x0,
0x38,0x0,0x0,0x0,0x0,0x0,0x3,0x0,
0x57,0x1,0x0,0x0,0x7,0x0,0x0,0x0,
0x32,0x7,0x50,0x1,0x0,0x0,0x0,0x0,
0x0,0x0,0x7,0x0,0x0,0x0,0x8,0x0,
0x0,0x0,0x0,0x0,0x32,0x7,0x0,0x0,
0x0,0x0,0x0,0x0,0x1,0x0,0x0,0x0,
0x32,0x7,0x0,0x0,0x1,0x0,0x0,0x0,
0x8,0x0,0x0,0x0,0x4d,0x7,0x0,0x0,
0x1,0x0,0x0,0x0,0xca,0x29,0x57,0x1,
0x0,0x0,0x18,0x6,0xd4,0x16,0x6,0x2,
0x0,0x0,0x0,0x0,0x0,0x0,0x0,0x0,
0x3c,0x1,0x0,0x0,0xdb,0x1,0x0,0x0,
0x0,0x0,0x0,0x0,0x1,0x0,0x1,0x0,
0x38,0x0,0x0,0x0,0x0,0x0,0x0,0x0,
0x40,0x0,0x0,0x0,0x0,0x0,0x15,0x0,
0xff,0xff,0xff,0xff,0x16,0x0,0x0,0x0,
0x32,0x7,0x80,0x2,0x0,0x0,0x0,0x0,
0x0,0x0,0x8,0x0,0x0,0x0,0x0,0x0,
0xf3,0x1,0x0,0x0,0x0,0x0,0x0,0x0,
0x0,0x0,0x0,0x0,0x33,0x7,0x0,0x0,
0x1,0x0,0x0,0x0,0x5,0x0,0x0,0x0,
0x33,0x7,0x0,0x0,0x2,0x0,0x0,0x0,
0x9,0x0,0x0,0x0,0x34,0x7,0x0,0x0,
0x3,0x0,0x0,0x0,0x23,0x0,0x0,0x0,
0x35,0x7,0x0,0x0,0x5,0x0,0x0,0x0,
0x45,0x0,0x0,0x0,0x36,0x7,0x0,0x0,
0x6,0x0,0x0,0x0,0x5a,0x0,0x0,0x0,
0x36,0x7,0x0,0x0,0x7,0x0,0x0,0x0,
0x5e,0x0,0x0,0x0,0x37,0x7,0x0,0x0,
0x8,0x0,0x0,0x0,0x70,0x0,0x0,0x0,
0x39,0x7,0x0,0x0,0x9,0x0,0x0,0x0,
0x87,0x0,0x0,0x0,0x3a,0x7,0x0,0x0,
0xb,0x0,0x0,0x0,0xc4,0x0,0x0,0x0,
0x3c,0x7,0x0,0x0,0xd,0x0,0x0,0x0,
0xf5,0x0,0x0,0x0,0x3d,0x7,0x0,0x0,
0xf,0x0,0x0,0x0,0x11,0x1,0x0,0x0,
0x3f,0x7,0x0,0x0,0x10,0x0,0x0,0x0,
0x1a,0x1,0x0,0x0,0x40,0x7,0x0,0x0,
0x13,0x0,0x0,0x0,0x2f,0x1,0x0,0x0,
0x41,0x7,0x0,0x0,0x15,0x0,0x0,0x0,
0x46,0x1,0x0,0x0,0x42,0x7,0x0,0x0,
0x16,0x0,0x0,0x0,0x4f,0x1,0x0,0x0,
0x43,0x7,0x0,0x0,0x19,0x0,0x0,0x0,
0x64,0x1,0x0,0x0,0x44,0x7,0x0,0x0,
0x1b,0x0,0x0,0x0,0x7b,0x1,0x0,0x0,
0x46,0x7,0x0,0x0,0x1e,0x0,0x0,0x0,
0x90,0x1,0x0,0x0,0x47,0x7,0x0,0x0,
0x20,0x0,0x0,0x0,0xb2,0x1,0x0,0x0,
0x4b,0x7,0x0,0x0,0x22,0x0,0x0,0x0,
0xd9,0x1,0x0,0x0,0x4d,0x7,0x0,0x0,
0x22,0x0,0x0,0x0,0xbd,0xa0,0x1,0x0,
0x0,0x1,0x2,0x8,0x1,0x2f,0x64,0x3,
0x0,0x0,0x18,0x9,0xad,0x65,0x3,0x0,
0x0,0x9,0x0,0x0,0x0,0x1,0x0,0x0,
0x0,0x6,0x0,0x0,0x0,0x18,0x8,0x2f,
0x66,0x3,0x0,0x0,0x18,0x9,0x13,0x95,
0x1,0x0,0x0,0x18,0xc,0x1a,0x8,0xd,
0xad,0x67,0x3,0x0,0x0,0x9,0x0,0x0,
0x0,0x2,0x0,0x0,0x0,0xc,0x0,0x0,
0x0,0x16,0x8,0x3d,0x68,0x3,0x0,0x0,
0x18,0x9,0x13,0x96,0x1,0x0,0x0,0x6c,
0x9,0x51,0x4b,0x1,0x0,0x0,0x1,0x2,
0xa,0x2,0x16,0x8,0xc2,0x0,0x3d,0x69,
0x3,0x0,0x0,0xc2,0x0,0x3d,0x6a,0x3,
0x0,0x0,0x18,0xb,0x10,0x21,0xa2,0xb,
0x18,0xc,0x14,0x4e,0xd,0x10,0x21,0xa2,
0xd,0x9e,0xc,0x18,0xe,0x10,0x64,0x9c,
0xe,0x18,0xa,0x2f,0x6b,0x3,0x0,0x0,
0x18,0xc,0x14,0x4f,0xf,0x2f,0x6c,0x3,
0x0,0x0,0x18,0x11,0x14,0x50,0x14,0x1a,
0xa,0x15,0xad,0x6d,0x3,0x0,0x0,0x11,
0x0,0x0,0x0,0x2,0x0,0x0,0x0,0x14,
0x0,0x0,0x0,0x18,0x10,0xad,0x6e,0x3,
0x0,0x0,0xc,0x0,0x0,0x0,0x2,0x0,
0x0,0x0,0xf,0x0,0x0,0x0,0x18,0xa,
0x2f,0x6f,0x3,0x0,0x0,0x18,0xc,0x2f,
0x70,0x3,0x0,0x0,0x18,0xd,0xad,0x71,
0x3,0x0,0x0,0xd,0x0,0x0,0x0,0x1,
0x0,0x0,0x0,0xa,0x0,0x0,0x0,0x18,
0xd,0x13,0x9b,0x1,0x0,0x0,0x80,0xd,
0x43,0x72,0x3,0x0,0x0,0xc,0x0,0x0,
0x0,0x2f,0x73,0x3,0x0,0x0,0x18,0xc,
0x14,0x51,0xd,0x1a,0xa,0xe,0x10,0x64,
0x9e,0xe,0x9c,0xd,0x43,0x74,0x3,0x0,
0x0,0xc,0x0,0x0,0x0,0x1a,0xa,0xc,
0x10,0x3c,0x64,0xc,0x50,0x2c,0x2f,0x75,
0x3,0x0,0x0,0x18,0xd,0x13,0x9c,0x1,
0x0,0x0,0x43,0x76,0x3,0x0,0x0,0xd,
0x0,0x0,0x0,0x2f,0x77,0x3,0x0,0x0,
0x18,0xd,0x13,0x9c,0x1,0x0,0x0,0x43,
0x78,0x3,0x0,0x0,0xd,0x0,0x0,0x0,
0x4c,0x5f,0x1a,0xa,0xd,0x10,0x1e,0x64,
0xd,0x50,0x2c,0x2f,0x79,0x3,0x0,0x0,
0x18,0xe,0x13,0xd7,0x0,0x0,0x0,0x43,
0x7a,0x3,0x0,0x0,0xe,0x0,0x0,0x0,
0x2f,0x7b,0x3,0x0,0x0,0x18,0xe,0x13,
0xd7,0x0,0x0,0x0,0x43,0x7c,0x3,0x0,
0x0,0xe,0x0,0x0,0x0,0x4c,0x2a,0x2f,
0x7d,0x3,0x0,0x0,0x18,0xe,0x13,0xd,
0x1,0x0,0x0,0x43,0x7e,0x3,0x0,0x0,
0xe,0x0,0x0,0x0,0x2f,0x7f,0x3,0x0,
0x0,0x18,0xe,0x13,0xd,0x1,0x0,0x0,
0x43,0x80,0x3,0x0,0x0,0xe,0x0,0x0,
0x0,0x52,0x2f,0xcd,0x20,0x0,0x0,0x0,
0x92,0x1,0x0,0x0,0xbc,0x23,0x2f,0x81,
0x3,0x0,0x0,0x18,0x8,0x13,0x9d,0x1,
0x0,0x0,0x18,0xb,0x1e,0x0,0x18,0xc,
0xad,0x82,0x3,0x0,0x0,0x8,0x0,0x0,
0x0,0x2,0x0,0x0,0x0,0xb,0x0,0x0,
0x0,0xd4,0xbc,0x0,0xbe,0xe,0x2,0x0,
0x0,0x0,0x0,0x0,0x0,0x0,0x0,0x0,
0x0,0x0,0x0,0x0,0x0,0x0,0x0,0x0,
0x44,0x0,0x0,0x0,0xd,0x0,0x0,0x0,
0x9d,0x0,0x0,0x0,0x0,0x0,0x0,0x0,
0x38,0x0,0x0,0x0,0x0,0x0,0x0,0x0,
0x38,0x0,0x0,0x0,0x0,0x0,0x1,0x0,
0xff,0xff,0xff,0xff,0x7,0x0,0x0,0x0,
0x59,0x7,0x50,0x1,0x0,0x0,0x0,0x0,
0x0,0x0,0x7,0x0,0x0,0x0,0x0,0x0,
0x0,0x0,0x0,0x0,0x59,0x7,0x0,0x0,
0x1,0x0,0x0,0x0,0x2f,0x83,0x3,0x0,
0x0,0x3d,0x84,0x3,0x0,0x0,0x18,0x6,
0x2,0x0,0x0,0x0,0x0,0x0,0x0,0x0,
0x44,0x0,0x0,0x0,0xd,0x0,0x0,0x0,
0x42,0x1,0x0,0x0,0x0,0x0,0x0,0x0,
0x38,0x0,0x0,0x0,0x0,0x0,0x0,0x0,
0x38,0x0,0x0,0x0,0x0,0x0,0x1,0x0,
0xff,0xff,0xff,0xff,0x7,0x0,0x0,0x0,
0x62,0x7,0x10,0x1,0x0,0x0,0x0,0x0,
0x0,0x0,0x7,0x0,0x0,0x0,0x0,0x0,
0x0,0x0,0x0,0x0,0x62,0x7,0x0,0x0,
0x1,0x0,0x0,0x0,0x2f,0x85,0x3,0x0,
0x0,0x3d,0x86,0x3,0x0,0x0,0x18,0x6,
0x2,0x0,0x0,0x0,0x0,0x0,0x0,0x0,
0x68,0x0,0x0,0x0,0x3e,0x0,0x0,0x0,
0x81,0x0,0x0,0x0,0x0,0x0,0x0,0x0,
0x38,0x0,0x0,0x0,0x0,0x0,0x0,0x0,
0x38,0x0,0x0,0x0,0x0,0x0,0x4,0x0,
0xff,0xff,0xff,0xff,0xb,0x0,0x0,0x0,
0x78,0x7,0x10,0x1,0x0,0x0,0x0,0x0,
0x0,0x0,0x7,0x0,0x0,0x0,0x0,0x0,
0x0,0x0,0x0,0x0,0x78,0x7,0x0,0x0,
0x0,0x0,0x0,0x0,0x1,0x0,0x0,0x0,
0x79,0x7,0x0,0x0,0x3,0x0,0x0,0x0,
0x20,0x0,0x0,0x0,0x7a,0x7,0x0,0x0,
0x4,0x0,0x0,0x0,0x3a,0x0,0x0,0x0,
0x7b,0x7,0x0,0x0,0x4,0x0,0x0,0x0,
0xca,0x2f,0x87,0x3,0x0,0x0,0x18,0x7,
0x13,0xc3,0x1,0x0,0x0,0x18,0xa,0xad,
0x88,0x3,0x0,0x0,0x7,0x0,0x0,0x0,
0x1,0x0,0x0,0x0,0xa,0x0,0x0,0x0,
0x2f,0x89,0x3,0x0,0x0,0x18,0x7,0xad,
0x8a,0x3,0x0,0x0,0x7,0x0,0x0,0x0,
0x0,0x0,0x0,0x0,0x0,0x0,0x0,0x0,
0x18,0x6,0xd4,0x16,0x6,0x2,0x0,0x0,
0x0,0x0,0x0,0x0,0x0,0x0,0x0,0x0,
0x44,0x0,0x0,0x0,0xd,0x0,0x0,0x0,
0x79,0x0,0x0,0x0,0x0,0x0,0x0,0x0,
0x38,0x0,0x0,0x0,0x0,0x0,0x0,0x0,
0x38,0x0,0x0,0x0,0x0,0x0,0x1,0x0,
0xff,0xff,0xff,0xff,0x7,0x0,0x0,0x0,
0x65,0x7,0x10,0x1,0x0,0x0,0x0,0x0,
0x0,0x0,0x7,0x0,0x0,0x0,0x0,0x0,
0x0,0x0,0x0,0x0,0x65,0x7,0x0,0x0,
0x1,0x0,0x0,0x0,0x2f,0x8b,0x3,0x0,
0x0,0x3d,0x8c,0x3,0x0,0x0,0x18,0x6,
0x2,0x0,0x0,0x0,0x0,0x0,0x0,0x0,
0x44,0x0,0x0,0x0,0xd,0x0,0x0,0x0,
0x4a,0x0,0x0,0x0,0x0,0x0,0x0,0x0,
0x38,0x0,0x0,0x0,0x0,0x0,0x0,0x0,
0x38,0x0,0x0,0x0,0x0,0x0,0x1,0x0,
0xff,0xff,0xff,0xff,0x7,0x0,0x0,0x0,
0x70,0x7,0x50,0x1,0x0,0x0,0x0,0x0,
0x0,0x0,0x7,0x0,0x0,0x0,0x0,0x0,
0x0,0x0,0x0,0x0,0x70,0x7,0x0,0x0,
0x1,0x0,0x0,0x0,0x2f,0x8d,0x3,0x0,
0x0,0x3d,0x8e,0x3,0x0,0x0,0x18,0x6,
0x2,0x0,0x0,0x0,0x0,0x0,0x0,0x0,
0x44,0x0,0x0,0x0,0xd,0x0,0x0,0x0,
0x5b,0x0,0x0,0x0,0x0,0x0,0x0,0x0,
0x38,0x0,0x0,0x0,0x0,0x0,0x0,0x0,
0x38,0x0,0x0,0x0,0x0,0x0,0x1,0x0,
0xff,0xff,0xff,0xff,0x7,0x0,0x0,0x0,
0x72,0x7,0x50,0x1,0x0,0x0,0x0,0x0,
0x0,0x0,0x7,0x0,0x0,0x0,0x0,0x0,
0x0,0x0,0x0,0x0,0x72,0x7,0x0,0x0,
0x1,0x0,0x0,0x0,0x2f,0x8f,0x3,0x0,
0x0,0x3d,0x90,0x3,0x0,0x0,0x18,0x6,
0x2,0x0,0x0,0x0,0x0,0x0,0x0,0x0,
0x44,0x0,0x0,0x0,0xd,0x0,0x0,0x0,
0x5d,0x0,0x0,0x0,0x0,0x0,0x0,0x0,
0x38,0x0,0x0,0x0,0x0,0x0,0x0,0x0,
0x38,0x0,0x0,0x0,0x0,0x0,0x1,0x0,
0xff,0xff,0xff,0xff,0x7,0x0,0x0,0x0,
0x73,0x7,0x50,0x1,0x0,0x0,0x0,0x0,
0x0,0x0,0x7,0x0,0x0,0x0,0x0,0x0,
0x0,0x0,0x0,0x0,0x73,0x7,0x0,0x0,
0x1,0x0,0x0,0x0,0x2f,0x91,0x3,0x0,
0x0,0x3d,0x92,0x3,0x0,0x0,0x18,0x6,
0x2,0x0,0x0,0x0,0x0,0x0,0x0,0x0,
0x44,0x0,0x0,0x0,0xd,0x0,0x0,0x0,
0x9c,0x0,0x0,0x0,0x0,0x0,0x0,0x0,
0x38,0x0,0x0,0x0,0x0,0x0,0x0,0x0,
0x38,0x0,0x0,0x0,0x0,0x0,0x1,0x0,
0xff,0xff,0xff,0xff,0x7,0x0,0x0,0x0,
0x83,0x7,0x90,0x0,0x0,0x0,0x0,0x0,
0x0,0x0,0x7,0x0,0x0,0x0,0x0,0x0,
0x0,0x0,0x0,0x0,0x83,0x7,0x0,0x0,
0x1,0x0,0x0,0x0,0x2f,0x93,0x3,0x0,
0x0,0x3d,0x94,0x3,0x0,0x0,0x18,0x6,
0x2,0x0,0x0,0x0,0x0,0x0,0x0,0x0,
0x44,0x0,0x0,0x0,0xd,0x0,0x0,0x0,
0x9d,0x0,0x0,0x0,0x0,0x0,0x0,0x0,
0x38,0x0,0x0,0x0,0x0,0x0,0x0,0x0,
0x38,0x0,0x0,0x0,0x0,0x0,0x1,0x0,
0xff,0xff,0xff,0xff,0x7,0x0,0x0,0x0,
0x84,0x7,0x90,0x0,0x0,0x0,0x0,0x0,
0x0,0x0,0x7,0x0,0x0,0x0,0x0,0x0,
0x0,0x0,0x0,0x0,0x84,0x7,0x0,0x0,
0x1,0x0,0x0,0x0,0x2f,0x95,0x3,0x0,
0x0,0x3d,0x96,0x3,0x0,0x0,0x18,0x6,
0x2,0x0,0x0,0x0,0x0,0x0,0x0,0x0,
0x68,0x0,0x0,0x0,0x30,0x0,0x0,0x0,
0x4a,0x1,0x0,0x0,0x0,0x0,0x0,0x0,
0x38,0x0,0x0,0x0,0x0,0x0,0x0,0x0,
0x38,0x0,0x0,0x0,0x0,0x0,0x4,0x0,
0xff,0xff,0xff,0xff,0xb,0x0,0x0,0x0,
0x8e,0x7,0xd0,0x0,0x0,0x0,0x0,0x0,
0x0,0x0,0x7,0x0,0x0,0x0,0x0,0x0,
0x0,0x0,0x0,0x0,0x8e,0x7,0x0,0x0,
0x0,0x0,0x0,0x0,0x1,0x0,0x0,0x0,
0x8f,0x7,0x0,0x0,0x2,0x0,0x0,0x0,
0x12,0x0,0x0,0x0,0x8f,0x7,0x0,0x0,
0x3,0x0,0x0,0x0,0x2c,0x0,0x0,0x0,
0x90,0x7,0x0,0x0,0x3,0x0,0x0,0x0,
0xca,0x2f,0x97,0x3,0x0,0x0,0x3d,0x98,
0x3,0x0,0x0,0x18,0x7,0x8,0x6c,0x7,
0x50,0x1a,0x2f,0x99,0x3,0x0,0x0,0x18,
0x8,0xad,0x9a,0x3,0x0,0x0,0x8,0x0,
0x0,0x0,0x0,0x0,0x0,0x0,0x0,0x0,
0x0,0x0,0x18,0x6,0xd4,0x16,0x6,0x2,
0x0,0x0,0x0,0x0,0x0,0x0,0x0,0x0,
0x5c,0x0,0x0,0x0,0xc,0x0,0x0,0x0,
0x4c,0x1,0x0,0x0,0x0,0x0,0x0,0x0,
0x38,0x0,0x0,0x0,0x0,0x0,0x0,0x0,
0x38,0x0,0x0,0x0,0x0,0x0,0x3,0x0,
0x63,0x1,0x0,0x0,0x7,0x0,0x0,0x0,
0x92,0x7,0xd0,0x0,0x0,0x0,0x0,0x0,
0x0,0x0,0x7,0x0,0x0,0x0,0x8,0x0,
0x0,0x0,0x0,0x0,0x92,0x7,0x0,0x0,
0x0,0x0,0x0,0x0,0x1,0x0,0x0,0x0,
0x92,0x7,0x0,0x0,0x1,0x0,0x0,0x0,
0x8,0x0,0x0,0x0,0xd2,0x7,0x0,0x0,
0x1,0x0,0x0,0x0,0xca,0x29,0x63,0x1,
0x0,0x0,0x18,0x6,0xd4,0x16,0x6,0x2,
0x0,0x0,0x0,0x0,0x0,0x0,0x0,0x0,
0xb0,0x2,0x0,0x0,0x16,0x5,0x0,0x0,
0x0,0x0,0x0,0x0,0x1,0x0,0x1,0x0,
0x38,0x0,0x0,0x0,0x0,0x0,0x0,0x0,
0x40,0x0,0x0,0x0,0x0,0x0,0x34,0x0,
0xff,0xff,0xff,0xff,0xe,0x0,0x0,0x0,
0x92,0x7,0xe0,0x1,0x0,0x0,0x0,0x0,
0x0,0x0,0x8,0x0,0x0,0x0,0x2,0x0,
0xf5,0x1,0x0,0x0,0x0,0x0,0x0,0x0,
0x0,0x0,0x0,0x0,0x93,0x7,0x0,0x0,
0x2,0x0,0x0,0x0,0xa,0x0,0x0,0x0,
0x95,0x7,0x0,0x0,0x3,0x0,0x0,0x0,
0x7f,0x0,0x0,0x0,0xc3,0x7,0x0,0x0,
0x3,0x0,0x0,0x0,0x90,0x0,0x0,0x0,
0xc7,0x7,0x0,0x0,0x3,0x0,0x0,0x0,
0xa1,0x0,0x0,0x0,0xcb,0x7,0x0,0x0,
0x3,0x0,0x0,0x0,0xb7,0x0,0x0,0x0,
0x97,0x7,0x0,0x0,0x5,0x0,0x0,0x0,
0xd6,0x0,0x0,0x0,0x98,0x7,0x0,0x0,
0x7,0x0,0x0,0x0,0xf5,0x0,0x0,0x0,
0x99,0x7,0x0,0x0,0x9,0x0,0x0,0x0,
0x14,0x1,0x0,0x0,0x9a,0x7,0x0,0x0,
0xa,0x0,0x0,0x0,0x19,0x1,0x0,0x0,
0x9c,0x7,0x0,0x0,0xc,0x0,0x0,0x0,
0x38,0x1,0x0,0x0,0x9d,0x7,0x0,0x0,
0xe,0x0,0x0,0x0,0x57,0x1,0x0,0x0,
0x9e,0x7,0x0,0x0,0x10,0x0,0x0,0x0,
0x76,0x1,0x0,0x0,0x9f,0x7,0x0,0x0,
0x11,0x0,0x0,0x0,0x7b,0x1,0x0,0x0,
0xa1,0x7,0x0,0x0,0x13,0x0,0x0,0x0,
0x9a,0x1,0x0,0x0,0xa2,0x7,0x0,0x0,
0x15,0x0,0x0,0x0,0xb9,0x1,0x0,0x0,
0xa3,0x7,0x0,0x0,0x17,0x0,0x0,0x0,
0xd8,0x1,0x0,0x0,0xa4,0x7,0x0,0x0,
0x18,0x0,0x0,0x0,0xdd,0x1,0x0,0x0,
0xa6,0x7,0x0,0x0,0x1a,0x0,0x0,0x0,
0xfc,0x1,0x0,0x0,0xa7,0x7,0x0,0x0,
0x1c,0x0,0x0,0x0,0x1b,0x2,0x0,0x0,
0xa8,0x7,0x0,0x0,0x1e,0x0,0x0,0x0,
0x3a,0x2,0x0,0x0,0xa9,0x7,0x0,0x0,
0x1f,0x0,0x0,0x0,0x3f,0x2,0x0,0x0,
0xab,0x7,0x0,0x0,0x21,0x0,0x0,0x0,
0x5e,0x2,0x0,0x0,0xac,0x7,0x0,0x0,
0x23,0x0,0x0,0x0,0x7d,0x2,0x0,0x0,
0xad,0x7,0x0,0x0,0x25,0x0,0x0,0x0,
0x9c,0x2,0x0,0x0,0xae,0x7,0x0,0x0,
0x26,0x0,0x0,0x0,0xa1,0x2,0x0,0x0,
0xb0,0x7,0x0,0x0,0x28,0x0,0x0,0x0,
0xc0,0x2,0x0,0x0,0xb1,0x7,0x0,0x0,
0x2a,0x0,0x0,0x0,0xdf,0x2,0x0,0x0,
0xb2,0x7,0x0,0x0,0x2c,0x0,0x0,0x0,
0xfe,0x2,0x0,0x0,0xb3,0x7,0x0,0x0,
0x2d,0x0,0x0,0x0,0x3,0x3,0x0,0x0,
0xb5,0x7,0x0,0x0,0x2f,0x0,0x0,0x0,
0x22,0x3,0x0,0x0,0xb6,0x7,0x0,0x0,
0x31,0x0,0x0,0x0,0x41,0x3,0x0,0x0,
0xb7,0x7,0x0,0x0,0x33,0x0,0x0,0x0,
0x60,0x3,0x0,0x0,0xb8,0x7,0x0,0x0,
0x34,0x0,0x0,0x0,0x65,0x3,0x0,0x0,
0xba,0x7,0x0,0x0,0x36,0x0,0x0,0x0,
0x84,0x3,0x0,0x0,0xbb,0x7,0x0,0x0,
0x38,0x0,0x0,0x0,0xa3,0x3,0x0,0x0,
0xbc,0x7,0x0,0x0,0x3a,0x0,0x0,0x0,
0xc2,0x3,0x0,0x0,0xbd,0x7,0x0,0x0,
0x3b,0x0,0x0,0x0,0xc7,0x3,0x0,0x0,
0xbf,0x7,0x0,0x0,0x3d,0x0,0x0,0x0,
0xe6,0x3,0x0,0x0,0xc0,0x7,0x0,0x0,
0x3f,0x0,0x0,0x0,0x5,0x4,0x0,0x0,
0xc1,0x7,0x0,0x0,0x41,0x0,0x0,0x0,
0x24,0x4,0x0,0x0,0xc2,0x7,0x0,0x0,
0x42,0x0,0x0,0x0,0x29,0x4,0x0,0x0,
0xc4,0x7,0x0,0x0,0x44,0x0,0x0,0x0,
0x48,0x4,0x0,0x0,0xc5,0x7,0x0,0x0,
0x46,0x0,0x0,0x0,0x67,0x4,0x0,0x0,
0xc6,0x7,0x0,0x0,0x47,0x0,0x0,0x0,
0x6c,0x4,0x0,0x0,0xc8,0x7,0x0,0x0,
0x49,0x0,0x0,0x0,0x8b,0x4,0x0,0x0,
0xc9,0x7,0x0,0x0,0x4b,0x0,0x0,0x0,
0xaa,0x4,0x0,0x0,0xca,0x7,0x0,0x0,
0x4c,0x0,0x0,0x0,0xac,0x4,0x0,0x0,
0xcc,0x7,0x0,0x0,0x4e,0x0,0x0,0x0,
0xcb,0x4,0x0,0x0,0xcd,0x7,0x0,0x0,
0x50,0x0,0x0,0x0,0xea,0x4,0x0,0x0,
0xce,0x7,0x0,0x0,0x51,0x0,0x0,0x0,
0xec,0x4,0x0,0x0,0xd0,0x7,0x0,0x0,
0x53,0x0,0x0,0x0,0x14,0x5,0x0,0x0,
0xd2,0x7,0x0,0x0,0x53,0x0,0x0,0x0,
0x8,0x43,0x9b,0x3,0x0,0x0,0x6,0x0,
0x0,0x0,0x16,0x6,0x3d,0x9c,0x3,0x0,
0x0,0x18,0x8,0x11,0x13,0x0,0x0,0x1,
0x6c,0x8,0x4f,0x98,0x0,0x0,0x0,0x11,
0x15,0x0,0x0,0x1,0x6c,0x8,0x4f,0xee,
0x0,0x0,0x0,0x11,0x12,0x0,0x0,0x1,
0x6c,0x8,0x4f,0x44,0x1,0x0,0x0,0x11,
0x14,0x0,0x0,0x1,0x6c,0x8,0x4f,0x9a,
0x1,0x0,0x0,0x11,0x11,0x0,0x0,0x1,
0x6c,0x8,0x4f,0xf0,0x1,0x0,0x0,0x11,
0x17,0x0,0x0,0x1,0x6c,0x8,0x4f,0x46,
0x2,0x0,0x0,0x11,0x10,0x0,0x0,0x1,
0x6c,0x8,0x4f,0x9c,0x2,0x0,0x0,0x11,
0x16,0x0,0x0,0x1,0x6c,0x8,0x4f,0xf2,
0x2,0x0,0x0,0x11,0xb,0x0,0x0,0x1,
0x6c,0x8,0x4f,0x48,0x3,0x0,0x0,0x2f,
0x9d,0x3,0x0,0x0,0x3d,0x9e,0x3,0x0,
0x0,0x6c,0x8,0x4f,0x99,0x3,0x0,0x0,
0x2f,0x9f,0x3,0x0,0x0,0x3d,0xa0,0x3,
0x0,0x0,0x6c,0x8,0x4f,0xcb,0x3,0x0,
0x0,0x2f,0xa1,0x3,0x0,0x0,0x3d,0xa2,
0x3,0x0,0x0,0x6c,0x8,0x4f,0xfa,0x3,
0x0,0x0,0x4d,0x35,0x4,0x0,0x0,0x2f,
0xa3,0x3,0x0,0x0,0x18,0x9,0x13,0xcb,
0x1,0x0,0x0,0x18,0xc,0xad,0xa4,0x3,
0x0,0x0,0x9,0x0,0x0,0x0,0x1,0x0,
0x0,0x0,0xc,0x0,0x0,0x0,0x2f,0xa5,
0x3,0x0,0x0,0x18,0x9,0x13,0xcc,0x1,
0x0,0x0,0x18,0xc,0xad,0xa6,0x3,0x0,
0x0,0x9,0x0,0x0,0x0,0x1,0x0,0x0,
0x0,0xc,0x0,0x0,0x0,0x2f,0xa7,0x3,
0x0,0x0,0x18,0x9,0x13,0xcd,0x1,0x0,
0x0,0x18,0xc,0xad,0xa8,0x3,0x0,0x0,
0x9,0x0,0x0,0x0,0x1,0x0,0x0,0x0,
0xc,0x0,0x0,0x0,0x4d,0xfb,0x3,0x0,
0x0,0x2f,0xa9,0x3,0x0,0x0,0x18,0x9,
0x13,0xce,0x1,0x0,0x0,0x18,0xc,0xad,
0xaa,0x3,0x0,0x0,0x9,0x0,0x0,0x0,
0x1,0x0,0x0,0x0,0xc,0x0,0x0,0x0,
0x2f,0xab,0x3,0x0,0x0,0x18,0x9,0x13,
0xcf,0x1,0x0,0x0,0x18,0xc,0xad,0xac,
0x3,0x0,0x0,0x9,0x0,0x0,0x0,0x1,
0x0,0x0,0x0,0xc,0x0,0x0,0x0,0x2f,
0xad,0x3,0x0,0x0,0x18,0x9,0x13,0xd0,
0x1,0x0,0x0,0x18,0xc,0xad,0xae,0x3,
0x0,0x0,0x9,0x0,0x0,0x0,0x1,0x0,
0x0,0x0,0xc,0x0,0x0,0x0,0x4d,0x99,
0x3,0x0,0x0,0x2f,0xaf,0x3,0x0,0x0,
0x18,0x9,0x13,0xd1,0x1,0x0,0x0,0x18,
0xc,0xad,0xb0,0x3,0x0,0x0,0x9,0x0,
0x0,0x0,0x1,0x0,0x0,0x0,0xc,0x0,
0x0,0x0,0x2f,0xb1,0x3,0x0,0x0,0x18,
0x9,0x13,0xd2,0x1,0x0,0x0,0x18,0xc,
0xad,0xb2,0x3,0x0,0x0,0x9,0x0,0x0,
0x0,0x1,0x0,0x0,0x0,0xc,0x0,0x0,
0x0,0x2f,0xb3,0x3,0x0,0x0,0x18,0x9,
0x13,0xd3,0x1,0x0,0x0,0x18,0xc,0xad,
0xb4,0x3,0x0,0x0,0x9,0x0,0x0,0x0,
0x1,0x0,0x0,0x0,0xc,0x0,0x0,0x0,
0x4d,0x37,0x3,0x0,0x0,0x2f,0xb5,0x3,
0x0,0x0,0x18,0x9,0x13,0xd4,0x1,0x0,
0x0,0x18,0xc,0xad,0xb6,0x3,0x0,0x0,
0x9,0x0,0x0,0x0,0x1,0x0,0x0,0x0,
0xc,0x0,0x0,0x0,0x2f,0xb7,0x3,0x0,
0x0,0x18,0x9,0x13,0xd5,0x1,0x0,0x0,
0x18,0xc,0xad,0xb8,0x3,0x0,0x0,0x9,
0x0,0x0,0x0,0x1,0x0,0x0,0x0,0xc,
0x0,0x0,0x0,0x2f,0xb9,0x3,0x0,0x0,
0x18,0x9,0x13,0xd6,0x1,0x0,0x0,0x18,
0xc,0xad,0xba,0x3,0x0,0x0,0x9,0x0,
0x0,0x0,0x1,0x0,0x0,0x0,0xc,0x0,
0x0,0x0,0x4d,0xd5,0x2,0x0,0x0,0x2f,
0xbb,0x3,0x0,0x0,0x18,0x9,0x13,0xd7,
0x1,0x0,0x0,0x18,0xc,0xad,0xbc,0x3,
0x0,0x0,0x9,0x0,0x0,0x0,0x1,0x0,
0x0,0x0,0xc,0x0,0x0,0x0,0x2f,0xbd,
0x3,0x0,0x0,0x18,0x9,0x13,0xd8,0x1,
0x0,0x0,0x18,0xc,0xad,0xbe,0x3,0x0,
0x0,0x9,0x0,0x0,0x0,0x1,0x0,0x0,
0x0,0xc,0x0,0x0,0x0,0x2f,0xbf,0x3,
0x0,0x0,0x18,0x9,0x13,0xd9,0x1,0x0,
0x0,0x18,0xc,0xad,0xc0,0x3,0x0,0x0,
0x9,0x0,0x0,0x0,0x1,0x0,0x0,0x0,
0xc,0x0,0x0,0x0,0x4d,0x73,0x2,0x0,
0x0,0x2f,0xc1,0x3,0x0,0x0,0x18,0x9,
0x13,0xda,0x1,0x0,0x0,0x18,0xc,0xad,
0xc2,0x3,0x0,0x0,0x9,0x0,0x0,0x0,
0x1,0x0,0x0,0x0,0xc,0x0,0x0,0x0,
0x2f,0xc3,0x3,0x0,0x0,0x18,0x9,0x13,
0xdb,0x1,0x0,0x0,0x18,0xc,0xad,0xc4,
0x3,0x0,0x0,0x9,0x0,0x0,0x0,0x1,
0x0,0x0,0x0,0xc,0x0,0x0,0x0,0x2f,
0xc5,0x3,0x0,0x0,0x18,0x9,0x13,0xdc,
0x1,0x0,0x0,0x18,0xc,0xad,0xc6,0x3,
0x0,0x0,0x9,0x0,0x0,0x0,0x1,0x0,
0x0,0x0,0xc,0x0,0x0,0x0,0x4d,0x11,
0x2,0x0,0x0,0x2f,0xc7,0x3,0x0,0x0,
0x18,0x9,0x13,0xdd,0x1,0x0,0x0,0x18,
0xc,0xad,0xc8,0x3,0x0,0x0,0x9,0x0,
0x0,0x0,0x1,0x0,0x0,0x0,0xc,0x0,
0x0,0x0,0x2f,0xc9,0x3,0x0,0x0,0x18,
0x9,0x13,0xde,0x1,0x0,0x0,0x18,0xc,
0xad,0xca,0x3,0x0,0x0,0x9,0x0,0x0,
0x0,0x1,0x0,0x0,0x0,0xc,0x0,0x0,
0x0,0x2f,0xcb,0x3,0x0,0x0,0x18,0x9,
0x13,0xdf,0x1,0x0,0x0,0x18,0xc,0xad,
0xcc,0x3,0x0,0x0,0x9,0x0,0x0,0x0,
0x1,0x0,0x0,0x0,0xc,0x0,0x0,0x0,
0x4d,0xaf,0x1,0x0,0x0,0x2f,0xcd,0x3,
0x0,0x0,0x18,0x9,0x13,0xe0,0x1,0x0,
0x0,0x18,0xc,0xad,0xce,0x3,0x0,0x0,
0x9,0x0,0x0,0x0,0x1,0x0,0x0,0x0,
0xc,0x0,0x0,0x0,0x2f,0xcf,0x3,0x0,
0x0,0x18,0x9,0x13,0xe1,0x1,0x0,0x0,
0x18,0xc,0xad,0xd0,0x3,0x0,0x0,0x9,
0x0,0x0,0x0,0x1,0x0,0x0,0x0,0xc,
0x0,0x0,0x0,0x2f,0xd1,0x3,0x0,0x0,
0x18,0x9,0x13,0xe2,0x1,0x0,0x0,0x18,
0xc,0xad,0xd2,0x3,0x0,0x0,0x9,0x0,
0x0,0x0,0x1,0x0,0x0,0x0,0xc,0x0,
0x0,0x0,0x4d,0x4d,0x1,0x0,0x0,0x2f,
0xd3,0x3,0x0,0x0,0x18,0x9,0x13,0x53,
0x1,0x0,0x0,0x18,0xc,0xad,0xd4,0x3,
0x0,0x0,0x9,0x0,0x0,0x0,0x1,0x0,
0x0,0x0,0xc,0x0,0x0,0x0,0x2f,0xd5,
0x3,0x0,0x0,0x18,0x9,0x13,0xa6,0x1,
0x0,0x0,0x18,0xc,0xad,0xd6,0x3,0x0,
0x0,0x9,0x0,0x0,0x0,0x1,0x0,0x0,
0x0,0xc,0x0,0x0,0x0,0x2f,0xd7,0x3,
0x0,0x0,0x18,0x9,0x13,0xa7,0x1,0x0,
0x0,0x18,0xc,0xad,0xd8,0x3,0x0,0x0,
0x9,0x0,0x0,0x0,0x1,0x0,0x0,0x0,
0xc,0x0,0x0,0x0,0x4d,0xeb,0x0,0x0,
0x0,0x2f,0xd9,0x3,0x0,0x0,0x18,0x9,
0x13,0xe3,0x1,0x0,0x0,0x18,0xc,0xad,
0xda,0x3,0x0,0x0,0x9,0x0,0x0,0x0,
0x1,0x0,0x0,0x0,0xc,0x0,0x0,0x0,
0x2f,0xdb,0x3,0x0,0x0,0x18,0x9,0x13,
0xe4,0x1,0x0,0x0,0x18,0xc,0xad,0xdc,
0x3,0x0,0x0,0x9,0x0,0x0,0x0,0x1,
0x0,0x0,0x0,0xc,0x0,0x0,0x0,0x4d,
0xa8,0x0,0x0,0x0,0x2f,0xdd,0x3,0x0,
0x0,0x18,0x9,0x13,0xe5,0x1,0x0,0x0,
0x18,0xc,0xad,0xde,0x3,0x0,0x0,0x9,
0x0,0x0,0x0,0x1,0x0,0x0,0x0,0xc,
0x0,0x0,0x0,0x2f,0xdf,0x3,0x0,0x0,
0x18,0x9,0x13,0xe6,0x1,0x0,0x0,0x18,
0xc,0xad,0xe0,0x3,0x0,0x0,0x9,0x0,
0x0,0x0,0x1,0x0,0x0,0x0,0xc,0x0,
0x0,0x0,0x4c,0x68,0x2f,0xe1,0x3,0x0,
0x0,0x18,0x9,0x13,0xe7,0x1,0x0,0x0,
0x18,0xc,0xad,0xe2,0x3,0x0,0x0,0x9,
0x0,0x0,0x0,0x1,0x0,0x0,0x0,0xc,
0x0,0x0,0x0,0x2f,0xe3,0x3,0x0,0x0,
0x18,0x9,0x13,0xe8,0x1,0x0,0x0,0x18,
0xc,0xad,0xe4,0x3,0x0,0x0,0x9,0x0,
0x0,0x0,0x1,0x0,0x0,0x0,0xc,0x0,
0x0,0x0,0x4c,0x28,0x2f,0xe5,0x3,0x0,
0x0,0x18,0x9,0x13,0xe9,0x1,0x0,0x0,
0x18,0xc,0x16,0x6,0x3d,0xe6,0x3,0x0,
0x0,0x18,0xd,0xad,0xe7,0x3,0x0,0x0,
0x9,0x0,0x0,0x0,0x2,0x0,0x0,0x0,
0xc,0x0,0x0,0x0,0xe,0x2,0x0,0x0,
0x0,0x0,0x0,0x0,0x0,0x0,0x0,0x0,
0x44,0x0,0x0,0x0,0xd,0x0,0x0,0x0,
0x4e,0x1,0x0,0x0,0x0,0x0,0x0,0x0,
0x38,0x0,0x0,0x0,0x0,0x0,0x0,0x0,
0x38,0x0,0x0,0x0,0x0,0x0,0x1,0x0,
0xff,0xff,0xff,0xff,0x7,0x0,0x0,0x0,
0xd7,0x7,0xd0,0x0,0x0,0x0,0x0,0x0,
0x0,0x0,0x7,0x0,0x0,0x0,0x0,0x0,
0x0,0x0,0x0,0x0,0xd7,0x7,0x0,0x0,
0x1,0x0,0x0,0x0,0x2f,0xe8,0x3,0x0,
0x0,0x3d,0xe9,0x3,0x0,0x0,0x18,0x6,
0x2,0x0,0x0,0x0,0x0,0x0,0x0,0x0,
0x44,0x0,0x0,0x0,0xd,0x0,0x0,0x0,
0x4e,0x1,0x0,0x0,0x0,0x0,0x0,0x0,
0x38,0x0,0x0,0x0,0x0,0x0,0x0,0x0,
0x38,0x0,0x0,0x0,0x0,0x0,0x1,0x0,
0xff,0xff,0xff,0xff,0x7,0x0,0x0,0x0,
0xdb,0x7,0x10,0x1,0x0,0x0,0x0,0x0,
0x0,0x0,0x7,0x0,0x0,0x0,0x0,0x0,
0x0,0x0,0x0,0x0,0xdb,0x7,0x0,0x0,
0x1,0x0,0x0,0x0,0x2f,0xea,0x3,0x0,
0x0,0x3d,0xeb,0x3,0x0,0x0,0x18,0x6,
0x2,0x0,0x0,0x0,0x0,0x0,0x0,0x0,
0x44,0x0,0x0,0x0,0xd,0x0,0x0,0x0,
0x9c,0x0,0x0,0x0,0x0,0x0,0x0,0x0,
0x38,0x0,0x0,0x0,0x0,0x0,0x0,0x0,
0x38,0x0,0x0,0x0,0x0,0x0,0x1,0x0,
0xff,0xff,0xff,0xff,0x7,0x0,0x0,0x0,
0xde,0x7,0x50,0x1,0x0,0x0,0x0,0x0,
0x0,0x0,0x7,0x0,0x0,0x0,0x0,0x0,
0x0,0x0,0x0,0x0,0xde,0x7,0x0,0x0,
0x1,0x0,0x0,0x0,0x2f,0xec,0x3,0x0,
0x0,0x3d,0xed,0x3,0x0,0x0,0x18,0x6,
0x2,0x0,0x0,0x0,0x0,0x0,0x0,0x0,
0x44,0x0,0x0,0x0,0xd,0x0,0x0,0x0,
0x9d,0x0,0x0,0x0,0x0,0x0,0x0,0x0,
0x38,0x0,0x0,0x0,0x0,0x0,0x0,0x0,
0x38,0x0,0x0,0x0,0x0,0x0,0x1,0x0,
0xff,0xff,0xff,0xff,0x7,0x0,0x0,0x0,
0xdf,0x7,0x50,0x1,0x0,0x0,0x0,0x0,
0x0,0x0,0x7,0x0,0x0,0x0,0x0,0x0,
0x0,0x0,0x0,0x0,0xdf,0x7,0x0,0x0,
0x1,0x0,0x0,0x0,0x2f,0xee,0x3,0x0,
0x0,0x3d,0xef,0x3,0x0,0x0,0x18,0x6,
0x2,0x0,0x0,0x0,0x0,0x0,0x0,0x0,
0x68,0x0,0x0,0x0,0x6c,0x0,0x0,0x0,
0x81,0x0,0x0,0x0,0x0,0x0,0x0,0x0,
0x38,0x0,0x0,0x0,0x0,0x0,0x0,0x0,
0x38,0x0,0x0,0x0,0x0,0x0,0x4,0x0,
0xff,0xff,0xff,0xff,0xd,0x0,0x0,0x0,
0xe1,0x7,0x50,0x1,0x0,0x0,0x0,0x0,
0x0,0x0,0x7,0x0,0x0,0x0,0x0,0x0,
0x0,0x0,0x0,0x0,0xe1,0x7,0x0,0x0,
0x0,0x0,0x0,0x0,0x1,0x0,0x0,0x0,
0xe1,0x7,0x0,0x0,0x1,0x0,0x0,0x0,
0x22,0x0,0x0,0x0,0xe2,0x7,0x0,0x0,
0x1,0x0,0x0,0x0,0x45,0x0,0x0,0x0,
0xe3,0x7,0x0,0x0,0x1,0x0,0x0,0x0,
0xca,0x2f,0xf0,0x3,0x0,0x0,0x18,0x7,
0x13,0xd7,0x1,0x0,0x0,0x18,0xa,0xad,
0xf1,0x3,0x0,0x0,0x7,0x0,0x0,0x0,
0x1,0x0,0x0,0x0,0xa,0x0,0x0,0x0,
0x18,0x7,0x2f,0xf2,0x3,0x0,0x0,0x18,
0x8,0x13,0xde,0x1,0x0,0x0,0x18,0xb,
0xad,0xf3,0x3,0x0,0x0,0x8,0x0,0x0,
0x0,0x1,0x0,0x0,0x0,0xb,0x0,0x0,
0x0,0x82,0x7,0x18,0x8,0x2f,0xf4,0x3,
0x0,0x0,0x18,0x9,0x13,0xdf,0x1,0x0,
0x0,0x18,0xc,0xad,0xf5,0x3,0x0,0x0,
0x9,0x0,0x0,0x0,0x1,0x0,0x0,0x0,
0xc,0x0,0x0,0x0,0x82,0x8,0x18,0x6,
0xd4,0x16,0x6,0x2,0x0,0x0,0x0,0x0,
0x44,0x0,0x0,0x0,0xd,0x0,0x0,0x0,
0x9c,0x0,0x0,0x0,0x0,0x0,0x0,0x0,
0x38,0x0,0x0,0x0,0x0,0x0,0x0,0x0,
0x38,0x0,0x0,0x0,0x0,0x0,0x1,0x0,
0xff,0xff,0xff,0xff,0x7,0x0,0x0,0x0,
0xe9,0x7,0x50,0x1,0x0,0x0,0x0,0x0,
0x0,0x0,0x7,0x0,0x0,0x0,0x0,0x0,
0x0,0x0,0x0,0x0,0xe9,0x7,0x0,0x0,
0x1,0x0,0x0,0x0,0x2f,0xf6,0x3,0x0,
0x0,0x3d,0xf7,0x3,0x0,0x0,0x18,0x6,
0x2,0x0,0x0,0x0,0x0,0x0,0x0,0x0,
0x44,0x0,0x0,0x0,0xd,0x0,0x0,0x0,
0x9d,0x0,0x0,0x0,0x0,0x0,0x0,0x0,
0x38,0x0,0x0,0x0,0x0,0x0,0x0,0x0,
0x38,0x0,0x0,0x0,0x0,0x0,0x1,0x0,
0xff,0xff,0xff,0xff,0x7,0x0,0x0,0x0,
0xea,0x7,0x50,0x1,0x0,0x0,0x0,0x0,
0x0,0x0,0x7,0x0,0x0,0x0,0x0,0x0,
0x0,0x0,0x0,0x0,0xea,0x7,0x0,0x0,
0x1,0x0,0x0,0x0,0x2f,0xf8,0x3,0x0,
0x0,0x3d,0xf9,0x3,0x0,0x0,0x18,0x6,
0x2,0x0,0x0,0x0,0x0,0x0,0x0,0x0,
0x68,0x0,0x0,0x0,0x6c,0x0,0x0,0x0,
0x81,0x0,0x0,0x0,0x0,0x0,0x0,0x0,
0x38,0x0,0x0,0x0,0x0,0x0,0x0,0x0,
0x38,0x0,0x0,0x0,0x0,0x0,0x4,0x0,
0xff,0xff,0xff,0xff,0xd,0x0,0x0,0x0,
0xec,0x7,0x50,0x1,0x0,0x0,0x0,0x0,
0x0,0x0,0x7,0x0,0x0,0x0,0x0,0x0,
0x0,0x0,0x0,0x0,0xec,0x7,0x0,0x0,
0x0,0x0,0x0,0x0,0x1,0x0,0x0,0x0,
0xec,0x7,0x0,0x0,0x1,0x0,0x0,0x0,
0x22,0x0,0x0,0x0,0xed,0x7,0x0,0x0,
0x1,0x0,0x0,0x0,0x45,0x0,0x0,0x0,
0xee,0x7,0x0,0x0,0x1,0x0,0x0,0x0,
0xca,0x2f,0xfa,0x3,0x0,0x0,0x18,0x7,
0x13,0xcb,0x1,0x0,0x0,0x18,0xa,0xad,
0xfb,0x3,0x0,0x0,0x7,0x0,0x0,0x0,
0x1,0x0,0x0,0x0,0xa,0x0,0x0,0x0,
0x18,0x7,0x2f,0xfc,0x3,0x0,0x0,0x18,
0x8,0x13,0xcc,0x1,0x0,0x0,0x18,0xb,
0xad,0xfd,0x3,0x0,0x0,0x8,0x0,0x0,
0x0,0x1,0x0,0x0,0x0,0xb,0x0,0x0,
0x0,0x82,0x7,0x18,0x8,0x2f,0xfe,0x3,
0x0,0x0,0x18,0x9,0x13,0xcd,0x1,0x0,
0x0,0x18,0xc,0xad,0xff,0x3,0x0,0x0,
0x9,0x0,0x0,0x0,0x1,0x0,0x0,0x0,
0xc,0x0,0x0,0x0,0x82,0x8,0x18,0x6,
0xd4,0x16,0x6,0x2,0x0,0x0,0x0,0x0,
0x44,0x0,0x0,0x0,0xd,0x0,0x0,0x0,
0x9c,0x0,0x0,0x0,0x0,0x0,0x0,0x0,
0x38,0x0,0x0,0x0,0x0,0x0,0x0,0x0,
0x38,0x0,0x0,0x0,0x0,0x0,0x1,0x0,
0xff,0xff,0xff,0xff,0x7,0x0,0x0,0x0,
0xf4,0x7,0x50,0x1,0x0,0x0,0x0,0x0,
0x0,0x0,0x7,0x0,0x0,0x0,0x0,0x0,
0x0,0x0,0x0,0x0,0xf4,0x7,0x0,0x0,
0x1,0x0,0x0,0x0,0x2f,0x0,0x4,0x0,
0x0,0x3d,0x1,0x4,0x0,0x0,0x18,0x6,
0x2,0x0,0x0,0x0,0x0,0x0,0x0,0x0,
0x44,0x0,0x0,0x0,0xd,0x0,0x0,0x0,
0x9d,0x0,0x0,0x0,0x0,0x0,0x0,0x0,
0x38,0x0,0x0,0x0,0x0,0x0,0x0,0x0,
0x38,0x0,0x0,0x0,0x0,0x0,0x1,0x0,
0xff,0xff,0xff,0xff,0x7,0x0,0x0,0x0,
0xf5,0x7,0x50,0x1,0x0,0x0,0x0,0x0,
0x0,0x0,0x7,0x0,0x0,0x0,0x0,0x0,
0x0,0x0,0x0,0x0,0xf5,0x7,0x0,0x0,
0x1,0x0,0x0,0x0,0x2f,0x2,0x4,0x0,
0x0,0x3d,0x3,0x4,0x0,0x0,0x18,0x6,
0x2,0x0,0x0,0x0,0x0,0x0,0x0,0x0,
0x68,0x0,0x0,0x0,0x6c,0x0,0x0,0x0,
0x81,0x0,0x0,0x0,0x0,0x0,0x0,0x0,
0x38,0x0,0x0,0x0,0x0,0x0,0x0,0x0,
0x38,0x0,0x0,0x0,0x0,0x0,0x4,0x0,
0xff,0xff,0xff,0xff,0xd,0x0,0x0,0x0,
0xf7,0x7,0x50,0x1,0x0,0x0,0x0,0x0,
0x0,0x0,0x7,0x0,0x0,0x0,0x0,0x0,
0x0,0x0,0x0,0x0,0xf7,0x7,0x0,0x0,
0x0,0x0,0x0,0x0,0x1,0x0,0x0,0x0,
0xf7,0x7,0x0,0x0,0x1,0x0,0x0,0x0,
0x22,0x0,0x0,0x0,0xf8,0x7,0x0,0x0,
0x1,0x0,0x0,0x0,0x45,0x0,0x0,0x0,
0xf9,0x7,0x0,0x0,0x1,0x0,0x0,0x0,
0xca,0x2f,0x4,0x4,0x0,0x0,0x18,0x7,
0x13,0xda,0x1,0x0,0x0,0x18,0xa,0xad,
0x5,0x4,0x0,0x0,0x7,0x0,0x0,0x0,
0x1,0x0,0x0,0x0,0xa,0x0,0x0,0x0,
0x18,0x7,0x2f,0x6,0x4,0x0,0x0,0x18,
0x8,0x13,0xe1,0x1,0x0,0x0,0x18,0xb,
0xad,0x7,0x4,0x0,0x0,0x8,0x0,0x0,
0x0,0x1,0x0,0x0,0x0,0xb,0x0,0x0,
0x0,0x82,0x7,0x18,0x8,0x2f,0x8,0x4,
0x0,0x0,0x18,0x9,0x13,0xe2,0x1,0x0,
0x0,0x18,0xc,0xad,0x9,0x4,0x0,0x0,
0x9,0x0,0x0,0x0,0x1,0x0,0x0,0x0,
0xc,0x0,0x0,0x0,0x82,0x8,0x18,0x6,
0xd4,0x16,0x6,0x2,0x0,0x0,0x0,0x0,
0x44,0x0,0x0,0x0,0xd,0x0,0x0,0x0,
0x4e,0x1,0x0,0x0,0x0,0x0,0x0,0x0,
0x38,0x0,0x0,0x0,0x0,0x0,0x0,0x0,
0x38,0x0,0x0,0x0,0x0,0x0,0x1,0x0,
0xff,0xff,0xff,0xff,0x7,0x0,0x0,0x0,
0x0,0x8,0x10,0x1,0x0,0x0,0x0,0x0,
0x0,0x0,0x7,0x0,0x0,0x0,0x0,0x0,
0x0,0x0,0x0,0x0,0x0,0x8,0x0,0x0,
0x1,0x0,0x0,0x0,0x2f,0xa,0x4,0x0,
0x0,0x3d,0xb,0x4,0x0,0x0,0x18,0x6,
0x2,0x0,0x0,0x0,0x0,0x0,0x0,0x0,
0x44,0x0,0x0,0x0,0xd,0x0,0x0,0x0,
0x9c,0x0,0x0,0x0,0x0,0x0,0x0,0x0,
0x38,0x0,0x0,0x0,0x0,0x0,0x0,0x0,
0x38,0x0,0x0,0x0,0x0,0x0,0x1,0x0,
0xff,0xff,0xff,0xff,0x7,0x0,0x0,0x0,
0x3,0x8,0x50,0x1,0x0,0x0,0x0,0x0,
0x0,0x0,0x7,0x0,0x0,0x0,0x0,0x0,
0x0,0x0,0x0,0x0,0x3,0x8,0x0,0x0,
0x1,0x0,0x0,0x0,0x2f,0xc,0x4,0x0,
0x0,0x3d,0xd,0x4,0x0,0x0,0x18,0x6,
0x2,0x0,0x0,0x0,0x0,0x0,0x0,0x0,
0x44,0x0,0x0,0x0,0xd,0x0,0x0,0x0,
0x9d,0x0,0x0,0x0,0x0,0x0,0x0,0x0,
0x38,0x0,0x0,0x0,0x0,0x0,0x0,0x0,
0x38,0x0,0x0,0x0,0x0,0x0,0x1,0x0,
0xff,0xff,0xff,0xff,0x7,0x0,0x0,0x0,
0x4,0x8,0x50,0x1,0x0,0x0,0x0,0x0,
0x0,0x0,0x7,0x0,0x0,0x0,0x0,0x0,
0x0,0x0,0x0,0x0,0x4,0x8,0x0,0x0,
0x1,0x0,0x0,0x0,0x2f,0xe,0x4,0x0,
0x0,0x3d,0xf,0x4,0x0,0x0,0x18,0x6,
0x2,0x0,0x0,0x0,0x0,0x0,0x0,0x0,
0x68,0x0,0x0,0x0,0x6c,0x0,0x0,0x0,
0x81,0x0,0x0,0x0,0x0,0x0,0x0,0x0,
0x38,0x0,0x0,0x0,0x0,0x0,0x0,0x0,
0x38,0x0,0x0,0x0,0x0,0x0,0x4,0x0,
0xff,0xff,0xff,0xff,0xd,0x0,0x0,0x0,
0x6,0x8,0x50,0x1,0x0,0x0,0x0,0x0,
0x0,0x0,0x7,0x0,0x0,0x0,0x0,0x0,
0x0,0x0,0x0,0x0,0x6,0x8,0x0,0x0,
0x0,0x0,0x0,0x0,0x1,0x0,0x0,0x0,
0x6,0x8,0x0,0x0,0x1,0x0,0x0,0x0,
0x22,0x0,0x0,0x0,0x7,0x8,0x0,0x0,
0x1,0x0,0x0,0x0,0x45,0x0,0x0,0x0,
0x8,0x8,0x0,0x0,0x1,0x0,0x0,0x0,
0xca,0x2f,0x10,0x4,0x0,0x0,0x18,0x7,
0x13,0xd1,0x1,0x0,0x0,0x18,0xa,0xad,
0x11,0x4,0x0,0x0,0x7,0x0,0x0,0x0,
0x1,0x0,0x0,0x0,0xa,0x0,0x0,0x0,
0x18,0x7,0x2f,0x12,0x4,0x0,0x0,0x18,
0x8,0x13,0xd2,0x1,0x0,0x0,0x18,0xb,
0xad,0x13,0x4,0x0,0x0,0x8,0x0,0x0,
0x0,0x1,0x0,0x0,0x0,0xb,0x0,0x0,
0x0,0x82,0x7,0x18,0x8,0x2f,0x14,0x4,
0x0,0x0,0x18,0x9,0x13,0xd3,0x1,0x0,
0x0,0x18,0xc,0xad,0x15,0x4,0x0,0x0,
0x9,0x0,0x0,0x0,0x1,0x0,0x0,0x0,
0xc,0x0,0x0,0x0,0x82,0x8,0x18,0x6,
0xd4,0x16,0x6,0x2,0x0,0x0,0x0,0x0,
0x44,0x0,0x0,0x0,0xd,0x0,0x0,0x0,
0x9c,0x0,0x0,0x0,0x0,0x0,0x0,0x0,
0x38,0x0,0x0,0x0,0x0,0x0,0x0,0x0,
0x38,0x0,0x0,0x0,0x0,0x0,0x1,0x0,
0xff,0xff,0xff,0xff,0x7,0x0,0x0,0x0,
0xe,0x8,0x50,0x1,0x0,0x0,0x0,0x0,
0x0,0x0,0x7,0x0,0x0,0x0,0x0,0x0,
0x0,0x0,0x0,0x0,0xe,0x8,0x0,0x0,
0x1,0x0,0x0,0x0,0x2f,0x16,0x4,0x0,
0x0,0x3d,0x17,0x4,0x0,0x0,0x18,0x6,
0x2,0x0,0x0,0x0,0x0,0x0,0x0,0x0,
0x44,0x0,0x0,0x0,0xd,0x0,0x0,0x0,
0x9d,0x0,0x0,0x0,0x0,0x0,0x0,0x0,
0x38,0x0,0x0,0x0,0x0,0x0,0x0,0x0,
0x38,0x0,0x0,0x0,0x0,0x0,0x1,0x0,
0xff,0xff,0xff,0xff,0x7,0x0,0x0,0x0,
0xf,0x8,0x50,0x1,0x0,0x0,0x0,0x0,
0x0,0x0,0x7,0x0,0x0,0x0,0x0,0x0,
0x0,0x0,0x0,0x0,0xf,0x8,0x0,0x0,
0x1,0x0,0x0,0x0,0x2f,0x18,0x4,0x0,
0x0,0x3d,0x19,0x4,0x0,0x0,0x18,0x6,
0x2,0x0,0x0,0x0,0x0,0x0,0x0,0x0,
0x74,0x0,0x0,0x0,0x64,0x0,0x0,0x0,
0x81,0x0,0x0,0x0,0x0,0x0,0x0,0x0,
0x38,0x0,0x0,0x0,0x0,0x0,0x0,0x0,
0x38,0x0,0x0,0x0,0x0,0x0,0x5,0x0,
0xff,0xff,0xff,0xff,0xb,0x0,0x0,0x0,
0x11,0x8,0x50,0x1,0x0,0x0,0x0,0x0,
0x0,0x0,0x7,0x0,0x0,0x0,0x0,0x0,
0x0,0x0,0x0,0x0,0x11,0x8,0x0,0x0,
0x0,0x0,0x0,0x0,0x1,0x0,0x0,0x0,
0x12,0x8,0x0,0x0,0x3,0x0,0x0,0x0,
0x20,0x0,0x0,0x0,0x13,0x8,0x0,0x0,
0x5,0x0,0x0,0x0,0x3f,0x0,0x0,0x0,
0x14,0x8,0x0,0x0,0x6,0x0,0x0,0x0,
0x60,0x0,0x0,0x0,0x15,0x8,0x0,0x0,
0x6,0x0,0x0,0x0,0xca,0x2f,0x1a,0x4,
0x0,0x0,0x18,0x7,0x13,0x53,0x1,0x0,
0x0,0x18,0xa,0xad,0x1b,0x4,0x0,0x0,
0x7,0x0,0x0,0x0,0x1,0x0,0x0,0x0,
0xa,0x0,0x0,0x0,0x2f,0x1c,0x4,0x0,
0x0,0x18,0x7,0x13,0xa6,0x1,0x0,0x0,
0x18,0xa,0xad,0x1d,0x4,0x0,0x0,0x7,
0x0,0x0,0x0,0x1,0x0,0x0,0x0,0xa,
0x0,0x0,0x0,0x2f,0x1e,0x4,0x0,0x0,
0x18,0x7,0x13,0xa7,0x1,0x0,0x0,0x18,
0xa,0xad,0x1f,0x4,0x0,0x0,0x7,0x0,
0x0,0x0,0x1,0x0,0x0,0x0,0xa,0x0,
0x0,0x0,0x18,0x6,0xd4,0x16,0x6,0x2,
0x0,0x0,0x0,0x0,0x0,0x0,0x0,0x0,
0x44,0x0,0x0,0x0,0xd,0x0,0x0,0x0,
0x5b,0x0,0x0,0x0,0x0,0x0,0x0,0x0,
0x38,0x0,0x0,0x0,0x0,0x0,0x0,0x0,
0x38,0x0,0x0,0x0,0x0,0x0,0x1,0x0,
0xff,0xff,0xff,0xff,0x7,0x0,0x0,0x0,
0x21,0x8,0x90,0x1,0x0,0x0,0x0,0x0,
0x0,0x0,0x7,0x0,0x0,0x0,0x0,0x0,
0x0,0x0,0x0,0x0,0x21,0x8,0x0,0x0,
0x1,0x0,0x0,0x0,0x2f,0x20,0x4,0x0,
0x0,0x3d,0x21,0x4,0x0,0x0,0x18,0x6,
0x2,0x0,0x0,0x0,0x0,0x0,0x0,0x0,
0x44,0x0,0x0,0x0,0xd,0x0,0x0,0x0,
0x5d,0x0,0x0,0x0,0x0,0x0,0x0,0x0,
0x38,0x0,0x0,0x0,0x0,0x0,0x0,0x0,
0x38,0x0,0x0,0x0,0x0,0x0,0x1,0x0,
0xff,0xff,0xff,0xff,0x7,0x0,0x0,0x0,
0x22,0x8,0x90,0x1,0x0,0x0,0x0,0x0,
0x0,0x0,0x7,0x0,0x0,0x0,0x0,0x0,
0x0,0x0,0x0,0x0,0x22,0x8,0x0,0x0,
0x1,0x0,0x0,0x0,0x2f,0x22,0x4,0x0,
0x0,0x3d,0x23,0x4,0x0,0x0,0x18,0x6,
0x2,0x0,0x0,0x0,0x0,0x0,0x0,0x0,
0x44,0x0,0x0,0x0,0x8,0x0,0x0,0x0,
0x14,0x0,0x0,0x0,0x0,0x0,0x0,0x0,
0x38,0x0,0x0,0x0,0x0,0x0,0x0,0x0,
0x38,0x0,0x0,0x0,0x0,0x0,0x1,0x0,
0xff,0xff,0xff,0xff,0x7,0x0,0x0,0x0,
0x23,0x8,0x90,0x1,0x0,0x0,0x0,0x0,
0x0,0x0,0x7,0x0,0x0,0x0,0x0,0x0,
0x0,0x0,0x0,0x0,0x23,0x8,0x0,0x0,
0x1,0x0,0x0,0x0,0x2f,0x24,0x4,0x0,
0x0,0x18,0x6,0x2,0x0,0x0,0x0,0x0,
0x44,0x0,0x0,0x0,0xd,0x0,0x0,0x0,
0x9c,0x0,0x0,0x0,0x0,0x0,0x0,0x0,
0x38,0x0,0x0,0x0,0x0,0x0,0x0,0x0,
0x38,0x0,0x0,0x0,0x0,0x0,0x1,0x0,
0xff,0xff,0xff,0xff,0x7,0x0,0x0,0x0,
0x29,0x8,0x50,0x1,0x0,0x0,0x0,0x0,
0x0,0x0,0x7,0x0,0x0,0x0,0x0,0x0,
0x0,0x0,0x0,0x0,0x29,0x8,0x0,0x0,
0x1,0x0,0x0,0x0,0x2f,0x25,0x4,0x0,
0x0,0x3d,0x26,0x4,0x0,0x0,0x18,0x6,
0x2,0x0,0x0,0x0,0x0,0x0,0x0,0x0,
0x44,0x0,0x0,0x0,0xd,0x0,0x0,0x0,
0x9d,0x0,0x0,0x0,0x0,0x0,0x0,0x0,
0x38,0x0,0x0,0x0,0x0,0x0,0x0,0x0,
0x38,0x0,0x0,0x0,0x0,0x0,0x1,0x0,
0xff,0xff,0xff,0xff,0x7,0x0,0x0,0x0,
0x2a,0x8,0x50,0x1,0x0,0x0,0x0,0x0,
0x0,0x0,0x7,0x0,0x0,0x0,0x0,0x0,
0x0,0x0,0x0,0x0,0x2a,0x8,0x0,0x0,
0x1,0x0,0x0,0x0,0x2f,0x27,0x4,0x0,
0x0,0x3d,0x28,0x4,0x0,0x0,0x18,0x6,
0x2,0x0,0x0,0x0,0x0,0x0,0x0,0x0,
0x68,0x0,0x0,0x0,0x6c,0x0,0x0,0x0,
0x81,0x0,0x0,0x0,0x0,0x0,0x0,0x0,
0x38,0x0,0x0,0x0,0x0,0x0,0x0,0x0,
0x38,0x0,0x0,0x0,0x0,0x0,0x4,0x0,
0xff,0xff,0xff,0xff,0xd,0x0,0x0,0x0,
0x2c,0x8,0x50,0x1,0x0,0x0,0x0,0x0,
0x0,0x0,0x7,0x0,0x0,0x0,0x0,0x0,
0x0,0x0,0x0,0x0,0x2c,0x8,0x0,0x0,
0x0,0x0,0x0,0x0,0x1,0x0,0x0,0x0,
0x2c,0x8,0x0,0x0,0x1,0x0,0x0,0x0,
0x22,0x0,0x0,0x0,0x2d,0x8,0x0,0x0,
0x1,0x0,0x0,0x0,0x45,0x0,0x0,0x0,
0x2e,0x8,0x0,0x0,0x1,0x0,0x0,0x0,
0xca,0x2f,0x29,0x4,0x0,0x0,0x18,0x7,
0x13,0xd4,0x1,0x0,0x0,0x18,0xa,0xad,
0x2a,0x4,0x0,0x0,0x7,0x0,0x0,0x0,
0x1,0x0,0x0,0x0,0xa,0x0,0x0,0x0,
0x18,0x7,0x2f,0x2b,0x4,0x0,0x0,0x18,
0x8,0x13,0xd5,0x1,0x0,0x0,0x18,0xb,
0xad,0x2c,0x4,0x0,0x0,0x8,0x0,0x0,
0x0,0x1,0x0,0x0,0x0,0xb,0x0,0x0,
0x0,0x82,0x7,0x18,0x8,0x2f,0x2d,0x4,
0x0,0x0,0x18,0x9,0x13,0xd6,0x1,0x0,
0x0,0x18,0xc,0xad,0x2e,0x4,0x0,0x0,
0x9,0x0,0x0,0x0,0x1,0x0,0x0,0x0,
0xc,0x0,0x0,0x0,0x82,0x8,0x18,0x6,
0xd4,0x16,0x6,0x2,0x0,0x0,0x0,0x0,
0x44,0x0,0x0,0x0,0xd,0x0,0x0,0x0,
0x4e,0x1,0x0,0x0,0x0,0x0,0x0,0x0,
0x38,0x0,0x0,0x0,0x0,0x0,0x0,0x0,
0x38,0x0,0x0,0x0,0x0,0x0,0x1,0x0,
0xff,0xff,0xff,0xff,0x7,0x0,0x0,0x0,
0x35,0x8,0x10,0x1,0x0,0x0,0x0,0x0,
0x0,0x0,0x7,0x0,0x0,0x0,0x0,0x0,
0x0,0x0,0x0,0x0,0x35,0x8,0x0,0x0,
0x1,0x0,0x0,0x0,0x2f,0x2f,0x4,0x0,
0x0,0x3d,0x30,0x4,0x0,0x0,0x18,0x6,
0x2,0x0,0x0,0x0,0x0,0x0,0x0,0x0,
0x44,0x0,0x0,0x0,0xd,0x0,0x0,0x0,
0x9c,0x0,0x0,0x0,0x0,0x0,0x0,0x0,
0x38,0x0,0x0,0x0,0x0,0x0,0x0,0x0,
0x38,0x0,0x0,0x0,0x0,0x0,0x1,0x0,
0xff,0xff,0xff,0xff,0x7,0x0,0x0,0x0,
0x38,0x8,0x50,0x1,0x0,0x0,0x0,0x0,
0x0,0x0,0x7,0x0,0x0,0x0,0x0,0x0,
0x0,0x0,0x0,0x0,0x38,0x8,0x0,0x0,
0x1,0x0,0x0,0x0,0x2f,0x31,0x4,0x0,
0x0,0x3d,0x32,0x4,0x0,0x0,0x18,0x6,
0x2,0x0,0x0,0x0,0x0,0x0,0x0,0x0,
0x44,0x0,0x0,0x0,0xd,0x0,0x0,0x0,
0x9d,0x0,0x0,0x0,0x0,0x0,0x0,0x0,
0x38,0x0,0x0,0x0,0x0,0x0,0x0,0x0,
0x38,0x0,0x0,0x0,0x0,0x0,0x1,0x0,
0xff,0xff,0xff,0xff,0x7,0x0,0x0,0x0,
0x39,0x8,0x50,0x1,0x0,0x0,0x0,0x0,
0x0,0x0,0x7,0x0,0x0,0x0,0x0,0x0,
0x0,0x0,0x0,0x0,0x39,0x8,0x0,0x0,
0x1,0x0,0x0,0x0,0x2f,0x33,0x4,0x0,
0x0,0x3d,0x34,0x4,0x0,0x0,0x18,0x6,
0x2,0x0,0x0,0x0,0x0,0x0,0x0,0x0,
0x68,0x0,0x0,0x0,0x6c,0x0,0x0,0x0,
0x81,0x0,0x0,0x0,0x0,0x0,0x0,0x0,
0x38,0x0,0x0,0x0,0x0,0x0,0x0,0x0,
0x38,0x0,0x0,0x0,0x0,0x0,0x4,0x0,
0xff,0xff,0xff,0xff,0xd,0x0,0x0,0x0,
0x3b,0x8,0x50,0x1,0x0,0x0,0x0,0x0,
0x0,0x0,0x7,0x0,0x0,0x0,0x0,0x0,
0x0,0x0,0x0,0x0,0x3b,0x8,0x0,0x0,
0x0,0x0,0x0,0x0,0x1,0x0,0x0,0x0,
0x3b,0x8,0x0,0x0,0x1,0x0,0x0,0x0,
0x22,0x0,0x0,0x0,0x3c,0x8,0x0,0x0,
0x1,0x0,0x0,0x0,0x45,0x0,0x0,0x0,
0x3d,0x8,0x0,0x0,0x1,0x0,0x0,0x0,
0xca,0x2f,0x35,0x4,0x0,0x0,0x18,0x7,
0x13,0xdd,0x1,0x0,0x0,0x18,0xa,0xad,
0x36,0x4,0x0,0x0,0x7,0x0,0x0,0x0,
0x1,0x0,0x0,0x0,0xa,0x0,0x0,0x0,
0x18,0x7,0x2f,0x37,0x4,0x0,0x0,0x18,
0x8,0x13,0xd8,0x1,0x0,0x0,0x18,0xb,
0xad,0x38,0x4,0x0,0x0,0x8,0x0,0x0,
0x0,0x1,0x0,0x0,0x0,0xb,0x0,0x0,
0x0,0x82,0x7,0x18,0x8,0x2f,0x39,0x4,
0x0,0x0,0x18,0x9,0x13,0xd9,0x1,0x0,
0x0,0x18,0xc,0xad,0x3a,0x4,0x0,0x0,
0x9,0x0,0x0,0x0,0x1,0x0,0x0,0x0,
0xc,0x0,0x0,0x0,0x82,0x8,0x18,0x6,
0xd4,0x16,0x6,0x2,0x0,0x0,0x0,0x0,
0x44,0x0,0x0,0x0,0xd,0x0,0x0,0x0,
0x9c,0x0,0x0,0x0,0x0,0x0,0x0,0x0,
0x38,0x0,0x0,0x0,0x0,0x0,0x0,0x0,
0x38,0x0,0x0,0x0,0x0,0x0,0x1,0x0,
0xff,0xff,0xff,0xff,0x7,0x0,0x0,0x0,
0x43,0x8,0x50,0x1,0x0,0x0,0x0,0x0,
0x0,0x0,0x7,0x0,0x0,0x0,0x0,0x0,
0x0,0x0,0x0,0x0,0x43,0x8,0x0,0x0,
0x1,0x0,0x0,0x0,0x2f,0x3b,0x4,0x0,
0x0,0x3d,0x3c,0x4,0x0,0x0,0x18,0x6,
0x2,0x0,0x0,0x0,0x0,0x0,0x0,0x0,
0x44,0x0,0x0,0x0,0xd,0x0,0x0,0x0,
0x9d,0x0,0x0,0x0,0x0,0x0,0x0,0x0,
0x38,0x0,0x0,0x0,0x0,0x0,0x0,0x0,
0x38,0x0,0x0,0x0,0x0,0x0,0x1,0x0,
0xff,0xff,0xff,0xff,0x7,0x0,0x0,0x0,
0x44,0x8,0x50,0x1,0x0,0x0,0x0,0x0,
0x0,0x0,0x7,0x0,0x0,0x0,0x0,0x0,
0x0,0x0,0x0,0x0,0x44,0x8,0x0,0x0,
0x1,0x0,0x0,0x0,0x2f,0x3d,0x4,0x0,
0x0,0x3d,0x3e,0x4,0x0,0x0,0x18,0x6,
0x2,0x0,0x0,0x0,0x0,0x0,0x0,0x0,
0x68,0x0,0x0,0x0,0x6c,0x0,0x0,0x0,
0x81,0x0,0x0,0x0,0x0,0x0,0x0,0x0,
0x38,0x0,0x0,0x0,0x0,0x0,0x0,0x0,
0x38,0x0,0x0,0x0,0x0,0x0,0x4,0x0,
0xff,0xff,0xff,0xff,0xd,0x0,0x0,0x0,
0x46,0x8,0x50,0x1,0x0,0x0,0x0,0x0,
0x0,0x0,0x7,0x0,0x0,0x0,0x0,0x0,
0x0,0x0,0x0,0x0,0x46,0x8,0x0,0x0,
0x0,0x0,0x0,0x0,0x1,0x0,0x0,0x0,
0x46,0x8,0x0,0x0,0x1,0x0,0x0,0x0,
0x22,0x0,0x0,0x0,0x47,0x8,0x0,0x0,
0x1,0x0,0x0,0x0,0x45,0x0,0x0,0x0,
0x48,0x8,0x0,0x0,0x1,0x0,0x0,0x0,
0xca,0x2f,0x3f,0x4,0x0,0x0,0x18,0x7,
0x13,0xce,0x1,0x0,0x0,0x18,0xa,0xad,
0x40,0x4,0x0,0x0,0x7,0x0,0x0,0x0,
0x1,0x0,0x0,0x0,0xa,0x0,0x0,0x0,
0x18,0x7,0x2f,0x41,0x4,0x0,0x0,0x18,
0x8,0x13,0xcf,0x1,0x0,0x0,0x18,0xb,
0xad,0x42,0x4,0x0,0x0,0x8,0x0,0x0,
0x0,0x1,0x0,0x0,0x0,0xb,0x0,0x0,
0x0,0x82,0x7,0x18,0x8,0x2f,0x43,0x4,
0x0,0x0,0x18,0x9,0x13,0xd0,0x1,0x0,
0x0,0x18,0xc,0xad,0x44,0x4,0x0,0x0,
0x9,0x0,0x0,0x0,0x1,0x0,0x0,0x0,
0xc,0x0,0x0,0x0,0x82,0x8,0x18,0x6,
0xd4,0x16,0x6,0x2,0x0,0x0,0x0,0x0,
0x44,0x0,0x0,0x0,0xd,0x0,0x0,0x0,
0x9c,0x0,0x0,0x0,0x0,0x0,0x0,0x0,
0x38,0x0,0x0,0x0,0x0,0x0,0x0,0x0,
0x38,0x0,0x0,0x0,0x0,0x0,0x1,0x0,
0xff,0xff,0xff,0xff,0x7,0x0,0x0,0x0,
0x4e,0x8,0x50,0x1,0x0,0x0,0x0,0x0,
0x0,0x0,0x7,0x0,0x0,0x0,0x0,0x0,
0x0,0x0,0x0,0x0,0x4e,0x8,0x0,0x0,
0x1,0x0,0x0,0x0,0x2f,0x45,0x4,0x0,
0x0,0x3d,0x46,0x4,0x0,0x0,0x18,0x6,
0x2,0x0,0x0,0x0,0x0,0x0,0x0,0x0,
0x44,0x0,0x0,0x0,0xd,0x0,0x0,0x0,
0x9d,0x0,0x0,0x0,0x0,0x0,0x0,0x0,
0x38,0x0,0x0,0x0,0x0,0x0,0x0,0x0,
0x38,0x0,0x0,0x0,0x0,0x0,0x1,0x0,
0xff,0xff,0xff,0xff,0x7,0x0,0x0,0x0,
0x4f,0x8,0x50,0x1,0x0,0x0,0x0,0x0,
0x0,0x0,0x7,0x0,0x0,0x0,0x0,0x0,
0x0,0x0,0x0,0x0,0x4f,0x8,0x0,0x0,
0x1,0x0,0x0,0x0,0x2f,0x47,0x4,0x0,
0x0,0x3d,0x48,0x4,0x0,0x0,0x18,0x6,
0x2,0x0,0x0,0x0,0x0,0x0,0x0,0x0,
0x68,0x0,0x0,0x0,0x6c,0x0,0x0,0x0,
0x81,0x0,0x0,0x0,0x0,0x0,0x0,0x0,
0x38,0x0,0x0,0x0,0x0,0x0,0x0,0x0,
0x38,0x0,0x0,0x0,0x0,0x0,0x4,0x0,
0xff,0xff,0xff,0xff,0xd,0x0,0x0,0x0,
0x51,0x8,0x50,0x1,0x0,0x0,0x0,0x0,
0x0,0x0,0x7,0x0,0x0,0x0,0x0,0x0,
0x0,0x0,0x0,0x0,0x51,0x8,0x0,0x0,
0x0,0x0,0x0,0x0,0x1,0x0,0x0,0x0,
0x51,0x8,0x0,0x0,0x1,0x0,0x0,0x0,
0x22,0x0,0x0,0x0,0x52,0x8,0x0,0x0,
0x1,0x0,0x0,0x0,0x45,0x0,0x0,0x0,
0x53,0x8,0x0,0x0,0x1,0x0,0x0,0x0,
0xca,0x2f,0x49,0x4,0x0,0x0,0x18,0x7,
0x13,0xe0,0x1,0x0,0x0,0x18,0xa,0xad,
0x4a,0x4,0x0,0x0,0x7,0x0,0x0,0x0,
0x1,0x0,0x0,0x0,0xa,0x0,0x0,0x0,
0x18,0x7,0x2f,0x4b,0x4,0x0,0x0,0x18,
0x8,0x13,0xdb,0x1,0x0,0x0,0x18,0xb,
0xad,0x4c,0x4,0x0,0x0,0x8,0x0,0x0,
0x0,0x1,0x0,0x0,0x0,0xb,0x0,0x0,
0x0,0x82,0x7,0x18,0x8,0x2f,0x4d,0x4,
0x0,0x0,0x18,0x9,0x13,0xdc,0x1,0x0,
0x0,0x18,0xc,0xad,0x4e,0x4,0x0,0x0,
0x9,0x0,0x0,0x0,0x1,0x0,0x0,0x0,
0xc,0x0,0x0,0x0,0x82,0x8,0x18,0x6,
0xd4,0x16,0x6,0x2,0x0,0x0,0x0,0x0,
0x44,0x0,0x0,0x0,0xd,0x0,0x0,0x0,
0x3d,0x0,0x0,0x0,0x0,0x0,0x0,0x0,
0x38,0x0,0x0,0x0,0x0,0x0,0x0,0x0,
0x38,0x0,0x0,0x0,0x0,0x0,0x1,0x0,
0xff,0xff,0xff,0xff,0x7,0x0,0x0,0x0,
0x57,0x8,0xd0,0x0,0x0,0x0,0x0,0x0,
0x0,0x0,0x7,0x0,0x0,0x0,0x0,0x0,
0x0,0x0,0x0,0x0,0x57,0x8,0x0,0x0,
0x1,0x0,0x0,0x0,0x2f,0x4f,0x4,0x0,
0x0,0x3d,0x50,0x4,0x0,0x0,0x18,0x6,
0x2,0x0,0x0,0x0,0x0,0x0,0x0,0x0,
0x44,0x0,0x0,0x0,0xd,0x0,0x0,0x0,
0x3b,0x0,0x0,0x0,0x0,0x0,0x0,0x0,
0x38,0x0,0x0,0x0,0x0,0x0,0x0,0x0,
0x38,0x0,0x0,0x0,0x0,0x0,0x1,0x0,
0xff,0xff,0xff,0xff,0x7,0x0,0x0,0x0,
0x58,0x8,0xd0,0x0,0x0,0x0,0x0,0x0,
0x0,0x0,0x7,0x0,0x0,0x0,0x0,0x0,
0x0,0x0,0x0,0x0,0x58,0x8,0x0,0x0,
0x1,0x0,0x0,0x0,0x2f,0x51,0x4,0x0,
0x0,0x3d,0x52,0x4,0x0,0x0,0x18,0x6,
0x2,0x0,0x0,0x0,0x0,0x0,0x0,0x0,
0x44,0x0,0x0,0x0,0x8,0x0,0x0,0x0,
0x14,0x0,0x0,0x0,0x0,0x0,0x0,0x0,
0x38,0x0,0x0,0x0,0x0,0x0,0x0,0x0,
0x38,0x0,0x0,0x0,0x0,0x0,0x1,0x0,
0xff,0xff,0xff,0xff,0x7,0x0,0x0,0x0,
0x61,0x8,0x90,0x0,0x0,0x0,0x0,0x0,
0x0,0x0,0x7,0x0,0x0,0x0,0x0,0x0,
0x0,0x0,0x0,0x0,0x61,0x8,0x0,0x0,
0x1,0x0,0x0,0x0,0x2f,0x53,0x4,0x0,
0x0,0x18,0x6,0x2,0x0,0x0,0x0,0x0,
0x44,0x0,0x0,0x0,0xd,0x0,0x0,0x0,
0x42,0x1,0x0,0x0,0x0,0x0,0x0,0x0,
0x38,0x0,0x0,0x0,0x0,0x0,0x0,0x0,
0x38,0x0,0x0,0x0,0x0,0x0,0x1,0x0,
0xff,0xff,0xff,0xff,0x7,0x0,0x0,0x0,
0x6c,0x8,0xd0,0x0,0x0,0x0,0x0,0x0,
0x0,0x0,0x7,0x0,0x0,0x0,0x0,0x0,
0x0,0x0,0x0,0x0,0x6c,0x8,0x0,0x0,
0x1,0x0,0x0,0x0,0x2f,0x54,0x4,0x0,
0x0,0x3d,0x55,0x4,0x0,0x0,0x18,0x6,
0x2,0x0,0x0,0x0,0x0,0x0,0x0,0x0,
0x44,0x0,0x0,0x0,0xd,0x0,0x0,0x0,
0x9d,0x0,0x0,0x0,0x0,0x0,0x0,0x0,
0x38,0x0,0x0,0x0,0x0,0x0,0x0,0x0,
0x38,0x0,0x0,0x0,0x0,0x0,0x1,0x0,
0xff,0xff,0xff,0xff,0x7,0x0,0x0,0x0,
0x6d,0x8,0xd0,0x0,0x0,0x0,0x0,0x0,
0x0,0x0,0x7,0x0,0x0,0x0,0x0,0x0,
0x0,0x0,0x0,0x0,0x6d,0x8,0x0,0x0,
0x1,0x0,0x0,0x0,0x2f,0x56,0x4,0x0,
0x0,0x3d,0x57,0x4,0x0,0x0,0x18,0x6,
0x2,0x0,0x0,0x0,0x0,0x0,0x0,0x0,
0x68,0x0,0x0,0x0,0x79,0x0,0x0,0x0,
0x81,0x0,0x0,0x0,0x0,0x0,0x0,0x0,
0x38,0x0,0x0,0x0,0x0,0x0,0x0,0x0,
0x38,0x0,0x0,0x0,0x0,0x0,0x4,0x0,
0xff,0xff,0xff,0xff,0x12,0x0,0x0,0x0,
0x75,0x8,0xd0,0x0,0x0,0x0,0x0,0x0,
0x0,0x0,0x7,0x0,0x0,0x0,0x0,0x0,
0x0,0x0,0x0,0x0,0x75,0x8,0x0,0x0,
0x0,0x0,0x0,0x0,0x1,0x0,0x0,0x0,
0x76,0x8,0x0,0x0,0x3,0x0,0x0,0x0,
0x20,0x0,0x0,0x0,0x77,0x8,0x0,0x0,
0x4,0x0,0x0,0x0,0x75,0x0,0x0,0x0,
0x7e,0x8,0x0,0x0,0x4,0x0,0x0,0x0,
0xca,0x2f,0x58,0x4,0x0,0x0,0x18,0x7,
0x13,0xe3,0x1,0x0,0x0,0x18,0xa,0xad,
0x59,0x4,0x0,0x0,0x7,0x0,0x0,0x0,
0x1,0x0,0x0,0x0,0xa,0x0,0x0,0x0,
0x2f,0x5a,0x4,0x0,0x0,0x18,0x7,0x2f,
0x5b,0x4,0x0,0x0,0x18,0xb,0x13,0xeb,
0x1,0x0,0x0,0x18,0xf,0x13,0xec,0x1,
0x0,0x0,0x18,0x10,0x13,0xed,0x1,0x0,
0x0,0x18,0x11,0xea,0x1,0x1,0x11,0x18,
0x11,0xea,0x2,0x3,0xf,0x18,0xe,0xad,
0x5c,0x4,0x0,0x0,0xb,0x0,0x0,0x0,
0x1,0x0,0x0,0x0,0xe,0x0,0x0,0x0,
0x18,0xa,0xad,0x5d,0x4,0x0,0x0,0x7,
0x0,0x0,0x0,0x1,0x0,0x0,0x0,0xa,
0x0,0x0,0x0,0x18,0x6,0xd4,0x16,0x6,
0x2,0x0,0x0,0x0,0x0,0x0,0x0,0x0,
0x0,0x0,0x0,0x0,0x0,0x0,0x0,0x0,
0x44,0x0,0x0,0x0,0xd,0x0,0x0,0x0,
0x3d,0x0,0x0,0x0,0x0,0x0,0x0,0x0,
0x38,0x0,0x0,0x0,0x0,0x0,0x0,0x0,
0x38,0x0,0x0,0x0,0x0,0x0,0x1,0x0,
0xff,0xff,0xff,0xff,0x7,0x0,0x0,0x0,
0x6f,0x8,0xd0,0x0,0x0,0x0,0x0,0x0,
0x0,0x0,0x7,0x0,0x0,0x0,0x0,0x0,
0x0,0x0,0x0,0x0,0x6f,0x8,0x0,0x0,
0x1,0x0,0x0,0x0,0x2f,0x5e,0x4,0x0,
0x0,0x3d,0x5f,0x4,0x0,0x0,0x18,0x6,
0x2,0x0,0x0,0x0,0x0,0x0,0x0,0x0,
0x44,0x0,0x0,0x0,0xd,0x0,0x0,0x0,
0x3b,0x0,0x0,0x0,0x0,0x0,0x0,0x0,
0x38,0x0,0x0,0x0,0x0,0x0,0x0,0x0,
0x38,0x0,0x0,0x0,0x0,0x0,0x1,0x0,
0xff,0xff,0xff,0xff,0x7,0x0,0x0,0x0,
0x70,0x8,0xd0,0x0,0x0,0x0,0x0,0x0,
0x0,0x0,0x7,0x0,0x0,0x0,0x0,0x0,
0x0,0x0,0x0,0x0,0x70,0x8,0x0,0x0,
0x1,0x0,0x0,0x0,0x2f,0x60,0x4,0x0,
0x0,0x3d,0x61,0x4,0x0,0x0,0x18,0x6,
0x2,0x0,0x0,0x0,0x0,0x0,0x0,0x0,
0x44,0x0,0x0,0x0,0xd,0x0,0x0,0x0,
0xc4,0x0,0x0,0x0,0x0,0x0,0x0,0x0,
0x38,0x0,0x0,0x0,0x0,0x0,0x0,0x0,
0x38,0x0,0x0,0x0,0x0,0x0,0x1,0x0,
0xff,0xff,0xff,0xff,0x7,0x0,0x0,0x0,
0x82,0x8,0x10,0x1,0x0,0x0,0x0,0x0,
0x0,0x0,0x7,0x0,0x0,0x0,0x0,0x0,
0x0,0x0,0x0,0x0,0x82,0x8,0x0,0x0,
0x1,0x0,0x0,0x0,0x2f,0x62,0x4,0x0,
0x0,0x3d,0x63,0x4,0x0,0x0,0x18,0x6,
0x2,0x0,0x0,0x0,0x0,0x0,0x0,0x0,
0x44,0x0,0x0,0x0,0xd,0x0,0x0,0x0,
0x42,0x1,0x0,0x0,0x0,0x0,0x0,0x0,
0x38,0x0,0x0,0x0,0x0,0x0,0x0,0x0,
0x38,0x0,0x0,0x0,0x0,0x0,0x1,0x0,
0xff,0xff,0xff,0xff,0x7,0x0,0x0,0x0,
0x8b,0x8,0xd0,0x0,0x0,0x0,0x0,0x0,
0x0,0x0,0x7,0x0,0x0,0x0,0x0,0x0,
0x0,0x0,0x0,0x0,0x8b,0x8,0x0,0x0,
0x1,0x0,0x0,0x0,0x2f,0x64,0x4,0x0,
0x0,0x3d,0x65,0x4,0x0,0x0,0x18,0x6,
0x2,0x0,0x0,0x0,0x0,0x0,0x0,0x0,
0x44,0x0,0x0,0x0,0xd,0x0,0x0,0x0,
0x9d,0x0,0x0,0x0,0x0,0x0,0x0,0x0,
0x38,0x0,0x0,0x0,0x0,0x0,0x0,0x0,
0x38,0x0,0x0,0x0,0x0,0x0,0x1,0x0,
0xff,0xff,0xff,0xff,0x7,0x0,0x0,0x0,
0x8c,0x8,0xd0,0x0,0x0,0x0,0x0,0x0,
0x0,0x0,0x7,0x0,0x0,0x0,0x0,0x0,
0x0,0x0,0x0,0x0,0x8c,0x8,0x0,0x0,
0x1,0x0,0x0,0x0,0x2f,0x66,0x4,0x0,
0x0,0x3d,0x67,0x4,0x0,0x0,0x18,0x6,
0x2,0x0,0x0,0x0,0x0,0x0,0x0,0x0,
0x68,0x0,0x0,0x0,0x79,0x0,0x0,0x0,
0x81,0x0,0x0,0x0,0x0,0x0,0x0,0x0,
0x38,0x0,0x0,0x0,0x0,0x0,0x0,0x0,
0x38,0x0,0x0,0x0,0x0,0x0,0x4,0x0,
0xff,0xff,0xff,0xff,0x12,0x0,0x0,0x0,
0x93,0x8,0xd0,0x0,0x0,0x0,0x0,0x0,
0x0,0x0,0x7,0x0,0x0,0x0,0x0,0x0,
0x0,0x0,0x0,0x0,0x93,0x8,0x0,0x0,
0x0,0x0,0x0,0x0,0x1,0x0,0x0,0x0,
0x94,0x8,0x0,0x0,0x3,0x0,0x0,0x0,
0x20,0x0,0x0,0x0,0x95,0x8,0x0,0x0,
0x4,0x0,0x0,0x0,0x75,0x0,0x0,0x0,
0x9c,0x8,0x0,0x0,0x4,0x0,0x0,0x0,
0xca,0x2f,0x68,0x4,0x0,0x0,0x18,0x7,
0x13,0xe5,0x1,0x0,0x0,0x18,0xa,0xad,
0x69,0x4,0x0,0x0,0x7,0x0,0x0,0x0,
0x1,0x0,0x0,0x0,0xa,0x0,0x0,0x0,
0x2f,0x6a,0x4,0x0,0x0,0x18,0x7,0x2f,
0x6b,0x4,0x0,0x0,0x18,0xb,0x13,0xeb,
0x1,0x0,0x0,0x18,0xf,0x13,0xec,0x1,
0x0,0x0,0x18,0x10,0x13,0xef,0x1,0x0,
0x0,0x18,0x11,0xea,0x3,0x1,0x11,0x18,
0x11,0xea,0x4,0x3,0xf,0x18,0xe,0xad,
0x6c,0x4,0x0,0x0,0xb,0x0,0x0,0x0,
0x1,0x0,0x0,0x0,0xe,0x0,0x0,0x0,
0x18,0xa,0xad,0x6d,0x4,0x0,0x0,0x7,
0x0,0x0,0x0,0x1,0x0,0x0,0x0,0xa,
0x0,0x0,0x0,0x18,0x6,0xd4,0x16,0x6,
0x2,0x0,0x0,0x0,0x0,0x0,0x0,0x0,
0x0,0x0,0x0,0x0,0x0,0x0,0x0,0x0,
0x44,0x0,0x0,0x0,0xd,0x0,0x0,0x0,
0x71,0x0,0x0,0x0,0x0,0x0,0x0,0x0,
0x38,0x0,0x0,0x0,0x0,0x0,0x0,0x0,
0x38,0x0,0x0,0x0,0x0,0x0,0x1,0x0,
0xff,0xff,0xff,0xff,0x7,0x0,0x0,0x0,
0x8e,0x8,0xd0,0x0,0x0,0x0,0x0,0x0,
0x0,0x0,0x7,0x0,0x0,0x0,0x0,0x0,
0x0,0x0,0x0,0x0,0x8e,0x8,0x0,0x0,
0x1,0x0,0x0,0x0,0x2f,0x6e,0x4,0x0,
0x0,0x3d,0x6f,0x4,0x0,0x0,0x18,0x6,
0x2,0x0,0x0,0x0,0x0,0x0,0x0,0x0,
0x44,0x0,0x0,0x0,0xd,0x0,0x0,0x0,
0x3b,0x0,0x0,0x0,0x0,0x0,0x0,0x0,
0x38,0x0,0x0,0x0,0x0,0x0,0x0,0x0,
0x38,0x0,0x0,0x0,0x0,0x0,0x1,0x0,
0xff,0xff,0xff,0xff,0x7,0x0,0x0,0x0,
0x8f,0x8,0xd0,0x0,0x0,0x0,0x0,0x0,
0x0,0x0,0x7,0x0,0x0,0x0,0x0,0x0,
0x0,0x0,0x0,0x0,0x8f,0x8,0x0,0x0,
0x1,0x0,0x0,0x0,0x2f,0x70,0x4,0x0,
0x0,0x3d,0x71,0x4,0x0,0x0,0x18,0x6,
0x2,0x0,0x0,0x0,0x0,0x0,0x0,0x0,
0x44,0x0,0x0,0x0,0xd,0x0,0x0,0x0,
0xc4,0x0,0x0,0x0,0x0,0x0,0x0,0x0,
0x38,0x0,0x0,0x0,0x0,0x0,0x0,0x0,
0x38,0x0,0x0,0x0,0x0,0x0,0x1,0x0,
0xff,0xff,0xff,0xff,0x7,0x0,0x0,0x0,
0xa0,0x8,0x10,0x1,0x0,0x0,0x0,0x0,
0x0,0x0,0x7,0x0,0x0,0x0,0x0,0x0,
0x0,0x0,0x0,0x0,0xa0,0x8,0x0,0x0,
0x1,0x0,0x0,0x0,0x2f,0x72,0x4,0x0,
0x0,0x3d,0x73,0x4,0x0,0x0,0x18,0x6,
0x2,0x0,0x0,0x0,0x0,0x0,0x0,0x0,
0x44,0x0,0x0,0x0,0xd,0x0,0x0,0x0,
0x42,0x1,0x0,0x0,0x0,0x0,0x0,0x0,
0x38,0x0,0x0,0x0,0x0,0x0,0x0,0x0,
0x38,0x0,0x0,0x0,0x0,0x0,0x1,0x0,
0xff,0xff,0xff,0xff,0x7,0x0,0x0,0x0,
0xa8,0x8,0xd0,0x0,0x0,0x0,0x0,0x0,
0x0,0x0,0x7,0x0,0x0,0x0,0x0,0x0,
0x0,0x0,0x0,0x0,0xa8,0x8,0x0,0x0,
0x1,0x0,0x0,0x0,0x2f,0x74,0x4,0x0,
0x0,0x3d,0x75,0x4,0x0,0x0,0x18,0x6,
0x2,0x0,0x0,0x0,0x0,0x0,0x0,0x0,
0x44,0x0,0x0,0x0,0xd,0x0,0x0,0x0,
0x9d,0x0,0x0,0x0,0x0,0x0,0x0,0x0,
0x38,0x0,0x0,0x0,0x0,0x0,0x0,0x0,
0x38,0x0,0x0,0x0,0x0,0x0,0x1,0x0,
0xff,0xff,0xff,0xff,0x7,0x0,0x0,0x0,
0xa9,0x8,0xd0,0x0,0x0,0x0,0x0,0x0,
0x0,0x0,0x7,0x0,0x0,0x0,0x0,0x0,
0x0,0x0,0x0,0x0,0xa9,0x8,0x0,0x0,
0x1,0x0,0x0,0x0,0x2f,0x76,0x4,0x0,
0x0,0x3d,0x77,0x4,0x0,0x0,0x18,0x6,
0x2,0x0,0x0,0x0,0x0,0x0,0x0,0x0,
0x68,0x0,0x0,0x0,0x76,0x0,0x0,0x0,
0x81,0x0,0x0,0x0,0x0,0x0,0x0,0x0,
0x38,0x0,0x0,0x0,0x0,0x0,0x0,0x0,
0x38,0x0,0x0,0x0,0x0,0x0,0x4,0x0,
0xff,0xff,0xff,0xff,0x12,0x0,0x0,0x0,
0xb0,0x8,0xd0,0x0,0x0,0x0,0x0,0x0,
0x0,0x0,0x7,0x0,0x0,0x0,0x0,0x0,
0x0,0x0,0x0,0x0,0xb0,0x8,0x0,0x0,
0x0,0x0,0x0,0x0,0x1,0x0,0x0,0x0,
0xb1,0x8,0x0,0x0,0x3,0x0,0x0,0x0,
0x20,0x0,0x0,0x0,0xb2,0x8,0x0,0x0,
0x4,0x0,0x0,0x0,0x72,0x0,0x0,0x0,
0xb9,0x8,0x0,0x0,0x4,0x0,0x0,0x0,
0xca,0x2f,0x78,0x4,0x0,0x0,0x18,0x7,
0x13,0xe7,0x1,0x0,0x0,0x18,0xa,0xad,
0x79,0x4,0x0,0x0,0x7,0x0,0x0,0x0,
0x1,0x0,0x0,0x0,0xa,0x0,0x0,0x0,
0x2f,0x7a,0x4,0x0,0x0,0x18,0x7,0x2f,
0x7b,0x4,0x0,0x0,0x18,0xb,0x13,0xeb,
0x1,0x0,0x0,0x18,0xf,0x13,0xec,0x1,
0x0,0x0,0x18,0x10,0x12,0x44,0x18,0x11,
0xea,0x5,0x1,0x11,0x18,0x11,0xea,0x6,
0x3,0xf,0x18,0xe,0xad,0x7c,0x4,0x0,
0x0,0xb,0x0,0x0,0x0,0x1,0x0,0x0,
0x0,0xe,0x0,0x0,0x0,0x18,0xa,0xad,
0x7d,0x4,0x0,0x0,0x7,0x0,0x0,0x0,
0x1,0x0,0x0,0x0,0xa,0x0,0x0,0x0,
0x18,0x6,0xd4,0x16,0x6,0x2,0x0,0x0,
0x0,0x0,0x0,0x0,0x0,0x0,0x0,0x0,
0x44,0x0,0x0,0x0,0xd,0x0,0x0,0x0,
0x71,0x0,0x0,0x0,0x0,0x0,0x0,0x0,
0x38,0x0,0x0,0x0,0x0,0x0,0x0,0x0,
0x38,0x0,0x0,0x0,0x0,0x0,0x1,0x0,
0xff,0xff,0xff,0xff,0x7,0x0,0x0,0x0,
0xab,0x8,0xd0,0x0,0x0,0x0,0x0,0x0,
0x0,0x0,0x7,0x0,0x0,0x0,0x0,0x0,
0x0,0x0,0x0,0x0,0xab,0x8,0x0,0x0,
0x1,0x0,0x0,0x0,0x2f,0x7e,0x4,0x0,
0x0,0x3d,0x7f,0x4,0x0,0x0,0x18,0x6,
0x2,0x0,0x0,0x0,0x0,0x0,0x0,0x0,
0x44,0x0,0x0,0x0,0xd,0x0,0x0,0x0,
0x3b,0x0,0x0,0x0,0x0,0x0,0x0,0x0,
0x38,0x0,0x0,0x0,0x0,0x0,0x0,0x0,
0x38,0x0,0x0,0x0,0x0,0x0,0x1,0x0,
0xff,0xff,0xff,0xff,0x7,0x0,0x0,0x0,
0xac,0x8,0xd0,0x0,0x0,0x0,0x0,0x0,
0x0,0x0,0x7,0x0,0x0,0x0,0x0,0x0,
0x0,0x0,0x0,0x0,0xac,0x8,0x0,0x0,
0x1,0x0,0x0,0x0,0x2f,0x80,0x4,0x0,
0x0,0x3d,0x81,0x4,0x0,0x0,0x18,0x6,
0x2,0x0,0x0,0x0,0x0,0x0,0x0,0x0,
0x44,0x0,0x0,0x0,0xd,0x0,0x0,0x0,
0xc4,0x0,0x0,0x0,0x0,0x0,0x0,0x0,
0x38,0x0,0x0,0x0,0x0,0x0,0x0,0x0,
0x38,0x0,0x0,0x0,0x0,0x0,0x1,0x0,
0xff,0xff,0xff,0xff,0x7,0x0,0x0,0x0,
0xbd,0x8,0x10,0x1,0x0,0x0,0x0,0x0,
0x0,0x0,0x7,0x0,0x0,0x0,0x0,0x0,
0x0,0x0,0x0,0x0,0xbd,0x8,0x0,0x0,
0x1,0x0,0x0,0x0,0x2f,0x82,0x4,0x0,
0x0,0x3d,0x83,0x4,0x0,0x0,0x18,0x6,
0x2,0x0,0x0,0x0,0x0,0x0,0x0,0x0,
0x44,0x0,0x0,0x0,0xd,0x0,0x0,0x0,
0x13,0x1,0x0,0x0,0x0,0x0,0x0,0x0,
0x38,0x0,0x0,0x0,0x0,0x0,0x0,0x0,
0x38,0x0,0x0,0x0,0x0,0x0,0x1,0x0,
0xff,0xff,0xff,0xff,0x7,0x0,0x0,0x0,
0xc5,0x8,0x90,0x0,0x0,0x0,0x0,0x0,
0x0,0x0,0x7,0x0,0x0,0x0,0x0,0x0,
0x0,0x0,0x0,0x0,0xc5,0x8,0x0,0x0,
0x1,0x0,0x0,0x0,0x2f,0x84,0x4,0x0,
0x0,0x3d,0x85,0x4,0x0,0x0,0x18,0x6,
0x2,0x0,0x0,0x0,0x0,0x0,0x0,0x0,
0x44,0x0,0x0,0x0,0xd,0x0,0x0,0x0,
0x15,0x1,0x0,0x0,0x0,0x0,0x0,0x0,
0x38,0x0,0x0,0x0,0x0,0x0,0x0,0x0,
0x38,0x0,0x0,0x0,0x0,0x0,0x1,0x0,
0xff,0xff,0xff,0xff,0x7,0x0,0x0,0x0,
0xc6,0x8,0x90,0x0,0x0,0x0,0x0,0x0,
0x0,0x0,0x7,0x0,0x0,0x0,0x0,0x0,
0x0,0x0,0x0,0x0,0xc6,0x8,0x0,0x0,
0x1,0x0,0x0,0x0,0x2f,0x86,0x4,0x0,
0x0,0x3d,0x87,0x4,0x0,0x0,0x18,0x6,
0x2,0x0,0x0,0x0,0x0,0x0,0x0,0x0,
0x44,0x0,0x0,0x0,0x1a,0x0,0x0,0x0,
0x17,0x1,0x0,0x0,0x0,0x0,0x0,0x0,
0x38,0x0,0x0,0x0,0x0,0x0,0x0,0x0,
0x38,0x0,0x0,0x0,0x0,0x0,0x1,0x0,
0xff,0xff,0xff,0xff,0xa,0x0,0x0,0x0,
0xc9,0x8,0x90,0x0,0x0,0x0,0x0,0x0,
0x0,0x0,0x7,0x0,0x0,0x0,0x0,0x0,
0x0,0x0,0x0,0x0,0xc9,0x8,0x0,0x0,
0x1,0x0,0x0,0x0,0x2f,0x88,0x4,0x0,
0x0,0x18,0x7,0x10,0x2,0x9e,0x7,0x18,
0x8,0x4,0x52,0xa2,0x8,0x18,0x9,0x10,
0x28,0xa2,0x9,0x18,0x6,0x2,0x0,0x0,
0x0,0x0,0x0,0x0,0x0,0x0,0x0,0x0,
0x44,0x0,0x0,0x0,0x1a,0x0,0x0,0x0,
0x19,0x1,0x0,0x0,0x0,0x0,0x0,0x0,
0x38,0x0,0x0,0x0,0x0,0x0,0x0,0x0,
0x38,0x0,0x0,0x0,0x0,0x0,0x1,0x0,
0xff,0xff,0xff,0xff,0xa,0x0,0x0,0x0,
0xca,0x8,0x90,0x0,0x0,0x0,0x0,0x0,
0x0,0x0,0x7,0x0,0x0,0x0,0x0,0x0,
0x0,0x0,0x0,0x0,0xca,0x8,0x0,0x0,
0x1,0x0,0x0,0x0,0x2f,0x89,0x4,0x0,
0x0,0x18,0x7,0x10,0x2,0x9e,0x7,0x18,
0x8,0x4,0x52,0xa2,0x8,0x18,0x9,0x10,
0xa,0xa2,0x9,0x18,0x6,0x2,0x0,0x0,
0x0,0x0,0x0,0x0,0x0,0x0,0x0,0x0,
0x44,0x0,0x0,0x0,0x4,0x0,0x0,0x0,
0x1c,0x1,0x0,0x0,0x0,0x0,0x0,0x0,
0x38,0x0,0x0,0x0,0x0,0x0,0x0,0x0,
0x38,0x0,0x0,0x0,0x0,0x0,0x1,0x0,
0xff,0xff,0xff,0xff,0x7,0x0,0x0,0x0,
0xce,0x8,0x90,0x0,0x0,0x0,0x0,0x0,
0x0,0x0,0x7,0x0,0x0,0x0,0x0,0x0,
0x0,0x0,0x0,0x0,0xce,0x8,0x0,0x0,
0x1,0x0,0x0,0x0,0xe,0x18,0x6,0x2,
0x0,0x0,0x0,0x0,0x0,0x0,0x0,0x0,
0x44,0x0,0x0,0x0,0x4,0x0,0x0,0x0,
0x1f,0x1,0x0,0x0,0x0,0x0,0x0,0x0,
0x38,0x0,0x0,0x0,0x0,0x0,0x0,0x0,
0x38,0x0,0x0,0x0,0x0,0x0,0x1,0x0,
0xff,0xff,0xff,0xff,0x7,0x0,0x0,0x0,
0xcf,0x8,0x90,0x0,0x0,0x0,0x0,0x0,
0x0,0x0,0x7,0x0,0x0,0x0,0x0,0x0,
0x0,0x0,0x0,0x0,0xcf,0x8,0x0,0x0,
0x1,0x0,0x0,0x0,0xe,0x18,0x6,0x2,
0x0,0x0,0x0,0x0,0x0,0x0,0x0,0x0,
0x4c,0x0,0x0,0x0,0x20,0x0,0x0,0x0,
0x20,0x1,0x0,0x0,0x1,0x0,0x1,0x0,
0x38,0x0,0x0,0x0,0x0,0x0,0x0,0x0,
0x40,0x0,0x0,0x0,0x0,0x0,0x1,0x0,
0xff,0xff,0xff,0xff,0xb,0x0,0x0,0x0,
0xd2,0x8,0x90,0x0,0x0,0x0,0x0,0x0,
0x0,0x0,0x8,0x0,0x0,0x0,0x0,0x0,
0x44,0x0,0x0,0x0,0x0,0x0,0x0,0x0,
0x0,0x0,0x0,0x0,0xd3,0x8,0x0,0x0,
0x1,0x0,0x0,0x0,0x2f,0x8a,0x4,0x0,
0x0,0xa2,0x6,0x18,0x8,0x2f,0x8b,0x4,
0x0,0x0,0x9c,0x8,0x18,0x9,0x2f,0x8c,
0x4,0x0,0x0,0x18,0xa,0x10,0x2,0x9e,
0xa,0x80,0x9,0x2,0x0,0x0,0x0,0x0,
0x4c,0x0,0x0,0x0,0x20,0x0,0x0,0x0,
0x21,0x1,0x0,0x0,0x1,0x0,0x1,0x0,
0x38,0x0,0x0,0x0,0x0,0x0,0x0,0x0,
0x40,0x0,0x0,0x0,0x0,0x0,0x1,0x0,
0xff,0xff,0xff,0xff,0xb,0x0,0x0,0x0,
0xd6,0x8,0x90,0x0,0x0,0x0,0x0,0x0,
0x0,0x0,0x8,0x0,0x0,0x0,0x0,0x0,
0x45,0x0,0x0,0x0,0x0,0x0,0x0,0x0,
0x0,0x0,0x0,0x0,0xd7,0x8,0x0,0x0,
0x1,0x0,0x0,0x0,0x2f,0x8d,0x4,0x0,
0x0,0x18,0x8,0x10,0x2,0x9e,0x8,0x18,
0x9,0x2f,0x8e,0x4,0x0,0x0,0xa2,0x6,
0x18,0xa,0x2f,0x8f,0x4,0x0,0x0,0x9c,
0xa,0xa2,0x9,0x2,0x0,0x0,0x0,0x0,
0x44,0x0,0x0,0x0,0xd,0x0,0x0,0x0,
0x79,0x0,0x0,0x0,0x0,0x0,0x0,0x0,
0x38,0x0,0x0,0x0,0x0,0x0,0x0,0x0,
0x38,0x0,0x0,0x0,0x0,0x0,0x1,0x0,
0xff,0xff,0xff,0xff,0x7,0x0,0x0,0x0,
0xda,0x8,0x90,0x0,0x0,0x0,0x0,0x0,
0x0,0x0,0x7,0x0,0x0,0x0,0x0,0x0,
0x0,0x0,0x0,0x0,0xda,0x8,0x0,0x0,
0x1,0x0,0x0,0x0,0x2f,0x90,0x4,0x0,
0x0,0x3d,0x91,0x4,0x0,0x0,0x18,0x6,
0x2,0x0,0x0,0x0,0x0,0x0,0x0,0x0,
0x44,0x0,0x0,0x0,0xd,0x0,0x0,0x0,
0x3b,0x0,0x0,0x0,0x0,0x0,0x0,0x0,
0x38,0x0,0x0,0x0,0x0,0x0,0x0,0x0,
0x38,0x0,0x0,0x0,0x0,0x0,0x1,0x0,
0xff,0xff,0xff,0xff,0x7,0x0,0x0,0x0,
0xdb,0x8,0x90,0x0,0x0,0x0,0x0,0x0,
0x0,0x0,0x7,0x0,0x0,0x0,0x0,0x0,
0x0,0x0,0x0,0x0,0xdb,0x8,0x0,0x0,
0x1,0x0,0x0,0x0,0x2f,0x92,0x4,0x0,
0x0,0x3d,0x93,0x4,0x0,0x0,0x18,0x6,
0x2,0x0,0x0,0x0,0x0,0x0,0x0,0x0,
0x44,0x0,0x0,0x0,0xd,0x0,0x0,0x0,
0x3d,0x0,0x0,0x0,0x0,0x0,0x0,0x0,
0x38,0x0,0x0,0x0,0x0,0x0,0x0,0x0,
0x38,0x0,0x0,0x0,0x0,0x0,0x1,0x0,
0xff,0xff,0xff,0xff,0x7,0x0,0x0,0x0,
0xdc,0x8,0x90,0x0,0x0,0x0,0x0,0x0,
0x0,0x0,0x7,0x0,0x0,0x0,0x0,0x0,
0x0,0x0,0x0,0x0,0xdc,0x8,0x0,0x0,
0x1,0x0,0x0,0x0,0x2f,0x94,0x4,0x0,
0x0,0x3d,0x95,0x4,0x0,0x0,0x18,0x6,
0x2,0x0,0x0,0x0,0x0,0x0,0x0,0x0,
0x44,0x0,0x0,0x0,0x8,0x0,0x0,0x0,
0x14,0x0,0x0,0x0,0x0,0x0,0x0,0x0,
0x38,0x0,0x0,0x0,0x0,0x0,0x0,0x0,
0x38,0x0,0x0,0x0,0x0,0x0,0x1,0x0,
0xff,0xff,0xff,0xff,0x7,0x0,0x0,0x0,
0xe7,0x8,0x10,0x1,0x0,0x0,0x0,0x0,
0x0,0x0,0x7,0x0,0x0,0x0,0x0,0x0,
0x0,0x0,0x0,0x0,0xe7,0x8,0x0,0x0,
0x1,0x0,0x0,0x0,0x2f,0x96,0x4,0x0,
0x0,0x18,0x6,0x2,0x0,0x0,0x0,0x0,
0x44,0x0,0x0,0x0,0x6,0x0,0x0,0x0,
0x28,0x1,0x0,0x0,0x0,0x0,0x0,0x0,
0x38,0x0,0x0,0x0,0x0,0x0,0x0,0x0,
0x38,0x0,0x0,0x0,0x0,0x0,0x1,0x0,
0xff,0xff,0xff,0xff,0x7,0x0,0x0,0x0,
0xed,0x8,0x10,0x1,0x0,0x0,0x0,0x0,
0x0,0x0,0x7,0x0,0x0,0x0,0x0,0x0,
0x0,0x0,0x0,0x0,0xed,0x8,0x0,0x0,
0x1,0x0,0x0,0x0,0xe8,0x0,0x0,0x18,
0x6,0x2,0x0,0x0,0x0,0x0,0x0,0x0,
0xd8,0x0,0x0,0x0,0x17,0x1,0x0,0x0,
0x2a,0x1,0x0,0x0,0x0,0x0,0x0,0x0,
0x38,0x0,0x0,0x0,0x0,0x0,0x0,0x0,
0x38,0x0,0x0,0x0,0x0,0x0,0xd,0x0,
0xff,0xff,0xff,0xff,0x10,0x0,0x0,0x0,
0xef,0x8,0x10,0x1,0x1,0x0,0x0,0x0,
0x0,0x0,0x9,0x0,0x0,0x0,0x0,0x0,
0x0,0x0,0x0,0x0,0xef,0x8,0x0,0x0,
0x0,0x0,0x0,0x0,0x1,0x0,0x0,0x0,
0xf0,0x8,0x0,0x0,0x2,0x0,0x0,0x0,
0x17,0x0,0x0,0x0,0xf1,0x8,0x0,0x0,
0x4,0x0,0x0,0x0,0x3c,0x0,0x0,0x0,
0xf2,0x8,0x0,0x0,0x6,0x0,0x0,0x0,
0x47,0x0,0x0,0x0,0xf3,0x8,0x0,0x0,
0x8,0x0,0x0,0x0,0x55,0x0,0x0,0x0,
0xf5,0x8,0x0,0x0,0x9,0x0,0x0,0x0,
0x6a,0x0,0x0,0x0,0xf6,0x8,0x0,0x0,
0xc,0x0,0x0,0x0,0x7b,0x0,0x0,0x0,
0xf7,0x8,0x0,0x0,0xe,0x0,0x0,0x0,
0xae,0x0,0x0,0x0,0xf8,0x8,0x0,0x0,
0xf,0x0,0x0,0x0,0xc3,0x0,0x0,0x0,
0xf9,0x8,0x0,0x0,0x12,0x0,0x0,0x0,
0xf8,0x0,0x0,0x0,0xfa,0x8,0x0,0x0,
0x13,0x0,0x0,0x0,0x0,0x1,0x0,0x0,
0xfb,0x8,0x0,0x0,0x14,0x0,0x0,0x0,
0x13,0x1,0x0,0x0,0xfd,0x8,0x0,0x0,
0x14,0x0,0x0,0x0,0xb2,0x0,0x0,0x0,
0xca,0x13,0xaa,0x1,0x0,0x0,0x18,0xb,
0xb5,0x97,0x4,0x0,0x0,0x1,0x0,0x0,
0x0,0xb,0x0,0x0,0x0,0x18,0x7,0x14,
0x50,0xb,0x14,0x50,0xc,0x2f,0x98,0x4,
0x0,0x0,0x18,0xd,0x2f,0x99,0x4,0x0,
0x0,0x18,0xe,0xad,0x9a,0x4,0x0,0x0,
0x7,0x0,0x0,0x0,0x4,0x0,0x0,0x0,
0xb,0x0,0x0,0x0,0x10,0x2,0x43,0x9b,
0x4,0x0,0x0,0x7,0x0,0x0,0x0,0x13,
0xaf,0x1,0x0,0x0,0x43,0x9c,0x4,0x0,
0x0,0x7,0x0,0x0,0x0,0x2f,0x9d,0x4,
0x0,0x0,0x3d,0x9e,0x4,0x0,0x0,0x18,
0x9,0x10,0x1,0x64,0x9,0x51,0xa9,0x0,
0x0,0x0,0xad,0x9f,0x4,0x0,0x0,0x7,
0x0,0x0,0x0,0x0,0x0,0x0,0x0,0x0,
0x0,0x0,0x0,0x2f,0xa0,0x4,0x0,0x0,
0x18,0xe,0x6,0x34,0xe,0x3d,0xa1,0x4,
0x0,0x0,0x18,0xc,0x2f,0xa2,0x4,0x0,
0x0,0x18,0xe,0x6,0x34,0xe,0x3d,0xa3,
0x4,0x0,0x0,0x18,0xd,0xad,0xa4,0x4,
0x0,0x0,0x7,0x0,0x0,0x0,0x2,0x0,
0x0,0x0,0xc,0x0,0x0,0x0,0x10,0x1,
0x18,0x8,0x1a,0x8,0xa,0x2f,0xa5,0x4,
0x0,0x0,0x3d,0xa6,0x4,0x0,0x0,0x68,
0xa,0x50,0x3d,0x2f,0xa7,0x4,0x0,0x0,
0x18,0xf,0x16,0x8,0x34,0xf,0x3d,0xa8,
0x4,0x0,0x0,0x18,0xd,0x2f,0xa9,0x4,
0x0,0x0,0x18,0xf,0x16,0x8,0x34,0xf,
0x3d,0xaa,0x4,0x0,0x0,0x18,0xe,0xad,
0xab,0x4,0x0,0x0,0x7,0x0,0x0,0x0,
0x2,0x0,0x0,0x0,0xd,0x0,0x0,0x0,
0x16,0x8,0x7c,0x18,0x8,0x56,0x4c,0xb2,
0xad,0xac,0x4,0x0,0x0,0x7,0x0,0x0,
0x0,0x0,0x0,0x0,0x0,0x0,0x0,0x0,
0x0,0x18,0x6,0xd4,0x16,0x6,0x2,0x0,
0x0,0x0,0x0,0x0,0x0,0x0,0x0,0x0,
0x44,0x0,0x0,0x0,0x8,0x0,0x0,0x0,
0x14,0x0,0x0,0x0,0x0,0x0,0x0,0x0,
0x38,0x0,0x0,0x0,0x0,0x0,0x0,0x0,
0x38,0x0,0x0,0x0,0x0,0x0,0x1,0x0,
0xff,0xff,0xff,0xff,0x7,0x0,0x0,0x0,
0xec,0x8,0x10,0x1,0x0,0x0,0x0,0x0,
0x0,0x0,0x7,0x0,0x0,0x0,0x0,0x0,
0x0,0x0,0x0,0x0,0xec,0x8,0x0,0x0,
0x1,0x0,0x0,0x0,0x2f,0xad,0x4,0x0,
0x0,0x18,0x6,0x2,0x0,0x0,0x0,0x0,
0x44,0x0,0x0,0x0,0xd,0x0,0x0,0x0,
0x8d,0x0,0x0,0x0,0x0,0x0,0x0,0x0,
0x38,0x0,0x0,0x0,0x0,0x0,0x0,0x0,
0x38,0x0,0x0,0x0,0x0,0x0,0x1,0x0,
0xff,0xff,0xff,0xff,0x7,0x0,0x0,0x0,
0x5,0x9,0x10,0x1,0x0,0x0,0x0,0x0,
0x0,0x0,0x7,0x0,0x0,0x0,0x0,0x0,
0x0,0x0,0x0,0x0,0x5,0x9,0x0,0x0,
0x1,0x0,0x0,0x0,0x2f,0xae,0x4,0x0,
0x0,0x3d,0xaf,0x4,0x0,0x0,0x18,0x6,
0x2,0x0,0x0,0x0,0x0,0x0,0x0,0x0,
0x44,0x0,0x0,0x0,0xd,0x0,0x0,0x0,
0x8e,0x0,0x0,0x0,0x0,0x0,0x0,0x0,
0x38,0x0,0x0,0x0,0x0,0x0,0x0,0x0,
0x38,0x0,0x0,0x0,0x0,0x0,0x1,0x0,
0xff,0xff,0xff,0xff,0x7,0x0,0x0,0x0,
0x6,0x9,0x10,0x1,0x0,0x0,0x0,0x0,
0x0,0x0,0x7,0x0,0x0,0x0,0x0,0x0,
0x0,0x0,0x0,0x0,0x6,0x9,0x0,0x0,
0x1,0x0,0x0,0x0,0x2f,0xb0,0x4,0x0,
0x0,0x3d,0xb1,0x4,0x0,0x0,0x18,0x6,
0x2,0x0,0x0,0x0,0x0,0x0,0x0,0x0,
0x44,0x0,0x0,0x0,0xd,0x0,0x0,0x0,
0x2e,0x1,0x0,0x0,0x0,0x0,0x0,0x0,
0x38,0x0,0x0,0x0,0x0,0x0,0x0,0x0,
0x38,0x0,0x0,0x0,0x0,0x0,0x1,0x0,
0xff,0xff,0xff,0xff,0x7,0x0,0x0,0x0,
0x7,0x9,0x10,0x1,0x0,0x0,0x0,0x0,
0x0,0x0,0x7,0x0,0x0,0x0,0x0,0x0,
0x0,0x0,0x0,0x0,0x7,0x9,0x0,0x0,
0x1,0x0,0x0,0x0,0x2f,0xb2,0x4,0x0,
0x0,0x3d,0xb3,0x4,0x0,0x0,0x18,0x6,
0x2,0x0,0x0,0x0,0x0,0x0,0x0,0x0,
0x44,0x0,0x0,0x0,0xd,0x0,0x0,0x0,
0x30,0x1,0x0,0x0,0x0,0x0,0x0,0x0,
0x38,0x0,0x0,0x0,0x0,0x0,0x0,0x0,
0x38,0x0,0x0,0x0,0x0,0x0,0x1,0x0,
0xff,0xff,0xff,0xff,0x7,0x0,0x0,0x0,
0x8,0x9,0x10,0x1,0x0,0x0,0x0,0x0,
0x0,0x0,0x7,0x0,0x0,0x0,0x0,0x0,
0x0,0x0,0x0,0x0,0x8,0x9,0x0,0x0,
0x1,0x0,0x0,0x0,0x2f,0xb4,0x4,0x0,
0x0,0x3d,0xb5,0x4,0x0,0x0,0x18,0x6,
0x2,0x0,0x0,0x0,0x0,0x0,0x0,0x0,
0x44,0x0,0x0,0x0,0x8,0x0,0x0,0x0,
0x2c,0x0,0x0,0x0,0x0,0x0,0x0,0x0,
0x38,0x0,0x0,0x0,0x0,0x0,0x0,0x0,
0x38,0x0,0x0,0x0,0x0,0x0,0x1,0x0,
0xff,0xff,0xff,0xff,0x7,0x0,0x0,0x0,
0x17,0x9,0xd0,0x0,0x0,0x0,0x0,0x0,
0x0,0x0,0x7,0x0,0x0,0x0,0x0,0x0,
0x0,0x0,0x0,0x0,0x17,0x9,0x0,0x0,
0x1,0x0,0x0,0x0,0x2f,0xb6,0x4,0x0,
0x0,0x18,0x6,0x2,0x0,0x0,0x0,0x0,
0xdc,0x0,0x0,0x0,0x9e,0x1,0x0,0x0,
0x34,0x1,0x0,0x0,0x1,0x0,0x1,0x0,
0x38,0x0,0x0,0x0,0x0,0x0,0x0,0x0,
0x40,0x0,0x0,0x0,0x0,0x0,0xd,0x0,
0xff,0xff,0xff,0xff,0x15,0x0,0x0,0x0,
0x19,0x9,0xd0,0x0,0x0,0x0,0x0,0x0,
0x0,0x0,0xc,0x0,0x0,0x0,0x0,0x0,
0x35,0x1,0x0,0x0,0x0,0x0,0x0,0x0,
0x0,0x0,0x0,0x0,0x1a,0x9,0x0,0x0,
0x1,0x0,0x0,0x0,0x1a,0x0,0x0,0x0,
0x1b,0x9,0x0,0x0,0x2,0x0,0x0,0x0,
0x28,0x0,0x0,0x0,0x1c,0x9,0x0,0x0,
0x3,0x0,0x0,0x0,0x36,0x0,0x0,0x0,
0x1d,0x9,0x0,0x0,0x4,0x0,0x0,0x0,
0x3f,0x0,0x0,0x0,0x1f,0x9,0x0,0x0,
0x6,0x0,0x0,0x0,0x6b,0x0,0x0,0x0,
0x21,0x9,0x0,0x0,0x7,0x0,0x0,0x0,
0x8d,0x0,0x0,0x0,0x22,0x9,0x0,0x0,
0xa,0x0,0x0,0x0,0x9f,0x0,0x0,0x0,
0x23,0x9,0x0,0x0,0xc,0x0,0x0,0x0,
0xb1,0x0,0x0,0x0,0x24,0x9,0x0,0x0,
0xe,0x0,0x0,0x0,0xd6,0x0,0x0,0x0,
0x27,0x9,0x0,0x0,0x10,0x0,0x0,0x0,
0xfe,0x0,0x0,0x0,0x28,0x9,0x0,0x0,
0x12,0x0,0x0,0x0,0x26,0x1,0x0,0x0,
0x29,0x9,0x0,0x0,0x14,0x0,0x0,0x0,
0x9c,0x1,0x0,0x0,0x2a,0x9,0x0,0x0,
0x14,0x0,0x0,0x0,0x2f,0xb7,0x4,0x0,
0x0,0x18,0xc,0xad,0xb8,0x4,0x0,0x0,
0xc,0x0,0x0,0x0,0x1,0x0,0x0,0x0,
0x6,0x0,0x0,0x0,0x18,0x8,0x16,0x8,
0x3d,0xb9,0x4,0x0,0x0,0x3d,0xba,0x4,
0x0,0x0,0x18,0xa,0x16,0x8,0x3d,0xbb,
0x4,0x0,0x0,0x3d,0xbc,0x4,0x0,0x0,
0x18,0xb,0x16,0x8,0x3d,0xbd,0x4,0x0,
0x0,0x18,0x9,0x2f,0xbe,0x4,0x0,0x0,
0x18,0xc,0x13,0xf0,0x1,0x0,0x0,0x18,
0xf,0x1a,0xa,0x10,0x13,0xf1,0x1,0x0,
0x0,0x18,0x11,0x1a,0xb,0x12,0xad,0xbf,
0x4,0x0,0x0,0xc,0x0,0x0,0x0,0x4,
0x0,0x0,0x0,0xf,0x0,0x0,0x0,0x2f,
0xc0,0x4,0x0,0x0,0x3d,0xc1,0x4,0x0,
0x0,0x18,0xc,0xe,0x6c,0xc,0x4e,0x11,
0x2f,0xc2,0x4,0x0,0x0,0x3d,0xc3,0x4,
0x0,0x0,0x18,0xd,0xe,0x6c,0xd,0x50,
0x49,0x2f,0xc4,0x4,0x0,0x0,0x18,0xe,
0x16,0xa,0x43,0xc5,0x4,0x0,0x0,0xe,
0x0,0x0,0x0,0x2f,0xc6,0x4,0x0,0x0,
0x18,0xe,0x16,0xb,0x43,0xc7,0x4,0x0,
0x0,0xe,0x0,0x0,0x0,0x2f,0xc8,0x4,
0x0,0x0,0x18,0xe,0x13,0xba,0x1,0x0,
0x0,0x18,0x11,0x1a,0xa,0x12,0x1a,0xb,
0x13,0xad,0xc9,0x4,0x0,0x0,0xe,0x0,
0x0,0x0,0x3,0x0,0x0,0x0,0x11,0x0,
0x0,0x0,0x2f,0xca,0x4,0x0,0x0,0x18,
0xc,0x2f,0xcb,0x4,0x0,0x0,0x18,0xd,
0xad,0xcc,0x4,0x0,0x0,0xd,0x0,0x0,
0x0,0x1,0x0,0x0,0x0,0xa,0x0,0x0,
0x0,0x43,0xcd,0x4,0x0,0x0,0xc,0x0,
0x0,0x0,0x2f,0xce,0x4,0x0,0x0,0x18,
0xc,0x2f,0xcf,0x4,0x0,0x0,0x18,0xd,
0xad,0xd0,0x4,0x0,0x0,0xd,0x0,0x0,
0x0,0x1,0x0,0x0,0x0,0xb,0x0,0x0,
0x0,0x43,0xd1,0x4,0x0,0x0,0xc,0x0,
0x0,0x0,0x2f,0xd2,0x4,0x0,0x0,0x18,
0xc,0x2f,0xd3,0x4,0x0,0x0,0x18,0xd,
0x14,0x53,0x12,0x16,0x9,0x3d,0xd4,0x4,
0x0,0x0,0x18,0x13,0x16,0x9,0x3d,0xd5,
0x4,0x0,0x0,0x9c,0x13,0x9c,0x12,0x18,
0x10,0x14,0x54,0x12,0x14,0x53,0x13,0x16,
0x9,0x3d,0xd6,0x4,0x0,0x0,0x18,0x14,
0x16,0x9,0x3d,0xd7,0x4,0x0,0x0,0x9c,
0x14,0x9c,0x13,0xa2,0x12,0x18,0x11,0xad,
0xd8,0x4,0x0,0x0,0xd,0x0,0x0,0x0,
0x2,0x0,0x0,0x0,0x10,0x0,0x0,0x0,
0x18,0xd,0x11,0xb4,0x0,0x0,0x0,0x9c,
0xd,0x18,0xe,0x2f,0xd9,0x4,0x0,0x0,
0x3d,0xda,0x4,0x0,0x0,0x9e,0xe,0x43,
0xdb,0x4,0x0,0x0,0xc,0x0,0x0,0x0,
0xe,0x2,0x0,0x0,0x0,0x0,0x0,0x0,
0x94,0x0,0x0,0x0,0xa0,0x0,0x0,0x0,
0x36,0x1,0x0,0x0,0x1,0x0,0x1,0x0,
0x38,0x0,0x0,0x0,0x0,0x0,0x0,0x0,
0x40,0x0,0x0,0x0,0x0,0x0,0x7,0x0,
0xff,0xff,0xff,0xff,0xf,0x0,0x0,0x0,
0x2c,0x9,0xd0,0x0,0x0,0x0,0x0,0x0,
0x0,0x0,0x9,0x0,0x0,0x0,0x0,0x0,
0x35,0x1,0x0,0x0,0x0,0x0,0x0,0x0,
0x0,0x0,0x0,0x0,0x2d,0x9,0x0,0x0,
0x1,0x0,0x0,0x0,0x1a,0x0,0x0,0x0,
0x2f,0x9,0x0,0x0,0x2,0x0,0x0,0x0,
0x3c,0x0,0x0,0x0,0x30,0x9,0x0,0x0,
0x5,0x0,0x0,0x0,0x5b,0x0,0x0,0x0,
0x31,0x9,0x0,0x0,0x6,0x0,0x0,0x0,
0x5d,0x0,0x0,0x0,0x34,0x9,0x0,0x0,
0x8,0x0,0x0,0x0,0x85,0x0,0x0,0x0,
0x38,0x9,0x0,0x0,0xa,0x0,0x0,0x0,
0x9d,0x0,0x0,0x0,0x39,0x9,0x0,0x0,
0xa,0x0,0x0,0x0,0x2f,0xdc,0x4,0x0,
0x0,0x18,0x9,0xad,0xdd,0x4,0x0,0x0,
0x9,0x0,0x0,0x0,0x1,0x0,0x0,0x0,
0x6,0x0,0x0,0x0,0x18,0x8,0x2f,0xde,
0x4,0x0,0x0,0x3d,0xdf,0x4,0x0,0x0,
0x18,0x9,0xe,0x6c,0x9,0x4e,0x11,0x2f,
0xe0,0x4,0x0,0x0,0x3d,0xe1,0x4,0x0,
0x0,0x18,0xa,0xe,0x6c,0xa,0x50,0x21,
0x2f,0xe2,0x4,0x0,0x0,0x18,0xb,0x13,
0xbe,0x1,0x0,0x0,0x18,0xe,0xad,0xe3,
0x4,0x0,0x0,0xb,0x0,0x0,0x0,0x1,
0x0,0x0,0x0,0xe,0x0,0x0,0x0,0xe,
0x2,0x2f,0xe4,0x4,0x0,0x0,0x18,0x9,
0x29,0xb1,0x1,0x0,0x0,0x18,0xc,0xad,
0xef,0x4,0x0,0x0,0x8,0x0,0x0,0x0,
0x1,0x0,0x0,0x0,0xc,0x0,0x0,0x0,
0x43,0xf0,0x4,0x0,0x0,0x9,0x0,0x0,
0x0,0x2f,0xf1,0x4,0x0,0x0,0x18,0x9,
0xad,0xf2,0x4,0x0,0x0,0x9,0x0,0x0,
0x0,0x0,0x0,0x0,0x0,0x0,0x0,0x0,
0x0,0x16,0x7,0x2,0x0,0x0,0x0,0x0,
0x0,0x0,0x0,0x0,0x0,0x0,0x0,0x0,
0x58,0x0,0x0,0x0,0x5f,0x0,0x0,0x0,
0x0,0x0,0x0,0x0,0x1,0x0,0x1,0x0,
0x38,0x0,0x0,0x0,0x0,0x0,0x0,0x0,
0x40,0x0,0x0,0x0,0x0,0x0,0x2,0x0,
0xff,0xff,0xff,0xff,0xd,0x0,0x0,0x0,
0x34,0x9,0x10,0x3,0x0,0x0,0x0,0x0,
0x0,0x0,0x8,0x0,0x0,0x0,0x2,0x0,
0xf4,0x1,0x0,0x0,0x0,0x0,0x0,0x0,
0x0,0x0,0x0,0x0,0x35,0x9,0x0,0x0,
0x1,0x0,0x0,0x0,0x2d,0x0,0x0,0x0,
0x36,0x9,0x0,0x0,0x1,0x0,0x0,0x0,
0x2f,0xe5,0x4,0x0,0x0,0x18,0x8,0x16,
0x6,0x3d,0xe6,0x4,0x0,0x0,0x3d,0xe7,
0x4,0x0,0x0,0x3d,0xe8,0x4,0x0,0x0,
0x18,0xb,0xad,0xe9,0x4,0x0,0x0,0x8,
0x0,0x0,0x0,0x1,0x0,0x0,0x0,0xb,
0x0,0x0,0x0,0x18,0x8,0x2f,0xea,0x4,
0x0,0x0,0x18,0x9,0x16,0x6,0x3d,0xeb,
0x4,0x0,0x0,0x3d,0xec,0x4,0x0,0x0,
0x3d,0xed,0x4,0x0,0x0,0x18,0xc,0xad,
0xee,0x4,0x0,0x0,0x9,0x0,0x0,0x0,
0x1,0x0,0x0,0x0,0xc,0x0,0x0,0x0,
0x18,0x9,0xea,0x7,0x2,0x8,0x2,0x0,
0x44,0x0,0x0,0x0,0xd,0x0,0x0,0x0,
0x42,0x1,0x0,0x0,0x0,0x0,0x0,0x0,
0x38,0x0,0x0,0x0,0x0,0x0,0x0,0x0,
0x38,0x0,0x0,0x0,0x0,0x0,0x1,0x0,
0xff,0xff,0xff,0xff,0x7,0x0,0x0,0x0,
0x40,0x9,0x90,0x0,0x0,0x0,0x0,0x0,
0x0,0x0,0x7,0x0,0x0,0x0,0x0,0x0,
0x0,0x0,0x0,0x0,0x40,0x9,0x0,0x0,
0x1,0x0,0x0,0x0,0x2f,0xf3,0x4,0x0,
0x0,0x3d,0xf4,0x4,0x0,0x0,0x18,0x6,
0x2,0x0,0x0,0x0,0x0,0x0,0x0,0x0,
0x44,0x0,0x0,0x0,0xd,0x0,0x0,0x0,
0xb9,0x0,0x0,0x0,0x0,0x0,0x0,0x0,
0x38,0x0,0x0,0x0,0x0,0x0,0x0,0x0,
0x38,0x0,0x0,0x0,0x0,0x0,0x1,0x0,
0xff,0xff,0xff,0xff,0x7,0x0,0x0,0x0,
0x4a,0x9,0x90,0x0,0x0,0x0,0x0,0x0,
0x0,0x0,0x7,0x0,0x0,0x0,0x0,0x0,
0x0,0x0,0x0,0x0,0x4a,0x9,0x0,0x0,
0x1,0x0,0x0,0x0,0x2f,0xf5,0x4,0x0,
0x0,0x3d,0xf6,0x4,0x0,0x0,0x18,0x6,
0x2,0x0,0x0,0x0,0x0,0x0,0x0,0x0,
0x68,0x0,0x0,0x0,0x2c,0x0,0x0,0x0,
0x81,0x0,0x0,0x0,0x0,0x0,0x0,0x0,
0x38,0x0,0x0,0x0,0x0,0x0,0x0,0x0,
0x38,0x0,0x0,0x0,0x0,0x0,0x4,0x0,
0xff,0xff,0xff,0xff,0x9,0x0,0x0,0x0,
0x5b,0x9,0x90,0x0,0x0,0x0,0x0,0x0,
0x0,0x0,0x7,0x0,0x0,0x0,0x0,0x0,
0x0,0x0,0x0,0x0,0x5b,0x9,0x0,0x0,
0x0,0x0,0x0,0x0,0x1,0x0,0x0,0x0,
0x5c,0x9,0x0,0x0,0x3,0x0,0x0,0x0,
0x12,0x0,0x0,0x0,0x5d,0x9,0x0,0x0,
0x4,0x0,0x0,0x0,0x28,0x0,0x0,0x0,
0x5e,0x9,0x0,0x0,0x4,0x0,0x0,0x0,
0xca,0x2f,0xf7,0x4,0x0,0x0,0x18,0x7,
0xa,0x43,0xf8,0x4,0x0,0x0,0x7,0x0,
0x0,0x0,0x2f,0xf9,0x4,0x0,0x0,0x18,
0x7,0x8,0x18,0x8,0x43,0xfa,0x4,0x0,
0x0,0x7,0x0,0x0,0x0,0x1a,0x8,0x6,
0xd4,0x16,0x6,0x2,0x0,0x0,0x0,0x0,
0x0,0x0,0x0,0x0,0x0,0x0,0x0,0x0,
0x44,0x0,0x0,0x0,0xd,0x0,0x0,0x0,
0x71,0x0,0x0,0x0,0x0,0x0,0x0,0x0,
0x38,0x0,0x0,0x0,0x0,0x0,0x0,0x0,
0x38,0x0,0x0,0x0,0x0,0x0,0x1,0x0,
0xff,0xff,0xff,0xff,0x7,0x0,0x0,0x0,
0x43,0x9,0x90,0x0,0x0,0x0,0x0,0x0,
0x0,0x0,0x7,0x0,0x0,0x0,0x0,0x0,
0x0,0x0,0x0,0x0,0x43,0x9,0x0,0x0,
0x1,0x0,0x0,0x0,0x2f,0xfb,0x4,0x0,
0x0,0x3d,0xfc,0x4,0x0,0x0,0x18,0x6,
0x2,0x0,0x0,0x0,0x0,0x0,0x0,0x0,
0x44,0x0,0x0,0x0,0xd,0x0,0x0,0x0,
0x59,0x0,0x0,0x0,0x0,0x0,0x0,0x0,
0x38,0x0,0x0,0x0,0x0,0x0,0x0,0x0,
0x38,0x0,0x0,0x0,0x0,0x0,0x1,0x0,
0xff,0xff,0xff,0xff,0x7,0x0,0x0,0x0,
0x44,0x9,0x90,0x0,0x0,0x0,0x0,0x0,
0x0,0x0,0x7,0x0,0x0,0x0,0x0,0x0,
0x0,0x0,0x0,0x0,0x44,0x9,0x0,0x0,
0x1,0x0,0x0,0x0,0x2f,0xfd,0x4,0x0,
0x0,0x3d,0xfe,0x4,0x0,0x0,0x18,0x6,
0x2,0x0,0x0,0x0,0x0,0x0,0x0,0x0,
0x44,0x0,0x0,0x0,0xd,0x0,0x0,0x0,
0x4a,0x0,0x0,0x0,0x0,0x0,0x0,0x0,
0x38,0x0,0x0,0x0,0x0,0x0,0x0,0x0,
0x38,0x0,0x0,0x0,0x0,0x0,0x1,0x0,
0xff,0xff,0xff,0xff,0x7,0x0,0x0,0x0,
0x52,0x9,0xd0,0x0,0x0,0x0,0x0,0x0,
0x0,0x0,0x7,0x0,0x0,0x0,0x0,0x0,
0x0,0x0,0x0,0x0,0x52,0x9,0x0,0x0,
0x1,0x0,0x0,0x0,0x2f,0xff,0x4,0x0,
0x0,0x3d,0x0,0x5,0x0,0x0,0x18,0x6,
0x2,0x0,0x0,0x0,0x0,0x0,0x0,0x0,
0x44,0x0,0x0,0x0,0xd,0x0,0x0,0x0,
0x5b,0x0,0x0,0x0,0x0,0x0,0x0,0x0,
0x38,0x0,0x0,0x0,0x0,0x0,0x0,0x0,
0x38,0x0,0x0,0x0,0x0,0x0,0x1,0x0,
0xff,0xff,0xff,0xff,0x7,0x0,0x0,0x0,
0x54,0x9,0xd0,0x0,0x0,0x0,0x0,0x0,
0x0,0x0,0x7,0x0,0x0,0x0,0x0,0x0,
0x0,0x0,0x0,0x0,0x54,0x9,0x0,0x0,
0x1,0x0,0x0,0x0,0x2f,0x1,0x5,0x0,
0x0,0x3d,0x2,0x5,0x0,0x0,0x18,0x6,
0x2,0x0,0x0,0x0,0x0,0x0,0x0,0x0,
0x44,0x0,0x0,0x0,0xd,0x0,0x0,0x0,
0x5d,0x0,0x0,0x0,0x0,0x0,0x0,0x0,
0x38,0x0,0x0,0x0,0x0,0x0,0x0,0x0,
0x38,0x0,0x0,0x0,0x0,0x0,0x1,0x0,
0xff,0xff,0xff,0xff,0x7,0x0,0x0,0x0,
0x55,0x9,0xd0,0x0,0x0,0x0,0x0,0x0,
0x0,0x0,0x7,0x0,0x0,0x0,0x0,0x0,
0x0,0x0,0x0,0x0,0x55,0x9,0x0,0x0,
0x1,0x0,0x0,0x0,0x2f,0x3,0x5,0x0,
0x0,0x3d,0x4,0x5,0x0,0x0,0x18,0x6,
0x2,0x0,0x0,0x0,0x0,0x0,0x0,0x0,
0x44,0x0,0x0,0x0,0x8,0x0,0x0,0x0,
0x1c,0x0,0x0,0x0,0x0,0x0,0x0,0x0,
0x38,0x0,0x0,0x0,0x0,0x0,0x0,0x0,
0x38,0x0,0x0,0x0,0x0,0x0,0x1,0x0,
0xff,0xff,0xff,0xff,0x7,0x0,0x0,0x0,
0x58,0x9,0xd0,0x0,0x0,0x0,0x0,0x0,
0x0,0x0,0x7,0x0,0x0,0x0,0x0,0x0,
0x0,0x0,0x0,0x0,0x58,0x9,0x0,0x0,
0x1,0x0,0x0,0x0,0x2f,0x5,0x5,0x0,
0x0,0x18,0x6,0x2,0x0,0x0,0x0,0x0,
0x0,0x0,0x0,0x0,0x10,0x0,0x0,0x0,
0x0,0x0,0x0,0x0,0x0,0x0,0x0,0x0,
0x0,0x0,0x0,0x0,0x10,0x0,0x0,0x0,
0x0,0x0,0x0,0x0,0x0,0x0,0x0,0x0,
0x0,0x0,0x0,0x0,0x10,0x0,0x0,0x0,
0x0,0x0,0x0,0x0,0x0,0x0,0x0,0x0,
0x0,0x0,0x0,0x0,0x10,0x0,0x0,0x0,
0x0,0x0,0x0,0x0,0x0,0x0,0x0,0x0,
0x0,0x0,0x0,0x0,0x10,0x0,0x0,0x0,
0x0,0x0,0x0,0x0,0x0,0x0,0x0,0x0,
0x0,0x0,0x0,0x0,0x10,0x0,0x0,0x0,
0x0,0x0,0x0,0x0,0x0,0x0,0x0,0x0,
0x0,0x0,0x0,0x0,0x10,0x0,0x0,0x0,
0x0,0x0,0x0,0x0,0x0,0x0,0x0,0x0,
0x0,0x0,0x0,0x0,0x10,0x0,0x0,0x0,
0x0,0x0,0x0,0x0,0x0,0x0,0x0,0x0,
0x0,0x0,0x0,0x0,0x10,0x0,0x0,0x0,
0x0,0x0,0x0,0x0,0x0,0x0,0x0,0x0,
0x0,0x0,0x0,0x0,0x10,0x0,0x0,0x0,
0x0,0x0,0x0,0x0,0x0,0x0,0x0,0x0,
0x0,0x0,0x0,0x0,0x10,0x0,0x0,0x0,
0x0,0x0,0x0,0x0,0x0,0x0,0x0,0x0,
0x0,0x0,0x0,0x0,0x10,0x0,0x0,0x0,
0x0,0x0,0x0,0x0,0x0,0x0,0x0,0x0,
0x0,0x0,0x0,0x0,0x10,0x0,0x0,0x0,
0x0,0x0,0x0,0x0,0x0,0x0,0x0,0x0,
0x0,0x0,0x0,0x0,0x10,0x0,0x0,0x0,
0x0,0x0,0x0,0x0,0x0,0x0,0x0,0x0,
0x0,0x0,0x0,0x0,0x10,0x0,0x0,0x0,
0x0,0x0,0x0,0x0,0x0,0x0,0x0,0x0,
0x0,0x0,0x0,0x0,0x10,0x0,0x0,0x0,
0x0,0x0,0x0,0x0,0x0,0x0,0x0,0x0,
0x0,0x0,0x0,0x0,0x10,0x0,0x0,0x0,
0x0,0x0,0x0,0x0,0x0,0x0,0x0,0x0,
0x0,0x0,0x0,0x0,0x10,0x0,0x0,0x0,
0x0,0x0,0x0,0x0,0x0,0x0,0x0,0x0,
0x0,0x0,0x0,0x0,0x10,0x0,0x0,0x0,
0x0,0x0,0x0,0x0,0x0,0x0,0x0,0x0,
0x1,0x0,0x0,0x0,0x10,0x0,0x0,0x0,
0x1,0x0,0x0,0x0,0x0,0x0,0x0,0x0,
0x92,0x1,0x0,0x0,0x0,0x0,0x0,0x0,
0x0,0x0,0x0,0x0,0x10,0x0,0x0,0x0,
0x0,0x0,0x0,0x0,0x0,0x0,0x0,0x0,
0x1,0x0,0x0,0x0,0x10,0x0,0x0,0x0,
0x1,0x0,0x0,0x0,0x0,0x0,0x0,0x0,
0x92,0x1,0x0,0x0,0x0,0x0,0x0,0x0,
0x0,0x0,0x0,0x0,0x10,0x0,0x0,0x0,
0x0,0x0,0x0,0x0,0x0,0x0,0x0,0x0,
0x0,0x0,0x0,0x0,0x10,0x0,0x0,0x0,
0x0,0x0,0x0,0x0,0x0,0x0,0x0,0x0,
0x0,0x0,0x0,0x0,0x10,0x0,0x0,0x0,
0x0,0x0,0x0,0x0,0x0,0x0,0x0,0x0,
0x0,0x0,0x0,0x0,0x10,0x0,0x0,0x0,
0x0,0x0,0x0,0x0,0x0,0x0,0x0,0x0,
0x0,0x0,0x0,0x0,0x10,0x0,0x0,0x0,
0x0,0x0,0x0,0x0,0x0,0x0,0x0,0x0,
0x0,0x0,0x0,0x0,0x10,0x0,0x0,0x0,
0x0,0x0,0x0,0x0,0x0,0x0,0x0,0x0,
0x0,0x0,0x0,0x0,0x10,0x0,0x0,0x0,
0x0,0x0,0x0,0x0,0x0,0x0,0x0,0x0,
0x0,0x0,0x0,0x0,0x10,0x0,0x0,0x0,
0x0,0x0,0x0,0x0,0x0,0x0,0x0,0x0,
0x1,0x0,0x0,0x0,0x10,0x0,0x0,0x0,
0x1,0x0,0x0,0x0,0x0,0x0,0x0,0x0,
0x92,0x1,0x0,0x0,0x0,0x0,0x0,0x0,
0x0,0x0,0x0,0x0,0x10,0x0,0x0,0x0,
0x0,0x0,0x0,0x0,0x0,0x0,0x0,0x0,
0x1,0x0,0x0,0x0,0x10,0x0,0x0,0x0,
0x1,0x0,0x0,0x0,0x0,0x0,0x0,0x0,
0x92,0x1,0x0,0x0,0x0,0x0,0x0,0x0,
0x0,0x0,0x0,0x0,0x10,0x0,0x0,0x0,
0x0,0x0,0x0,0x0,0x0,0x0,0x0,0x0,
0x0,0x0,0x0,0x0,0x10,0x0,0x0,0x0,
0x0,0x0,0x0,0x0,0x0,0x0,0x0,0x0,
0x0,0x0,0x0,0x0,0x10,0x0,0x0,0x0,
0x0,0x0,0x0,0x0,0x0,0x0,0x0,0x0,
0x0,0x0,0x0,0x0,0x10,0x0,0x0,0x0,
0x0,0x0,0x0,0x0,0x0,0x0,0x0,0x0,
0x0,0x0,0x0,0x0,0x10,0x0,0x0,0x0,
0x0,0x0,0x0,0x0,0x0,0x0,0x0,0x0,
0x0,0x0,0x0,0x0,0x10,0x0,0x0,0x0,
0x0,0x0,0x0,0x0,0x0,0x0,0x0,0x0,
0x0,0x0,0x0,0x0,0x10,0x0,0x0,0x0,
0x0,0x0,0x0,0x0,0x0,0x0,0x0,0x0,
0x0,0x0,0x0,0x0,0x10,0x0,0x0,0x0,
0x0,0x0,0x0,0x0,0x0,0x0,0x0,0x0,
0x0,0x0,0x0,0x0,0x10,0x0,0x0,0x0,
0x0,0x0,0x0,0x0,0x0,0x0,0x0,0x0,
0x0,0x0,0x0,0x0,0x10,0x0,0x0,0x0,
0x0,0x0,0x0,0x0,0x0,0x0,0x0,0x0,
0x0,0x0,0x0,0x0,0x10,0x0,0x0,0x0,
0x0,0x0,0x0,0x0,0x0,0x0,0x0,0x0,
0x0,0x0,0x0,0x0,0x10,0x0,0x0,0x0,
0x0,0x0,0x0,0x0,0x0,0x0,0x0,0x0,
0x0,0x0,0x0,0x0,0x10,0x0,0x0,0x0,
0x0,0x0,0x0,0x0,0x0,0x0,0x0,0x0,
0x0,0x0,0x0,0x0,0x10,0x0,0x0,0x0,
0x0,0x0,0x0,0x0,0x0,0x0,0x0,0x0,
0x0,0x0,0x0,0x0,0x10,0x0,0x0,0x0,
0x0,0x0,0x0,0x0,0x0,0x0,0x0,0x0,
0x0,0x0,0x0,0x0,0x10,0x0,0x0,0x0,
0x0,0x0,0x0,0x0,0x0,0x0,0x0,0x0,
0x0,0x0,0x0,0x0,0x10,0x0,0x0,0x0,
0x0,0x0,0x0,0x0,0x0,0x0,0x0,0x0,
0xb8,0xee,0x0,0x0,0xc0,0xee,0x0,0x0,
0xd8,0xee,0x0,0x0,0x0,0xef,0x0,0x0,
0x28,0xef,0x0,0x0,0x50,0xef,0x0,0x0,
0x70,0xef,0x0,0x0,0x88,0xef,0x0,0x0,
0x98,0xef,0x0,0x0,0xb0,0xef,0x0,0x0,
0xd0,0xef,0x0,0x0,0x8,0xf0,0x0,0x0,
0x18,0xf0,0x0,0x0,0x48,0xf0,0x0,0x0,
0x58,0xf0,0x0,0x0,0x70,0xf0,0x0,0x0,
0x90,0xf0,0x0,0x0,0xa8,0xf0,0x0,0x0,
0xc8,0xf0,0x0,0x0,0xe0,0xf0,0x0,0x0,
0xf0,0xf0,0x0,0x0,0x20,0xf1,0x0,0x0,
0x58,0xf1,0x0,0x0,0x60,0xf1,0x0,0x0,
0x70,0xf1,0x0,0x0,0x90,0xf1,0x0,0x0,
0xa8,0xf1,0x0,0x0,0xd0,0xf1,0x0,0x0,
0xe8,0xf1,0x0,0x0,0x20,0xf2,0x0,0x0,
0x30,0xf2,0x0,0x0,0x48,0xf2,0x0,0x0,
0x60,0xf2,0x0,0x0,0x98,0xf2,0x0,0x0,
0xb0,0xf2,0x0,0x0,0xc0,0xf2,0x0,0x0,
0xd8,0xf2,0x0,0x0,0xf0,0xf2,0x0,0x0,
0x8,0xf3,0x0,0x0,0x28,0xf3,0x0,0x0,
0x68,0xf3,0x0,0x0,0x98,0xf3,0x0,0x0,
0xb8,0xf3,0x0,0x0,0xe0,0xf3,0x0,0x0,
0xf8,0xf3,0x0,0x0,0x28,0xf4,0x0,0x0,
0x40,0xf4,0x0,0x0,0x50,0xf4,0x0,0x0,
0x60,0xf4,0x0,0x0,0x78,0xf4,0x0,0x0,
0x90,0xf4,0x0,0x0,0xa0,0xf4,0x0,0x0,
0xd0,0xf4,0x0,0x0,0xf0,0xf4,0x0,0x0,
0x8,0xf5,0x0,0x0,0x38,0xf5,0x0,0x0,
0x48,0xf5,0x0,0x0,0x68,0xf5,0x0,0x0,
0x90,0xf5,0x0,0x0,0xa0,0xf5,0x0,0x0,
0xd0,0xf5,0x0,0x0,0xe0,0xf5,0x0,0x0,
0x10,0xf6,0x0,0x0,0x28,0xf6,0x0,0x0,
0x48,0xf6,0x0,0x0,0x68,0xf6,0x0,0x0,
0xa8,0xf6,0x0,0x0,0xc8,0xf6,0x0,0x0,
0x8,0xf7,0x0,0x0,0x10,0xf7,0x0,0x0,
0x18,0xf7,0x0,0x0,0x30,0xf7,0x0,0x0,
0x48,0xf7,0x0,0x0,0x58,0xf7,0x0,0x0,
0x68,0xf7,0x0,0x0,0x98,0xf7,0x0,0x0,
0xa8,0xf7,0x0,0x0,0xc0,0xf7,0x0,0x0,
0xd0,0xf7,0x0,0x0,0xe8,0xf7,0x0,0x0,
0x0,0xf8,0x0,0x0,0x20,0xf8,0x0,0x0,
0x60,0xf8,0x0,0x0,0x80,0xf8,0x0,0x0,
0xa0,0xf8,0x0,0x0,0xc0,0xf8,0x0,0x0,
0xe8,0xf8,0x0,0x0,0xf8,0xf8,0x0,0x0,
0x28,0xf9,0x0,0x0,0x40,0xf9,0x0,0x0,
0x70,0xf9,0x0,0x0,0xa0,0xf9,0x0,0x0,
0xf0,0xf9,0x0,0x0,0x18,0xfa,0x0,0x0,
0x60,0xfa,0x0,0x0,0x78,0xfa,0x0,0x0,
0xb0,0xfa,0x0,0x0,0xd8,0xfa,0x0,0x0,
0x20,0xfb,0x0,0x0,0x40,0xfb,0x0,0x0,
0x58,0xfb,0x0,0x0,0x68,0xfb,0x0,0x0,
0x98,0xfb,0x0,0x0,0xc0,0xfb,0x0,0x0,
0x0,0xfc,0x0,0x0,0x20,0xfc,0x0,0x0,
0x58,0xfc,0x0,0x0,0x70,0xfc,0x0,0x0,
0x88,0xfc,0x0,0x0,0xb8,0xfc,0x0,0x0,
0xd0,0xfc,0x0,0x0,0xe8,0xfc,0x0,0x0,
0x0,0xfd,0x0,0x0,0x10,0xfd,0x0,0x0,
0x40,0xfd,0x0,0x0,0x70,0xfd,0x0,0x0,
0x80,0xfd,0x0,0x0,0x98,0xfd,0x0,0x0,
0xb0,0xfd,0x0,0x0,0xd0,0xfd,0x0,0x0,
0xe8,0xfd,0x0,0x0,0x10,0xfe,0x0,0x0,
0x58,0xfe,0x0,0x0,0x80,0xfe,0x0,0x0,
0xc0,0xfe,0x0,0x0,0xf0,0xfe,0x0,0x0,
0x8,0xff,0x0,0x0,0x18,0xff,0x0,0x0,
0x38,0xff,0x0,0x0,0x50,0xff,0x0,0x0,
0x88,0xff,0x0,0x0,0xa8,0xff,0x0,0x0,
0xd0,0xff,0x0,0x0,0xf0,0xff,0x0,0x0,
0x0,0x0,0x1,0x0,0x18,0x0,0x1,0x0,
0x30,0x0,0x1,0x0,0x40,0x0,0x1,0x0,
0x58,0x0,0x1,0x0,0x78,0x0,0x1,0x0,
0x88,0x0,0x1,0x0,0xa0,0x0,0x1,0x0,
0xc8,0x0,0x1,0x0,0xf0,0x0,0x1,0x0,
0x8,0x1,0x1,0x0,0x18,0x1,0x1,0x0,
0x60,0x1,0x1,0x0,0x70,0x1,0x1,0x0,
0x88,0x1,0x1,0x0,0xa0,0x1,0x1,0x0,
0xb8,0x1,0x1,0x0,0xe0,0x1,0x1,0x0,
0xf8,0x1,0x1,0x0,0x10,0x2,0x1,0x0,
0x28,0x2,0x1,0x0,0x40,0x2,0x1,0x0,
0x60,0x2,0x1,0x0,0x90,0x2,0x1,0x0,
0xc0,0x2,0x1,0x0,0xe8,0x2,0x1,0x0,
0xf8,0x2,0x1,0x0,0x18,0x3,0x1,0x0,
0x28,0x3,0x1,0x0,0x48,0x3,0x1,0x0,
0x68,0x3,0x1,0x0,0x80,0x3,0x1,0x0,
0x98,0x3,0x1,0x0,0xd0,0x3,0x1,0x0,
0xe0,0x3,0x1,0x0,0x8,0x4,0x1,0x0,
0x50,0x4,0x1,0x0,0x70,0x4,0x1,0x0,
0x88,0x4,0x1,0x0,0xa0,0x4,0x1,0x0,
0xc8,0x4,0x1,0x0,0x8,0x5,0x1,0x0,
0x28,0x5,0x1,0x0,0x68,0x5,0x1,0x0,
0x90,0x5,0x1,0x0,0xb8,0x5,0x1,0x0,
0x20,0x6,0x1,0x0,0x30,0x6,0x1,0x0,
0x48,0x6,0x1,0x0,0x58,0x6,0x1,0x0,
0x70,0x6,0x1,0x0,0x88,0x6,0x1,0x0,
0xc0,0x6,0x1,0x0,0xe0,0x6,0x1,0x0,
0x10,0x7,0x1,0x0,0x30,0x7,0x1,0x0,
0x50,0x7,0x1,0x0,0x68,0x7,0x1,0x0,
0x88,0x7,0x1,0x0,0xa0,0x7,0x1,0x0,
0xb8,0x7,0x1,0x0,0xd0,0x7,0x1,0x0,
0xf0,0x7,0x1,0x0,0x20,0x8,0x1,0x0,
0x40,0x8,0x1,0x0,0x58,0x8,0x1,0x0,
0x70,0x8,0x1,0x0,0x88,0x8,0x1,0x0,
0xb8,0x8,0x1,0x0,0xe0,0x8,0x1,0x0,
0xf8,0x8,0x1,0x0,0x10,0x9,0x1,0x0,
0x28,0x9,0x1,0x0,0x48,0x9,0x1,0x0,
0x58,0x9,0x1,0x0,0x70,0x9,0x1,0x0,
0x88,0x9,0x1,0x0,0x98,0x9,0x1,0x0,
0xb8,0x9,0x1,0x0,0xd0,0x9,0x1,0x0,
0xf0,0x9,0x1,0x0,0x0,0xa,0x1,0x0,
0x18,0xa,0x1,0x0,0x40,0xa,0x1,0x0,
0x88,0xa,0x1,0x0,0xa8,0xa,0x1,0x0,
0xc0,0xa,0x1,0x0,0xd8,0xa,0x1,0x0,
0x10,0xb,0x1,0x0,0x20,0xb,0x1,0x0,
0x50,0xb,0x1,0x0,0x70,0xb,0x1,0x0,
0x88,0xb,0x1,0x0,0xa8,0xb,0x1,0x0,
0xc8,0xb,0x1,0x0,0xd8,0xb,0x1,0x0,
0xf0,0xb,0x1,0x0,0x8,0xc,0x1,0x0,
0x20,0xc,0x1,0x0,0x40,0xc,0x1,0x0,
0x60,0xc,0x1,0x0,0x80,0xc,0x1,0x0,
0xa0,0xc,0x1,0x0,0xb0,0xc,0x1,0x0,
0xc8,0xc,0x1,0x0,0xe0,0xc,0x1,0x0,
0x0,0xd,0x1,0x0,0x10,0xd,0x1,0x0,
0x40,0xd,0x1,0x0,0x58,0xd,0x1,0x0,
0x70,0xd,0x1,0x0,0x80,0xd,0x1,0x0,
0xa8,0xd,0x1,0x0,0xc0,0xd,0x1,0x0,
0xe0,0xd,0x1,0x0,0x0,0xe,0x1,0x0,
0x40,0xe,0x1,0x0,0x60,0xe,0x1,0x0,
0xa0,0xe,0x1,0x0,0xd0,0xe,0x1,0x0,
0x18,0xf,0x1,0x0,0x30,0xf,0x1,0x0,
0x48,0xf,0x1,0x0,0x60,0xf,0x1,0x0,
0x90,0xf,0x1,0x0,0xb8,0xf,0x1,0x0,
0xe0,0xf,0x1,0x0,0x10,0x10,0x1,0x0,
0x30,0x10,0x1,0x0,0x70,0x10,0x1,0x0,
0x90,0x10,0x1,0x0,0xb0,0x10,0x1,0x0,
0xe8,0x10,0x1,0x0,0x8,0x11,0x1,0x0,
0x38,0x11,0x1,0x0,0x60,0x11,0x1,0x0,
0x70,0x11,0x1,0x0,0x88,0x11,0x1,0x0,
0xa0,0x11,0x1,0x0,0xc0,0x11,0x1,0x0,
0xd8,0x11,0x1,0x0,0xf0,0x11,0x1,0x0,
0x28,0x12,0x1,0x0,0x40,0x12,0x1,0x0,
0x78,0x12,0x1,0x0,0x90,0x12,0x1,0x0,
0xc0,0x12,0x1,0x0,0xd8,0x12,0x1,0x0,
0x8,0x13,0x1,0x0,0x28,0x13,0x1,0x0,
0x40,0x13,0x1,0x0,0x78,0x13,0x1,0x0,
0x90,0x13,0x1,0x0,0xa8,0x13,0x1,0x0,
0xe0,0x13,0x1,0x0,0x8,0x14,0x1,0x0,
0x30,0x14,0x1,0x0,0x58,0x14,0x1,0x0,
0x70,0x14,0x1,0x0,0xb8,0x14,0x1,0x0,
0xd0,0x14,0x1,0x0,0xf0,0x14,0x1,0x0,
0x10,0x15,0x1,0x0,0x48,0x15,0x1,0x0,
0x60,0x15,0x1,0x0,0x98,0x15,0x1,0x0,
0xb0,0x15,0x1,0x0,0xe8,0x15,0x1,0x0,
0x0,0x16,0x1,0x0,0x38,0x16,0x1,0x0,
0x60,0x16,0x1,0x0,0xa8,0x16,0x1,0x0,
0xd0,0x16,0x1,0x0,0x8,0x17,0x1,0x0,
0x40,0x17,0x1,0x0,0x68,0x17,0x1,0x0,
0x78,0x17,0x1,0x0,0xa8,0x17,0x1,0x0,
0xd0,0x17,0x1,0x0,0xf8,0x17,0x1,0x0,
0x18,0x18,0x1,0x0,0x40,0x18,0x1,0x0,
0x60,0x18,0x1,0x0,0x90,0x18,0x1,0x0,
0xc8,0x18,0x1,0x0,0xe8,0x18,0x1,0x0,
0x8,0x19,0x1,0x0,0x20,0x19,0x1,0x0,
0x40,0x19,0x1,0x0,0x80,0x19,0x1,0x0,
0xa0,0x19,0x1,0x0,0xc0,0x19,0x1,0x0,
0xd8,0x19,0x1,0x0,0xf8,0x19,0x1,0x0,
0x18,0x1a,0x1,0x0,0x28,0x1a,0x1,0x0,
0x50,0x1a,0x1,0x0,0x98,0x1a,0x1,0x0,
0xb0,0x1a,0x1,0x0,0xe8,0x1a,0x1,0x0,
0x8,0x1b,0x1,0x0,0x40,0x1b,0x1,0x0,
0x48,0x1b,0x1,0x0,0x50,0x1b,0x1,0x0,
0x58,0x1b,0x1,0x0,0x60,0x1b,0x1,0x0,
0x70,0x1b,0x1,0x0,0x78,0x1b,0x1,0x0,
0x80,0x1b,0x1,0x0,0x88,0x1b,0x1,0x0,
0x90,0x1b,0x1,0x0,0xb8,0x1b,0x1,0x0,
0xd8,0x1b,0x1,0x0,0xf8,0x1b,0x1,0x0,
0x18,0x1c,0x1,0x0,0x30,0x1c,0x1,0x0,
0x48,0x1c,0x1,0x0,0x60,0x1c,0x1,0x0,
0x78,0x1c,0x1,0x0,0x90,0x1c,0x1,0x0,
0xa0,0x1c,0x1,0x0,0xc0,0x1c,0x1,0x0,
0xd8,0x1c,0x1,0x0,0x0,0x1d,0x1,0x0,
0x10,0x1d,0x1,0x0,0x28,0x1d,0x1,0x0,
0x40,0x1d,0x1,0x0,0x50,0x1d,0x1,0x0,
0x70,0x1d,0x1,0x0,0x80,0x1d,0x1,0x0,
0xa0,0x1d,0x1,0x0,0xc0,0x1d,0x1,0x0,
0xe0,0x1d,0x1,0x0,0xf8,0x1d,0x1,0x0,
0x10,0x1e,0x1,0x0,0x30,0x1e,0x1,0x0,
0x50,0x1e,0x1,0x0,0x68,0x1e,0x1,0x0,
0x80,0x1e,0x1,0x0,0x98,0x1e,0x1,0x0,
0xa8,0x1e,0x1,0x0,0xd8,0x1e,0x1,0x0,
0xf8,0x1e,0x1,0x0,0x18,0x1f,0x1,0x0,
0x38,0x1f,0x1,0x0,0x58,0x1f,0x1,0x0,
0x70,0x1f,0x1,0x0,0x88,0x1f,0x1,0x0,
0x98,0x1f,0x1,0x0,0xa8,0x1f,0x1,0x0,
0xc0,0x1f,0x1,0x0,0xd0,0x1f,0x1,0x0,
0xf8,0x1f,0x1,0x0,0x10,0x20,0x1,0x0,
0x28,0x20,0x1,0x0,0x48,0x20,0x1,0x0,
0x60,0x20,0x1,0x0,0x88,0x20,0x1,0x0,
0xa0,0x20,0x1,0x0,0xc0,0x20,0x1,0x0,
0xe8,0x20,0x1,0x0,0xf8,0x20,0x1,0x0,
0x8,0x21,0x1,0x0,0x18,0x21,0x1,0x0,
0x58,0x21,0x1,0x0,0x68,0x21,0x1,0x0,
0x98,0x21,0x1,0x0,0xa8,0x21,0x1,0x0,
0xb8,0x21,0x1,0x0,0xc0,0x21,0x1,0x0,
0xd0,0x21,0x1,0x0,0x8,0x22,0x1,0x0,
0x40,0x22,0x1,0x0,0x80,0x22,0x1,0x0,
0x90,0x22,0x1,0x0,0xa0,0x22,0x1,0x0,
0xb0,0x22,0x1,0x0,0xc0,0x22,0x1,0x0,
0xc8,0x22,0x1,0x0,0xd8,0x22,0x1,0x0,
0x18,0x23,0x1,0x0,0x38,0x23,0x1,0x0,
0x50,0x23,0x1,0x0,0x70,0x23,0x1,0x0,
0x90,0x23,0x1,0x0,0xb8,0x23,0x1,0x0,
0xe0,0x23,0x1,0x0,0x18,0x24,0x1,0x0,
0x38,0x24,0x1,0x0,0x28,0x25,0x1,0x0,
0x50,0x26,0x1,0x0,0x78,0x26,0x1,0x0,
0xa8,0x26,0x1,0x0,0xb8,0x26,0x1,0x0,
0xd8,0x26,0x1,0x0,0xf0,0x26,0x1,0x0,
0x8,0x27,0x1,0x0,0x28,0x27,0x1,0x0,
0x38,0x27,0x1,0x0,0x50,0x27,0x1,0x0,
0x68,0x27,0x1,0x0,0x80,0x27,0x1,0x0,
0x98,0x27,0x1,0x0,0xb0,0x27,0x1,0x0,
0xc8,0x27,0x1,0x0,0xe0,0x27,0x1,0x0,
0x0,0x28,0x1,0x0,0x40,0x28,0x1,0x0,
0x50,0x28,0x1,0x0,0x78,0x28,0x1,0x0,
0x88,0x28,0x1,0x0,0x90,0x28,0x1,0x0,
0xa0,0x28,0x1,0x0,0x0,0x29,0x1,0x0,
0x10,0x29,0x1,0x0,0x20,0x29,0x1,0x0,
0x40,0x29,0x1,0x0,0x58,0x29,0x1,0x0,
0x98,0x29,0x1,0x0,0xc8,0x29,0x1,0x0,
0xf0,0x29,0x1,0x0,0x8,0x2a,0x1,0x0,
0x18,0x2a,0x1,0x0,0x28,0x2a,0x1,0x0,
0x38,0x2a,0x1,0x0,0x48,0x2a,0x1,0x0,
0x68,0x2a,0x1,0x0,0x58,0x2b,0x1,0x0,
0x80,0x2c,0x1,0x0,0xa0,0x2c,0x1,0x0,
0x90,0x2d,0x1,0x0,0xc0,0x2e,0x1,0x0,
0xd8,0x2e,0x1,0x0,0xc8,0x2f,0x1,0x0,
0xf0,0x30,0x1,0x0,0x10,0x31,0x1,0x0,
0x0,0x32,0x1,0x0,0x30,0x33,0x1,0x0,
0x58,0x33,0x1,0x0,0x48,0x34,0x1,0x0,
0x78,0x35,0x1,0x0,0xa0,0x35,0x1,0x0,
0x90,0x36,0x1,0x0,0xc0,0x37,0x1,0x0,
0xe8,0x37,0x1,0x0,0xd8,0x38,0x1,0x0,
0x0,0x3a,0x1,0x0,0x28,0x3a,0x1,0x0,
0x18,0x3b,0x1,0x0,0x48,0x3c,0x1,0x0,
0x68,0x3c,0x1,0x0,0xf8,0x3c,0x1,0x0,
0x18,0x3d,0x1,0x0,0xa8,0x3d,0x1,0x0,
0xc0,0x3d,0x1,0x0,0x50,0x3e,0x1,0x0,
0x70,0x3e,0x1,0x0,0x88,0x3e,0x1,0x0,
0xa0,0x3e,0x1,0x0,0xd0,0x3e,0x1,0x0,
0xd8,0x3e,0x1,0x0,0xe8,0x3e,0x1,0x0,
0xf0,0x3e,0x1,0x0,0x38,0x3f,0x1,0x0,
0x48,0x3f,0x1,0x0,0x68,0x3f,0x1,0x0,
0x80,0x3f,0x1,0x0,0x88,0x3f,0x1,0x0,
0x0,0x0,0x0,0x0,0x0,0x0,0x0,0x0,
0x7,0x0,0x0,0x0,0x51,0x0,0x74,0x0,
0x51,0x0,0x75,0x0,0x69,0x0,0x63,0x0,
0x6b,0x0,0x0,0x0,0x0,0x0,0x0,0x0,
0x10,0x0,0x0,0x0,0x51,0x0,0x74,0x0,
0x51,0x0,0x75,0x0,0x69,0x0,0x63,0x0,
0x6b,0x0,0x2e,0x0,0x43,0x0,0x6f,0x0,
0x6e,0x0,0x74,0x0,0x72,0x0,0x6f,0x0,
0x6c,0x0,0x73,0x0,0x0,0x0,0x0,0x0,
0xf,0x0,0x0,0x0,0x51,0x0,0x74,0x0,
0x51,0x0,0x75,0x0,0x69,0x0,0x63,0x0,
0x6b,0x0,0x2e,0x0,0x4c,0x0,0x61,0x0,
0x79,0x0,0x6f,0x0,0x75,0x0,0x74,0x0,
0x73,0x0,0x0,0x0,0x0,0x0,0x0,0x0,
0xf,0x0,0x0,0x0,0x51,0x0,0x74,0x0,
0x51,0x0,0x75,0x0,0x69,0x0,0x63,0x0,
0x6b,0x0,0x2e,0x0,0x44,0x0,0x69,0x0,
0x61,0x0,0x6c,0x0,0x6f,0x0,0x67,0x0,
0x73,0x0,0x0,0x0,0x0,0x0,0x0,0x0,
0xc,0x0,0x0,0x0,0x51,0x0,0x74,0x0,
0x4d,0x0,0x75,0x0,0x6c,0x0,0x74,0x0,
0x69,0x0,0x6d,0x0,0x65,0x0,0x64,0x0,
0x69,0x0,0x61,0x0,0x0,0x0,0x0,0x0,
0x6,0x0,0x0,0x0,0x57,0x0,0x69,0x0,
0x6e,0x0,0x64,0x0,0x6f,0x0,0x77,0x0,
0x0,0x0,0x0,0x0,0x0,0x0,0x0,0x0,
0x4,0x0,0x0,0x0,0x6d,0x0,0x61,0x0,
0x69,0x0,0x6e,0x0,0x0,0x0,0x0,0x0,
0x7,0x0,0x0,0x0,0x76,0x0,0x69,0x0,
0x73,0x0,0x69,0x0,0x62,0x0,0x6c,0x0,
0x65,0x0,0x0,0x0,0x0,0x0,0x0,0x0,
0xa,0x0,0x0,0x0,0x76,0x0,0x69,0x0,
0x73,0x0,0x69,0x0,0x62,0x0,0x69,0x0,
0x6c,0x0,0x69,0x0,0x74,0x0,0x79,0x0,
0x0,0x0,0x0,0x0,0x0,0x0,0x0,0x0,
0x19,0x0,0x0,0x0,0x65,0x0,0x78,0x0,
0x70,0x0,0x72,0x0,0x65,0x0,0x73,0x0,
0x73,0x0,0x69,0x0,0x6f,0x0,0x6e,0x0,
0x20,0x0,0x66,0x0,0x6f,0x0,0x72,0x0,
0x20,0x0,0x76,0x0,0x69,0x0,0x73,0x0,
0x69,0x0,0x62,0x0,0x69,0x0,0x6c,0x0,
0x69,0x0,0x74,0x0,0x79,0x0,0x0,0x0,
0x5,0x0,0x0,0x0,0x74,0x0,0x69,0x0,
0x74,0x0,0x6c,0x0,0x65,0x0,0x0,0x0,
0x12,0x0,0x0,0x0,0x41,0x0,0x53,0x0,
0x4c,0x0,0x52,0x0,0x20,0x0,0x43,0x0,
0x6f,0x0,0x6e,0x0,0x74,0x0,0x72,0x0,
0x6f,0x0,0x6c,0x0,0x20,0x0,0x50,0x0,
0x61,0x0,0x6e,0x0,0x65,0x0,0x6c,0x0,
0x0,0x0,0x0,0x0,0x0,0x0,0x0,0x0,
0x5,0x0,0x0,0x0,0x63,0x0,0x6f,0x0,
0x6c,0x0,0x6f,0x0,0x72,0x0,0x0,0x0,
0x7,0x0,0x0,0x0,0x23,0x0,0x66,0x0,
0x66,0x0,0x66,0x0,0x66,0x0,0x66,0x0,
0x66,0x0,0x0,0x0,0x0,0x0,0x0,0x0,
0xa,0x0,0x0,0x0,0x73,0x0,0x70,0x0,
0x6c,0x0,0x61,0x0,0x73,0x0,0x68,0x0,
0x44,0x0,0x6f,0x0,0x6e,0x0,0x65,0x0,
0x0,0x0,0x0,0x0,0x0,0x0,0x0,0x0,
0x9,0x0,0x0,0x0,0x52,0x0,0x65,0x0,
0x63,0x0,0x74,0x0,0x61,0x0,0x6e,0x0,
0x67,0x0,0x6c,0x0,0x65,0x0,0x0,0x0,
0xc,0x0,0x0,0x0,0x73,0x0,0x70,0x0,
0x6c,0x0,0x61,0x0,0x73,0x0,0x68,0x0,
0x53,0x0,0x63,0x0,0x72,0x0,0x65,0x0,
0x65,0x0,0x6e,0x0,0x0,0x0,0x0,0x0,
0x7,0x0,0x0,0x0,0x61,0x0,0x6e,0x0,
0x63,0x0,0x68,0x0,0x6f,0x0,0x72,0x0,
0x73,0x0,0x0,0x0,0x0,0x0,0x0,0x0,
0x4,0x0,0x0,0x0,0x66,0x0,0x69,0x0,
0x6c,0x0,0x6c,0x0,0x0,0x0,0x0,0x0,
0x13,0x0,0x0,0x0,0x65,0x0,0x78,0x0,
0x70,0x0,0x72,0x0,0x65,0x0,0x73,0x0,
0x73,0x0,0x69,0x0,0x6f,0x0,0x6e,0x0,
0x20,0x0,0x66,0x0,0x6f,0x0,0x72,0x0,
0x20,0x0,0x66,0x0,0x69,0x0,0x6c,0x0,
0x6c,0x0,0x0,0x0,0x0,0x0,0x0,0x0,
0x16,0x0,0x0,0x0,0x65,0x0,0x78,0x0,
0x70,0x0,0x72,0x0,0x65,0x0,0x73,0x0,
0x73,0x0,0x69,0x0,0x6f,0x0,0x6e,0x0,
0x20,0x0,0x66,0x0,0x6f,0x0,0x72,0x0,
0x20,0x0,0x76,0x0,0x69,0x0,0x73,0x0,
0x69,0x0,0x62,0x0,0x6c,0x0,0x65,0x0,
0x0,0x0,0x0,0x0,0x0,0x0,0x0,0x0,
0x1,0x0,0x0,0x0,0x7a,0x0,0x0,0x0,
0x5,0x0,0x0,0x0,0x49,0x0,0x6d,0x0,
0x61,0x0,0x67,0x0,0x65,0x0,0x0,0x0,
0xb,0x0,0x0,0x0,0x73,0x0,0x70,0x0,
0x6c,0x0,0x61,0x0,0x73,0x0,0x68,0x0,
0x49,0x0,0x6d,0x0,0x61,0x0,0x67,0x0,
0x65,0x0,0x0,0x0,0x0,0x0,0x0,0x0,
0x6,0x0,0x0,0x0,0x73,0x0,0x6f,0x0,
0x75,0x0,0x72,0x0,0x63,0x0,0x65,0x0,
0x0,0x0,0x0,0x0,0x0,0x0,0x0,0x0,
0x11,0x0,0x0,0x0,0x71,0x0,0x72,0x0,
0x63,0x0,0x3a,0x0,0x2f,0x0,0x49,0x0,
0x6d,0x0,0x61,0x0,0x67,0x0,0x65,0x0,
0x73,0x0,0x2f,0x0,0x31,0x0,0x2e,0x0,
0x70,0x0,0x6e,0x0,0x67,0x0,0x0,0x0,
0x8,0x0,0x0,0x0,0x63,0x0,0x65,0x0,
0x6e,0x0,0x74,0x0,0x65,0x0,0x72,0x0,
0x49,0x0,0x6e,0x0,0x0,0x0,0x0,0x0,
0x17,0x0,0x0,0x0,0x65,0x0,0x78,0x0,
0x70,0x0,0x72,0x0,0x65,0x0,0x73,0x0,
0x73,0x0,0x69,0x0,0x6f,0x0,0x6e,0x0,
0x20,0x0,0x66,0x0,0x6f,0x0,0x72,0x0,
0x20,0x0,0x63,0x0,0x65,0x0,0x6e,0x0,
0x74,0x0,0x65,0x0,0x72,0x0,0x49,0x0,
0x6e,0x0,0x0,0x0,0x0,0x0,0x0,0x0,
0x5,0x0,0x0,0x0,0x77,0x0,0x69,0x0,
0x64,0x0,0x74,0x0,0x68,0x0,0x0,0x0,
0x6,0x0,0x0,0x0,0x68,0x0,0x65,0x0,
0x69,0x0,0x67,0x0,0x68,0x0,0x74,0x0,
0x0,0x0,0x0,0x0,0x0,0x0,0x0,0x0,
0x8,0x0,0x0,0x0,0x66,0x0,0x69,0x0,
0x6c,0x0,0x6c,0x0,0x4d,0x0,0x6f,0x0,
0x64,0x0,0x65,0x0,0x0,0x0,0x0,0x0,
0x17,0x0,0x0,0x0,0x65,0x0,0x78,0x0,
0x70,0x0,0x72,0x0,0x65,0x0,0x73,0x0,
0x73,0x0,0x69,0x0,0x6f,0x0,0x6e,0x0,
0x20,0x0,0x66,0x0,0x6f,0x0,0x72,0x0,
0x20,0x0,0x66,0x0,0x69,0x0,0x6c,0x0,
0x6c,0x0,0x4d,0x0,0x6f,0x0,0x64,0x0,
0x65,0x0,0x0,0x0,0x0,0x0,0x0,0x0,
0x7,0x0,0x0,0x0,0x6f,0x0,0x70,0x0,
0x61,0x0,0x63,0x0,0x69,0x0,0x74,0x0,
0x79,0x0,0x0,0x0,0x0,0x0,0x0,0x0,
0x5,0x0,0x0,0x0,0x54,0x0,0x69,0x0,
0x6d,0x0,0x65,0x0,0x72,0x0,0x0,0x0,
0x8,0x0,0x0,0x0,0x69,0x0,0x6e,0x0,
0x74,0x0,0x65,0x0,0x72,0x0,0x76,0x0,
0x61,0x0,0x6c,0x0,0x0,0x0,0x0,0x0,
0x7,0x0,0x0,0x0,0x72,0x0,0x75,0x0,
0x6e,0x0,0x6e,0x0,0x69,0x0,0x6e,0x0,
0x67,0x0,0x0,0x0,0x0,0x0,0x0,0x0,
0x6,0x0,0x0,0x0,0x72,0x0,0x65,0x0,
0x70,0x0,0x65,0x0,0x61,0x0,0x74,0x0,
0x0,0x0,0x0,0x0,0x0,0x0,0x0,0x0,
0xb,0x0,0x0,0x0,0x6f,0x0,0x6e,0x0,
0x54,0x0,0x72,0x0,0x69,0x0,0x67,0x0,
0x67,0x0,0x65,0x0,0x72,0x0,0x65,0x0,
0x64,0x0,0x0,0x0,0x0,0x0,0x0,0x0,
0x1a,0x0,0x0,0x0,0x65,0x0,0x78,0x0,
0x70,0x0,0x72,0x0,0x65,0x0,0x73,0x0,
0x73,0x0,0x69,0x0,0x6f,0x0,0x6e,0x0,
0x20,0x0,0x66,0x0,0x6f,0x0,0x72,0x0,
0x20,0x0,0x6f,0x0,0x6e,0x0,0x54,0x0,
0x72,0x0,0x69,0x0,0x67,0x0,0x67,0x0,
0x65,0x0,0x72,0x0,0x65,0x0,0x64,0x0,
0x0,0x0,0x0,0x0,0x0,0x0,0x0,0x0,
0x13,0x0,0x0,0x0,0x53,0x0,0x65,0x0,
0x71,0x0,0x75,0x0,0x65,0x0,0x6e,0x0,
0x74,0x0,0x69,0x0,0x61,0x0,0x6c,0x0,
0x41,0x0,0x6e,0x0,0x69,0x0,0x6d,0x0,
0x61,0x0,0x74,0x0,0x69,0x0,0x6f,0x0,
0x6e,0x0,0x0,0x0,0x0,0x0,0x0,0x0,
0xb,0x0,0x0,0x0,0x66,0x0,0x61,0x0,
0x64,0x0,0x65,0x0,0x4f,0x0,0x75,0x0,
0x74,0x0,0x41,0x0,0x6e,0x0,0x69,0x0,
0x6d,0x0,0x0,0x0,0x0,0x0,0x0,0x0,
0x11,0x0,0x0,0x0,0x50,0x0,0x72,0x0,
0x6f,0x0,0x70,0x0,0x65,0x0,0x72,0x0,
0x74,0x0,0x79,0x0,0x41,0x0,0x6e,0x0,
0x69,0x0,0x6d,0x0,0x61,0x0,0x74,0x0,
0x69,0x0,0x6f,0x0,0x6e,0x0,0x0,0x0,
0x6,0x0,0x0,0x0,0x74,0x0,0x61,0x0,
0x72,0x0,0x67,0x0,0x65,0x0,0x74,0x0,
0x0,0x0,0x0,0x0,0x0,0x0,0x0,0x0,
0x15,0x0,0x0,0x0,0x65,0x0,0x78,0x0,
0x70,0x0,0x72,0x0,0x65,0x0,0x73,0x0,
0x73,0x0,0x69,0x0,0x6f,0x0,0x6e,0x0,
0x20,0x0,0x66,0x0,0x6f,0x0,0x72,0x0,
0x20,0x0,0x74,0x0,0x61,0x0,0x72,0x0,
0x67,0x0,0x65,0x0,0x74,0x0,0x0,0x0,
0x8,0x0,0x0,0x0,0x70,0x0,0x72,0x0,
0x6f,0x0,0x70,0x0,0x65,0x0,0x72,0x0,
0x74,0x0,0x79,0x0,0x0,0x0,0x0,0x0,
0x4,0x0,0x0,0x0,0x66,0x0,0x72,0x0,
0x6f,0x0,0x6d,0x0,0x0,0x0,0x0,0x0,
0x2,0x0,0x0,0x0,0x74,0x0,0x6f,0x0,
0x0,0x0,0x0,0x0,0x0,0x0,0x0,0x0,
0x8,0x0,0x0,0x0,0x64,0x0,0x75,0x0,
0x72,0x0,0x61,0x0,0x74,0x0,0x69,0x0,
0x6f,0x0,0x6e,0x0,0x0,0x0,0x0,0x0,
0x6,0x0,0x0,0x0,0x65,0x0,0x61,0x0,
0x73,0x0,0x69,0x0,0x6e,0x0,0x67,0x0,
0x0,0x0,0x0,0x0,0x0,0x0,0x0,0x0,
0x4,0x0,0x0,0x0,0x74,0x0,0x79,0x0,
0x70,0x0,0x65,0x0,0x0,0x0,0x0,0x0,
0x13,0x0,0x0,0x0,0x65,0x0,0x78,0x0,
0x70,0x0,0x72,0x0,0x65,0x0,0x73,0x0,
0x73,0x0,0x69,0x0,0x6f,0x0,0x6e,0x0,
0x20,0x0,0x66,0x0,0x6f,0x0,0x72,0x0,
0x20,0x0,0x74,0x0,0x79,0x0,0x70,0x0,
0x65,0x0,0x0,0x0,0x0,0x0,0x0,0x0,
0xc,0x0,0x0,0x0,0x53,0x0,0x63,0x0,
0x72,0x0,0x69,0x0,0x70,0x0,0x74,0x0,
0x41,0x0,0x63,0x0,0x74,0x0,0x69,0x0,
0x6f,0x0,0x6e,0x0,0x0,0x0,0x0,0x0,
0x6,0x0,0x0,0x0,0x73,0x0,0x63,0x0,
0x72,0x0,0x69,0x0,0x70,0x0,0x74,0x0,
0x0,0x0,0x0,0x0,0x0,0x0,0x0,0x0,
0x15,0x0,0x0,0x0,0x65,0x0,0x78,0x0,
0x70,0x0,0x72,0x0,0x65,0x0,0x73,0x0,
0x73,0x0,0x69,0x0,0x6f,0x0,0x6e,0x0,
0x20,0x0,0x66,0x0,0x6f,0x0,0x72,0x0,
0x20,0x0,0x73,0x0,0x63,0x0,0x72,0x0,
0x69,0x0,0x70,0x0,0x74,0x0,0x0,0x0,
0x4,0x0,0x0,0x0,0x49,0x0,0x74,0x0,
0x65,0x0,0x6d,0x0,0x0,0x0,0x0,0x0,
0xb,0x0,0x0,0x0,0x63,0x0,0x6f,0x0,
0x6e,0x0,0x6e,0x0,0x65,0x0,0x63,0x0,
0x74,0x0,0x50,0x0,0x61,0x0,0x67,0x0,
0x65,0x0,0x0,0x0,0x0,0x0,0x0,0x0,
0x11,0x0,0x0,0x0,0x74,0x0,0x69,0x0,
0x6d,0x0,0x65,0x0,0x44,0x0,0x61,0x0,
0x74,0x0,0x65,0x0,0x43,0x0,0x6f,0x0,
0x6e,0x0,0x74,0x0,0x61,0x0,0x69,0x0,
0x6e,0x0,0x65,0x0,0x72,0x0,0x0,0x0,
0x3,0x0,0x0,0x0,0x74,0x0,0x6f,0x0,
0x70,0x0,0x0,0x0,0x0,0x0,0x0,0x0,
0x12,0x0,0x0,0x0,0x65,0x0,0x78,0x0,
0x70,0x0,0x72,0x0,0x65,0x0,0x73,0x0,
0x73,0x0,0x69,0x0,0x6f,0x0,0x6e,0x0,
0x20,0x0,0x66,0x0,0x6f,0x0,0x72,0x0,
0x20,0x0,0x74,0x0,0x6f,0x0,0x70,0x0,
0x0,0x0,0x0,0x0,0x0,0x0,0x0,0x0,
0x5,0x0,0x0,0x0,0x72,0x0,0x69,0x0,
0x67,0x0,0x68,0x0,0x74,0x0,0x0,0x0,
0x14,0x0,0x0,0x0,0x65,0x0,0x78,0x0,
0x70,0x0,0x72,0x0,0x65,0x0,0x73,0x0,
0x73,0x0,0x69,0x0,0x6f,0x0,0x6e,0x0,
0x20,0x0,0x66,0x0,0x6f,0x0,0x72,0x0,
0x20,0x0,0x72,0x0,0x69,0x0,0x67,0x0,
0x68,0x0,0x74,0x0,0x0,0x0,0x0,0x0,
0x9,0x0,0x0,0x0,0x74,0x0,0x6f,0x0,
0x70,0x0,0x4d,0x0,0x61,0x0,0x72,0x0,
0x67,0x0,0x69,0x0,0x6e,0x0,0x0,0x0,
0xb,0x0,0x0,0x0,0x72,0x0,0x69,0x0,
0x67,0x0,0x68,0x0,0x74,0x0,0x4d,0x0,
0x61,0x0,0x72,0x0,0x67,0x0,0x69,0x0,
0x6e,0x0,0x0,0x0,0x0,0x0,0x0,0x0,
0xb,0x0,0x0,0x0,0x63,0x0,0x75,0x0,
0x72,0x0,0x72,0x0,0x65,0x0,0x6e,0x0,
0x74,0x0,0x44,0x0,0x61,0x0,0x74,0x0,
0x65,0x0,0x0,0x0,0x0,0x0,0x0,0x0,
0x1a,0x0,0x0,0x0,0x65,0x0,0x78,0x0,
0x70,0x0,0x72,0x0,0x65,0x0,0x73,0x0,
0x73,0x0,0x69,0x0,0x6f,0x0,0x6e,0x0,
0x20,0x0,0x66,0x0,0x6f,0x0,0x72,0x0,
0x20,0x0,0x63,0x0,0x75,0x0,0x72,0x0,
0x72,0x0,0x65,0x0,0x6e,0x0,0x74,0x0,
0x44,0x0,0x61,0x0,0x74,0x0,0x65,0x0,
0x0,0x0,0x0,0x0,0x0,0x0,0x0,0x0,
0xb,0x0,0x0,0x0,0x63,0x0,0x75,0x0,
0x72,0x0,0x72,0x0,0x65,0x0,0x6e,0x0,
0x74,0x0,0x54,0x0,0x69,0x0,0x6d,0x0,
0x65,0x0,0x0,0x0,0x0,0x0,0x0,0x0,
0x1a,0x0,0x0,0x0,0x65,0x0,0x78,0x0,
0x70,0x0,0x72,0x0,0x65,0x0,0x73,0x0,
0x73,0x0,0x69,0x0,0x6f,0x0,0x6e,0x0,
0x20,0x0,0x66,0x0,0x6f,0x0,0x72,0x0,
0x20,0x0,0x63,0x0,0x75,0x0,0x72,0x0,
0x72,0x0,0x65,0x0,0x6e,0x0,0x74,0x0,
0x54,0x0,0x69,0x0,0x6d,0x0,0x65,0x0,
0x0,0x0,0x0,0x0,0x0,0x0,0x0,0x0,
0x1,0x0,0x0,0x0,0x78,0x0,0x0,0x0,
0x1,0x0,0x0,0x0,0x79,0x0,0x0,0x0,
0x6,0x0,0x0,0x0,0x43,0x0,0x6f,0x0,
0x6c,0x0,0x75,0x0,0x6d,0x0,0x6e,0x0,
0x0,0x0,0x0,0x0,0x0,0x0,0x0,0x0,
0x7,0x0,0x0,0x0,0x73,0x0,0x70,0x0,
0x61,0x0,0x63,0x0,0x69,0x0,0x6e,0x0,
0x67,0x0,0x0,0x0,0x0,0x0,0x0,0x0,
0x4,0x0,0x0,0x0,0x54,0x0,0x65,0x0,
0x78,0x0,0x74,0x0,0x0,0x0,0x0,0x0,
0x4,0x0,0x0,0x0,0x74,0x0,0x65,0x0,
0x78,0x0,0x74,0x0,0x0,0x0,0x0,0x0,
0x13,0x0,0x0,0x0,0x65,0x0,0x78,0x0,
0x70,0x0,0x72,0x0,0x65,0x0,0x73,0x0,
0x73,0x0,0x69,0x0,0x6f,0x0,0x6e,0x0,
0x20,0x0,0x66,0x0,0x6f,0x0,0x72,0x0,
0x20,0x0,0x74,0x0,0x65,0x0,0x78,0x0,
0x74,0x0,0x0,0x0,0x0,0x0,0x0,0x0,
0x4,0x0,0x0,0x0,0x66,0x0,0x6f,0x0,
0x6e,0x0,0x74,0x0,0x0,0x0,0x0,0x0,
0x9,0x0,0x0,0x0,0x70,0x0,0x69,0x0,
0x78,0x0,0x65,0x0,0x6c,0x0,0x53,0x0,
0x69,0x0,0x7a,0x0,0x65,0x0,0x0,0x0,
0x4,0x0,0x0,0x0,0x62,0x0,0x6f,0x0,
0x6c,0x0,0x64,0x0,0x0,0x0,0x0,0x0,
0x7,0x0,0x0,0x0,0x23,0x0,0x33,0x0,
0x33,0x0,0x33,0x0,0x33,0x0,0x33,0x0,
0x33,0x0,0x0,0x0,0x0,0x0,0x0,0x0,
0x7,0x0,0x0,0x0,0x23,0x0,0x32,0x0,
0x32,0x0,0x32,0x0,0x32,0x0,0x32,0x0,
0x32,0x0,0x0,0x0,0x0,0x0,0x0,0x0,
0xa,0x0,0x0,0x0,0x62,0x0,0x61,0x0,
0x63,0x0,0x6b,0x0,0x67,0x0,0x72,0x0,
0x6f,0x0,0x75,0x0,0x6e,0x0,0x64,0x0,
0x0,0x0,0x0,0x0,0x0,0x0,0x0,0x0,
0x1b,0x0,0x0,0x0,0x71,0x0,0x72,0x0,
0x63,0x0,0x3a,0x0,0x2f,0x0,0x49,0x0,
0x6d,0x0,0x61,0x0,0x67,0x0,0x65,0x0,
0x73,0x0,0x2f,0x0,0x41,0x0,0x5f,0x0,
0x57,0x0,0x61,0x0,0x72,0x0,0x65,0x0,
0x68,0x0,0x6f,0x0,0x75,0x0,0x73,0x0,
0x65,0x0,0x2e,0x0,0x6a,0x0,0x70,0x0,
0x67,0x0,0x0,0x0,0x0,0x0,0x0,0x0,
0xc,0x0,0x0,0x0,0x61,0x0,0x6e,0x0,
0x74,0x0,0x69,0x0,0x61,0x0,0x6c,0x0,
0x69,0x0,0x61,0x0,0x73,0x0,0x69,0x0,
0x6e,0x0,0x67,0x0,0x0,0x0,0x0,0x0,
0xa,0x0,0x0,0x0,0x6c,0x0,0x65,0x0,
0x66,0x0,0x74,0x0,0x4d,0x0,0x61,0x0,
0x72,0x0,0x67,0x0,0x69,0x0,0x6e,0x0,
0x0,0x0,0x0,0x0,0x0,0x0,0x0,0x0,
0xc,0x0,0x0,0x0,0x62,0x0,0x6f,0x0,
0x74,0x0,0x74,0x0,0x6f,0x0,0x6d,0x0,
0x4d,0x0,0x61,0x0,0x72,0x0,0x67,0x0,
0x69,0x0,0x6e,0x0,0x0,0x0,0x0,0x0,
0x11,0x0,0x0,0x0,0x43,0x0,0x6f,0x0,
0x6e,0x0,0x6e,0x0,0x65,0x0,0x63,0x0,
0x74,0x0,0x20,0x0,0x59,0x0,0x6f,0x0,
0x75,0x0,0x72,0x0,0x20,0x0,0x41,0x0,
0x53,0x0,0x4c,0x0,0x52,0x0,0x0,0x0,
0x5,0x0,0x0,0x0,0x65,0x0,0x6c,0x0,
0x69,0x0,0x64,0x0,0x65,0x0,0x0,0x0,
0x14,0x0,0x0,0x0,0x65,0x0,0x78,0x0,
0x70,0x0,0x72,0x0,0x65,0x0,0x73,0x0,
0x73,0x0,0x69,0x0,0x6f,0x0,0x6e,0x0,
0x20,0x0,0x66,0x0,0x6f,0x0,0x72,0x0,
0x20,0x0,0x65,0x0,0x6c,0x0,0x69,0x0,
0x64,0x0,0x65,0x0,0x0,0x0,0x0,0x0,
0x6,0x0,0x0,0x0,0x62,0x0,0x6f,0x0,
0x74,0x0,0x74,0x0,0x6f,0x0,0x6d,0x0,
0x0,0x0,0x0,0x0,0x0,0x0,0x0,0x0,
0x15,0x0,0x0,0x0,0x65,0x0,0x78,0x0,
0x70,0x0,0x72,0x0,0x65,0x0,0x73,0x0,
0x73,0x0,0x69,0x0,0x6f,0x0,0x6e,0x0,
0x20,0x0,0x66,0x0,0x6f,0x0,0x72,0x0,
0x20,0x0,0x62,0x0,0x6f,0x0,0x74,0x0,
0x74,0x0,0x6f,0x0,0x6d,0x0,0x0,0x0,
0x13,0x0,0x0,0x0,0x68,0x0,0x6f,0x0,
0x72,0x0,0x69,0x0,0x7a,0x0,0x6f,0x0,
0x6e,0x0,0x74,0x0,0x61,0x0,0x6c,0x0,
0x41,0x0,0x6c,0x0,0x69,0x0,0x67,0x0,
0x6e,0x0,0x6d,0x0,0x65,0x0,0x6e,0x0,
0x74,0x0,0x0,0x0,0x0,0x0,0x0,0x0,
0x22,0x0,0x0,0x0,0x65,0x0,0x78,0x0,
0x70,0x0,0x72,0x0,0x65,0x0,0x73,0x0,
0x73,0x0,0x69,0x0,0x6f,0x0,0x6e,0x0,
0x20,0x0,0x66,0x0,0x6f,0x0,0x72,0x0,
0x20,0x0,0x68,0x0,0x6f,0x0,0x72,0x0,
0x69,0x0,0x7a,0x0,0x6f,0x0,0x6e,0x0,
0x74,0x0,0x61,0x0,0x6c,0x0,0x41,0x0,
0x6c,0x0,0x69,0x0,0x67,0x0,0x6e,0x0,
0x6d,0x0,0x65,0x0,0x6e,0x0,0x74,0x0,
0x0,0x0,0x0,0x0,0x0,0x0,0x0,0x0,
0x11,0x0,0x0,0x0,0x76,0x0,0x65,0x0,
0x72,0x0,0x74,0x0,0x69,0x0,0x63,0x0,
0x61,0x0,0x6c,0x0,0x41,0x0,0x6c,0x0,
0x69,0x0,0x67,0x0,0x6e,0x0,0x6d,0x0,
0x65,0x0,0x6e,0x0,0x74,0x0,0x0,0x0,
0x20,0x0,0x0,0x0,0x65,0x0,0x78,0x0,
0x70,0x0,0x72,0x0,0x65,0x0,0x73,0x0,
0x73,0x0,0x69,0x0,0x6f,0x0,0x6e,0x0,
0x20,0x0,0x66,0x0,0x6f,0x0,0x72,0x0,
0x20,0x0,0x76,0x0,0x65,0x0,0x72,0x0,
0x74,0x0,0x69,0x0,0x63,0x0,0x61,0x0,
0x6c,0x0,0x41,0x0,0x6c,0x0,0x69,0x0,
0x67,0x0,0x6e,0x0,0x6d,0x0,0x65,0x0,
0x6e,0x0,0x74,0x0,0x0,0x0,0x0,0x0,
0x8,0x0,0x0,0x0,0x77,0x0,0x72,0x0,
0x61,0x0,0x70,0x0,0x4d,0x0,0x6f,0x0,
0x64,0x0,0x65,0x0,0x0,0x0,0x0,0x0,
0x17,0x0,0x0,0x0,0x65,0x0,0x78,0x0,
0x70,0x0,0x72,0x0,0x65,0x0,0x73,0x0,
0x73,0x0,0x69,0x0,0x6f,0x0,0x6e,0x0,
0x20,0x0,0x66,0x0,0x6f,0x0,0x72,0x0,
0x20,0x0,0x77,0x0,0x72,0x0,0x61,0x0,
0x70,0x0,0x4d,0x0,0x6f,0x0,0x64,0x0,
0x65,0x0,0x0,0x0,0x0,0x0,0x0,0x0,
0x11,0x0,0x0,0x0,0x68,0x0,0x69,0x0,
0x6e,0x0,0x74,0x0,0x69,0x0,0x6e,0x0,
0x67,0x0,0x50,0x0,0x72,0x0,0x65,0x0,
0x66,0x0,0x65,0x0,0x72,0x0,0x65,0x0,
0x6e,0x0,0x63,0x0,0x65,0x0,0x0,0x0,
0x20,0x0,0x0,0x0,0x65,0x0,0x78,0x0,
0x70,0x0,0x72,0x0,0x65,0x0,0x73,0x0,
0x73,0x0,0x69,0x0,0x6f,0x0,0x6e,0x0,
0x20,0x0,0x66,0x0,0x6f,0x0,0x72,0x0,
0x20,0x0,0x68,0x0,0x69,0x0,0x6e,0x0,
0x74,0x0,0x69,0x0,0x6e,0x0,0x67,0x0,
0x50,0x0,0x72,0x0,0x65,0x0,0x66,0x0,
0x65,0x0,0x72,0x0,0x65,0x0,0x6e,0x0,
0x63,0x0,0x65,0x0,0x0,0x0,0x0,0x0,
0xa,0x0,0x0,0x0,0x73,0x0,0x74,0x0,
0x79,0x0,0x6c,0x0,0x65,0x0,0x43,0x0,
0x6f,0x0,0x6c,0x0,0x6f,0x0,0x72,0x0,
0x0,0x0,0x0,0x0,0x0,0x0,0x0,0x0,
0x7,0x0,0x0,0x0,0x23,0x0,0x34,0x0,
0x32,0x0,0x33,0x0,0x65,0x0,0x61,0x0,
0x33,0x0,0x0,0x0,0x0,0x0,0x0,0x0,
0x5,0x0,0x0,0x0,0x73,0x0,0x74,0x0,
0x79,0x0,0x6c,0x0,0x65,0x0,0x0,0x0,
0x14,0x0,0x0,0x0,0x65,0x0,0x78,0x0,
0x70,0x0,0x72,0x0,0x65,0x0,0x73,0x0,
0x73,0x0,0x69,0x0,0x6f,0x0,0x6e,0x0,
0x20,0x0,0x66,0x0,0x6f,0x0,0x72,0x0,
0x20,0x0,0x73,0x0,0x74,0x0,0x79,0x0,
0x6c,0x0,0x65,0x0,0x0,0x0,0x0,0x0,
0xe,0x0,0x0,0x0,0x63,0x0,0x61,0x0,
0x70,0x0,0x69,0x0,0x74,0x0,0x61,0x0,
0x6c,0x0,0x69,0x0,0x7a,0x0,0x61,0x0,
0x74,0x0,0x69,0x0,0x6f,0x0,0x6e,0x0,
0x0,0x0,0x0,0x0,0x0,0x0,0x0,0x0,
0x1d,0x0,0x0,0x0,0x65,0x0,0x78,0x0,
0x70,0x0,0x72,0x0,0x65,0x0,0x73,0x0,
0x73,0x0,0x69,0x0,0x6f,0x0,0x6e,0x0,
0x20,0x0,0x66,0x0,0x6f,0x0,0x72,0x0,
0x20,0x0,0x63,0x0,0x61,0x0,0x70,0x0,
0x69,0x0,0x74,0x0,0x61,0x0,0x6c,0x0,
0x69,0x0,0x7a,0x0,0x61,0x0,0x74,0x0,
0x69,0x0,0x6f,0x0,0x6e,0x0,0x0,0x0,
0xa,0x0,0x0,0x0,0x74,0x0,0x65,0x0,
0x78,0x0,0x74,0x0,0x46,0x0,0x6f,0x0,
0x72,0x0,0x6d,0x0,0x61,0x0,0x74,0x0,
0x0,0x0,0x0,0x0,0x0,0x0,0x0,0x0,
0x19,0x0,0x0,0x0,0x65,0x0,0x78,0x0,
0x70,0x0,0x72,0x0,0x65,0x0,0x73,0x0,
0x73,0x0,0x69,0x0,0x6f,0x0,0x6e,0x0,
0x20,0x0,0x66,0x0,0x6f,0x0,0x72,0x0,
0x20,0x0,0x74,0x0,0x65,0x0,0x78,0x0,
0x74,0x0,0x46,0x0,0x6f,0x0,0x72,0x0,
0x6d,0x0,0x61,0x0,0x74,0x0,0x0,0x0,
0x6,0x0,0x0,0x0,0x69,0x0,0x74,0x0,
0x61,0x0,0x6c,0x0,0x69,0x0,0x63,0x0,
0x0,0x0,0x0,0x0,0x0,0x0,0x0,0x0,
0x6,0x0,0x0,0x0,0x77,0x0,0x65,0x0,
0x69,0x0,0x67,0x0,0x68,0x0,0x74,0x0,
0x0,0x0,0x0,0x0,0x0,0x0,0x0,0x0,
0x15,0x0,0x0,0x0,0x65,0x0,0x78,0x0,
0x70,0x0,0x72,0x0,0x65,0x0,0x73,0x0,
0x73,0x0,0x69,0x0,0x6f,0x0,0x6e,0x0,
0x20,0x0,0x66,0x0,0x6f,0x0,0x72,0x0,
0x20,0x0,0x77,0x0,0x65,0x0,0x69,0x0,
0x67,0x0,0x68,0x0,0x74,0x0,0x0,0x0,
0x6,0x0,0x0,0x0,0x66,0x0,0x61,0x0,
0x6d,0x0,0x69,0x0,0x6c,0x0,0x79,0x0,
0x0,0x0,0x0,0x0,0x0,0x0,0x0,0x0,
0x6,0x0,0x0,0x0,0x54,0x0,0x61,0x0,
0x68,0x0,0x6f,0x0,0x6d,0x0,0x61,0x0,
0x0,0x0,0x0,0x0,0x0,0x0,0x0,0x0,
0x7,0x0,0x0,0x0,0x23,0x0,0x30,0x0,
0x30,0x0,0x30,0x0,0x30,0x0,0x30,0x0,
0x30,0x0,0x0,0x0,0x0,0x0,0x0,0x0,
0x4,0x0,0x0,0x0,0x6c,0x0,0x65,0x0,
0x66,0x0,0x74,0x0,0x0,0x0,0x0,0x0,
0x13,0x0,0x0,0x0,0x65,0x0,0x78,0x0,
0x70,0x0,0x72,0x0,0x65,0x0,0x73,0x0,
0x73,0x0,0x69,0x0,0x6f,0x0,0x6e,0x0,
0x20,0x0,0x66,0x0,0x6f,0x0,0x72,0x0,
0x20,0x0,0x6c,0x0,0x65,0x0,0x66,0x0,
0x74,0x0,0x0,0x0,0x0,0x0,0x0,0x0,
0x14,0x0,0x0,0x0,0x71,0x0,0x72,0x0,
0x63,0x0,0x3a,0x0,0x2f,0x0,0x49,0x0,
0x6d,0x0,0x61,0x0,0x67,0x0,0x65,0x0,
0x73,0x0,0x2f,0x0,0x4c,0x0,0x6f,0x0,
0x67,0x0,0x6f,0x0,0x2e,0x0,0x70,0x0,
0x6e,0x0,0x67,0x0,0x0,0x0,0x0,0x0,
0x4,0x0,0x0,0x0,0x63,0x0,0x6c,0x0,
0x69,0x0,0x70,0x0,0x0,0x0,0x0,0x0,
0x7,0x0,0x0,0x0,0x23,0x0,0x66,0x0,
0x66,0x0,0x39,0x0,0x61,0x0,0x30,0x0,
0x30,0x0,0x0,0x0,0x0,0x0,0x0,0x0,
0x6,0x0,0x0,0x0,0x42,0x0,0x75,0x0,
0x74,0x0,0x74,0x0,0x6f,0x0,0x6e,0x0,
0x0,0x0,0x0,0x0,0x0,0x0,0x0,0x0,
0xd,0x0,0x0,0x0,0x63,0x0,0x6f,0x0,
0x6e,0x0,0x6e,0x0,0x65,0x0,0x63,0x0,
0x74,0x0,0x42,0x0,0x75,0x0,0x74,0x0,
0x74,0x0,0x6f,0x0,0x6e,0x0,0x0,0x0,
0x7,0x0,0x0,0x0,0x43,0x0,0x6f,0x0,
0x6e,0x0,0x6e,0x0,0x65,0x0,0x63,0x0,
0x74,0x0,0x0,0x0,0x0,0x0,0x0,0x0,
0x10,0x0,0x0,0x0,0x68,0x0,0x6f,0x0,
0x72,0x0,0x69,0x0,0x7a,0x0,0x6f,0x0,
0x6e,0x0,0x74,0x0,0x61,0x0,0x6c,0x0,
0x43,0x0,0x65,0x0,0x6e,0x0,0x74,0x0,
0x65,0x0,0x72,0x0,0x0,0x0,0x0,0x0,
0x1f,0x0,0x0,0x0,0x65,0x0,0x78,0x0,
0x70,0x0,0x72,0x0,0x65,0x0,0x73,0x0,
0x73,0x0,0x69,0x0,0x6f,0x0,0x6e,0x0,
0x20,0x0,0x66,0x0,0x6f,0x0,0x72,0x0,
0x20,0x0,0x68,0x0,0x6f,0x0,0x72,0x0,
0x69,0x0,0x7a,0x0,0x6f,0x0,0x6e,0x0,
0x74,0x0,0x61,0x0,0x6c,0x0,0x43,0x0,
0x65,0x0,0x6e,0x0,0x74,0x0,0x65,0x0,
0x72,0x0,0x0,0x0,0x0,0x0,0x0,0x0,
0xe,0x0,0x0,0x0,0x76,0x0,0x65,0x0,
0x72,0x0,0x74,0x0,0x69,0x0,0x63,0x0,
0x61,0x0,0x6c,0x0,0x43,0x0,0x65,0x0,
0x6e,0x0,0x74,0x0,0x65,0x0,0x72,0x0,
0x0,0x0,0x0,0x0,0x0,0x0,0x0,0x0,
0x1d,0x0,0x0,0x0,0x65,0x0,0x78,0x0,
0x70,0x0,0x72,0x0,0x65,0x0,0x73,0x0,
0x73,0x0,0x69,0x0,0x6f,0x0,0x6e,0x0,
0x20,0x0,0x66,0x0,0x6f,0x0,0x72,0x0,
0x20,0x0,0x76,0x0,0x65,0x0,0x72,0x0,
0x74,0x0,0x69,0x0,0x63,0x0,0x61,0x0,
0x6c,0x0,0x43,0x0,0x65,0x0,0x6e,0x0,
0x74,0x0,0x65,0x0,0x72,0x0,0x0,0x0,
0x14,0x0,0x0,0x0,0x65,0x0,0x78,0x0,
0x70,0x0,0x72,0x0,0x65,0x0,0x73,0x0,
0x73,0x0,0x69,0x0,0x6f,0x0,0x6e,0x0,
0x20,0x0,0x66,0x0,0x6f,0x0,0x72,0x0,
0x20,0x0,0x63,0x0,0x6f,0x0,0x6c,0x0,
0x6f,0x0,0x72,0x0,0x0,0x0,0x0,0x0,
0x6,0x0,0x0,0x0,0x72,0x0,0x61,0x0,
0x64,0x0,0x69,0x0,0x75,0x0,0x73,0x0,
0x0,0x0,0x0,0x0,0x0,0x0,0x0,0x0,
0x5,0x0,0x0,0x0,0x77,0x0,0x68,0x0,
0x69,0x0,0x74,0x0,0x65,0x0,0x0,0x0,
0xb,0x0,0x0,0x0,0x63,0x0,0x6f,0x0,
0x6e,0x0,0x74,0x0,0x65,0x0,0x6e,0x0,
0x74,0x0,0x49,0x0,0x74,0x0,0x65,0x0,
0x6d,0x0,0x0,0x0,0x0,0x0,0x0,0x0,
0x9,0x0,0x0,0x0,0x6f,0x0,0x6e,0x0,
0x43,0x0,0x6c,0x0,0x69,0x0,0x63,0x0,
0x6b,0x0,0x65,0x0,0x64,0x0,0x0,0x0,
0x18,0x0,0x0,0x0,0x65,0x0,0x78,0x0,
0x70,0x0,0x72,0x0,0x65,0x0,0x73,0x0,
0x73,0x0,0x69,0x0,0x6f,0x0,0x6e,0x0,
0x20,0x0,0x66,0x0,0x6f,0x0,0x72,0x0,
0x20,0x0,0x6f,0x0,0x6e,0x0,0x43,0x0,
0x6c,0x0,0x69,0x0,0x63,0x0,0x6b,0x0,
0x65,0x0,0x64,0x0,0x0,0x0,0x0,0x0,
0xb,0x0,0x0,0x0,0x43,0x0,0x6f,0x0,
0x6e,0x0,0x6e,0x0,0x65,0x0,0x63,0x0,
0x74,0x0,0x69,0x0,0x6f,0x0,0x6e,0x0,
0x73,0x0,0x0,0x0,0x0,0x0,0x0,0x0,
0x10,0x0,0x0,0x0,0x6f,0x0,0x6e,0x0,
0x43,0x0,0x6f,0x0,0x6e,0x0,0x6e,0x0,
0x65,0x0,0x63,0x0,0x74,0x0,0x65,0x0,
0x64,0x0,0x54,0x0,0x6f,0x0,0x52,0x0,
0x6f,0x0,0x73,0x0,0x0,0x0,0x0,0x0,
0xa,0x0,0x0,0x0,0x65,0x0,0x78,0x0,
0x69,0x0,0x74,0x0,0x42,0x0,0x75,0x0,
0x74,0x0,0x74,0x0,0x6f,0x0,0x6e,0x0,
0x0,0x0,0x0,0x0,0x0,0x0,0x0,0x0,
0x4,0x0,0x0,0x0,0x45,0x0,0x78,0x0,
0x69,0x0,0x74,0x0,0x0,0x0,0x0,0x0,
0x7,0x0,0x0,0x0,0x23,0x0,0x44,0x0,
0x33,0x0,0x32,0x0,0x46,0x0,0x32,0x0,
0x46,0x0,0x0,0x0,0x0,0x0,0x0,0x0,
0x6,0x0,0x0,0x0,0x73,0x0,0x6d,0x0,
0x6f,0x0,0x6f,0x0,0x74,0x0,0x68,0x0,
0x0,0x0,0x0,0x0,0x0,0x0,0x0,0x0,
0x4,0x0,0x0,0x0,0x45,0x0,0x58,0x0,
0x49,0x0,0x54,0x0,0x0,0x0,0x0,0x0,
0x6,0x0,0x0,0x0,0x44,0x0,0x69,0x0,
0x61,0x0,0x6c,0x0,0x6f,0x0,0x67,0x0,
0x0,0x0,0x0,0x0,0x0,0x0,0x0,0x0,
0xa,0x0,0x0,0x0,0x65,0x0,0x78,0x0,
0x69,0x0,0x74,0x0,0x44,0x0,0x69,0x0,
0x61,0x0,0x6c,0x0,0x6f,0x0,0x67,0x0,
0x0,0x0,0x0,0x0,0x0,0x0,0x0,0x0,
0x5,0x0,0x0,0x0,0x6d,0x0,0x6f,0x0,
0x64,0x0,0x61,0x0,0x6c,0x0,0x0,0x0,
0x7,0x0,0x0,0x0,0x23,0x0,0x46,0x0,
0x38,0x0,0x46,0x0,0x39,0x0,0x46,0x0,
0x41,0x0,0x0,0x0,0x0,0x0,0x0,0x0,
0x10,0x0,0x0,0x0,0x65,0x0,0x78,0x0,
0x70,0x0,0x72,0x0,0x65,0x0,0x73,0x0,
0x73,0x0,0x69,0x0,0x6f,0x0,0x6e,0x0,
0x20,0x0,0x66,0x0,0x6f,0x0,0x72,0x0,
0x20,0x0,0x78,0x0,0x0,0x0,0x0,0x0,
0x10,0x0,0x0,0x0,0x65,0x0,0x78,0x0,
0x70,0x0,0x72,0x0,0x65,0x0,0x73,0x0,
0x73,0x0,0x69,0x0,0x6f,0x0,0x6e,0x0,
0x20,0x0,0x66,0x0,0x6f,0x0,0x72,0x0,
0x20,0x0,0x79,0x0,0x0,0x0,0x0,0x0,
0x7,0x0,0x0,0x0,0x6d,0x0,0x61,0x0,
0x72,0x0,0x67,0x0,0x69,0x0,0x6e,0x0,
0x73,0x0,0x0,0x0,0x0,0x0,0x0,0x0,
0x5,0x0,0x0,0x0,0x4c,0x0,0x61,0x0,
0x62,0x0,0x65,0x0,0x6c,0x0,0x0,0x0,
0x1e,0x0,0x0,0x0,0x41,0x0,0x72,0x0,
0x65,0x0,0x20,0x0,0x79,0x0,0x6f,0x0,
0x75,0x0,0x20,0x0,0x73,0x0,0x75,0x0,
0x72,0x0,0x65,0x0,0x20,0x0,0x79,0x0,
0x6f,0x0,0x75,0x0,0x20,0x0,0x77,0x0,
0x61,0x0,0x6e,0x0,0x74,0x0,0x20,0x0,
0x74,0x0,0x6f,0x0,0x20,0x0,0x65,0x0,
0x78,0x0,0x69,0x0,0x74,0x0,0x3f,0x0,
0x0,0x0,0x0,0x0,0x0,0x0,0x0,0x0,
0x3,0x0,0x0,0x0,0x52,0x0,0x6f,0x0,
0x77,0x0,0x0,0x0,0x0,0x0,0x0,0x0,
0x6,0x0,0x0,0x0,0x43,0x0,0x61,0x0,
0x6e,0x0,0x63,0x0,0x65,0x0,0x6c,0x0,
0x0,0x0,0x0,0x0,0x0,0x0,0x0,0x0,
0x7,0x0,0x0,0x0,0x23,0x0,0x45,0x0,
0x30,0x0,0x45,0x0,0x30,0x0,0x45,0x0,
0x30,0x0,0x0,0x0,0x0,0x0,0x0,0x0,
0x9,0x0,0x0,0x0,0x6c,0x0,0x6f,0x0,
0x67,0x0,0x69,0x0,0x6e,0x0,0x50,0x0,
0x61,0x0,0x67,0x0,0x65,0x0,0x0,0x0,
0x11,0x0,0x0,0x0,0x45,0x0,0x6e,0x0,
0x74,0x0,0x65,0x0,0x72,0x0,0x20,0x0,
0x43,0x0,0x72,0x0,0x65,0x0,0x64,0x0,
0x65,0x0,0x6e,0x0,0x74,0x0,0x69,0x0,
0x61,0x0,0x6c,0x0,0x73,0x0,0x0,0x0,
0x7,0x0,0x0,0x0,0x23,0x0,0x33,0x0,
0x45,0x0,0x34,0x0,0x32,0x0,0x34,0x0,
0x42,0x0,0x0,0x0,0x0,0x0,0x0,0x0,
0x6,0x0,0x0,0x0,0x62,0x0,0x6f,0x0,
0x72,0x0,0x64,0x0,0x65,0x0,0x72,0x0,
0x0,0x0,0x0,0x0,0x0,0x0,0x0,0x0,
0x7,0x0,0x0,0x0,0x23,0x0,0x43,0x0,
0x43,0x0,0x43,0x0,0x43,0x0,0x43,0x0,
0x43,0x0,0x0,0x0,0x0,0x0,0x0,0x0,
0x9,0x0,0x0,0x0,0x54,0x0,0x65,0x0,
0x78,0x0,0x74,0x0,0x46,0x0,0x69,0x0,
0x65,0x0,0x6c,0x0,0x64,0x0,0x0,0x0,
0xa,0x0,0x0,0x0,0x65,0x0,0x6d,0x0,
0x61,0x0,0x69,0x0,0x6c,0x0,0x46,0x0,
0x69,0x0,0x65,0x0,0x6c,0x0,0x64,0x0,
0x0,0x0,0x0,0x0,0x0,0x0,0x0,0x0,
0x14,0x0,0x0,0x0,0x65,0x0,0x78,0x0,
0x70,0x0,0x72,0x0,0x65,0x0,0x73,0x0,
0x73,0x0,0x69,0x0,0x6f,0x0,0x6e,0x0,
0x20,0x0,0x66,0x0,0x6f,0x0,0x72,0x0,
0x20,0x0,0x77,0x0,0x69,0x0,0x64,0x0,
0x74,0x0,0x68,0x0,0x0,0x0,0x0,0x0,
0x15,0x0,0x0,0x0,0x65,0x0,0x78,0x0,
0x70,0x0,0x72,0x0,0x65,0x0,0x73,0x0,
0x73,0x0,0x69,0x0,0x6f,0x0,0x6e,0x0,
0x20,0x0,0x66,0x0,0x6f,0x0,0x72,0x0,
0x20,0x0,0x68,0x0,0x65,0x0,0x69,0x0,
0x67,0x0,0x68,0x0,0x74,0x0,0x0,0x0,
0xf,0x0,0x0,0x0,0x70,0x0,0x6c,0x0,
0x61,0x0,0x63,0x0,0x65,0x0,0x68,0x0,
0x6f,0x0,0x6c,0x0,0x64,0x0,0x65,0x0,
0x72,0x0,0x54,0x0,0x65,0x0,0x78,0x0,
0x74,0x0,0x0,0x0,0x0,0x0,0x0,0x0,
0x5,0x0,0x0,0x0,0x45,0x0,0x6d,0x0,
0x61,0x0,0x69,0x0,0x6c,0x0,0x0,0x0,
0xb,0x0,0x0,0x0,0x6c,0x0,0x65,0x0,
0x66,0x0,0x74,0x0,0x50,0x0,0x61,0x0,
0x64,0x0,0x64,0x0,0x69,0x0,0x6e,0x0,
0x67,0x0,0x0,0x0,0x0,0x0,0x0,0x0,
0x5,0x0,0x0,0x0,0x62,0x0,0x6c,0x0,
0x61,0x0,0x63,0x0,0x6b,0x0,0x0,0x0,
0xb,0x0,0x0,0x0,0x74,0x0,0x72,0x0,
0x61,0x0,0x6e,0x0,0x73,0x0,0x70,0x0,
0x61,0x0,0x72,0x0,0x65,0x0,0x6e,0x0,
0x74,0x0,0x0,0x0,0x0,0x0,0x0,0x0,
0xd,0x0,0x0,0x0,0x70,0x0,0x61,0x0,
0x73,0x0,0x73,0x0,0x77,0x0,0x6f,0x0,
0x72,0x0,0x64,0x0,0x46,0x0,0x69,0x0,
0x65,0x0,0x6c,0x0,0x64,0x0,0x0,0x0,
0x8,0x0,0x0,0x0,0x50,0x0,0x61,0x0,
0x73,0x0,0x73,0x0,0x77,0x0,0x6f,0x0,
0x72,0x0,0x64,0x0,0x0,0x0,0x0,0x0,
0x8,0x0,0x0,0x0,0x65,0x0,0x63,0x0,
0x68,0x0,0x6f,0x0,0x4d,0x0,0x6f,0x0,
0x64,0x0,0x65,0x0,0x0,0x0,0x0,0x0,
0x17,0x0,0x0,0x0,0x65,0x0,0x78,0x0,
0x70,0x0,0x72,0x0,0x65,0x0,0x73,0x0,
0x73,0x0,0x69,0x0,0x6f,0x0,0x6e,0x0,
0x20,0x0,0x66,0x0,0x6f,0x0,0x72,0x0,
0x20,0x0,0x65,0x0,0x63,0x0,0x68,0x0,
0x6f,0x0,0x4d,0x0,0x6f,0x0,0x64,0x0,
0x65,0x0,0x0,0x0,0x0,0x0,0x0,0x0,
0x4,0x0,0x0,0x0,0x4b,0x0,0x65,0x0,
0x79,0x0,0x73,0x0,0x0,0x0,0x0,0x0,
0xf,0x0,0x0,0x0,0x6f,0x0,0x6e,0x0,
0x52,0x0,0x65,0x0,0x74,0x0,0x75,0x0,
0x72,0x0,0x6e,0x0,0x50,0x0,0x72,0x0,
0x65,0x0,0x73,0x0,0x73,0x0,0x65,0x0,
0x64,0x0,0x0,0x0,0x0,0x0,0x0,0x0,
0x1e,0x0,0x0,0x0,0x65,0x0,0x78,0x0,
0x70,0x0,0x72,0x0,0x65,0x0,0x73,0x0,
0x73,0x0,0x69,0x0,0x6f,0x0,0x6e,0x0,
0x20,0x0,0x66,0x0,0x6f,0x0,0x72,0x0,
0x20,0x0,0x6f,0x0,0x6e,0x0,0x52,0x0,
0x65,0x0,0x74,0x0,0x75,0x0,0x72,0x0,
0x6e,0x0,0x50,0x0,0x72,0x0,0x65,0x0,
0x73,0x0,0x73,0x0,0x65,0x0,0x64,0x0,
0x0,0x0,0x0,0x0,0x0,0x0,0x0,0x0,
0xb,0x0,0x0,0x0,0x6c,0x0,0x6f,0x0,
0x67,0x0,0x69,0x0,0x6e,0x0,0x42,0x0,
0x75,0x0,0x74,0x0,0x74,0x0,0x6f,0x0,
0x6e,0x0,0x0,0x0,0x0,0x0,0x0,0x0,
0x7,0x0,0x0,0x0,0x53,0x0,0x49,0x0,
0x47,0x0,0x4e,0x0,0x20,0x0,0x49,0x0,
0x4e,0x0,0x0,0x0,0x0,0x0,0x0,0x0,
0x7,0x0,0x0,0x0,0x23,0x0,0x32,0x0,
0x31,0x0,0x39,0x0,0x36,0x0,0x46,0x0,
0x33,0x0,0x0,0x0,0x0,0x0,0x0,0x0,
0xe,0x0,0x0,0x0,0x6f,0x0,0x6e,0x0,
0x4c,0x0,0x6f,0x0,0x67,0x0,0x69,0x0,
0x6e,0x0,0x53,0x0,0x75,0x0,0x63,0x0,
0x63,0x0,0x65,0x0,0x73,0x0,0x73,0x0,
0x0,0x0,0x0,0x0,0x0,0x0,0x0,0x0,
0x1d,0x0,0x0,0x0,0x65,0x0,0x78,0x0,
0x70,0x0,0x72,0x0,0x65,0x0,0x73,0x0,
0x73,0x0,0x69,0x0,0x6f,0x0,0x6e,0x0,
0x20,0x0,0x66,0x0,0x6f,0x0,0x72,0x0,
0x20,0x0,0x6f,0x0,0x6e,0x0,0x4c,0x0,
0x6f,0x0,0x67,0x0,0x69,0x0,0x6e,0x0,
0x53,0x0,0x75,0x0,0x63,0x0,0x63,0x0,
0x65,0x0,0x73,0x0,0x73,0x0,0x0,0x0,
0xd,0x0,0x0,0x0,0x6f,0x0,0x6e,0x0,
0x4c,0x0,0x6f,0x0,0x67,0x0,0x69,0x0,
0x6e,0x0,0x46,0x0,0x61,0x0,0x69,0x0,
0x6c,0x0,0x65,0x0,0x64,0x0,0x0,0x0,
0x1c,0x0,0x0,0x0,0x65,0x0,0x78,0x0,
0x70,0x0,0x72,0x0,0x65,0x0,0x73,0x0,
0x73,0x0,0x69,0x0,0x6f,0x0,0x6e,0x0,
0x20,0x0,0x66,0x0,0x6f,0x0,0x72,0x0,
0x20,0x0,0x6f,0x0,0x6e,0x0,0x4c,0x0,
0x6f,0x0,0x67,0x0,0x69,0x0,0x6e,0x0,
0x46,0x0,0x61,0x0,0x69,0x0,0x6c,0x0,
0x65,0x0,0x64,0x0,0x0,0x0,0x0,0x0,
0x10,0x0,0x0,0x0,0x6c,0x0,0x6f,0x0,
0x67,0x0,0x69,0x0,0x6e,0x0,0x65,0x0,
0x72,0x0,0x72,0x0,0x6f,0x0,0x72,0x0,
0x44,0x0,0x69,0x0,0x61,0x0,0x6c,0x0,
0x6f,0x0,0x67,0x0,0x0,0x0,0x0,0x0,
0x11,0x0,0x0,0x0,0x65,0x0,0x72,0x0,
0x72,0x0,0x6f,0x0,0x72,0x0,0x4d,0x0,
0x65,0x0,0x73,0x0,0x73,0x0,0x61,0x0,
0x67,0x0,0x65,0x0,0x4c,0x0,0x61,0x0,
0x62,0x0,0x65,0x0,0x6c,0x0,0x0,0x0,
0x2f,0x0,0x0,0x0,0x49,0x0,0x6e,0x0,
0x76,0x0,0x61,0x0,0x6c,0x0,0x69,0x0,
0x64,0x0,0x20,0x0,0x75,0x0,0x73,0x0,
0x65,0x0,0x72,0x0,0x6e,0x0,0x61,0x0,
0x6d,0x0,0x65,0x0,0x20,0x0,0x6f,0x0,
0x72,0x0,0x20,0x0,0x70,0x0,0x61,0x0,
0x73,0x0,0x73,0x0,0x77,0x0,0x6f,0x0,
0x72,0x0,0x64,0x0,0x2e,0x0,0xa,0x0,
0x50,0x0,0x6c,0x0,0x65,0x0,0x61,0x0,
0x73,0x0,0x65,0x0,0x20,0x0,0x74,0x0,
0x72,0x0,0x79,0x0,0x20,0x0,0x61,0x0,
0x67,0x0,0x61,0x0,0x69,0x0,0x6e,0x0,
0x2e,0x0,0x0,0x0,0x0,0x0,0x0,0x0,
0x2,0x0,0x0,0x0,0x4f,0x0,0x4b,0x0,
0x0,0x0,0x0,0x0,0x0,0x0,0x0,0x0,
0x7,0x0,0x0,0x0,0x23,0x0,0x30,0x0,
0x30,0x0,0x38,0x0,0x30,0x0,0x38,0x0,
0x30,0x0,0x0,0x0,0x0,0x0,0x0,0x0,
0x4,0x0,0x0,0x0,0x42,0x0,0x61,0x0,
0x63,0x0,0x6b,0x0,0x0,0x0,0x0,0x0,
0x9,0x0,0x0,0x0,0x70,0x0,0x6f,0x0,
0x69,0x0,0x6e,0x0,0x74,0x0,0x53,0x0,
0x69,0x0,0x7a,0x0,0x65,0x0,0x0,0x0,
0x7,0x0,0x0,0x0,0x64,0x0,0x69,0x0,
0x73,0x0,0x70,0x0,0x6c,0x0,0x61,0x0,
0x79,0x0,0x0,0x0,0x0,0x0,0x0,0x0,
0x16,0x0,0x0,0x0,0x65,0x0,0x78,0x0,
0x70,0x0,0x72,0x0,0x65,0x0,0x73,0x0,
0x73,0x0,0x69,0x0,0x6f,0x0,0x6e,0x0,
0x20,0x0,0x66,0x0,0x6f,0x0,0x72,0x0,
0x20,0x0,0x64,0x0,0x69,0x0,0x73,0x0,
0x70,0x0,0x6c,0x0,0x61,0x0,0x79,0x0,
0x0,0x0,0x0,0x0,0x0,0x0,0x0,0x0,
0xd,0x0,0x0,0x0,0x73,0x0,0x65,0x0,
0x6c,0x0,0x65,0x0,0x63,0x0,0x74,0x0,
0x69,0x0,0x6f,0x0,0x6e,0x0,0x50,0x0,
0x61,0x0,0x67,0x0,0x65,0x0,0x0,0x0,
0x13,0x0,0x0,0x0,0x53,0x0,0x65,0x0,
0x6c,0x0,0x65,0x0,0x63,0x0,0x74,0x0,
0x20,0x0,0x43,0x0,0x6f,0x0,0x6e,0x0,
0x74,0x0,0x72,0x0,0x6f,0x0,0x6c,0x0,
0x20,0x0,0x54,0x0,0x79,0x0,0x70,0x0,
0x65,0x0,0x0,0x0,0x0,0x0,0x0,0x0,
0xc,0x0,0x0,0x0,0x43,0x0,0x6f,0x0,
0x6c,0x0,0x75,0x0,0x6d,0x0,0x6e,0x0,
0x4c,0x0,0x61,0x0,0x79,0x0,0x6f,0x0,
0x75,0x0,0x74,0x0,0x0,0x0,0x0,0x0,
0xd,0x0,0x0,0x0,0x63,0x0,0x6f,0x0,
0x6e,0x0,0x74,0x0,0x72,0x0,0x6f,0x0,
0x6c,0x0,0x54,0x0,0x6f,0x0,0x67,0x0,
0x67,0x0,0x6c,0x0,0x65,0x0,0x0,0x0,
0x7,0x0,0x0,0x0,0x23,0x0,0x44,0x0,
0x42,0x0,0x45,0x0,0x32,0x0,0x45,0x0,
0x39,0x0,0x0,0x0,0x0,0x0,0x0,0x0,
0xb,0x0,0x0,0x0,0x69,0x0,0x73,0x0,
0x41,0x0,0x75,0x0,0x74,0x0,0x6f,0x0,
0x6d,0x0,0x61,0x0,0x74,0x0,0x69,0x0,
0x63,0x0,0x0,0x0,0x0,0x0,0x0,0x0,
0x9,0x0,0x0,0x0,0x52,0x0,0x6f,0x0,
0x77,0x0,0x4c,0x0,0x61,0x0,0x79,0x0,
0x6f,0x0,0x75,0x0,0x74,0x0,0x0,0x0,
0x6,0x0,0x0,0x0,0x4c,0x0,0x61,0x0,
0x79,0x0,0x6f,0x0,0x75,0x0,0x74,0x0,
0x0,0x0,0x0,0x0,0x0,0x0,0x0,0x0,
0x9,0x0,0x0,0x0,0x66,0x0,0x69,0x0,
0x6c,0x0,0x6c,0x0,0x57,0x0,0x69,0x0,
0x64,0x0,0x74,0x0,0x68,0x0,0x0,0x0,
0xa,0x0,0x0,0x0,0x66,0x0,0x69,0x0,
0x6c,0x0,0x6c,0x0,0x48,0x0,0x65,0x0,
0x69,0x0,0x67,0x0,0x68,0x0,0x74,0x0,
0x0,0x0,0x0,0x0,0x0,0x0,0x0,0x0,
0x15,0x0,0x0,0x0,0x65,0x0,0x78,0x0,
0x70,0x0,0x72,0x0,0x65,0x0,0x73,0x0,
0x73,0x0,0x69,0x0,0x6f,0x0,0x6e,0x0,
0x20,0x0,0x66,0x0,0x6f,0x0,0x72,0x0,
0x20,0x0,0x72,0x0,0x61,0x0,0x64,0x0,
0x69,0x0,0x75,0x0,0x73,0x0,0x0,0x0,
0xa,0x0,0x0,0x0,0x41,0x0,0x55,0x0,
0x54,0x0,0x4f,0x0,0x4e,0x0,0x4f,0x0,
0x4d,0x0,0x4f,0x0,0x55,0x0,0x53,0x0,
0x0,0x0,0x0,0x0,0x0,0x0,0x0,0x0,
0x9,0x0,0x0,0x0,0x4d,0x0,0x6f,0x0,
0x75,0x0,0x73,0x0,0x65,0x0,0x41,0x0,
0x72,0x0,0x65,0x0,0x61,0x0,0x0,0x0,
0x6,0x0,0x0,0x0,0x4d,0x0,0x41,0x0,
0x4e,0x0,0x55,0x0,0x41,0x0,0x4c,0x0,
0x0,0x0,0x0,0x0,0x0,0x0,0x0,0x0,
0x8,0x0,0x0,0x0,0x53,0x0,0x69,0x0,
0x67,0x0,0x6e,0x0,0x20,0x0,0x4f,0x0,
0x75,0x0,0x74,0x0,0x0,0x0,0x0,0x0,
0x14,0x0,0x0,0x0,0x61,0x0,0x75,0x0,
0x74,0x0,0x6f,0x0,0x6d,0x0,0x61,0x0,
0x74,0x0,0x69,0x0,0x63,0x0,0x43,0x0,
0x6f,0x0,0x6e,0x0,0x74,0x0,0x72,0x0,
0x6f,0x0,0x6c,0x0,0x50,0x0,0x61,0x0,
0x67,0x0,0x65,0x0,0x0,0x0,0x0,0x0,
0xf,0x0,0x0,0x0,0x41,0x0,0x75,0x0,
0x74,0x0,0x6f,0x0,0x6e,0x0,0x6f,0x0,
0x6d,0x0,0x6f,0x0,0x75,0x0,0x73,0x0,
0x20,0x0,0x4d,0x0,0x6f,0x0,0x64,0x0,
0x65,0x0,0x0,0x0,0x0,0x0,0x0,0x0,
0x7,0x0,0x0,0x0,0x23,0x0,0x31,0x0,
0x38,0x0,0x43,0x0,0x35,0x0,0x31,0x0,
0x39,0x0,0x0,0x0,0x0,0x0,0x0,0x0,
0x7,0x0,0x0,0x0,0x23,0x0,0x35,0x0,
0x32,0x0,0x35,0x0,0x65,0x0,0x64,0x0,
0x34,0x0,0x0,0x0,0x0,0x0,0x0,0x0,
0x7,0x0,0x0,0x0,0x23,0x0,0x66,0x0,
0x38,0x0,0x66,0x0,0x39,0x0,0x66,0x0,
0x41,0x0,0x0,0x0,0x0,0x0,0x0,0x0,
0xb,0x0,0x0,0x0,0x50,0x0,0x69,0x0,
0x63,0x0,0x6b,0x0,0x20,0x0,0x26,0x0,
0x20,0x0,0x44,0x0,0x72,0x0,0x6f,0x0,
0x70,0x0,0x0,0x0,0x0,0x0,0x0,0x0,
0x5,0x0,0x0,0x0,0x6c,0x0,0x61,0x0,
0x79,0x0,0x65,0x0,0x72,0x0,0x0,0x0,
0x7,0x0,0x0,0x0,0x65,0x0,0x6e,0x0,
0x61,0x0,0x62,0x0,0x6c,0x0,0x65,0x0,
0x64,0x0,0x0,0x0,0x0,0x0,0x0,0x0,
0x9,0x0,0x0,0x0,0x73,0x0,0x74,0x0,
0x79,0x0,0x6c,0x0,0x65,0x0,0x4e,0x0,
0x61,0x0,0x6d,0x0,0x65,0x0,0x0,0x0,
0x4,0x0,0x0,0x0,0x42,0x0,0x6f,0x0,
0x6c,0x0,0x64,0x0,0x0,0x0,0x0,0x0,
0xd,0x0,0x0,0x0,0x57,0x0,0x61,0x0,
0x72,0x0,0x65,0x0,0x68,0x0,0x6f,0x0,
0x75,0x0,0x73,0x0,0x65,0x0,0x20,0x0,
0x4d,0x0,0x61,0x0,0x70,0x0,0x0,0x0,
0x7,0x0,0x0,0x0,0x53,0x0,0x74,0x0,
0x61,0x0,0x74,0x0,0x75,0x0,0x73,0x0,
0x3a,0x0,0x0,0x0,0x0,0x0,0x0,0x0,
0xb,0x0,0x0,0x0,0x73,0x0,0x74,0x0,
0x61,0x0,0x74,0x0,0x75,0x0,0x73,0x0,
0x4c,0x0,0x61,0x0,0x62,0x0,0x65,0x0,
0x6c,0x0,0x0,0x0,0x0,0x0,0x0,0x0,
0x4,0x0,0x0,0x0,0x49,0x0,0x64,0x0,
0x6c,0x0,0x65,0x0,0x0,0x0,0x0,0x0,
0x6,0x0,0x0,0x0,0x6f,0x0,0x72,0x0,
0x61,0x0,0x6e,0x0,0x67,0x0,0x65,0x0,
0x0,0x0,0x0,0x0,0x0,0x0,0x0,0x0,
0x11,0x0,0x0,0x0,0x6f,0x0,0x6e,0x0,
0x4d,0x0,0x65,0x0,0x73,0x0,0x73,0x0,
0x61,0x0,0x67,0x0,0x65,0x0,0x52,0x0,
0x65,0x0,0x63,0x0,0x65,0x0,0x69,0x0,
0x76,0x0,0x65,0x0,0x64,0x0,0x0,0x0,
0x20,0x0,0x0,0x0,0x65,0x0,0x78,0x0,
0x70,0x0,0x72,0x0,0x65,0x0,0x73,0x0,
0x73,0x0,0x69,0x0,0x6f,0x0,0x6e,0x0,
0x20,0x0,0x66,0x0,0x6f,0x0,0x72,0x0,
0x20,0x0,0x6f,0x0,0x6e,0x0,0x4d,0x0,
0x65,0x0,0x73,0x0,0x73,0x0,0x61,0x0,
0x67,0x0,0x65,0x0,0x52,0x0,0x65,0x0,
0x63,0x0,0x65,0x0,0x69,0x0,0x76,0x0,
0x65,0x0,0x64,0x0,0x0,0x0,0x0,0x0,
0xc,0x0,0x0,0x0,0x75,0x0,0x70,0x0,
0x64,0x0,0x61,0x0,0x74,0x0,0x65,0x0,
0x53,0x0,0x74,0x0,0x61,0x0,0x74,0x0,
0x75,0x0,0x73,0x0,0x0,0x0,0x0,0x0,
0x6,0x0,0x0,0x0,0x73,0x0,0x74,0x0,
0x61,0x0,0x74,0x0,0x75,0x0,0x73,0x0,
0x0,0x0,0x0,0x0,0x0,0x0,0x0,0x0,
0x8,0x0,0x0,0x0,0x42,0x0,0x61,0x0,
0x74,0x0,0x74,0x0,0x65,0x0,0x72,0x0,
0x79,0x0,0x3a,0x0,0x0,0x0,0x0,0x0,
0x16,0x0,0x0,0x0,0x62,0x0,0x61,0x0,
0x74,0x0,0x74,0x0,0x65,0x0,0x72,0x0,
0x79,0x0,0x50,0x0,0x65,0x0,0x72,0x0,
0x63,0x0,0x65,0x0,0x6e,0x0,0x74,0x0,
0x61,0x0,0x67,0x0,0x65,0x0,0x4c,0x0,
0x61,0x0,0x62,0x0,0x65,0x0,0x6c,0x0,
0x0,0x0,0x0,0x0,0x0,0x0,0x0,0x0,
0x3,0x0,0x0,0x0,0x20,0x0,0x30,0x0,
0x25,0x0,0x0,0x0,0x0,0x0,0x0,0x0,
0x15,0x0,0x0,0x0,0x62,0x0,0x61,0x0,
0x74,0x0,0x74,0x0,0x65,0x0,0x72,0x0,
0x79,0x0,0x53,0x0,0x75,0x0,0x62,0x0,
0x73,0x0,0x63,0x0,0x72,0x0,0x69,0x0,
0x62,0x0,0x65,0x0,0x54,0x0,0x69,0x0,
0x6d,0x0,0x65,0x0,0x72,0x0,0x0,0x0,
0xa,0x0,0x0,0x0,0x62,0x0,0x61,0x0,
0x74,0x0,0x74,0x0,0x65,0x0,0x72,0x0,
0x79,0x0,0x42,0x0,0x61,0x0,0x72,0x0,
0x0,0x0,0x0,0x0,0x0,0x0,0x0,0x0,
0x9,0x0,0x0,0x0,0x4c,0x0,0x69,0x0,
0x73,0x0,0x74,0x0,0x4d,0x0,0x6f,0x0,
0x64,0x0,0x65,0x0,0x6c,0x0,0x0,0x0,
0xa,0x0,0x0,0x0,0x73,0x0,0x68,0x0,
0x65,0x0,0x6c,0x0,0x66,0x0,0x4d,0x0,
0x6f,0x0,0x64,0x0,0x65,0x0,0x6c,0x0,
0x0,0x0,0x0,0x0,0x0,0x0,0x0,0x0,
0xb,0x0,0x0,0x0,0x4c,0x0,0x69,0x0,
0x73,0x0,0x74,0x0,0x45,0x0,0x6c,0x0,
0x65,0x0,0x6d,0x0,0x65,0x0,0x6e,0x0,
0x74,0x0,0x0,0x0,0x0,0x0,0x0,0x0,
0x4,0x0,0x0,0x0,0x6e,0x0,0x61,0x0,
0x6d,0x0,0x65,0x0,0x0,0x0,0x0,0x0,
0x7,0x0,0x0,0x0,0x53,0x0,0x68,0x0,
0x65,0x0,0x6c,0x0,0x66,0x0,0x20,0x0,
0x41,0x0,0x0,0x0,0x0,0x0,0x0,0x0,
0x7,0x0,0x0,0x0,0x53,0x0,0x68,0x0,
0x65,0x0,0x6c,0x0,0x66,0x0,0x20,0x0,
0x42,0x0,0x0,0x0,0x0,0x0,0x0,0x0,
0x7,0x0,0x0,0x0,0x53,0x0,0x68,0x0,
0x65,0x0,0x6c,0x0,0x66,0x0,0x20,0x0,
0x43,0x0,0x0,0x0,0x0,0x0,0x0,0x0,
0xd,0x0,0x0,0x0,0x6c,0x0,0x6f,0x0,
0x63,0x0,0x61,0x0,0x74,0x0,0x69,0x0,
0x6f,0x0,0x6e,0x0,0x4d,0x0,0x6f,0x0,
0x64,0x0,0x65,0x0,0x6c,0x0,0x0,0x0,
0xa,0x0,0x0,0x0,0x4c,0x0,0x6f,0x0,
0x63,0x0,0x61,0x0,0x74,0x0,0x69,0x0,
0x6f,0x0,0x6e,0x0,0x20,0x0,0x31,0x0,
0x0,0x0,0x0,0x0,0x0,0x0,0x0,0x0,
0xa,0x0,0x0,0x0,0x4c,0x0,0x6f,0x0,
0x63,0x0,0x61,0x0,0x74,0x0,0x69,0x0,
0x6f,0x0,0x6e,0x0,0x20,0x0,0x32,0x0,
0x0,0x0,0x0,0x0,0x0,0x0,0x0,0x0,
0xa,0x0,0x0,0x0,0x4c,0x0,0x6f,0x0,
0x63,0x0,0x61,0x0,0x74,0x0,0x69,0x0,
0x6f,0x0,0x6e,0x0,0x20,0x0,0x33,0x0,
0x0,0x0,0x0,0x0,0x0,0x0,0x0,0x0,
0x5,0x0,0x0,0x0,0x53,0x0,0x54,0x0,
0x41,0x0,0x52,0x0,0x54,0x0,0x0,0x0,
0x9,0x0,0x0,0x0,0x75,0x0,0x6e,0x0,
0x64,0x0,0x65,0x0,0x72,0x0,0x6c,0x0,
0x69,0x0,0x6e,0x0,0x65,0x0,0x0,0x0,
0x8,0x0,0x0,0x0,0x43,0x0,0x6f,0x0,
0x6d,0x0,0x62,0x0,0x6f,0x0,0x42,0x0,
0x6f,0x0,0x78,0x0,0x0,0x0,0x0,0x0,
0xd,0x0,0x0,0x0,0x73,0x0,0x68,0x0,
0x65,0x0,0x6c,0x0,0x66,0x0,0x44,0x0,
0x72,0x0,0x6f,0x0,0x70,0x0,0x64,0x0,
0x6f,0x0,0x77,0x0,0x6e,0x0,0x0,0x0,
0x5,0x0,0x0,0x0,0x6d,0x0,0x6f,0x0,
0x64,0x0,0x65,0x0,0x6c,0x0,0x0,0x0,
0x14,0x0,0x0,0x0,0x65,0x0,0x78,0x0,
0x70,0x0,0x72,0x0,0x65,0x0,0x73,0x0,
0x73,0x0,0x69,0x0,0x6f,0x0,0x6e,0x0,
0x20,0x0,0x66,0x0,0x6f,0x0,0x72,0x0,
0x20,0x0,0x6d,0x0,0x6f,0x0,0x64,0x0,
0x65,0x0,0x6c,0x0,0x0,0x0,0x0,0x0,
0x8,0x0,0x0,0x0,0x74,0x0,0x65,0x0,
0x78,0x0,0x74,0x0,0x52,0x0,0x6f,0x0,
0x6c,0x0,0x65,0x0,0x0,0x0,0x0,0x0,
0x7,0x0,0x0,0x0,0x23,0x0,0x33,0x0,
0x34,0x0,0x33,0x0,0x34,0x0,0x33,0x0,
0x34,0x0,0x0,0x0,0x0,0x0,0x0,0x0,
0x3,0x0,0x0,0x0,0x45,0x0,0x4e,0x0,
0x44,0x0,0x0,0x0,0x0,0x0,0x0,0x0,
0x10,0x0,0x0,0x0,0x6c,0x0,0x6f,0x0,
0x63,0x0,0x61,0x0,0x74,0x0,0x69,0x0,
0x6f,0x0,0x6e,0x0,0x44,0x0,0x72,0x0,
0x6f,0x0,0x70,0x0,0x64,0x0,0x6f,0x0,
0x77,0x0,0x6e,0x0,0x0,0x0,0x0,0x0,
0x9,0x0,0x0,0x0,0x71,0x0,0x72,0x0,
0x53,0x0,0x63,0x0,0x61,0x0,0x6e,0x0,
0x6e,0x0,0x65,0x0,0x72,0x0,0x0,0x0,
0xd,0x0,0x0,0x0,0x63,0x0,0x61,0x0,
0x6d,0x0,0x65,0x0,0x72,0x0,0x61,0x0,
0x56,0x0,0x69,0x0,0x73,0x0,0x69,0x0,
0x62,0x0,0x6c,0x0,0x65,0x0,0x0,0x0,
0xb,0x0,0x0,0x0,0x63,0x0,0x61,0x0,
0x6d,0x0,0x65,0x0,0x72,0x0,0x61,0x0,
0x57,0x0,0x69,0x0,0x64,0x0,0x74,0x0,
0x68,0x0,0x0,0x0,0x0,0x0,0x0,0x0,
0x1a,0x0,0x0,0x0,0x65,0x0,0x78,0x0,
0x70,0x0,0x72,0x0,0x65,0x0,0x73,0x0,
0x73,0x0,0x69,0x0,0x6f,0x0,0x6e,0x0,
0x20,0x0,0x66,0x0,0x6f,0x0,0x72,0x0,
0x20,0x0,0x63,0x0,0x61,0x0,0x6d,0x0,
0x65,0x0,0x72,0x0,0x61,0x0,0x57,0x0,
0x69,0x0,0x64,0x0,0x74,0x0,0x68,0x0,
0x0,0x0,0x0,0x0,0x0,0x0,0x0,0x0,
0xc,0x0,0x0,0x0,0x63,0x0,0x61,0x0,
0x6d,0x0,0x65,0x0,0x72,0x0,0x61,0x0,
0x48,0x0,0x65,0x0,0x69,0x0,0x67,0x0,
0x68,0x0,0x74,0x0,0x0,0x0,0x0,0x0,
0x1b,0x0,0x0,0x0,0x65,0x0,0x78,0x0,
0x70,0x0,0x72,0x0,0x65,0x0,0x73,0x0,
0x73,0x0,0x69,0x0,0x6f,0x0,0x6e,0x0,
0x20,0x0,0x66,0x0,0x6f,0x0,0x72,0x0,
0x20,0x0,0x63,0x0,0x61,0x0,0x6d,0x0,
0x65,0x0,0x72,0x0,0x61,0x0,0x48,0x0,
0x65,0x0,0x69,0x0,0x67,0x0,0x68,0x0,
0x74,0x0,0x0,0x0,0x0,0x0,0x0,0x0,
0x12,0x0,0x0,0x0,0x73,0x0,0x63,0x0,
0x61,0x0,0x6e,0x0,0x6e,0x0,0x65,0x0,
0x64,0x0,0x43,0x0,0x6f,0x0,0x6f,0x0,
0x72,0x0,0x64,0x0,0x69,0x0,0x6e,0x0,
0x61,0x0,0x74,0x0,0x65,0x0,0x73,0x0,
0x0,0x0,0x0,0x0,0x0,0x0,0x0,0x0,
0x21,0x0,0x0,0x0,0x65,0x0,0x78,0x0,
0x70,0x0,0x72,0x0,0x65,0x0,0x73,0x0,
0x73,0x0,0x69,0x0,0x6f,0x0,0x6e,0x0,
0x20,0x0,0x66,0x0,0x6f,0x0,0x72,0x0,
0x20,0x0,0x73,0x0,0x63,0x0,0x61,0x0,
0x6e,0x0,0x6e,0x0,0x65,0x0,0x64,0x0,
0x43,0x0,0x6f,0x0,0x6f,0x0,0x72,0x0,
0x64,0x0,0x69,0x0,0x6e,0x0,0x61,0x0,
0x74,0x0,0x65,0x0,0x73,0x0,0x0,0x0,
0x6,0x0,0x0,0x0,0x43,0x0,0x61,0x0,
0x6d,0x0,0x65,0x0,0x72,0x0,0x61,0x0,
0x0,0x0,0x0,0x0,0x0,0x0,0x0,0x0,
0x6,0x0,0x0,0x0,0x63,0x0,0x61,0x0,
0x6d,0x0,0x65,0x0,0x72,0x0,0x61,0x0,
0x0,0x0,0x0,0x0,0x0,0x0,0x0,0x0,
0x6,0x0,0x0,0x0,0x61,0x0,0x63,0x0,
0x74,0x0,0x69,0x0,0x76,0x0,0x65,0x0,
0x0,0x0,0x0,0x0,0x0,0x0,0x0,0x0,
0x15,0x0,0x0,0x0,0x65,0x0,0x78,0x0,
0x70,0x0,0x72,0x0,0x65,0x0,0x73,0x0,
0x73,0x0,0x69,0x0,0x6f,0x0,0x6e,0x0,
0x20,0x0,0x66,0x0,0x6f,0x0,0x72,0x0,
0x20,0x0,0x61,0x0,0x63,0x0,0x74,0x0,
0x69,0x0,0x76,0x0,0x65,0x0,0x0,0x0,
0xe,0x0,0x0,0x0,0x43,0x0,0x61,0x0,
0x70,0x0,0x74,0x0,0x75,0x0,0x72,0x0,
0x65,0x0,0x53,0x0,0x65,0x0,0x73,0x0,
0x73,0x0,0x69,0x0,0x6f,0x0,0x6e,0x0,
0x0,0x0,0x0,0x0,0x0,0x0,0x0,0x0,
0xe,0x0,0x0,0x0,0x63,0x0,0x61,0x0,
0x70,0x0,0x74,0x0,0x75,0x0,0x72,0x0,
0x65,0x0,0x53,0x0,0x65,0x0,0x73,0x0,
0x73,0x0,0x69,0x0,0x6f,0x0,0x6e,0x0,
0x0,0x0,0x0,0x0,0x0,0x0,0x0,0x0,
0x15,0x0,0x0,0x0,0x65,0x0,0x78,0x0,
0x70,0x0,0x72,0x0,0x65,0x0,0x73,0x0,
0x73,0x0,0x69,0x0,0x6f,0x0,0x6e,0x0,
0x20,0x0,0x66,0x0,0x6f,0x0,0x72,0x0,
0x20,0x0,0x63,0x0,0x61,0x0,0x6d,0x0,
0x65,0x0,0x72,0x0,0x61,0x0,0x0,0x0,
0xb,0x0,0x0,0x0,0x76,0x0,0x69,0x0,
0x64,0x0,0x65,0x0,0x6f,0x0,0x4f,0x0,
0x75,0x0,0x74,0x0,0x70,0x0,0x75,0x0,
0x74,0x0,0x0,0x0,0x0,0x0,0x0,0x0,
0x1a,0x0,0x0,0x0,0x65,0x0,0x78,0x0,
0x70,0x0,0x72,0x0,0x65,0x0,0x73,0x0,
0x73,0x0,0x69,0x0,0x6f,0x0,0x6e,0x0,
0x20,0x0,0x66,0x0,0x6f,0x0,0x72,0x0,
0x20,0x0,0x76,0x0,0x69,0x0,0x64,0x0,
0x65,0x0,0x6f,0x0,0x4f,0x0,0x75,0x0,
0x74,0x0,0x70,0x0,0x75,0x0,0x74,0x0,
0x0,0x0,0x0,0x0,0x0,0x0,0x0,0x0,
0xb,0x0,0x0,0x0,0x56,0x0,0x69,0x0,
0x64,0x0,0x65,0x0,0x6f,0x0,0x4f,0x0,
0x75,0x0,0x74,0x0,0x70,0x0,0x75,0x0,
0x74,0x0,0x0,0x0,0x0,0x0,0x0,0x0,
0xa,0x0,0x0,0x0,0x76,0x0,0x69,0x0,
0x65,0x0,0x77,0x0,0x66,0x0,0x69,0x0,
0x6e,0x0,0x64,0x0,0x65,0x0,0x72,0x0,
0x0,0x0,0x0,0x0,0x0,0x0,0x0,0x0,
0x16,0x0,0x0,0x0,0x65,0x0,0x78,0x0,
0x70,0x0,0x72,0x0,0x65,0x0,0x73,0x0,
0x73,0x0,0x69,0x0,0x6f,0x0,0x6e,0x0,
0x20,0x0,0x66,0x0,0x6f,0x0,0x72,0x0,
0x20,0x0,0x72,0x0,0x75,0x0,0x6e,0x0,
0x6e,0x0,0x69,0x0,0x6e,0x0,0x67,0x0,
0x0,0x0,0x0,0x0,0x0,0x0,0x0,0x0,
0xc,0x0,0x0,0x0,0x74,0x0,0x6f,0x0,
0x67,0x0,0x67,0x0,0x6c,0x0,0x65,0x0,
0x42,0x0,0x75,0x0,0x74,0x0,0x74,0x0,
0x6f,0x0,0x6e,0x0,0x0,0x0,0x0,0x0,
0x13,0x0,0x0,0x0,0x65,0x0,0x78,0x0,
0x70,0x0,0x72,0x0,0x65,0x0,0x73,0x0,
0x73,0x0,0x69,0x0,0x6f,0x0,0x6e,0x0,
0x20,0x0,0x66,0x0,0x6f,0x0,0x72,0x0,
0x20,0x0,0x66,0x0,0x6f,0x0,0x6e,0x0,
0x74,0x0,0x0,0x0,0x0,0x0,0x0,0x0,
0xe,0x0,0x0,0x0,0x45,0x0,0x6d,0x0,
0x65,0x0,0x72,0x0,0x67,0x0,0x65,0x0,
0x6e,0x0,0x63,0x0,0x79,0x0,0x20,0x0,
0x53,0x0,0x74,0x0,0x6f,0x0,0x70,0x0,
0x0,0x0,0x0,0x0,0x0,0x0,0x0,0x0,
0x3,0x0,0x0,0x0,0x72,0x0,0x65,0x0,
0x64,0x0,0x0,0x0,0x0,0x0,0x0,0x0,
0x7,0x0,0x0,0x0,0x45,0x0,0x58,0x0,
0x45,0x0,0x43,0x0,0x55,0x0,0x54,0x0,
0x45,0x0,0x0,0x0,0x0,0x0,0x0,0x0,
0x7,0x0,0x0,0x0,0x23,0x0,0x33,0x0,
0x33,0x0,0x64,0x0,0x63,0x0,0x32,0x0,
0x33,0x0,0x0,0x0,0x0,0x0,0x0,0x0,
0xc,0x0,0x0,0x0,0x63,0x0,0x61,0x0,
0x6d,0x0,0x65,0x0,0x72,0x0,0x61,0x0,
0x4d,0x0,0x61,0x0,0x70,0x0,0x52,0x0,
0x6f,0x0,0x77,0x0,0x0,0x0,0x0,0x0,
0x8,0x0,0x0,0x0,0x6d,0x0,0x61,0x0,
0x70,0x0,0x53,0x0,0x63,0x0,0x61,0x0,
0x6c,0x0,0x65,0x0,0x0,0x0,0x0,0x0,
0x8,0x0,0x0,0x0,0x6d,0x0,0x61,0x0,
0x70,0x0,0x57,0x0,0x69,0x0,0x64,0x0,
0x74,0x0,0x68,0x0,0x0,0x0,0x0,0x0,
0x17,0x0,0x0,0x0,0x65,0x0,0x78,0x0,
0x70,0x0,0x72,0x0,0x65,0x0,0x73,0x0,
0x73,0x0,0x69,0x0,0x6f,0x0,0x6e,0x0,
0x20,0x0,0x66,0x0,0x6f,0x0,0x72,0x0,
0x20,0x0,0x6d,0x0,0x61,0x0,0x70,0x0,
0x57,0x0,0x69,0x0,0x64,0x0,0x74,0x0,
0x68,0x0,0x0,0x0,0x0,0x0,0x0,0x0,
0x9,0x0,0x0,0x0,0x6d,0x0,0x61,0x0,
0x70,0x0,0x48,0x0,0x65,0x0,0x69,0x0,
0x67,0x0,0x68,0x0,0x74,0x0,0x0,0x0,
0x18,0x0,0x0,0x0,0x65,0x0,0x78,0x0,
0x70,0x0,0x72,0x0,0x65,0x0,0x73,0x0,
0x73,0x0,0x69,0x0,0x6f,0x0,0x6e,0x0,
0x20,0x0,0x66,0x0,0x6f,0x0,0x72,0x0,
0x20,0x0,0x6d,0x0,0x61,0x0,0x70,0x0,
0x48,0x0,0x65,0x0,0x69,0x0,0x67,0x0,
0x68,0x0,0x74,0x0,0x0,0x0,0x0,0x0,
0x6,0x0,0x0,0x0,0x72,0x0,0x6f,0x0,
0x62,0x0,0x6f,0x0,0x74,0x0,0x58,0x0,
0x0,0x0,0x0,0x0,0x0,0x0,0x0,0x0,
0x15,0x0,0x0,0x0,0x65,0x0,0x78,0x0,
0x70,0x0,0x72,0x0,0x65,0x0,0x73,0x0,
0x73,0x0,0x69,0x0,0x6f,0x0,0x6e,0x0,
0x20,0x0,0x66,0x0,0x6f,0x0,0x72,0x0,
0x20,0x0,0x72,0x0,0x6f,0x0,0x62,0x0,
0x6f,0x0,0x74,0x0,0x58,0x0,0x0,0x0,
0x6,0x0,0x0,0x0,0x72,0x0,0x6f,0x0,
0x62,0x0,0x6f,0x0,0x74,0x0,0x59,0x0,
0x0,0x0,0x0,0x0,0x0,0x0,0x0,0x0,
0x15,0x0,0x0,0x0,0x65,0x0,0x78,0x0,
0x70,0x0,0x72,0x0,0x65,0x0,0x73,0x0,
0x73,0x0,0x69,0x0,0x6f,0x0,0x6e,0x0,
0x20,0x0,0x66,0x0,0x6f,0x0,0x72,0x0,
0x20,0x0,0x72,0x0,0x6f,0x0,0x62,0x0,
0x6f,0x0,0x74,0x0,0x59,0x0,0x0,0x0,
0xd,0x0,0x0,0x0,0x72,0x0,0x6f,0x0,
0x62,0x0,0x6f,0x0,0x74,0x0,0x52,0x0,
0x6f,0x0,0x74,0x0,0x61,0x0,0x74,0x0,
0x69,0x0,0x6f,0x0,0x6e,0x0,0x0,0x0,
0x7,0x0,0x0,0x0,0x6f,0x0,0x72,0x0,
0x69,0x0,0x67,0x0,0x69,0x0,0x6e,0x0,
0x58,0x0,0x0,0x0,0x0,0x0,0x0,0x0,
0x16,0x0,0x0,0x0,0x65,0x0,0x78,0x0,
0x70,0x0,0x72,0x0,0x65,0x0,0x73,0x0,
0x73,0x0,0x69,0x0,0x6f,0x0,0x6e,0x0,
0x20,0x0,0x66,0x0,0x6f,0x0,0x72,0x0,
0x20,0x0,0x6f,0x0,0x72,0x0,0x69,0x0,
0x67,0x0,0x69,0x0,0x6e,0x0,0x58,0x0,
0x0,0x0,0x0,0x0,0x0,0x0,0x0,0x0,
0x9,0x0,0x0,0x0,0x75,0x0,0x6e,0x0,
0x64,0x0,0x65,0x0,0x66,0x0,0x69,0x0,
0x6e,0x0,0x65,0x0,0x64,0x0,0x0,0x0,
0x7,0x0,0x0,0x0,0x6f,0x0,0x72,0x0,
0x69,0x0,0x67,0x0,0x69,0x0,0x6e,0x0,
0x59,0x0,0x0,0x0,0x0,0x0,0x0,0x0,
0x16,0x0,0x0,0x0,0x65,0x0,0x78,0x0,
0x70,0x0,0x72,0x0,0x65,0x0,0x73,0x0,
0x73,0x0,0x69,0x0,0x6f,0x0,0x6e,0x0,
0x20,0x0,0x66,0x0,0x6f,0x0,0x72,0x0,
0x20,0x0,0x6f,0x0,0x72,0x0,0x69,0x0,
0x67,0x0,0x69,0x0,0x6e,0x0,0x59,0x0,
0x0,0x0,0x0,0x0,0x0,0x0,0x0,0x0,
0xf,0x0,0x0,0x0,0x6d,0x0,0x65,0x0,
0x74,0x0,0x65,0x0,0x72,0x0,0x73,0x0,
0x54,0x0,0x6f,0x0,0x50,0x0,0x69,0x0,
0x78,0x0,0x65,0x0,0x6c,0x0,0x73,0x0,
0x58,0x0,0x0,0x0,0x0,0x0,0x0,0x0,
0xf,0x0,0x0,0x0,0x6d,0x0,0x65,0x0,
0x74,0x0,0x65,0x0,0x72,0x0,0x73,0x0,
0x54,0x0,0x6f,0x0,0x50,0x0,0x69,0x0,
0x78,0x0,0x65,0x0,0x6c,0x0,0x73,0x0,
0x59,0x0,0x0,0x0,0x0,0x0,0x0,0x0,
0xe,0x0,0x0,0x0,0x64,0x0,0x69,0x0,
0x67,0x0,0x69,0x0,0x74,0x0,0x61,0x0,
0x6c,0x0,0x54,0x0,0x77,0x0,0x69,0x0,
0x6e,0x0,0x4d,0x0,0x61,0x0,0x70,0x0,
0x0,0x0,0x0,0x0,0x0,0x0,0x0,0x0,
0x8,0x0,0x0,0x0,0x6d,0x0,0x61,0x0,
0x70,0x0,0x49,0x0,0x6d,0x0,0x61,0x0,
0x67,0x0,0x65,0x0,0x0,0x0,0x0,0x0,
0x21,0x0,0x0,0x0,0x71,0x0,0x72,0x0,
0x63,0x0,0x3a,0x0,0x2f,0x0,0x49,0x0,
0x6d,0x0,0x61,0x0,0x67,0x0,0x65,0x0,
0x73,0x0,0x2f,0x0,0x6d,0x0,0x61,0x0,
0x70,0x0,0x73,0x0,0x6d,0x0,0x61,0x0,
0x6c,0x0,0x6c,0x0,0x77,0x0,0x61,0x0,
0x72,0x0,0x65,0x0,0x68,0x0,0x6f,0x0,
0x75,0x0,0x73,0x0,0x65,0x0,0x2e,0x0,
0x70,0x0,0x6e,0x0,0x67,0x0,0x0,0x0,
0x6,0x0,0x0,0x0,0x43,0x0,0x61,0x0,
0x6e,0x0,0x76,0x0,0x61,0x0,0x73,0x0,
0x0,0x0,0x0,0x0,0x0,0x0,0x0,0x0,
0xa,0x0,0x0,0x0,0x70,0x0,0x61,0x0,
0x74,0x0,0x68,0x0,0x43,0x0,0x61,0x0,
0x6e,0x0,0x76,0x0,0x61,0x0,0x73,0x0,
0x0,0x0,0x0,0x0,0x0,0x0,0x0,0x0,
0xa,0x0,0x0,0x0,0x67,0x0,0x6c,0x0,
0x6f,0x0,0x62,0x0,0x61,0x0,0x6c,0x0,
0x50,0x0,0x61,0x0,0x74,0x0,0x68,0x0,
0x0,0x0,0x0,0x0,0x0,0x0,0x0,0x0,
0x19,0x0,0x0,0x0,0x65,0x0,0x78,0x0,
0x70,0x0,0x72,0x0,0x65,0x0,0x73,0x0,
0x73,0x0,0x69,0x0,0x6f,0x0,0x6e,0x0,
0x20,0x0,0x66,0x0,0x6f,0x0,0x72,0x0,
0x20,0x0,0x67,0x0,0x6c,0x0,0x6f,0x0,
0x62,0x0,0x61,0x0,0x6c,0x0,0x50,0x0,
0x61,0x0,0x74,0x0,0x68,0x0,0x0,0x0,
0x7,0x0,0x0,0x0,0x6f,0x0,0x6e,0x0,
0x50,0x0,0x61,0x0,0x69,0x0,0x6e,0x0,
0x74,0x0,0x0,0x0,0x0,0x0,0x0,0x0,
0x16,0x0,0x0,0x0,0x65,0x0,0x78,0x0,
0x70,0x0,0x72,0x0,0x65,0x0,0x73,0x0,
0x73,0x0,0x69,0x0,0x6f,0x0,0x6e,0x0,
0x20,0x0,0x66,0x0,0x6f,0x0,0x72,0x0,
0x20,0x0,0x6f,0x0,0x6e,0x0,0x50,0x0,
0x61,0x0,0x69,0x0,0x6e,0x0,0x74,0x0,
0x0,0x0,0x0,0x0,0x0,0x0,0x0,0x0,
0x9,0x0,0x0,0x0,0x72,0x0,0x6f,0x0,
0x62,0x0,0x6f,0x0,0x74,0x0,0x49,0x0,
0x63,0x0,0x6f,0x0,0x6e,0x0,0x0,0x0,
0x19,0x0,0x0,0x0,0x71,0x0,0x72,0x0,
0x63,0x0,0x3a,0x0,0x2f,0x0,0x49,0x0,
0x6d,0x0,0x61,0x0,0x67,0x0,0x65,0x0,
0x73,0x0,0x2f,0x0,0x4c,0x0,0x69,0x0,
0x66,0x0,0x74,0x0,0x52,0x0,0x6f,0x0,
0x62,0x0,0x6f,0x0,0x74,0x0,0x2e,0x0,
0x70,0x0,0x6e,0x0,0x67,0x0,0x0,0x0,
0x8,0x0,0x0,0x0,0x72,0x0,0x6f,0x0,
0x74,0x0,0x61,0x0,0x74,0x0,0x69,0x0,
0x6f,0x0,0x6e,0x0,0x0,0x0,0x0,0x0,
0x17,0x0,0x0,0x0,0x65,0x0,0x78,0x0,
0x70,0x0,0x72,0x0,0x65,0x0,0x73,0x0,
0x73,0x0,0x69,0x0,0x6f,0x0,0x6e,0x0,
0x20,0x0,0x66,0x0,0x6f,0x0,0x72,0x0,
0x20,0x0,0x72,0x0,0x6f,0x0,0x74,0x0,
0x61,0x0,0x74,0x0,0x69,0x0,0x6f,0x0,
0x6e,0x0,0x0,0x0,0x0,0x0,0x0,0x0,
0xf,0x0,0x0,0x0,0x74,0x0,0x72,0x0,
0x61,0x0,0x6e,0x0,0x73,0x0,0x66,0x0,
0x6f,0x0,0x72,0x0,0x6d,0x0,0x4f,0x0,
0x72,0x0,0x69,0x0,0x67,0x0,0x69,0x0,
0x6e,0x0,0x0,0x0,0x0,0x0,0x0,0x0,
0x1e,0x0,0x0,0x0,0x65,0x0,0x78,0x0,
0x70,0x0,0x72,0x0,0x65,0x0,0x73,0x0,
0x73,0x0,0x69,0x0,0x6f,0x0,0x6e,0x0,
0x20,0x0,0x66,0x0,0x6f,0x0,0x72,0x0,
0x20,0x0,0x74,0x0,0x72,0x0,0x61,0x0,
0x6e,0x0,0x73,0x0,0x66,0x0,0x6f,0x0,
0x72,0x0,0x6d,0x0,0x4f,0x0,0x72,0x0,
0x69,0x0,0x67,0x0,0x69,0x0,0x6e,0x0,
0x0,0x0,0x0,0x0,0x0,0x0,0x0,0x0,
0xf,0x0,0x0,0x0,0x4e,0x0,0x75,0x0,
0x6d,0x0,0x62,0x0,0x65,0x0,0x72,0x0,
0x41,0x0,0x6e,0x0,0x69,0x0,0x6d,0x0,
0x61,0x0,0x74,0x0,0x69,0x0,0x6f,0x0,
0x6e,0x0,0x0,0x0,0x0,0x0,0x0,0x0,
0x19,0x0,0x0,0x0,0x72,0x0,0x6f,0x0,
0x62,0x0,0x6f,0x0,0x74,0x0,0x49,0x0,
0x63,0x0,0x6f,0x0,0x6e,0x0,0x4e,0x0,
0x75,0x0,0x6d,0x0,0x62,0x0,0x65,0x0,
0x72,0x0,0x41,0x0,0x6e,0x0,0x69,0x0,
0x6d,0x0,0x61,0x0,0x74,0x0,0x69,0x0,
0x6f,0x0,0x6e,0x0,0x58,0x0,0x0,0x0,
0x19,0x0,0x0,0x0,0x72,0x0,0x6f,0x0,
0x62,0x0,0x6f,0x0,0x74,0x0,0x49,0x0,
0x63,0x0,0x6f,0x0,0x6e,0x0,0x4e,0x0,
0x75,0x0,0x6d,0x0,0x62,0x0,0x65,0x0,
0x72,0x0,0x41,0x0,0x6e,0x0,0x69,0x0,
0x6d,0x0,0x61,0x0,0x74,0x0,0x69,0x0,
0x6f,0x0,0x6e,0x0,0x59,0x0,0x0,0x0,
0xe,0x0,0x0,0x0,0x6f,0x0,0x6e,0x0,
0x50,0x0,0x6f,0x0,0x73,0x0,0x65,0x0,
0x52,0x0,0x65,0x0,0x63,0x0,0x65,0x0,
0x69,0x0,0x76,0x0,0x65,0x0,0x64,0x0,
0x0,0x0,0x0,0x0,0x0,0x0,0x0,0x0,
0x4,0x0,0x0,0x0,0x6a,0x0,0x73,0x0,
0x6f,0x0,0x6e,0x0,0x0,0x0,0x0,0x0,
0x14,0x0,0x0,0x0,0x6f,0x0,0x6e,0x0,
0x47,0x0,0x6c,0x0,0x6f,0x0,0x62,0x0,
0x61,0x0,0x6c,0x0,0x50,0x0,0x61,0x0,
0x74,0x0,0x68,0x0,0x52,0x0,0x65,0x0,
0x63,0x0,0x65,0x0,0x69,0x0,0x76,0x0,
0x65,0x0,0x64,0x0,0x0,0x0,0x0,0x0,
0x11,0x0,0x0,0x0,0x6d,0x0,0x61,0x0,
0x6e,0x0,0x75,0x0,0x61,0x0,0x6c,0x0,
0x43,0x0,0x6f,0x0,0x6e,0x0,0x74,0x0,
0x72,0x0,0x6f,0x0,0x6c,0x0,0x50,0x0,
0x61,0x0,0x67,0x0,0x65,0x0,0x0,0x0,
0x11,0x0,0x0,0x0,0x4d,0x0,0x61,0x0,
0x6e,0x0,0x75,0x0,0x61,0x0,0x6c,0x0,
0x20,0x0,0x44,0x0,0x72,0x0,0x69,0x0,
0x76,0x0,0x65,0x0,0x20,0x0,0x4d,0x0,
0x6f,0x0,0x64,0x0,0x65,0x0,0x0,0x0,
0xd,0x0,0x0,0x0,0x52,0x0,0x6f,0x0,
0x62,0x0,0x6f,0x0,0x74,0x0,0x20,0x0,
0x43,0x0,0x6f,0x0,0x6e,0x0,0x74,0x0,
0x72,0x0,0x6f,0x0,0x6c,0x0,0x0,0x0,
0x11,0x0,0x0,0x0,0x4d,0x0,0x65,0x0,
0x63,0x0,0x68,0x0,0x61,0x0,0x6e,0x0,
0x69,0x0,0x73,0x0,0x6d,0x0,0x20,0x0,
0x43,0x0,0x6f,0x0,0x6e,0x0,0x74,0x0,
0x72,0x0,0x6f,0x0,0x6c,0x0,0x0,0x0,
0xc,0x0,0x0,0x0,0x6d,0x0,0x73,0x0,
0x74,0x0,0x61,0x0,0x74,0x0,0x75,0x0,
0x73,0x0,0x4c,0x0,0x61,0x0,0x62,0x0,
0x65,0x0,0x6c,0x0,0x0,0x0,0x0,0x0,
0x12,0x0,0x0,0x0,0x6d,0x0,0x62,0x0,
0x61,0x0,0x74,0x0,0x74,0x0,0x65,0x0,
0x72,0x0,0x79,0x0,0x50,0x0,0x65,0x0,
0x72,0x0,0x63,0x0,0x65,0x0,0x6e,0x0,
0x74,0x0,0x61,0x0,0x67,0x0,0x65,0x0,
0x0,0x0,0x0,0x0,0x0,0x0,0x0,0x0,
0x16,0x0,0x0,0x0,0x6d,0x0,0x62,0x0,
0x61,0x0,0x74,0x0,0x74,0x0,0x65,0x0,
0x72,0x0,0x79,0x0,0x53,0x0,0x75,0x0,
0x62,0x0,0x73,0x0,0x63,0x0,0x72,0x0,
0x69,0x0,0x62,0x0,0x65,0x0,0x54,0x0,
0x69,0x0,0x6d,0x0,0x65,0x0,0x72,0x0,
0x0,0x0,0x0,0x0,0x0,0x0,0x0,0x0,
0xb,0x0,0x0,0x0,0x6d,0x0,0x62,0x0,
0x61,0x0,0x74,0x0,0x74,0x0,0x65,0x0,
0x72,0x0,0x79,0x0,0x42,0x0,0x61,0x0,
0x72,0x0,0x0,0x0,0x0,0x0,0x0,0x0,
0xc,0x0,0x0,0x0,0x63,0x0,0x68,0x0,
0x61,0x0,0x72,0x0,0x67,0x0,0x65,0x0,
0x42,0x0,0x75,0x0,0x74,0x0,0x74,0x0,
0x6f,0x0,0x6e,0x0,0x0,0x0,0x0,0x0,
0x6,0x0,0x0,0x0,0x43,0x0,0x48,0x0,
0x41,0x0,0x52,0x0,0x47,0x0,0x45,0x0,
0x0,0x0,0x0,0x0,0x0,0x0,0x0,0x0,
0xb,0x0,0x0,0x0,0x66,0x0,0x6f,0x0,
0x63,0x0,0x75,0x0,0x73,0x0,0x50,0x0,
0x6f,0x0,0x6c,0x0,0x69,0x0,0x63,0x0,
0x79,0x0,0x0,0x0,0x0,0x0,0x0,0x0,
0x1a,0x0,0x0,0x0,0x65,0x0,0x78,0x0,
0x70,0x0,0x72,0x0,0x65,0x0,0x73,0x0,
0x73,0x0,0x69,0x0,0x6f,0x0,0x6e,0x0,
0x20,0x0,0x66,0x0,0x6f,0x0,0x72,0x0,
0x20,0x0,0x66,0x0,0x6f,0x0,0x63,0x0,
0x75,0x0,0x73,0x0,0x50,0x0,0x6f,0x0,
0x6c,0x0,0x69,0x0,0x63,0x0,0x79,0x0,
0x0,0x0,0x0,0x0,0x0,0x0,0x0,0x0,
0xc,0x0,0x0,0x0,0x63,0x0,0x6f,0x0,
0x6e,0x0,0x74,0x0,0x72,0x0,0x6f,0x0,
0x6c,0x0,0x50,0x0,0x61,0x0,0x6e,0x0,
0x65,0x0,0x6c,0x0,0x0,0x0,0x0,0x0,
0xa,0x0,0x0,0x0,0x62,0x0,0x75,0x0,
0x74,0x0,0x74,0x0,0x6f,0x0,0x6e,0x0,
0x53,0x0,0x69,0x0,0x7a,0x0,0x65,0x0,
0x0,0x0,0x0,0x0,0x0,0x0,0x0,0x0,
0x8,0x0,0x0,0x0,0x73,0x0,0x74,0x0,
0x6f,0x0,0x70,0x0,0x53,0x0,0x69,0x0,
0x7a,0x0,0x65,0x0,0x0,0x0,0x0,0x0,
0xa,0x0,0x0,0x0,0x46,0x0,0x6f,0x0,
0x63,0x0,0x75,0x0,0x73,0x0,0x53,0x0,
0x63,0x0,0x6f,0x0,0x70,0x0,0x65,0x0,
0x0,0x0,0x0,0x0,0x0,0x0,0x0,0x0,
0xa,0x0,0x0,0x0,0x6b,0x0,0x65,0x0,
0x79,0x0,0x48,0x0,0x61,0x0,0x6e,0x0,
0x64,0x0,0x6c,0x0,0x65,0x0,0x72,0x0,
0x0,0x0,0x0,0x0,0x0,0x0,0x0,0x0,
0x5,0x0,0x0,0x0,0x66,0x0,0x6f,0x0,
0x63,0x0,0x75,0x0,0x73,0x0,0x0,0x0,
0x10,0x0,0x0,0x0,0x6f,0x0,0x6e,0x0,
0x56,0x0,0x69,0x0,0x73,0x0,0x69,0x0,
0x62,0x0,0x6c,0x0,0x65,0x0,0x43,0x0,
0x68,0x0,0x61,0x0,0x6e,0x0,0x67,0x0,
0x65,0x0,0x64,0x0,0x0,0x0,0x0,0x0,
0x1f,0x0,0x0,0x0,0x65,0x0,0x78,0x0,
0x70,0x0,0x72,0x0,0x65,0x0,0x73,0x0,
0x73,0x0,0x69,0x0,0x6f,0x0,0x6e,0x0,
0x20,0x0,0x66,0x0,0x6f,0x0,0x72,0x0,
0x20,0x0,0x6f,0x0,0x6e,0x0,0x56,0x0,
0x69,0x0,0x73,0x0,0x69,0x0,0x62,0x0,
0x6c,0x0,0x65,0x0,0x43,0x0,0x68,0x0,
0x61,0x0,0x6e,0x0,0x67,0x0,0x65,0x0,
0x64,0x0,0x0,0x0,0x0,0x0,0x0,0x0,
0x9,0x0,0x0,0x0,0x6f,0x0,0x6e,0x0,
0x50,0x0,0x72,0x0,0x65,0x0,0x73,0x0,
0x73,0x0,0x65,0x0,0x64,0x0,0x0,0x0,
0x18,0x0,0x0,0x0,0x65,0x0,0x78,0x0,
0x70,0x0,0x72,0x0,0x65,0x0,0x73,0x0,
0x73,0x0,0x69,0x0,0x6f,0x0,0x6e,0x0,
0x20,0x0,0x66,0x0,0x6f,0x0,0x72,0x0,
0x20,0x0,0x6f,0x0,0x6e,0x0,0x50,0x0,
0x72,0x0,0x65,0x0,0x73,0x0,0x73,0x0,
0x65,0x0,0x64,0x0,0x0,0x0,0x0,0x0,
0xc,0x0,0x0,0x0,0x6d,0x0,0x6f,0x0,
0x76,0x0,0x65,0x0,0x6d,0x0,0x65,0x0,
0x6e,0x0,0x74,0x0,0x47,0x0,0x72,0x0,
0x69,0x0,0x64,0x0,0x0,0x0,0x0,0x0,
0x16,0x0,0x0,0x0,0x65,0x0,0x78,0x0,
0x70,0x0,0x72,0x0,0x65,0x0,0x73,0x0,
0x73,0x0,0x69,0x0,0x6f,0x0,0x6e,0x0,
0x20,0x0,0x66,0x0,0x6f,0x0,0x72,0x0,
0x20,0x0,0x73,0x0,0x70,0x0,0x61,0x0,
0x63,0x0,0x69,0x0,0x6e,0x0,0x67,0x0,
0x0,0x0,0x0,0x0,0x0,0x0,0x0,0x0,
0x1,0x0,0x0,0x0,0x96,0x21,0x0,0x0,
0x1,0x0,0x0,0x0,0x91,0x21,0x0,0x0,
0x1,0x0,0x0,0x0,0x97,0x21,0x0,0x0,
0x1,0x0,0x0,0x0,0x90,0x21,0x0,0x0,
0x4,0x0,0x0,0x0,0x53,0x0,0x54,0x0,
0x4f,0x0,0x50,0x0,0x0,0x0,0x0,0x0,
0x1,0x0,0x0,0x0,0x92,0x21,0x0,0x0,
0x1,0x0,0x0,0x0,0x99,0x21,0x0,0x0,
0x1,0x0,0x0,0x0,0x93,0x21,0x0,0x0,
0x1,0x0,0x0,0x0,0x98,0x21,0x0,0x0,
0x10,0x0,0x0,0x0,0x6d,0x0,0x65,0x0,
0x63,0x0,0x68,0x0,0x61,0x0,0x6e,0x0,
0x69,0x0,0x73,0x0,0x6d,0x0,0x43,0x0,
0x6f,0x0,0x6e,0x0,0x74,0x0,0x72,0x0,
0x6f,0x0,0x6c,0x0,0x0,0x0,0x0,0x0,
0xb,0x0,0x0,0x0,0x62,0x0,0x75,0x0,
0x74,0x0,0x74,0x0,0x6f,0x0,0x6e,0x0,
0x57,0x0,0x69,0x0,0x64,0x0,0x74,0x0,
0x68,0x0,0x0,0x0,0x0,0x0,0x0,0x0,
0xc,0x0,0x0,0x0,0x62,0x0,0x75,0x0,
0x74,0x0,0x74,0x0,0x6f,0x0,0x6e,0x0,
0x48,0x0,0x65,0x0,0x69,0x0,0x67,0x0,
0x68,0x0,0x74,0x0,0x0,0x0,0x0,0x0,
0xc,0x0,0x0,0x0,0x62,0x0,0x75,0x0,
0x74,0x0,0x74,0x0,0x6f,0x0,0x6e,0x0,
0x52,0x0,0x61,0x0,0x64,0x0,0x69,0x0,
0x75,0x0,0x73,0x0,0x0,0x0,0x0,0x0,
0x6,0x0,0x0,0x0,0x61,0x0,0x73,0x0,
0x63,0x0,0x65,0x0,0x6e,0x0,0x64,0x0,
0x0,0x0,0x0,0x0,0x0,0x0,0x0,0x0,
0x6,0x0,0x0,0x0,0x41,0x0,0x73,0x0,
0x63,0x0,0x65,0x0,0x6e,0x0,0x64,0x0,
0x0,0x0,0x0,0x0,0x0,0x0,0x0,0x0,
0x7,0x0,0x0,0x0,0x64,0x0,0x65,0x0,
0x73,0x0,0x63,0x0,0x65,0x0,0x6e,0x0,
0x64,0x0,0x0,0x0,0x0,0x0,0x0,0x0,
0x7,0x0,0x0,0x0,0x44,0x0,0x65,0x0,
0x73,0x0,0x63,0x0,0x65,0x0,0x6e,0x0,
0x64,0x0,0x0,0x0,0x0,0x0,0x0,0x0,
0x8,0x0,0x0,0x0,0x73,0x0,0x74,0x0,
0x6f,0x0,0x70,0x0,0x6c,0x0,0x69,0x0,
0x66,0x0,0x74,0x0,0x0,0x0,0x0,0x0,
0x4,0x0,0x0,0x0,0x53,0x0,0x74,0x0,
0x6f,0x0,0x70,0x0,0x0,0x0,0x0,0x0,
0xa,0x0,0x0,0x0,0x46,0x0,0x75,0x0,
0x6c,0x0,0x6c,0x0,0x53,0x0,0x63,0x0,
0x72,0x0,0x65,0x0,0x65,0x0,0x6e,0x0,
0x0,0x0,0x0,0x0,0x0,0x0,0x0,0x0,
0x6,0x0,0x0,0x0,0x70,0x0,0x61,0x0,
0x72,0x0,0x65,0x0,0x6e,0x0,0x74,0x0,
0x0,0x0,0x0,0x0,0x0,0x0,0x0,0x0,
0x11,0x0,0x0,0x0,0x50,0x0,0x72,0x0,
0x65,0x0,0x73,0x0,0x65,0x0,0x72,0x0,
0x76,0x0,0x65,0x0,0x41,0x0,0x73,0x0,
0x70,0x0,0x65,0x0,0x63,0x0,0x74,0x0,
0x46,0x0,0x69,0x0,0x74,0x0,0x0,0x0,
0x5,0x0,0x0,0x0,0x73,0x0,0x74,0x0,
0x61,0x0,0x72,0x0,0x74,0x0,0x0,0x0,
0x6,0x0,0x0,0x0,0x45,0x0,0x61,0x0,
0x73,0x0,0x69,0x0,0x6e,0x0,0x67,0x0,
0x0,0x0,0x0,0x0,0x0,0x0,0x0,0x0,
0x9,0x0,0x0,0x0,0x49,0x0,0x6e,0x0,
0x4f,0x0,0x75,0x0,0x74,0x0,0x51,0x0,
0x75,0x0,0x61,0x0,0x64,0x0,0x0,0x0,
0x2,0x0,0x0,0x0,0x51,0x0,0x74,0x0,
0x0,0x0,0x0,0x0,0x0,0x0,0x0,0x0,
0xa,0x0,0x0,0x0,0x66,0x0,0x6f,0x0,
0x72,0x0,0x6d,0x0,0x61,0x0,0x74,0x0,
0x44,0x0,0x61,0x0,0x74,0x0,0x65,0x0,
0x0,0x0,0x0,0x0,0x0,0x0,0x0,0x0,
0x4,0x0,0x0,0x0,0x44,0x0,0x61,0x0,
0x74,0x0,0x65,0x0,0x0,0x0,0x0,0x0,
0xd,0x0,0x0,0x0,0x64,0x0,0x64,0x0,
0x64,0x0,0x64,0x0,0x2c,0x0,0x20,0x0,
0x4d,0x0,0x4d,0x0,0x4d,0x0,0x4d,0x0,
0x20,0x0,0x64,0x0,0x64,0x0,0x0,0x0,
0xa,0x0,0x0,0x0,0x66,0x0,0x6f,0x0,
0x72,0x0,0x6d,0x0,0x61,0x0,0x74,0x0,
0x54,0x0,0x69,0x0,0x6d,0x0,0x65,0x0,
0x0,0x0,0x0,0x0,0x0,0x0,0x0,0x0,
0xb,0x0,0x0,0x0,0x68,0x0,0x68,0x0,
0x3a,0x0,0x6d,0x0,0x6d,0x0,0x3a,0x0,
0x73,0x0,0x73,0x0,0x20,0x0,0x61,0x0,
0x70,0x0,0x0,0x0,0x0,0x0,0x0,0x0,
0x7,0x0,0x0,0x0,0x53,0x0,0x74,0x0,
0x72,0x0,0x65,0x0,0x74,0x0,0x63,0x0,
0x68,0x0,0x0,0x0,0x0,0x0,0x0,0x0,
0x9,0x0,0x0,0x0,0x45,0x0,0x6c,0x0,
0x69,0x0,0x64,0x0,0x65,0x0,0x4e,0x0,
0x6f,0x0,0x6e,0x0,0x65,0x0,0x0,0x0,
0xc,0x0,0x0,0x0,0x41,0x0,0x6c,0x0,
0x69,0x0,0x67,0x0,0x6e,0x0,0x48,0x0,
0x43,0x0,0x65,0x0,0x6e,0x0,0x74,0x0,
0x65,0x0,0x72,0x0,0x0,0x0,0x0,0x0,
0xc,0x0,0x0,0x0,0x41,0x0,0x6c,0x0,
0x69,0x0,0x67,0x0,0x6e,0x0,0x56,0x0,
0x43,0x0,0x65,0x0,0x6e,0x0,0x74,0x0,
0x65,0x0,0x72,0x0,0x0,0x0,0x0,0x0,
0x8,0x0,0x0,0x0,0x57,0x0,0x6f,0x0,
0x72,0x0,0x64,0x0,0x57,0x0,0x72,0x0,
0x61,0x0,0x70,0x0,0x0,0x0,0x0,0x0,
0x6,0x0,0x0,0x0,0x53,0x0,0x75,0x0,
0x6e,0x0,0x6b,0x0,0x65,0x0,0x6e,0x0,
0x0,0x0,0x0,0x0,0x0,0x0,0x0,0x0,
0x8,0x0,0x0,0x0,0x41,0x0,0x75,0x0,
0x74,0x0,0x6f,0x0,0x54,0x0,0x65,0x0,
0x78,0x0,0x74,0x0,0x0,0x0,0x0,0x0,
0x4,0x0,0x0,0x0,0x46,0x0,0x6f,0x0,
0x6e,0x0,0x74,0x0,0x0,0x0,0x0,0x0,
0x14,0x0,0x0,0x0,0x50,0x0,0x72,0x0,
0x65,0x0,0x66,0x0,0x65,0x0,0x72,0x0,
0x44,0x0,0x65,0x0,0x66,0x0,0x61,0x0,
0x75,0x0,0x6c,0x0,0x74,0x0,0x48,0x0,
0x69,0x0,0x6e,0x0,0x74,0x0,0x69,0x0,
0x6e,0x0,0x67,0x0,0x0,0x0,0x0,0x0,
0xc,0x0,0x0,0x0,0x41,0x0,0x6c,0x0,
0x6c,0x0,0x55,0x0,0x70,0x0,0x70,0x0,
0x65,0x0,0x72,0x0,0x63,0x0,0x61,0x0,
0x73,0x0,0x65,0x0,0x0,0x0,0x0,0x0,
0xc,0x0,0x0,0x0,0x72,0x0,0x6f,0x0,
0x73,0x0,0x43,0x0,0x6f,0x0,0x6e,0x0,
0x6e,0x0,0x65,0x0,0x63,0x0,0x74,0x0,
0x6f,0x0,0x72,0x0,0x0,0x0,0x0,0x0,
0xc,0x0,0x0,0x0,0x63,0x0,0x6f,0x0,
0x6e,0x0,0x6e,0x0,0x65,0x0,0x63,0x0,
0x74,0x0,0x54,0x0,0x6f,0x0,0x52,0x0,
0x6f,0x0,0x73,0x0,0x0,0x0,0x0,0x0,
0xb,0x0,0x0,0x0,0x69,0x0,0x73,0x0,
0x43,0x0,0x6f,0x0,0x6e,0x0,0x6e,0x0,
0x65,0x0,0x63,0x0,0x74,0x0,0x65,0x0,
0x64,0x0,0x0,0x0,0x0,0x0,0x0,0x0,
0x9,0x0,0x0,0x0,0x43,0x0,0x4f,0x0,
0x4e,0x0,0x4e,0x0,0x45,0x0,0x43,0x0,
0x54,0x0,0x45,0x0,0x44,0x0,0x0,0x0,
0x7,0x0,0x0,0x0,0x43,0x0,0x4f,0x0,
0x4e,0x0,0x4e,0x0,0x45,0x0,0x43,0x0,
0x54,0x0,0x0,0x0,0x0,0x0,0x0,0x0,
0x4,0x0,0x0,0x0,0x6f,0x0,0x70,0x0,
0x65,0x0,0x6e,0x0,0x0,0x0,0x0,0x0,
0x5,0x0,0x0,0x0,0x63,0x0,0x6c,0x0,
0x6f,0x0,0x73,0x0,0x65,0x0,0x0,0x0,
0x7,0x0,0x0,0x0,0x63,0x0,0x6f,0x0,
0x6e,0x0,0x73,0x0,0x6f,0x0,0x6c,0x0,
0x65,0x0,0x0,0x0,0x0,0x0,0x0,0x0,
0x3,0x0,0x0,0x0,0x6c,0x0,0x6f,0x0,
0x67,0x0,0x0,0x0,0x0,0x0,0x0,0x0,
0xf,0x0,0x0,0x0,0x41,0x0,0x70,0x0,
0x70,0x0,0x20,0x0,0x54,0x0,0x65,0x0,
0x72,0x0,0x6d,0x0,0x69,0x0,0x6e,0x0,
0x61,0x0,0x74,0x0,0x65,0x0,0x64,0x0,
0x2e,0x0,0x0,0x0,0x0,0x0,0x0,0x0,
0x9,0x0,0x0,0x0,0x54,0x0,0x65,0x0,
0x78,0x0,0x74,0x0,0x49,0x0,0x6e,0x0,
0x70,0x0,0x75,0x0,0x74,0x0,0x0,0x0,
0x7,0x0,0x0,0x0,0x63,0x0,0x6c,0x0,
0x69,0x0,0x63,0x0,0x6b,0x0,0x65,0x0,
0x64,0x0,0x0,0x0,0x0,0x0,0x0,0x0,
0xb,0x0,0x0,0x0,0x61,0x0,0x75,0x0,
0x74,0x0,0x68,0x0,0x4d,0x0,0x61,0x0,
0x6e,0x0,0x61,0x0,0x67,0x0,0x65,0x0,
0x72,0x0,0x0,0x0,0x0,0x0,0x0,0x0,
0x9,0x0,0x0,0x0,0x6c,0x0,0x6f,0x0,
0x67,0x0,0x69,0x0,0x6e,0x0,0x55,0x0,
0x73,0x0,0x65,0x0,0x72,0x0,0x0,0x0,
0xe,0x0,0x0,0x0,0x41,0x0,0x62,0x0,
0x73,0x0,0x74,0x0,0x72,0x0,0x61,0x0,
0x63,0x0,0x74,0x0,0x42,0x0,0x75,0x0,
0x74,0x0,0x74,0x0,0x6f,0x0,0x6e,0x0,
0x0,0x0,0x0,0x0,0x0,0x0,0x0,0x0,
0x8,0x0,0x0,0x0,0x54,0x0,0x65,0x0,
0x78,0x0,0x74,0x0,0x4f,0x0,0x6e,0x0,
0x6c,0x0,0x79,0x0,0x0,0x0,0x0,0x0,
0xb,0x0,0x0,0x0,0x53,0x0,0x69,0x0,
0x67,0x0,0x6e,0x0,0x65,0x0,0x64,0x0,
0x20,0x0,0x6f,0x0,0x75,0x0,0x74,0x0,
0x2e,0x0,0x0,0x0,0x0,0x0,0x0,0x0,
0xe,0x0,0x0,0x0,0x53,0x0,0x74,0x0,
0x61,0x0,0x74,0x0,0x75,0x0,0x73,0x0,
0x20,0x0,0x75,0x0,0x70,0x0,0x64,0x0,
0x61,0x0,0x74,0x0,0x65,0x0,0x3a,0x0,
0x0,0x0,0x0,0x0,0x0,0x0,0x0,0x0,
0x4,0x0,0x0,0x0,0x42,0x0,0x75,0x0,
0x73,0x0,0x79,0x0,0x0,0x0,0x0,0x0,
0x4,0x0,0x0,0x0,0x4a,0x0,0x53,0x0,
0x4f,0x0,0x4e,0x0,0x0,0x0,0x0,0x0,
0x5,0x0,0x0,0x0,0x70,0x0,0x61,0x0,
0x72,0x0,0x73,0x0,0x65,0x0,0x0,0x0,
0x1c,0x0,0x0,0x0,0x52,0x0,0x65,0x0,
0x63,0x0,0x65,0x0,0x69,0x0,0x76,0x0,
0x65,0x0,0x64,0x0,0x20,0x0,0x6d,0x0,
0x65,0x0,0x73,0x0,0x73,0x0,0x61,0x0,
0x67,0x0,0x65,0x0,0x20,0x0,0x66,0x0,
0x6f,0x0,0x72,0x0,0x20,0x0,0x73,0x0,
0x74,0x0,0x61,0x0,0x74,0x0,0x75,0x0,
0x73,0x0,0x3a,0x0,0x0,0x0,0x0,0x0,
0x5,0x0,0x0,0x0,0x74,0x0,0x6f,0x0,
0x70,0x0,0x69,0x0,0x63,0x0,0x0,0x0,
0x15,0x0,0x0,0x0,0x2f,0x0,0x68,0x0,
0x6f,0x0,0x76,0x0,0x65,0x0,0x72,0x0,
0x62,0x0,0x6f,0x0,0x61,0x0,0x72,0x0,
0x64,0x0,0x2f,0x0,0x63,0x0,0x6f,0x0,
0x6e,0x0,0x6e,0x0,0x65,0x0,0x63,0x0,
0x74,0x0,0x65,0x0,0x64,0x0,0x0,0x0,
0x3,0x0,0x0,0x0,0x6d,0x0,0x73,0x0,
0x67,0x0,0x0,0x0,0x0,0x0,0x0,0x0,
0x4,0x0,0x0,0x0,0x64,0x0,0x61,0x0,
0x74,0x0,0x61,0x0,0x0,0x0,0x0,0x0,
0x1,0x0,0x0,0x0,0x65,0x0,0x0,0x0,
0x5,0x0,0x0,0x0,0x65,0x0,0x72,0x0,
0x72,0x0,0x6f,0x0,0x72,0x0,0x0,0x0,
0x16,0x0,0x0,0x0,0x45,0x0,0x72,0x0,
0x72,0x0,0x6f,0x0,0x72,0x0,0x20,0x0,
0x70,0x0,0x61,0x0,0x72,0x0,0x73,0x0,
0x69,0x0,0x6e,0x0,0x67,0x0,0x20,0x0,
0x6d,0x0,0x65,0x0,0x73,0x0,0x73,0x0,
0x61,0x0,0x67,0x0,0x65,0x0,0x3a,0x0,
0x0,0x0,0x0,0x0,0x0,0x0,0x0,0x0,
0x19,0x0,0x0,0x0,0x52,0x0,0x65,0x0,
0x63,0x0,0x65,0x0,0x69,0x0,0x76,0x0,
0x65,0x0,0x64,0x0,0x20,0x0,0x62,0x0,
0x61,0x0,0x74,0x0,0x74,0x0,0x65,0x0,
0x72,0x0,0x79,0x0,0x20,0x0,0x6d,0x0,
0x65,0x0,0x73,0x0,0x73,0x0,0x61,0x0,
0x67,0x0,0x65,0x0,0x3a,0x0,0x0,0x0,
0x1b,0x0,0x0,0x0,0x2f,0x0,0x68,0x0,
0x6f,0x0,0x76,0x0,0x65,0x0,0x72,0x0,
0x62,0x0,0x6f,0x0,0x61,0x0,0x72,0x0,
0x64,0x0,0x2f,0x0,0x62,0x0,0x61,0x0,
0x74,0x0,0x74,0x0,0x65,0x0,0x72,0x0,
0x79,0x0,0x5f,0x0,0x76,0x0,0x6f,0x0,
0x6c,0x0,0x74,0x0,0x61,0x0,0x67,0x0,
0x65,0x0,0x0,0x0,0x0,0x0,0x0,0x0,
0x4,0x0,0x0,0x0,0x4d,0x0,0x61,0x0,
0x74,0x0,0x68,0x0,0x0,0x0,0x0,0x0,
0x3,0x0,0x0,0x0,0x6d,0x0,0x69,0x0,
0x6e,0x0,0x0,0x0,0x0,0x0,0x0,0x0,
0x3,0x0,0x0,0x0,0x6d,0x0,0x61,0x0,
0x78,0x0,0x0,0x0,0x0,0x0,0x0,0x0,
0x5,0x0,0x0,0x0,0x72,0x0,0x6f,0x0,
0x75,0x0,0x6e,0x0,0x64,0x0,0x0,0x0,
0x1,0x0,0x0,0x0,0x25,0x0,0x0,0x0,
0x5,0x0,0x0,0x0,0x67,0x0,0x72,0x0,
0x65,0x0,0x65,0x0,0x6e,0x0,0x0,0x0,
0x1c,0x0,0x0,0x0,0x42,0x0,0x61,0x0,
0x74,0x0,0x74,0x0,0x65,0x0,0x72,0x0,
0x79,0x0,0x20,0x0,0x6d,0x0,0x65,0x0,
0x73,0x0,0x73,0x0,0x61,0x0,0x67,0x0,
0x65,0x0,0x20,0x0,0x70,0x0,0x61,0x0,
0x72,0x0,0x73,0x0,0x65,0x0,0x20,0x0,
0x65,0x0,0x72,0x0,0x72,0x0,0x6f,0x0,
0x72,0x0,0x3a,0x0,0x0,0x0,0x0,0x0,
0xb,0x0,0x0,0x0,0x63,0x0,0x75,0x0,
0x72,0x0,0x72,0x0,0x65,0x0,0x6e,0x0,
0x74,0x0,0x54,0x0,0x65,0x0,0x78,0x0,
0x74,0x0,0x0,0x0,0x0,0x0,0x0,0x0,
0x9,0x0,0x0,0x0,0x71,0x0,0x72,0x0,
0x44,0x0,0x65,0x0,0x63,0x0,0x6f,0x0,
0x64,0x0,0x65,0x0,0x72,0x0,0x0,0x0,
0xb,0x0,0x0,0x0,0x64,0x0,0x65,0x0,
0x63,0x0,0x6f,0x0,0x64,0x0,0x65,0x0,
0x49,0x0,0x6d,0x0,0x61,0x0,0x67,0x0,
0x65,0x0,0x0,0x0,0x0,0x0,0x0,0x0,
0xa,0x0,0x0,0x0,0x76,0x0,0x69,0x0,
0x64,0x0,0x65,0x0,0x6f,0x0,0x46,0x0,
0x72,0x0,0x61,0x0,0x6d,0x0,0x65,0x0,
0x0,0x0,0x0,0x0,0x0,0x0,0x0,0x0,
0xf,0x0,0x0,0x0,0x43,0x0,0x4c,0x0,
0x4f,0x0,0x53,0x0,0x45,0x0,0x20,0x0,
0x51,0x0,0x52,0x0,0x20,0x0,0x43,0x0,
0x41,0x0,0x4d,0x0,0x45,0x0,0x52,0x0,
0x41,0x0,0x0,0x0,0x0,0x0,0x0,0x0,
0xe,0x0,0x0,0x0,0x4f,0x0,0x50,0x0,
0x45,0x0,0x4e,0x0,0x20,0x0,0x51,0x0,
0x52,0x0,0x20,0x0,0x43,0x0,0x41,0x0,
0x4d,0x0,0x45,0x0,0x52,0x0,0x41,0x0,
0x0,0x0,0x0,0x0,0x0,0x0,0x0,0x0,
0x19,0x0,0x0,0x0,0x45,0x0,0x6d,0x0,
0x65,0x0,0x72,0x0,0x67,0x0,0x65,0x0,
0x6e,0x0,0x63,0x0,0x79,0x0,0x20,0x0,
0x53,0x0,0x74,0x0,0x6f,0x0,0x70,0x0,
0x20,0x0,0x54,0x0,0x72,0x0,0x69,0x0,
0x67,0x0,0x67,0x0,0x65,0x0,0x72,0x0,
0x65,0x0,0x64,0x0,0x21,0x0,0x0,0x0,
0xb,0x0,0x0,0x0,0x73,0x0,0x65,0x0,
0x6e,0x0,0x64,0x0,0x4d,0x0,0x65,0x0,
0x73,0x0,0x73,0x0,0x61,0x0,0x67,0x0,
0x65,0x0,0x0,0x0,0x0,0x0,0x0,0x0,
0x72,0x0,0x0,0x0,0x7b,0x0,0x22,0x0,
0x6f,0x0,0x70,0x0,0x22,0x0,0x3a,0x0,
0x22,0x0,0x70,0x0,0x75,0x0,0x62,0x0,
0x6c,0x0,0x69,0x0,0x73,0x0,0x68,0x0,
0x22,0x0,0x2c,0x0,0x22,0x0,0x74,0x0,
0x6f,0x0,0x70,0x0,0x69,0x0,0x63,0x0,
0x22,0x0,0x3a,0x0,0x22,0x0,0x2f,0x0,
0x63,0x0,0x6d,0x0,0x64,0x0,0x5f,0x0,
0x76,0x0,0x65,0x0,0x6c,0x0,0x22,0x0,
0x2c,0x0,0x22,0x0,0x6d,0x0,0x73,0x0,
0x67,0x0,0x22,0x0,0x3a,0x0,0x7b,0x0,
0x22,0x0,0x6c,0x0,0x69,0x0,0x6e,0x0,
0x65,0x0,0x61,0x0,0x72,0x0,0x22,0x0,
0x3a,0x0,0x7b,0x0,0x22,0x0,0x78,0x0,
0x22,0x0,0x3a,0x0,0x30,0x0,0x2e,0x0,
0x30,0x0,0x2c,0x0,0x22,0x0,0x79,0x0,
0x22,0x0,0x3a,0x0,0x30,0x0,0x2e,0x0,
0x30,0x0,0x2c,0x0,0x22,0x0,0x7a,0x0,
0x22,0x0,0x3a,0x0,0x30,0x0,0x2e,0x0,
0x30,0x0,0x7d,0x0,0x2c,0x0,0x22,0x0,
0x61,0x0,0x6e,0x0,0x67,0x0,0x75,0x0,
0x6c,0x0,0x61,0x0,0x72,0x0,0x22,0x0,
0x3a,0x0,0x7b,0x0,0x22,0x0,0x78,0x0,
0x22,0x0,0x3a,0x0,0x30,0x0,0x2e,0x0,
0x30,0x0,0x2c,0x0,0x22,0x0,0x79,0x0,
0x22,0x0,0x3a,0x0,0x30,0x0,0x2e,0x0,
0x30,0x0,0x2c,0x0,0x22,0x0,0x7a,0x0,
0x22,0x0,0x3a,0x0,0x30,0x0,0x2e,0x0,
0x30,0x0,0x7d,0x0,0x7d,0x0,0x7d,0x0,
0x0,0x0,0x0,0x0,0x0,0x0,0x0,0x0,
0x91,0x0,0x0,0x0,0x7b,0x0,0x22,0x0,
0x6f,0x0,0x70,0x0,0x22,0x0,0x3a,0x0,
0x22,0x0,0x70,0x0,0x75,0x0,0x62,0x0,
0x6c,0x0,0x69,0x0,0x73,0x0,0x68,0x0,
0x22,0x0,0x2c,0x0,0x22,0x0,0x74,0x0,
0x6f,0x0,0x70,0x0,0x69,0x0,0x63,0x0,
0x22,0x0,0x3a,0x0,0x22,0x0,0x2f,0x0,
0x68,0x0,0x6f,0x0,0x76,0x0,0x65,0x0,
0x72,0x0,0x62,0x0,0x6f,0x0,0x61,0x0,
0x72,0x0,0x64,0x0,0x5f,0x0,0x76,0x0,
0x65,0x0,0x6c,0x0,0x6f,0x0,0x63,0x0,
0x69,0x0,0x74,0x0,0x79,0x0,0x5f,0x0,
0x63,0x0,0x6f,0x0,0x6e,0x0,0x74,0x0,
0x72,0x0,0x6f,0x0,0x6c,0x0,0x6c,0x0,
0x65,0x0,0x72,0x0,0x2f,0x0,0x63,0x0,
0x6d,0x0,0x64,0x0,0x5f,0x0,0x76,0x0,
0x65,0x0,0x6c,0x0,0x22,0x0,0x2c,0x0,
0x22,0x0,0x6d,0x0,0x73,0x0,0x67,0x0,
0x22,0x0,0x3a,0x0,0x7b,0x0,0x22,0x0,
0x6c,0x0,0x69,0x0,0x6e,0x0,0x65,0x0,
0x61,0x0,0x72,0x0,0x22,0x0,0x3a,0x0,
0x7b,0x0,0x22,0x0,0x78,0x0,0x22,0x0,
0x3a,0x0,0x30,0x0,0x2e,0x0,0x30,0x0,
0x2c,0x0,0x22,0x0,0x79,0x0,0x22,0x0,
0x3a,0x0,0x30,0x0,0x2e,0x0,0x30,0x0,
0x2c,0x0,0x22,0x0,0x7a,0x0,0x22,0x0,
0x3a,0x0,0x30,0x0,0x2e,0x0,0x30,0x0,
0x7d,0x0,0x2c,0x0,0x22,0x0,0x61,0x0,
0x6e,0x0,0x67,0x0,0x75,0x0,0x6c,0x0,
0x61,0x0,0x72,0x0,0x22,0x0,0x3a,0x0,
0x7b,0x0,0x22,0x0,0x78,0x0,0x22,0x0,
0x3a,0x0,0x30,0x0,0x2e,0x0,0x30,0x0,
0x2c,0x0,0x22,0x0,0x79,0x0,0x22,0x0,
0x3a,0x0,0x30,0x0,0x2e,0x0,0x30,0x0,
0x2c,0x0,0x22,0x0,0x7a,0x0,0x22,0x0,
0x3a,0x0,0x30,0x0,0x2e,0x0,0x30,0x0,
0x7d,0x0,0x7d,0x0,0x7d,0x0,0x0,0x0,
0x10,0x0,0x0,0x0,0x53,0x0,0x65,0x0,
0x6c,0x0,0x65,0x0,0x63,0x0,0x74,0x0,
0x65,0x0,0x64,0x0,0x20,0x0,0x53,0x0,
0x68,0x0,0x65,0x0,0x6c,0x0,0x66,0x0,
0x3a,0x0,0x20,0x0,0x0,0x0,0x0,0x0,
0x13,0x0,0x0,0x0,0x53,0x0,0x65,0x0,
0x6c,0x0,0x65,0x0,0x63,0x0,0x74,0x0,
0x65,0x0,0x64,0x0,0x20,0x0,0x4c,0x0,
0x6f,0x0,0x63,0x0,0x61,0x0,0x74,0x0,
0x69,0x0,0x6f,0x0,0x6e,0x0,0x3a,0x0,
0x20,0x0,0x0,0x0,0x0,0x0,0x0,0x0,
0x2,0x0,0x0,0x0,0x32,0x0,0x64,0x0,
0x0,0x0,0x0,0x0,0x0,0x0,0x0,0x0,
0xa,0x0,0x0,0x0,0x67,0x0,0x65,0x0,
0x74,0x0,0x43,0x0,0x6f,0x0,0x6e,0x0,
0x74,0x0,0x65,0x0,0x78,0x0,0x74,0x0,
0x0,0x0,0x0,0x0,0x0,0x0,0x0,0x0,
0x9,0x0,0x0,0x0,0x63,0x0,0x6c,0x0,
0x65,0x0,0x61,0x0,0x72,0x0,0x52,0x0,
0x65,0x0,0x63,0x0,0x74,0x0,0x0,0x0,
0x9,0x0,0x0,0x0,0x6c,0x0,0x69,0x0,
0x6e,0x0,0x65,0x0,0x57,0x0,0x69,0x0,
0x64,0x0,0x74,0x0,0x68,0x0,0x0,0x0,
0xb,0x0,0x0,0x0,0x73,0x0,0x74,0x0,
0x72,0x0,0x6f,0x0,0x6b,0x0,0x65,0x0,
0x53,0x0,0x74,0x0,0x79,0x0,0x6c,0x0,
0x65,0x0,0x0,0x0,0x0,0x0,0x0,0x0,
0x4,0x0,0x0,0x0,0x62,0x0,0x6c,0x0,
0x75,0x0,0x65,0x0,0x0,0x0,0x0,0x0,
0x6,0x0,0x0,0x0,0x6c,0x0,0x65,0x0,
0x6e,0x0,0x67,0x0,0x74,0x0,0x68,0x0,
0x0,0x0,0x0,0x0,0x0,0x0,0x0,0x0,
0x9,0x0,0x0,0x0,0x62,0x0,0x65,0x0,
0x67,0x0,0x69,0x0,0x6e,0x0,0x50,0x0,
0x61,0x0,0x74,0x0,0x68,0x0,0x0,0x0,
0x6,0x0,0x0,0x0,0x6d,0x0,0x6f,0x0,
0x76,0x0,0x65,0x0,0x54,0x0,0x6f,0x0,
0x0,0x0,0x0,0x0,0x0,0x0,0x0,0x0,
0x6,0x0,0x0,0x0,0x6c,0x0,0x69,0x0,
0x6e,0x0,0x65,0x0,0x54,0x0,0x6f,0x0,
0x0,0x0,0x0,0x0,0x0,0x0,0x0,0x0,
0x6,0x0,0x0,0x0,0x73,0x0,0x74,0x0,
0x72,0x0,0x6f,0x0,0x6b,0x0,0x65,0x0,
0x0,0x0,0x0,0x0,0x0,0x0,0x0,0x0,
0x6,0x0,0x0,0x0,0x43,0x0,0x65,0x0,
0x6e,0x0,0x74,0x0,0x65,0x0,0x72,0x0,
0x0,0x0,0x0,0x0,0x0,0x0,0x0,0x0,
0x8,0x0,0x0,0x0,0x70,0x0,0x6f,0x0,
0x73,0x0,0x69,0x0,0x74,0x0,0x69,0x0,
0x6f,0x0,0x6e,0x0,0x0,0x0,0x0,0x0,
0xb,0x0,0x0,0x0,0x6f,0x0,0x72,0x0,
0x69,0x0,0x65,0x0,0x6e,0x0,0x74,0x0,
0x61,0x0,0x74,0x0,0x69,0x0,0x6f,0x0,
0x6e,0x0,0x0,0x0,0x0,0x0,0x0,0x0,
0x1d,0x0,0x0,0x0,0x52,0x0,0x65,0x0,
0x63,0x0,0x65,0x0,0x69,0x0,0x76,0x0,
0x65,0x0,0x64,0x0,0x20,0x0,0x52,0x0,
0x6f,0x0,0x62,0x0,0x6f,0x0,0x74,0x0,
0x20,0x0,0x50,0x0,0x6f,0x0,0x73,0x0,
0x69,0x0,0x74,0x0,0x69,0x0,0x6f,0x0,
0x6e,0x0,0x20,0x0,0x2d,0x0,0x3e,0x0,
0x20,0x0,0x58,0x0,0x3a,0x0,0x0,0x0,
0x2,0x0,0x0,0x0,0x59,0x0,0x3a,0x0,
0x0,0x0,0x0,0x0,0x0,0x0,0x0,0x0,
0xe,0x0,0x0,0x0,0x4f,0x0,0x72,0x0,
0x69,0x0,0x67,0x0,0x69,0x0,0x6e,0x0,
0x20,0x0,0x73,0x0,0x65,0x0,0x74,0x0,
0x20,0x0,0x74,0x0,0x6f,0x0,0x3a,0x0,
0x0,0x0,0x0,0x0,0x0,0x0,0x0,0x0,
0x5,0x0,0x0,0x0,0x61,0x0,0x74,0x0,
0x61,0x0,0x6e,0x0,0x32,0x0,0x0,0x0,
0x1,0x0,0x0,0x0,0x77,0x0,0x0,0x0,
0x2,0x0,0x0,0x0,0x50,0x0,0x49,0x0,
0x0,0x0,0x0,0x0,0x0,0x0,0x0,0x0,
0x2c,0x0,0x0,0x0,0x53,0x0,0x6b,0x0,
0x69,0x0,0x70,0x0,0x70,0x0,0x69,0x0,
0x6e,0x0,0x67,0x0,0x20,0x0,0x70,0x0,
0x61,0x0,0x74,0x0,0x68,0x0,0x20,0x0,
0x64,0x0,0x72,0x0,0x61,0x0,0x77,0x0,
0x69,0x0,0x6e,0x0,0x67,0x0,0x20,0x0,
0x75,0x0,0x6e,0x0,0x74,0x0,0x69,0x0,
0x6c,0x0,0x20,0x0,0x6f,0x0,0x72,0x0,
0x69,0x0,0x67,0x0,0x69,0x0,0x6e,0x0,
0x20,0x0,0x69,0x0,0x73,0x0,0x20,0x0,
0x6b,0x0,0x6e,0x0,0x6f,0x0,0x77,0x0,
0x6e,0x0,0x2e,0x0,0x0,0x0,0x0,0x0,
0x3,0x0,0x0,0x0,0x6d,0x0,0x61,0x0,
0x70,0x0,0x0,0x0,0x0,0x0,0x0,0x0,
0x4,0x0,0x0,0x0,0x70,0x0,0x6f,0x0,
0x73,0x0,0x65,0x0,0x0,0x0,0x0,0x0,
0xc,0x0,0x0,0x0,0x72,0x0,0x65,0x0,
0x71,0x0,0x75,0x0,0x65,0x0,0x73,0x0,
0x74,0x0,0x50,0x0,0x61,0x0,0x69,0x0,
0x6e,0x0,0x74,0x0,0x0,0x0,0x0,0x0,
0x7,0x0,0x0,0x0,0x4e,0x0,0x6f,0x0,
0x46,0x0,0x6f,0x0,0x63,0x0,0x75,0x0,
0x73,0x0,0x0,0x0,0x0,0x0,0x0,0x0,
0x1c,0x0,0x0,0x0,0x48,0x0,0x65,0x0,
0x61,0x0,0x64,0x0,0x69,0x0,0x6e,0x0,
0x67,0x0,0x20,0x0,0x74,0x0,0x6f,0x0,
0x20,0x0,0x63,0x0,0x68,0x0,0x61,0x0,
0x72,0x0,0x67,0x0,0x69,0x0,0x6e,0x0,
0x67,0x0,0x20,0x0,0x73,0x0,0x74,0x0,
0x61,0x0,0x74,0x0,0x69,0x0,0x6f,0x0,
0x6e,0x0,0x2e,0x0,0x0,0x0,0x0,0x0,
0x13,0x0,0x0,0x0,0x67,0x0,0x6f,0x0,
0x54,0x0,0x6f,0x0,0x43,0x0,0x68,0x0,
0x61,0x0,0x72,0x0,0x67,0x0,0x69,0x0,
0x6e,0x0,0x67,0x0,0x53,0x0,0x74,0x0,
0x61,0x0,0x74,0x0,0x69,0x0,0x6f,0x0,
0x6e,0x0,0x0,0x0,0x0,0x0,0x0,0x0,
0x10,0x0,0x0,0x0,0x66,0x0,0x6f,0x0,
0x72,0x0,0x63,0x0,0x65,0x0,0x41,0x0,
0x63,0x0,0x74,0x0,0x69,0x0,0x76,0x0,
0x65,0x0,0x46,0x0,0x6f,0x0,0x63,0x0,
0x75,0x0,0x73,0x0,0x0,0x0,0x0,0x0,
0x8,0x0,0x0,0x0,0x61,0x0,0x63,0x0,
0x63,0x0,0x65,0x0,0x70,0x0,0x74,0x0,
0x65,0x0,0x64,0x0,0x0,0x0,0x0,0x0,
0x3,0x0,0x0,0x0,0x6b,0x0,0x65,0x0,
0x79,0x0,0x0,0x0,0x0,0x0,0x0,0x0,
0x5,0x0,0x0,0x0,0x4b,0x0,0x65,0x0,
0x79,0x0,0x5f,0x0,0x41,0x0,0x0,0x0,
0x5,0x0,0x0,0x0,0x4b,0x0,0x65,0x0,
0x79,0x0,0x5f,0x0,0x44,0x0,0x0,0x0,
0x5,0x0,0x0,0x0,0x4b,0x0,0x65,0x0,
0x79,0x0,0x5f,0x0,0x58,0x0,0x0,0x0,
0xc,0x0,0x0,0x0,0x4d,0x0,0x6f,0x0,
0x76,0x0,0x65,0x0,0x20,0x0,0x46,0x0,
0x6f,0x0,0x72,0x0,0x77,0x0,0x61,0x0,
0x72,0x0,0x64,0x0,0x0,0x0,0x0,0x0,
0x72,0x0,0x0,0x0,0x7b,0x0,0x22,0x0,
0x6f,0x0,0x70,0x0,0x22,0x0,0x3a,0x0,
0x22,0x0,0x70,0x0,0x75,0x0,0x62,0x0,
0x6c,0x0,0x69,0x0,0x73,0x0,0x68,0x0,
0x22,0x0,0x2c,0x0,0x22,0x0,0x74,0x0,
0x6f,0x0,0x70,0x0,0x69,0x0,0x63,0x0,
0x22,0x0,0x3a,0x0,0x22,0x0,0x2f,0x0,
0x63,0x0,0x6d,0x0,0x64,0x0,0x5f,0x0,
0x76,0x0,0x65,0x0,0x6c,0x0,0x22,0x0,
0x2c,0x0,0x22,0x0,0x6d,0x0,0x73,0x0,
0x67,0x0,0x22,0x0,0x3a,0x0,0x7b,0x0,
0x22,0x0,0x6c,0x0,0x69,0x0,0x6e,0x0,
0x65,0x0,0x61,0x0,0x72,0x0,0x22,0x0,
0x3a,0x0,0x7b,0x0,0x22,0x0,0x78,0x0,
0x22,0x0,0x3a,0x0,0x30,0x0,0x2e,0x0,
0x35,0x0,0x2c,0x0,0x22,0x0,0x79,0x0,
0x22,0x0,0x3a,0x0,0x30,0x0,0x2e,0x0,
0x30,0x0,0x2c,0x0,0x22,0x0,0x7a,0x0,
0x22,0x0,0x3a,0x0,0x30,0x0,0x2e,0x0,
0x30,0x0,0x7d,0x0,0x2c,0x0,0x22,0x0,
0x61,0x0,0x6e,0x0,0x67,0x0,0x75,0x0,
0x6c,0x0,0x61,0x0,0x72,0x0,0x22,0x0,
0x3a,0x0,0x7b,0x0,0x22,0x0,0x78,0x0,
0x22,0x0,0x3a,0x0,0x30,0x0,0x2e,0x0,
0x30,0x0,0x2c,0x0,0x22,0x0,0x79,0x0,
0x22,0x0,0x3a,0x0,0x30,0x0,0x2e,0x0,
0x30,0x0,0x2c,0x0,0x22,0x0,0x7a,0x0,
0x22,0x0,0x3a,0x0,0x30,0x0,0x2e,0x0,
0x30,0x0,0x7d,0x0,0x7d,0x0,0x7d,0x0,
0x0,0x0,0x0,0x0,0x0,0x0,0x0,0x0,
0x91,0x0,0x0,0x0,0x7b,0x0,0x22,0x0,
0x6f,0x0,0x70,0x0,0x22,0x0,0x3a,0x0,
0x22,0x0,0x70,0x0,0x75,0x0,0x62,0x0,
0x6c,0x0,0x69,0x0,0x73,0x0,0x68,0x0,
0x22,0x0,0x2c,0x0,0x22,0x0,0x74,0x0,
0x6f,0x0,0x70,0x0,0x69,0x0,0x63,0x0,
0x22,0x0,0x3a,0x0,0x22,0x0,0x2f,0x0,
0x68,0x0,0x6f,0x0,0x76,0x0,0x65,0x0,
0x72,0x0,0x62,0x0,0x6f,0x0,0x61,0x0,
0x72,0x0,0x64,0x0,0x5f,0x0,0x76,0x0,
0x65,0x0,0x6c,0x0,0x6f,0x0,0x63,0x0,
0x69,0x0,0x74,0x0,0x79,0x0,0x5f,0x0,
0x63,0x0,0x6f,0x0,0x6e,0x0,0x74,0x0,
0x72,0x0,0x6f,0x0,0x6c,0x0,0x6c,0x0,
0x65,0x0,0x72,0x0,0x2f,0x0,0x63,0x0,
0x6d,0x0,0x64,0x0,0x5f,0x0,0x76,0x0,
0x65,0x0,0x6c,0x0,0x22,0x0,0x2c,0x0,
0x22,0x0,0x6d,0x0,0x73,0x0,0x67,0x0,
0x22,0x0,0x3a,0x0,0x7b,0x0,0x22,0x0,
0x6c,0x0,0x69,0x0,0x6e,0x0,0x65,0x0,
0x61,0x0,0x72,0x0,0x22,0x0,0x3a,0x0,
0x7b,0x0,0x22,0x0,0x78,0x0,0x22,0x0,
0x3a,0x0,0x30,0x0,0x2e,0x0,0x35,0x0,
0x2c,0x0,0x22,0x0,0x79,0x0,0x22,0x0,
0x3a,0x0,0x30,0x0,0x2e,0x0,0x30,0x0,
0x2c,0x0,0x22,0x0,0x7a,0x0,0x22,0x0,
0x3a,0x0,0x30,0x0,0x2e,0x0,0x30,0x0,
0x7d,0x0,0x2c,0x0,0x22,0x0,0x61,0x0,
0x6e,0x0,0x67,0x0,0x75,0x0,0x6c,0x0,
0x61,0x0,0x72,0x0,0x22,0x0,0x3a,0x0,
0x7b,0x0,0x22,0x0,0x78,0x0,0x22,0x0,
0x3a,0x0,0x30,0x0,0x2e,0x0,0x30,0x0,
0x2c,0x0,0x22,0x0,0x79,0x0,0x22,0x0,
0x3a,0x0,0x30,0x0,0x2e,0x0,0x30,0x0,
0x2c,0x0,0x22,0x0,0x7a,0x0,0x22,0x0,
0x3a,0x0,0x30,0x0,0x2e,0x0,0x30,0x0,
0x7d,0x0,0x7d,0x0,0x7d,0x0,0x0,0x0,
0xd,0x0,0x0,0x0,0x4d,0x0,0x6f,0x0,
0x76,0x0,0x65,0x0,0x20,0x0,0x42,0x0,
0x61,0x0,0x63,0x0,0x6b,0x0,0x77,0x0,
0x61,0x0,0x72,0x0,0x64,0x0,0x0,0x0,
0x73,0x0,0x0,0x0,0x7b,0x0,0x22,0x0,
0x6f,0x0,0x70,0x0,0x22,0x0,0x3a,0x0,
0x22,0x0,0x70,0x0,0x75,0x0,0x62,0x0,
0x6c,0x0,0x69,0x0,0x73,0x0,0x68,0x0,
0x22,0x0,0x2c,0x0,0x22,0x0,0x74,0x0,
0x6f,0x0,0x70,0x0,0x69,0x0,0x63,0x0,
0x22,0x0,0x3a,0x0,0x22,0x0,0x2f,0x0,
0x63,0x0,0x6d,0x0,0x64,0x0,0x5f,0x0,
0x76,0x0,0x65,0x0,0x6c,0x0,0x22,0x0,
0x2c,0x0,0x22,0x0,0x6d,0x0,0x73,0x0,
0x67,0x0,0x22,0x0,0x3a,0x0,0x7b,0x0,
0x22,0x0,0x6c,0x0,0x69,0x0,0x6e,0x0,
0x65,0x0,0x61,0x0,0x72,0x0,0x22,0x0,
0x3a,0x0,0x7b,0x0,0x22,0x0,0x78,0x0,
0x22,0x0,0x3a,0x0,0x2d,0x0,0x30,0x0,
0x2e,0x0,0x35,0x0,0x2c,0x0,0x22,0x0,
0x79,0x0,0x22,0x0,0x3a,0x0,0x30,0x0,
0x2e,0x0,0x30,0x0,0x2c,0x0,0x22,0x0,
0x7a,0x0,0x22,0x0,0x3a,0x0,0x30,0x0,
0x2e,0x0,0x30,0x0,0x7d,0x0,0x2c,0x0,
0x22,0x0,0x61,0x0,0x6e,0x0,0x67,0x0,
0x75,0x0,0x6c,0x0,0x61,0x0,0x72,0x0,
0x22,0x0,0x3a,0x0,0x7b,0x0,0x22,0x0,
0x78,0x0,0x22,0x0,0x3a,0x0,0x30,0x0,
0x2e,0x0,0x30,0x0,0x2c,0x0,0x22,0x0,
0x79,0x0,0x22,0x0,0x3a,0x0,0x30,0x0,
0x2e,0x0,0x30,0x0,0x2c,0x0,0x22,0x0,
0x7a,0x0,0x22,0x0,0x3a,0x0,0x30,0x0,
0x2e,0x0,0x30,0x0,0x7d,0x0,0x7d,0x0,
0x7d,0x0,0x0,0x0,0x0,0x0,0x0,0x0,
0x92,0x0,0x0,0x0,0x7b,0x0,0x22,0x0,
0x6f,0x0,0x70,0x0,0x22,0x0,0x3a,0x0,
0x22,0x0,0x70,0x0,0x75,0x0,0x62,0x0,
0x6c,0x0,0x69,0x0,0x73,0x0,0x68,0x0,
0x22,0x0,0x2c,0x0,0x22,0x0,0x74,0x0,
0x6f,0x0,0x70,0x0,0x69,0x0,0x63,0x0,
0x22,0x0,0x3a,0x0,0x22,0x0,0x2f,0x0,
0x68,0x0,0x6f,0x0,0x76,0x0,0x65,0x0,
0x72,0x0,0x62,0x0,0x6f,0x0,0x61,0x0,
0x72,0x0,0x64,0x0,0x5f,0x0,0x76,0x0,
0x65,0x0,0x6c,0x0,0x6f,0x0,0x63,0x0,
0x69,0x0,0x74,0x0,0x79,0x0,0x5f,0x0,
0x63,0x0,0x6f,0x0,0x6e,0x0,0x74,0x0,
0x72,0x0,0x6f,0x0,0x6c,0x0,0x6c,0x0,
0x65,0x0,0x72,0x0,0x2f,0x0,0x63,0x0,
0x6d,0x0,0x64,0x0,0x5f,0x0,0x76,0x0,
0x65,0x0,0x6c,0x0,0x22,0x0,0x2c,0x0,
0x22,0x0,0x6d,0x0,0x73,0x0,0x67,0x0,
0x22,0x0,0x3a,0x0,0x7b,0x0,0x22,0x0,
0x6c,0x0,0x69,0x0,0x6e,0x0,0x65,0x0,
0x61,0x0,0x72,0x0,0x22,0x0,0x3a,0x0,
0x7b,0x0,0x22,0x0,0x78,0x0,0x22,0x0,
0x3a,0x0,0x2d,0x0,0x30,0x0,0x2e,0x0,
0x35,0x0,0x2c,0x0,0x22,0x0,0x79,0x0,
0x22,0x0,0x3a,0x0,0x30,0x0,0x2e,0x0,
0x30,0x0,0x2c,0x0,0x22,0x0,0x7a,0x0,
0x22,0x0,0x3a,0x0,0x30,0x0,0x2e,0x0,
0x30,0x0,0x7d,0x0,0x2c,0x0,0x22,0x0,
0x61,0x0,0x6e,0x0,0x67,0x0,0x75,0x0,
0x6c,0x0,0x61,0x0,0x72,0x0,0x22,0x0,
0x3a,0x0,0x7b,0x0,0x22,0x0,0x78,0x0,
0x22,0x0,0x3a,0x0,0x30,0x0,0x2e,0x0,
0x30,0x0,0x2c,0x0,0x22,0x0,0x79,0x0,
0x22,0x0,0x3a,0x0,0x30,0x0,0x2e,0x0,
0x30,0x0,0x2c,0x0,0x22,0x0,0x7a,0x0,
0x22,0x0,0x3a,0x0,0x30,0x0,0x2e,0x0,
0x30,0x0,0x7d,0x0,0x7d,0x0,0x7d,0x0,
0x0,0x0,0x0,0x0,0x0,0x0,0x0,0x0,
0x9,0x0,0x0,0x0,0x4d,0x0,0x6f,0x0,
0x76,0x0,0x65,0x0,0x20,0x0,0x4c,0x0,
0x65,0x0,0x66,0x0,0x74,0x0,0x0,0x0,
0x72,0x0,0x0,0x0,0x7b,0x0,0x22,0x0,
0x6f,0x0,0x70,0x0,0x22,0x0,0x3a,0x0,
0x22,0x0,0x70,0x0,0x75,0x0,0x62,0x0,
0x6c,0x0,0x69,0x0,0x73,0x0,0x68,0x0,
0x22,0x0,0x2c,0x0,0x22,0x0,0x74,0x0,
0x6f,0x0,0x70,0x0,0x69,0x0,0x63,0x0,
0x22,0x0,0x3a,0x0,0x22,0x0,0x2f,0x0,
0x63,0x0,0x6d,0x0,0x64,0x0,0x5f,0x0,
0x76,0x0,0x65,0x0,0x6c,0x0,0x22,0x0,
0x2c,0x0,0x22,0x0,0x6d,0x0,0x73,0x0,
0x67,0x0,0x22,0x0,0x3a,0x0,0x7b,0x0,
0x22,0x0,0x6c,0x0,0x69,0x0,0x6e,0x0,
0x65,0x0,0x61,0x0,0x72,0x0,0x22,0x0,
0x3a,0x0,0x7b,0x0,0x22,0x0,0x78,0x0,
0x22,0x0,0x3a,0x0,0x30,0x0,0x2e,0x0,
0x30,0x0,0x2c,0x0,0x22,0x0,0x79,0x0,
0x22,0x0,0x3a,0x0,0x30,0x0,0x2e,0x0,
0x30,0x0,0x2c,0x0,0x22,0x0,0x7a,0x0,
0x22,0x0,0x3a,0x0,0x30,0x0,0x2e,0x0,
0x30,0x0,0x7d,0x0,0x2c,0x0,0x22,0x0,
0x61,0x0,0x6e,0x0,0x67,0x0,0x75,0x0,
0x6c,0x0,0x61,0x0,0x72,0x0,0x22,0x0,
0x3a,0x0,0x7b,0x0,0x22,0x0,0x78,0x0,
0x22,0x0,0x3a,0x0,0x30,0x0,0x2e,0x0,
0x30,0x0,0x2c,0x0,0x22,0x0,0x79,0x0,
0x22,0x0,0x3a,0x0,0x30,0x0,0x2e,0x0,
0x30,0x0,0x2c,0x0,0x22,0x0,0x7a,0x0,
0x22,0x0,0x3a,0x0,0x30,0x0,0x2e,0x0,
0x35,0x0,0x7d,0x0,0x7d,0x0,0x7d,0x0,
0x0,0x0,0x0,0x0,0x0,0x0,0x0,0x0,
0x91,0x0,0x0,0x0,0x7b,0x0,0x22,0x0,
0x6f,0x0,0x70,0x0,0x22,0x0,0x3a,0x0,
0x22,0x0,0x70,0x0,0x75,0x0,0x62,0x0,
0x6c,0x0,0x69,0x0,0x73,0x0,0x68,0x0,
0x22,0x0,0x2c,0x0,0x22,0x0,0x74,0x0,
0x6f,0x0,0x70,0x0,0x69,0x0,0x63,0x0,
0x22,0x0,0x3a,0x0,0x22,0x0,0x2f,0x0,
0x68,0x0,0x6f,0x0,0x76,0x0,0x65,0x0,
0x72,0x0,0x62,0x0,0x6f,0x0,0x61,0x0,
0x72,0x0,0x64,0x0,0x5f,0x0,0x76,0x0,
0x65,0x0,0x6c,0x0,0x6f,0x0,0x63,0x0,
0x69,0x0,0x74,0x0,0x79,0x0,0x5f,0x0,
0x63,0x0,0x6f,0x0,0x6e,0x0,0x74,0x0,
0x72,0x0,0x6f,0x0,0x6c,0x0,0x6c,0x0,
0x65,0x0,0x72,0x0,0x2f,0x0,0x63,0x0,
0x6d,0x0,0x64,0x0,0x5f,0x0,0x76,0x0,
0x65,0x0,0x6c,0x0,0x22,0x0,0x2c,0x0,
0x22,0x0,0x6d,0x0,0x73,0x0,0x67,0x0,
0x22,0x0,0x3a,0x0,0x7b,0x0,0x22,0x0,
0x6c,0x0,0x69,0x0,0x6e,0x0,0x65,0x0,
0x61,0x0,0x72,0x0,0x22,0x0,0x3a,0x0,
0x7b,0x0,0x22,0x0,0x78,0x0,0x22,0x0,
0x3a,0x0,0x30,0x0,0x2e,0x0,0x30,0x0,
0x2c,0x0,0x22,0x0,0x79,0x0,0x22,0x0,
0x3a,0x0,0x30,0x0,0x2e,0x0,0x30,0x0,
0x2c,0x0,0x22,0x0,0x7a,0x0,0x22,0x0,
0x3a,0x0,0x30,0x0,0x2e,0x0,0x30,0x0,
0x7d,0x0,0x2c,0x0,0x22,0x0,0x61,0x0,
0x6e,0x0,0x67,0x0,0x75,0x0,0x6c,0x0,
0x61,0x0,0x72,0x0,0x22,0x0,0x3a,0x0,
0x7b,0x0,0x22,0x0,0x78,0x0,0x22,0x0,
0x3a,0x0,0x30,0x0,0x2e,0x0,0x30,0x0,
0x2c,0x0,0x22,0x0,0x79,0x0,0x22,0x0,
0x3a,0x0,0x30,0x0,0x2e,0x0,0x30,0x0,
0x2c,0x0,0x22,0x0,0x7a,0x0,0x22,0x0,
0x3a,0x0,0x30,0x0,0x2e,0x0,0x35,0x0,
0x7d,0x0,0x7d,0x0,0x7d,0x0,0x0,0x0,
0xa,0x0,0x0,0x0,0x4d,0x0,0x6f,0x0,
0x76,0x0,0x65,0x0,0x20,0x0,0x52,0x0,
0x69,0x0,0x67,0x0,0x68,0x0,0x74,0x0,
0x0,0x0,0x0,0x0,0x0,0x0,0x0,0x0,
0x73,0x0,0x0,0x0,0x7b,0x0,0x22,0x0,
0x6f,0x0,0x70,0x0,0x22,0x0,0x3a,0x0,
0x22,0x0,0x70,0x0,0x75,0x0,0x62,0x0,
0x6c,0x0,0x69,0x0,0x73,0x0,0x68,0x0,
0x22,0x0,0x2c,0x0,0x22,0x0,0x74,0x0,
0x6f,0x0,0x70,0x0,0x69,0x0,0x63,0x0,
0x22,0x0,0x3a,0x0,0x22,0x0,0x2f,0x0,
0x63,0x0,0x6d,0x0,0x64,0x0,0x5f,0x0,
0x76,0x0,0x65,0x0,0x6c,0x0,0x22,0x0,
0x2c,0x0,0x22,0x0,0x6d,0x0,0x73,0x0,
0x67,0x0,0x22,0x0,0x3a,0x0,0x7b,0x0,
0x22,0x0,0x6c,0x0,0x69,0x0,0x6e,0x0,
0x65,0x0,0x61,0x0,0x72,0x0,0x22,0x0,
0x3a,0x0,0x7b,0x0,0x22,0x0,0x78,0x0,
0x22,0x0,0x3a,0x0,0x30,0x0,0x2e,0x0,
0x30,0x0,0x2c,0x0,0x22,0x0,0x79,0x0,
0x22,0x0,0x3a,0x0,0x30,0x0,0x2e,0x0,
0x30,0x0,0x2c,0x0,0x22,0x0,0x7a,0x0,
0x22,0x0,0x3a,0x0,0x30,0x0,0x2e,0x0,
0x30,0x0,0x7d,0x0,0x2c,0x0,0x22,0x0,
0x61,0x0,0x6e,0x0,0x67,0x0,0x75,0x0,
0x6c,0x0,0x61,0x0,0x72,0x0,0x22,0x0,
0x3a,0x0,0x7b,0x0,0x22,0x0,0x78,0x0,
0x22,0x0,0x3a,0x0,0x30,0x0,0x2e,0x0,
0x30,0x0,0x2c,0x0,0x22,0x0,0x79,0x0,
0x22,0x0,0x3a,0x0,0x30,0x0,0x2e,0x0,
0x30,0x0,0x2c,0x0,0x22,0x0,0x7a,0x0,
0x22,0x0,0x3a,0x0,0x2d,0x0,0x30,0x0,
0x2e,0x0,0x35,0x0,0x7d,0x0,0x7d,0x0,
0x7d,0x0,0x0,0x0,0x0,0x0,0x0,0x0,
0x92,0x0,0x0,0x0,0x7b,0x0,0x22,0x0,
0x6f,0x0,0x70,0x0,0x22,0x0,0x3a,0x0,
0x22,0x0,0x70,0x0,0x75,0x0,0x62,0x0,
0x6c,0x0,0x69,0x0,0x73,0x0,0x68,0x0,
0x22,0x0,0x2c,0x0,0x22,0x0,0x74,0x0,
0x6f,0x0,0x70,0x0,0x69,0x0,0x63,0x0,
0x22,0x0,0x3a,0x0,0x22,0x0,0x2f,0x0,
0x68,0x0,0x6f,0x0,0x76,0x0,0x65,0x0,
0x72,0x0,0x62,0x0,0x6f,0x0,0x61,0x0,
0x72,0x0,0x64,0x0,0x5f,0x0,0x76,0x0,
0x65,0x0,0x6c,0x0,0x6f,0x0,0x63,0x0,
0x69,0x0,0x74,0x0,0x79,0x0,0x5f,0x0,
0x63,0x0,0x6f,0x0,0x6e,0x0,0x74,0x0,
0x72,0x0,0x6f,0x0,0x6c,0x0,0x6c,0x0,
0x65,0x0,0x72,0x0,0x2f,0x0,0x63,0x0,
0x6d,0x0,0x64,0x0,0x5f,0x0,0x76,0x0,
0x65,0x0,0x6c,0x0,0x22,0x0,0x2c,0x0,
0x22,0x0,0x6d,0x0,0x73,0x0,0x67,0x0,
0x22,0x0,0x3a,0x0,0x7b,0x0,0x22,0x0,
0x6c,0x0,0x69,0x0,0x6e,0x0,0x65,0x0,
0x61,0x0,0x72,0x0,0x22,0x0,0x3a,0x0,
0x7b,0x0,0x22,0x0,0x78,0x0,0x22,0x0,
0x3a,0x0,0x30,0x0,0x2e,0x0,0x30,0x0,
0x2c,0x0,0x22,0x0,0x79,0x0,0x22,0x0,
0x3a,0x0,0x30,0x0,0x2e,0x0,0x30,0x0,
0x2c,0x0,0x22,0x0,0x7a,0x0,0x22,0x0,
0x3a,0x0,0x30,0x0,0x2e,0x0,0x30,0x0,
0x7d,0x0,0x2c,0x0,0x22,0x0,0x61,0x0,
0x6e,0x0,0x67,0x0,0x75,0x0,0x6c,0x0,
0x61,0x0,0x72,0x0,0x22,0x0,0x3a,0x0,
0x7b,0x0,0x22,0x0,0x78,0x0,0x22,0x0,
0x3a,0x0,0x30,0x0,0x2e,0x0,0x30,0x0,
0x2c,0x0,0x22,0x0,0x79,0x0,0x22,0x0,
0x3a,0x0,0x30,0x0,0x2e,0x0,0x30,0x0,
0x2c,0x0,0x22,0x0,0x7a,0x0,0x22,0x0,
0x3a,0x0,0x2d,0x0,0x30,0x0,0x2e,0x0,
0x35,0x0,0x7d,0x0,0x7d,0x0,0x7d,0x0,
0x0,0x0,0x0,0x0,0x0,0x0,0x0,0x0,
0xf,0x0,0x0,0x0,0x4d,0x0,0x6f,0x0,
0x76,0x0,0x65,0x0,0x20,0x0,0x4e,0x0,
0x6f,0x0,0x72,0x0,0x74,0x0,0x68,0x0,
0x2d,0x0,0x57,0x0,0x65,0x0,0x73,0x0,
0x74,0x0,0x0,0x0,0x0,0x0,0x0,0x0,
0x74,0x0,0x0,0x0,0x7b,0x0,0x22,0x0,
0x6f,0x0,0x70,0x0,0x22,0x0,0x3a,0x0,
0x22,0x0,0x70,0x0,0x75,0x0,0x62,0x0,
0x6c,0x0,0x69,0x0,0x73,0x0,0x68,0x0,
0x22,0x0,0x2c,0x0,0x22,0x0,0x74,0x0,
0x6f,0x0,0x70,0x0,0x69,0x0,0x63,0x0,
0x22,0x0,0x3a,0x0,0x22,0x0,0x2f,0x0,
0x63,0x0,0x6d,0x0,0x64,0x0,0x5f,0x0,
0x76,0x0,0x65,0x0,0x6c,0x0,0x22,0x0,
0x2c,0x0,0x22,0x0,0x6d,0x0,0x73,0x0,
0x67,0x0,0x22,0x0,0x3a,0x0,0x7b,0x0,
0x22,0x0,0x6c,0x0,0x69,0x0,0x6e,0x0,
0x65,0x0,0x61,0x0,0x72,0x0,0x22,0x0,
0x3a,0x0,0x7b,0x0,0x22,0x0,0x78,0x0,
0x22,0x0,0x3a,0x0,0x2d,0x0,0x30,0x0,
0x2e,0x0,0x35,0x0,0x2c,0x0,0x22,0x0,
0x79,0x0,0x22,0x0,0x3a,0x0,0x30,0x0,
0x2e,0x0,0x30,0x0,0x2c,0x0,0x22,0x0,
0x7a,0x0,0x22,0x0,0x3a,0x0,0x30,0x0,
0x2e,0x0,0x30,0x0,0x7d,0x0,0x2c,0x0,
0x22,0x0,0x61,0x0,0x6e,0x0,0x67,0x0,
0x75,0x0,0x6c,0x0,0x61,0x0,0x72,0x0,
0x22,0x0,0x3a,0x0,0x7b,0x0,0x22,0x0,
0x78,0x0,0x22,0x0,0x3a,0x0,0x30,0x0,
0x2e,0x0,0x30,0x0,0x2c,0x0,0x22,0x0,
0x79,0x0,0x22,0x0,0x3a,0x0,0x30,0x0,
0x2e,0x0,0x30,0x0,0x2c,0x0,0x22,0x0,
0x7a,0x0,0x22,0x0,0x3a,0x0,0x2d,0x0,
0x30,0x0,0x2e,0x0,0x35,0x0,0x7d,0x0,
0x7d,0x0,0x7d,0x0,0x0,0x0,0x0,0x0,
0x93,0x0,0x0,0x0,0x7b,0x0,0x22,0x0,
0x6f,0x0,0x70,0x0,0x22,0x0,0x3a,0x0,
0x22,0x0,0x70,0x0,0x75,0x0,0x62,0x0,
0x6c,0x0,0x69,0x0,0x73,0x0,0x68,0x0,
0x22,0x0,0x2c,0x0,0x22,0x0,0x74,0x0,
0x6f,0x0,0x70,0x0,0x69,0x0,0x63,0x0,
0x22,0x0,0x3a,0x0,0x22,0x0,0x2f,0x0,
0x68,0x0,0x6f,0x0,0x76,0x0,0x65,0x0,
0x72,0x0,0x62,0x0,0x6f,0x0,0x61,0x0,
0x72,0x0,0x64,0x0,0x5f,0x0,0x76,0x0,
0x65,0x0,0x6c,0x0,0x6f,0x0,0x63,0x0,
0x69,0x0,0x74,0x0,0x79,0x0,0x5f,0x0,
0x63,0x0,0x6f,0x0,0x6e,0x0,0x74,0x0,
0x72,0x0,0x6f,0x0,0x6c,0x0,0x6c,0x0,
0x65,0x0,0x72,0x0,0x2f,0x0,0x63,0x0,
0x6d,0x0,0x64,0x0,0x5f,0x0,0x76,0x0,
0x65,0x0,0x6c,0x0,0x22,0x0,0x2c,0x0,
0x22,0x0,0x6d,0x0,0x73,0x0,0x67,0x0,
0x22,0x0,0x3a,0x0,0x7b,0x0,0x22,0x0,
0x6c,0x0,0x69,0x0,0x6e,0x0,0x65,0x0,
0x61,0x0,0x72,0x0,0x22,0x0,0x3a,0x0,
0x7b,0x0,0x22,0x0,0x78,0x0,0x22,0x0,
0x3a,0x0,0x2d,0x0,0x30,0x0,0x2e,0x0,
0x35,0x0,0x2c,0x0,0x22,0x0,0x79,0x0,
0x22,0x0,0x3a,0x0,0x30,0x0,0x2e,0x0,
0x30,0x0,0x2c,0x0,0x22,0x0,0x7a,0x0,
0x22,0x0,0x3a,0x0,0x30,0x0,0x2e,0x0,
0x30,0x0,0x7d,0x0,0x2c,0x0,0x22,0x0,
0x61,0x0,0x6e,0x0,0x67,0x0,0x75,0x0,
0x6c,0x0,0x61,0x0,0x72,0x0,0x22,0x0,
0x3a,0x0,0x7b,0x0,0x22,0x0,0x78,0x0,
0x22,0x0,0x3a,0x0,0x30,0x0,0x2e,0x0,
0x30,0x0,0x2c,0x0,0x22,0x0,0x79,0x0,
0x22,0x0,0x3a,0x0,0x30,0x0,0x2e,0x0,
0x30,0x0,0x2c,0x0,0x22,0x0,0x7a,0x0,
0x22,0x0,0x3a,0x0,0x2d,0x0,0x30,0x0,
0x2e,0x0,0x35,0x0,0x7d,0x0,0x7d,0x0,
0x7d,0x0,0x0,0x0,0x0,0x0,0x0,0x0,
0xf,0x0,0x0,0x0,0x4d,0x0,0x6f,0x0,
0x76,0x0,0x65,0x0,0x20,0x0,0x4e,0x0,
0x6f,0x0,0x72,0x0,0x74,0x0,0x68,0x0,
0x2d,0x0,0x45,0x0,0x61,0x0,0x73,0x0,
0x74,0x0,0x0,0x0,0x0,0x0,0x0,0x0,
0x73,0x0,0x0,0x0,0x7b,0x0,0x22,0x0,
0x6f,0x0,0x70,0x0,0x22,0x0,0x3a,0x0,
0x22,0x0,0x70,0x0,0x75,0x0,0x62,0x0,
0x6c,0x0,0x69,0x0,0x73,0x0,0x68,0x0,
0x22,0x0,0x2c,0x0,0x22,0x0,0x74,0x0,
0x6f,0x0,0x70,0x0,0x69,0x0,0x63,0x0,
0x22,0x0,0x3a,0x0,0x22,0x0,0x2f,0x0,
0x63,0x0,0x6d,0x0,0x64,0x0,0x5f,0x0,
0x76,0x0,0x65,0x0,0x6c,0x0,0x22,0x0,
0x2c,0x0,0x22,0x0,0x6d,0x0,0x73,0x0,
0x67,0x0,0x22,0x0,0x3a,0x0,0x7b,0x0,
0x22,0x0,0x6c,0x0,0x69,0x0,0x6e,0x0,
0x65,0x0,0x61,0x0,0x72,0x0,0x22,0x0,
0x3a,0x0,0x7b,0x0,0x22,0x0,0x78,0x0,
0x22,0x0,0x3a,0x0,0x2d,0x0,0x30,0x0,
0x2e,0x0,0x35,0x0,0x2c,0x0,0x22,0x0,
0x79,0x0,0x22,0x0,0x3a,0x0,0x30,0x0,
0x2e,0x0,0x30,0x0,0x2c,0x0,0x22,0x0,
0x7a,0x0,0x22,0x0,0x3a,0x0,0x30,0x0,
0x2e,0x0,0x30,0x0,0x7d,0x0,0x2c,0x0,
0x22,0x0,0x61,0x0,0x6e,0x0,0x67,0x0,
0x75,0x0,0x6c,0x0,0x61,0x0,0x72,0x0,
0x22,0x0,0x3a,0x0,0x7b,0x0,0x22,0x0,
0x78,0x0,0x22,0x0,0x3a,0x0,0x30,0x0,
0x2e,0x0,0x30,0x0,0x2c,0x0,0x22,0x0,
0x79,0x0,0x22,0x0,0x3a,0x0,0x30,0x0,
0x2e,0x0,0x30,0x0,0x2c,0x0,0x22,0x0,
0x7a,0x0,0x22,0x0,0x3a,0x0,0x30,0x0,
0x2e,0x0,0x35,0x0,0x7d,0x0,0x7d,0x0,
0x7d,0x0,0x0,0x0,0x0,0x0,0x0,0x0,
0x92,0x0,0x0,0x0,0x7b,0x0,0x22,0x0,
0x6f,0x0,0x70,0x0,0x22,0x0,0x3a,0x0,
0x22,0x0,0x70,0x0,0x75,0x0,0x62,0x0,
0x6c,0x0,0x69,0x0,0x73,0x0,0x68,0x0,
0x22,0x0,0x2c,0x0,0x22,0x0,0x74,0x0,
0x6f,0x0,0x70,0x0,0x69,0x0,0x63,0x0,
0x22,0x0,0x3a,0x0,0x22,0x0,0x2f,0x0,
0x68,0x0,0x6f,0x0,0x76,0x0,0x65,0x0,
0x72,0x0,0x62,0x0,0x6f,0x0,0x61,0x0,
0x72,0x0,0x64,0x0,0x5f,0x0,0x76,0x0,
0x65,0x0,0x6c,0x0,0x6f,0x0,0x63,0x0,
0x69,0x0,0x74,0x0,0x79,0x0,0x5f,0x0,
0x63,0x0,0x6f,0x0,0x6e,0x0,0x74,0x0,
0x72,0x0,0x6f,0x0,0x6c,0x0,0x6c,0x0,
0x65,0x0,0x72,0x0,0x2f,0x0,0x63,0x0,
0x6d,0x0,0x64,0x0,0x5f,0x0,0x76,0x0,
0x65,0x0,0x6c,0x0,0x22,0x0,0x2c,0x0,
0x22,0x0,0x6d,0x0,0x73,0x0,0x67,0x0,
0x22,0x0,0x3a,0x0,0x7b,0x0,0x22,0x0,
0x6c,0x0,0x69,0x0,0x6e,0x0,0x65,0x0,
0x61,0x0,0x72,0x0,0x22,0x0,0x3a,0x0,
0x7b,0x0,0x22,0x0,0x78,0x0,0x22,0x0,
0x3a,0x0,0x2d,0x0,0x30,0x0,0x2e,0x0,
0x35,0x0,0x2c,0x0,0x22,0x0,0x79,0x0,
0x22,0x0,0x3a,0x0,0x30,0x0,0x2e,0x0,
0x30,0x0,0x2c,0x0,0x22,0x0,0x7a,0x0,
0x22,0x0,0x3a,0x0,0x30,0x0,0x2e,0x0,
0x30,0x0,0x7d,0x0,0x2c,0x0,0x22,0x0,
0x61,0x0,0x6e,0x0,0x67,0x0,0x75,0x0,
0x6c,0x0,0x61,0x0,0x72,0x0,0x22,0x0,
0x3a,0x0,0x7b,0x0,0x22,0x0,0x78,0x0,
0x22,0x0,0x3a,0x0,0x30,0x0,0x2e,0x0,
0x30,0x0,0x2c,0x0,0x22,0x0,0x79,0x0,
0x22,0x0,0x3a,0x0,0x30,0x0,0x2e,0x0,
0x30,0x0,0x2c,0x0,0x22,0x0,0x7a,0x0,
0x22,0x0,0x3a,0x0,0x30,0x0,0x2e,0x0,
0x35,0x0,0x7d,0x0,0x7d,0x0,0x7d,0x0,
0x0,0x0,0x0,0x0,0x0,0x0,0x0,0x0,
0xf,0x0,0x0,0x0,0x4d,0x0,0x6f,0x0,
0x76,0x0,0x65,0x0,0x20,0x0,0x53,0x0,
0x6f,0x0,0x75,0x0,0x74,0x0,0x68,0x0,
0x2d,0x0,0x57,0x0,0x65,0x0,0x73,0x0,
0x74,0x0,0x0,0x0,0x0,0x0,0x0,0x0,
0x72,0x0,0x0,0x0,0x7b,0x0,0x22,0x0,
0x6f,0x0,0x70,0x0,0x22,0x0,0x3a,0x0,
0x22,0x0,0x70,0x0,0x75,0x0,0x62,0x0,
0x6c,0x0,0x69,0x0,0x73,0x0,0x68,0x0,
0x22,0x0,0x2c,0x0,0x22,0x0,0x74,0x0,
0x6f,0x0,0x70,0x0,0x69,0x0,0x63,0x0,
0x22,0x0,0x3a,0x0,0x22,0x0,0x2f,0x0,
0x63,0x0,0x6d,0x0,0x64,0x0,0x5f,0x0,
0x76,0x0,0x65,0x0,0x6c,0x0,0x22,0x0,
0x2c,0x0,0x22,0x0,0x6d,0x0,0x73,0x0,
0x67,0x0,0x22,0x0,0x3a,0x0,0x7b,0x0,
0x22,0x0,0x6c,0x0,0x69,0x0,0x6e,0x0,
0x65,0x0,0x61,0x0,0x72,0x0,0x22,0x0,
0x3a,0x0,0x7b,0x0,0x22,0x0,0x78,0x0,
0x22,0x0,0x3a,0x0,0x30,0x0,0x2e,0x0,
0x35,0x0,0x2c,0x0,0x22,0x0,0x79,0x0,
0x22,0x0,0x3a,0x0,0x30,0x0,0x2e,0x0,
0x30,0x0,0x2c,0x0,0x22,0x0,0x7a,0x0,
0x22,0x0,0x3a,0x0,0x30,0x0,0x2e,0x0,
0x30,0x0,0x7d,0x0,0x2c,0x0,0x22,0x0,
0x61,0x0,0x6e,0x0,0x67,0x0,0x75,0x0,
0x6c,0x0,0x61,0x0,0x72,0x0,0x22,0x0,
0x3a,0x0,0x7b,0x0,0x22,0x0,0x78,0x0,
0x22,0x0,0x3a,0x0,0x30,0x0,0x2e,0x0,
0x30,0x0,0x2c,0x0,0x22,0x0,0x79,0x0,
0x22,0x0,0x3a,0x0,0x30,0x0,0x2e,0x0,
0x30,0x0,0x2c,0x0,0x22,0x0,0x7a,0x0,
0x22,0x0,0x3a,0x0,0x30,0x0,0x2e,0x0,
0x35,0x0,0x7d,0x0,0x7d,0x0,0x7d,0x0,
0x0,0x0,0x0,0x0,0x0,0x0,0x0,0x0,
0x91,0x0,0x0,0x0,0x7b,0x0,0x22,0x0,
0x6f,0x0,0x70,0x0,0x22,0x0,0x3a,0x0,
0x22,0x0,0x70,0x0,0x75,0x0,0x62,0x0,
0x6c,0x0,0x69,0x0,0x73,0x0,0x68,0x0,
0x22,0x0,0x2c,0x0,0x22,0x0,0x74,0x0,
0x6f,0x0,0x70,0x0,0x69,0x0,0x63,0x0,
0x22,0x0,0x3a,0x0,0x22,0x0,0x2f,0x0,
0x68,0x0,0x6f,0x0,0x76,0x0,0x65,0x0,
0x72,0x0,0x62,0x0,0x6f,0x0,0x61,0x0,
0x72,0x0,0x64,0x0,0x5f,0x0,0x76,0x0,
0x65,0x0,0x6c,0x0,0x6f,0x0,0x63,0x0,
0x69,0x0,0x74,0x0,0x79,0x0,0x5f,0x0,
0x63,0x0,0x6f,0x0,0x6e,0x0,0x74,0x0,
0x72,0x0,0x6f,0x0,0x6c,0x0,0x6c,0x0,
0x65,0x0,0x72,0x0,0x2f,0x0,0x63,0x0,
0x6d,0x0,0x64,0x0,0x5f,0x0,0x76,0x0,
0x65,0x0,0x6c,0x0,0x22,0x0,0x2c,0x0,
0x22,0x0,0x6d,0x0,0x73,0x0,0x67,0x0,
0x22,0x0,0x3a,0x0,0x7b,0x0,0x22,0x0,
0x6c,0x0,0x69,0x0,0x6e,0x0,0x65,0x0,
0x61,0x0,0x72,0x0,0x22,0x0,0x3a,0x0,
0x7b,0x0,0x22,0x0,0x78,0x0,0x22,0x0,
0x3a,0x0,0x30,0x0,0x2e,0x0,0x35,0x0,
0x2c,0x0,0x22,0x0,0x79,0x0,0x22,0x0,
0x3a,0x0,0x30,0x0,0x2e,0x0,0x30,0x0,
0x2c,0x0,0x22,0x0,0x7a,0x0,0x22,0x0,
0x3a,0x0,0x30,0x0,0x2e,0x0,0x30,0x0,
0x7d,0x0,0x2c,0x0,0x22,0x0,0x61,0x0,
0x6e,0x0,0x67,0x0,0x75,0x0,0x6c,0x0,
0x61,0x0,0x72,0x0,0x22,0x0,0x3a,0x0,
0x7b,0x0,0x22,0x0,0x78,0x0,0x22,0x0,
0x3a,0x0,0x30,0x0,0x2e,0x0,0x30,0x0,
0x2c,0x0,0x22,0x0,0x79,0x0,0x22,0x0,
0x3a,0x0,0x30,0x0,0x2e,0x0,0x30,0x0,
0x2c,0x0,0x22,0x0,0x7a,0x0,0x22,0x0,
0x3a,0x0,0x30,0x0,0x2e,0x0,0x35,0x0,
0x7d,0x0,0x7d,0x0,0x7d,0x0,0x0,0x0,
0xf,0x0,0x0,0x0,0x4d,0x0,0x6f,0x0,
0x76,0x0,0x65,0x0,0x20,0x0,0x53,0x0,
0x6f,0x0,0x75,0x0,0x74,0x0,0x68,0x0,
0x2d,0x0,0x45,0x0,0x61,0x0,0x73,0x0,
0x74,0x0,0x0,0x0,0x0,0x0,0x0,0x0,
0x73,0x0,0x0,0x0,0x7b,0x0,0x22,0x0,
0x6f,0x0,0x70,0x0,0x22,0x0,0x3a,0x0,
0x22,0x0,0x70,0x0,0x75,0x0,0x62,0x0,
0x6c,0x0,0x69,0x0,0x73,0x0,0x68,0x0,
0x22,0x0,0x2c,0x0,0x22,0x0,0x74,0x0,
0x6f,0x0,0x70,0x0,0x69,0x0,0x63,0x0,
0x22,0x0,0x3a,0x0,0x22,0x0,0x2f,0x0,
0x63,0x0,0x6d,0x0,0x64,0x0,0x5f,0x0,
0x76,0x0,0x65,0x0,0x6c,0x0,0x22,0x0,
0x2c,0x0,0x22,0x0,0x6d,0x0,0x73,0x0,
0x67,0x0,0x22,0x0,0x3a,0x0,0x7b,0x0,
0x22,0x0,0x6c,0x0,0x69,0x0,0x6e,0x0,
0x65,0x0,0x61,0x0,0x72,0x0,0x22,0x0,
0x3a,0x0,0x7b,0x0,0x22,0x0,0x78,0x0,
0x22,0x0,0x3a,0x0,0x30,0x0,0x2e,0x0,
0x35,0x0,0x2c,0x0,0x22,0x0,0x79,0x0,
0x22,0x0,0x3a,0x0,0x30,0x0,0x2e,0x0,
0x30,0x0,0x2c,0x0,0x22,0x0,0x7a,0x0,
0x22,0x0,0x3a,0x0,0x30,0x0,0x2e,0x0,
0x30,0x0,0x7d,0x0,0x2c,0x0,0x22,0x0,
0x61,0x0,0x6e,0x0,0x67,0x0,0x75,0x0,
0x6c,0x0,0x61,0x0,0x72,0x0,0x22,0x0,
0x3a,0x0,0x7b,0x0,0x22,0x0,0x78,0x0,
0x22,0x0,0x3a,0x0,0x30,0x0,0x2e,0x0,
0x30,0x0,0x2c,0x0,0x22,0x0,0x79,0x0,
0x22,0x0,0x3a,0x0,0x30,0x0,0x2e,0x0,
0x30,0x0,0x2c,0x0,0x22,0x0,0x7a,0x0,
0x22,0x0,0x3a,0x0,0x2d,0x0,0x30,0x0,
0x2e,0x0,0x35,0x0,0x7d,0x0,0x7d,0x0,
0x7d,0x0,0x0,0x0,0x0,0x0,0x0,0x0,
0x92,0x0,0x0,0x0,0x7b,0x0,0x22,0x0,
0x6f,0x0,0x70,0x0,0x22,0x0,0x3a,0x0,
0x22,0x0,0x70,0x0,0x75,0x0,0x62,0x0,
0x6c,0x0,0x69,0x0,0x73,0x0,0x68,0x0,
0x22,0x0,0x2c,0x0,0x22,0x0,0x74,0x0,
0x6f,0x0,0x70,0x0,0x69,0x0,0x63,0x0,
0x22,0x0,0x3a,0x0,0x22,0x0,0x2f,0x0,
0x68,0x0,0x6f,0x0,0x76,0x0,0x65,0x0,
0x72,0x0,0x62,0x0,0x6f,0x0,0x61,0x0,
0x72,0x0,0x64,0x0,0x5f,0x0,0x76,0x0,
0x65,0x0,0x6c,0x0,0x6f,0x0,0x63,0x0,
0x69,0x0,0x74,0x0,0x79,0x0,0x5f,0x0,
0x63,0x0,0x6f,0x0,0x6e,0x0,0x74,0x0,
0x72,0x0,0x6f,0x0,0x6c,0x0,0x6c,0x0,
0x65,0x0,0x72,0x0,0x2f,0x0,0x63,0x0,
0x6d,0x0,0x64,0x0,0x5f,0x0,0x76,0x0,
0x65,0x0,0x6c,0x0,0x22,0x0,0x2c,0x0,
0x22,0x0,0x6d,0x0,0x73,0x0,0x67,0x0,
0x22,0x0,0x3a,0x0,0x7b,0x0,0x22,0x0,
0x6c,0x0,0x69,0x0,0x6e,0x0,0x65,0x0,
0x61,0x0,0x72,0x0,0x22,0x0,0x3a,0x0,
0x7b,0x0,0x22,0x0,0x78,0x0,0x22,0x0,
0x3a,0x0,0x30,0x0,0x2e,0x0,0x35,0x0,
0x2c,0x0,0x22,0x0,0x79,0x0,0x22,0x0,
0x3a,0x0,0x30,0x0,0x2e,0x0,0x30,0x0,
0x2c,0x0,0x22,0x0,0x7a,0x0,0x22,0x0,
0x3a,0x0,0x30,0x0,0x2e,0x0,0x30,0x0,
0x7d,0x0,0x2c,0x0,0x22,0x0,0x61,0x0,
0x6e,0x0,0x67,0x0,0x75,0x0,0x6c,0x0,
0x61,0x0,0x72,0x0,0x22,0x0,0x3a,0x0,
0x7b,0x0,0x22,0x0,0x78,0x0,0x22,0x0,
0x3a,0x0,0x30,0x0,0x2e,0x0,0x30,0x0,
0x2c,0x0,0x22,0x0,0x79,0x0,0x22,0x0,
0x3a,0x0,0x30,0x0,0x2e,0x0,0x30,0x0,
0x2c,0x0,0x22,0x0,0x7a,0x0,0x22,0x0,
0x3a,0x0,0x2d,0x0,0x30,0x0,0x2e,0x0,
0x35,0x0,0x7d,0x0,0x7d,0x0,0x7d,0x0,
0x0,0x0,0x0,0x0,0x0,0x0,0x0,0x0,
0xb,0x0,0x0,0x0,0x4c,0x0,0x69,0x0,
0x66,0x0,0x74,0x0,0x20,0x0,0x41,0x0,
0x73,0x0,0x63,0x0,0x65,0x0,0x6e,0x0,
0x64,0x0,0x0,0x0,0x0,0x0,0x0,0x0,
0x42,0x0,0x0,0x0,0x7b,0x0,0x22,0x0,
0x6f,0x0,0x70,0x0,0x22,0x0,0x3a,0x0,
0x22,0x0,0x70,0x0,0x75,0x0,0x62,0x0,
0x6c,0x0,0x69,0x0,0x73,0x0,0x68,0x0,
0x22,0x0,0x2c,0x0,0x22,0x0,0x74,0x0,
0x6f,0x0,0x70,0x0,0x69,0x0,0x63,0x0,
0x22,0x0,0x3a,0x0,0x22,0x0,0x2f,0x0,
0x6c,0x0,0x69,0x0,0x6e,0x0,0x65,0x0,
0x61,0x0,0x72,0x0,0x5f,0x0,0x61,0x0,
0x63,0x0,0x74,0x0,0x75,0x0,0x61,0x0,
0x74,0x0,0x6f,0x0,0x72,0x0,0x5f,0x0,
0x63,0x0,0x6d,0x0,0x64,0x0,0x22,0x0,
0x2c,0x0,0x22,0x0,0x6d,0x0,0x73,0x0,
0x67,0x0,0x22,0x0,0x3a,0x0,0x7b,0x0,
0x22,0x0,0x64,0x0,0x61,0x0,0x74,0x0,
0x61,0x0,0x22,0x0,0x3a,0x0,0x22,0x0,
0x30,0x0,0x22,0x0,0x7d,0x0,0x7d,0x0,
0x0,0x0,0x0,0x0,0x0,0x0,0x0,0x0,
0xc,0x0,0x0,0x0,0x4c,0x0,0x69,0x0,
0x66,0x0,0x74,0x0,0x20,0x0,0x44,0x0,
0x65,0x0,0x73,0x0,0x63,0x0,0x65,0x0,
0x6e,0x0,0x64,0x0,0x0,0x0,0x0,0x0,
0x42,0x0,0x0,0x0,0x7b,0x0,0x22,0x0,
0x6f,0x0,0x70,0x0,0x22,0x0,0x3a,0x0,
0x22,0x0,0x70,0x0,0x75,0x0,0x62,0x0,
0x6c,0x0,0x69,0x0,0x73,0x0,0x68,0x0,
0x22,0x0,0x2c,0x0,0x22,0x0,0x74,0x0,
0x6f,0x0,0x70,0x0,0x69,0x0,0x63,0x0,
0x22,0x0,0x3a,0x0,0x22,0x0,0x2f,0x0,
0x6c,0x0,0x69,0x0,0x6e,0x0,0x65,0x0,
0x61,0x0,0x72,0x0,0x5f,0x0,0x61,0x0,
0x63,0x0,0x74,0x0,0x75,0x0,0x61,0x0,
0x74,0x0,0x6f,0x0,0x72,0x0,0x5f,0x0,
0x63,0x0,0x6d,0x0,0x64,0x0,0x22,0x0,
0x2c,0x0,0x22,0x0,0x6d,0x0,0x73,0x0,
0x67,0x0,0x22,0x0,0x3a,0x0,0x7b,0x0,
0x22,0x0,0x64,0x0,0x61,0x0,0x74,0x0,
0x61,0x0,0x22,0x0,0x3a,0x0,0x22,0x0,
0x31,0x0,0x22,0x0,0x7d,0x0,0x7d,0x0,
0x0,0x0,0x0,0x0,0x0,0x0,0x0,0x0,
0x9,0x0,0x0,0x0,0x4c,0x0,0x69,0x0,
0x66,0x0,0x74,0x0,0x20,0x0,0x53,0x0,
0x74,0x0,0x6f,0x0,0x70,0x0,0x0,0x0,
0x42,0x0,0x0,0x0,0x7b,0x0,0x22,0x0,
0x6f,0x0,0x70,0x0,0x22,0x0,0x3a,0x0,
0x22,0x0,0x70,0x0,0x75,0x0,0x62,0x0,
0x6c,0x0,0x69,0x0,0x73,0x0,0x68,0x0,
0x22,0x0,0x2c,0x0,0x22,0x0,0x74,0x0,
0x6f,0x0,0x70,0x0,0x69,0x0,0x63,0x0,
0x22,0x0,0x3a,0x0,0x22,0x0,0x2f,0x0,
0x6c,0x0,0x69,0x0,0x6e,0x0,0x65,0x0,
0x61,0x0,0x72,0x0,0x5f,0x0,0x61,0x0,
0x63,0x0,0x74,0x0,0x75,0x0,0x61,0x0,
0x74,0x0,0x6f,0x0,0x72,0x0,0x5f,0x0,
0x63,0x0,0x6d,0x0,0x64,0x0,0x22,0x0,
0x2c,0x0,0x22,0x0,0x6d,0x0,0x73,0x0,
0x67,0x0,0x22,0x0,0x3a,0x0,0x7b,0x0,
0x22,0x0,0x64,0x0,0x61,0x0,0x74,0x0,
0x61,0x0,0x22,0x0,0x3a,0x0,0x22,0x0,
0x78,0x0,0x22,0x0,0x7d,0x0,0x7d,0x0,
0x0,0x0,0x0,0x0,0x0,0x0,0x0,0x0,
0xc,0x0,0x0,0x0,0x55,0x0,0x6e,0x0,
0x6b,0x0,0x6e,0x0,0x6f,0x0,0x77,0x0,
0x6e,0x0,0x20,0x0,0x4b,0x0,0x65,0x0,
0x79,0x0,0x3a,0x0,0x0,0x0,0x0,0x0,
0x9,0x0,0x0,0x0,0x73,0x0,0x74,0x0,
0x72,0x0,0x69,0x0,0x6e,0x0,0x67,0x0,
0x69,0x0,0x66,0x0,0x79,0x0,0x0,0x0,
0x7,0x0,0x0,0x0,0x70,0x0,0x75,0x0,
0x62,0x0,0x6c,0x0,0x69,0x0,0x73,0x0,
0x68,0x0,0x0,0x0,0x0,0x0,0x0,0x0,
0x14,0x0,0x0,0x0,0x2f,0x0,0x6c,0x0,
0x69,0x0,0x6e,0x0,0x65,0x0,0x61,0x0,
0x72,0x0,0x5f,0x0,0x61,0x0,0x63,0x0,
0x74,0x0,0x75,0x0,0x61,0x0,0x74,0x0,
0x6f,0x0,0x72,0x0,0x5f,0x0,0x63,0x0,
0x6d,0x0,0x64,0x0,0x0,0x0,0x0,0x0,
0x1,0x0,0x0,0x0,0x30,0x0,0x0,0x0,
0x2,0x0,0x0,0x0,0x6f,0x0,0x70,0x0,
0x0,0x0,0x0,0x0,0x0,0x0,0x0,0x0,
0x1,0x0,0x0,0x0,0x31,0x0,0x0,0x0,
0x1e,0x0,0x0,0x0,0x52,0x0,0x65,0x0,
0x63,0x0,0x65,0x0,0x69,0x0,0x76,0x0,
0x65,0x0,0x64,0x0,0x20,0x0,0x52,0x0,
0x6f,0x0,0x62,0x0,0x6f,0x0,0x74,0x0,
0x20,0x0,0x50,0x0,0x6f,0x0,0x73,0x0,
0x69,0x0,0x74,0x0,0x69,0x0,0x6f,0x0,
0x6e,0x0,0x20,0x0,0x2d,0x0,0x3e,0x0,
0x20,0x0,0x58,0x0,0x3a,0x0,0x20,0x0,
0x0,0x0,0x0,0x0,0x0,0x0,0x0,0x0,
0x3,0x0,0x0,0x0,0x59,0x0,0x3a,0x0,
0x20,0x0,0x0,0x0,0x0,0x0,0x0,0x0,
0xc,0x0,0x0,0x0,0x65,0x0,0x72,0x0,
0x72,0x0,0x6f,0x0,0x72,0x0,0x4d,0x0,
0x65,0x0,0x73,0x0,0x73,0x0,0x61,0x0,
0x67,0x0,0x65,0x0,0x0,0x0,0x0,0x0,
0x7,0x0,0x0,0x0,0x6d,0x0,0x65,0x0,
0x73,0x0,0x73,0x0,0x61,0x0,0x67,0x0,
0x65,0x0,0x0,0x0,0x0,0x0,0x0,0x0,
0x1,0x0,0x0,0x0,0x70,0x0,0x0,0x0,
0x5,0x0,0x0,0x0,0x65,0x0,0x76,0x0,
0x65,0x0,0x6e,0x0,0x74,0x0,0x0,0x0,
0x5,0x0,0x0,0x0,0x10,0x0,0x0,0x0,
0x9b,0x1,0x0,0x0,0x74,0x0,0x0,0x0,
0x1,0x0,0x0,0x0,0x1,0x0,0x0,0x0,
0x0,0x0,0x0,0x0,0x2,0x0,0x10,0x0,
0xff,0xff,0x0,0x0,0x1,0x0,0x0,0x0,
0x2,0x0,0x0,0x0,0x0,0x0,0x0,0x0,
0x3,0x0,0x10,0x0,0xff,0xff,0x0,0x0,
0x1,0x0,0x0,0x0,0x3,0x0,0x0,0x0,
0x0,0x0,0x0,0x0,0x4,0x0,0x10,0x0,
0xff,0xff,0x0,0x0,0x1,0x0,0x0,0x0,
0x4,0x0,0x0,0x0,0x0,0x0,0x0,0x0,
0x5,0x0,0x10,0x0,0xff,0xff,0x0,0x0,
0x1,0x0,0x0,0x0,0x5,0x0,0x0,0x0,
0x0,0x0,0x0,0x0,0x6,0x0,0x10,0x0,
0xff,0xff,0x0,0x0,0xe0,0x6,0x0,0x0,
0x48,0x8,0x0,0x0,0x48,0x9,0x0,0x0,
0xb8,0x9,0x0,0x0,0xa0,0xa,0x0,0x0,
0x10,0xb,0x0,0x0,0xc8,0xb,0x0,0x0,
0x50,0xc,0x0,0x0,0x38,0xd,0x0,0x0,
0xa8,0xd,0x0,0x0,0x18,0xe,0x0,0x0,
0xd0,0xe,0x0,0x0,0x40,0xf,0x0,0x0,
0x28,0x10,0x0,0x0,0xe0,0x10,0x0,0x0,
0x98,0x11,0x0,0x0,0x80,0x12,0x0,0x0,
0x38,0x13,0x0,0x0,0xa8,0x13,0x0,0x0,
0x48,0x14,0x0,0x0,0xd0,0x14,0x0,0x0,
0x70,0x15,0x0,0x0,0xf8,0x15,0x0,0x0,
0x70,0x17,0x0,0x0,0x40,0x18,0x0,0x0,
0x0,0x1a,0x0,0x0,0xb8,0x1a,0x0,0x0,
0xb8,0x1b,0x0,0x0,0xe8,0x1c,0x0,0x0,
0xa0,0x1d,0x0,0x0,0xa0,0x1e,0x0,0x0,
0x58,0x1f,0x0,0x0,0x88,0x20,0x0,0x0,
0x10,0x21,0x0,0x0,0x80,0x21,0x0,0x0,
0x8,0x22,0x0,0x0,0xd8,0x22,0x0,0x0,
0x60,0x23,0x0,0x0,0xd0,0x23,0x0,0x0,
0xe8,0x24,0x0,0x0,0x88,0x25,0x0,0x0,
0xf8,0x25,0x0,0x0,0x80,0x26,0x0,0x0,
0x98,0x27,0x0,0x0,0x50,0x28,0x0,0x0,
0xc0,0x28,0x0,0x0,0xc0,0x29,0x0,0x0,
0x48,0x2a,0x0,0x0,0x0,0x2b,0x0,0x0,
0x88,0x2b,0x0,0x0,0x58,0x2c,0x0,0x0,
0xe0,0x2c,0x0,0x0,0x50,0x2d,0x0,0x0,
0x8,0x2e,0x0,0x0,0x90,0x2e,0x0,0x0,
0x60,0x2f,0x0,0x0,0xe8,0x2f,0x0,0x0,
0xd0,0x30,0x0,0x0,0x58,0x31,0x0,0x0,
0x28,0x32,0x0,0x0,0x98,0x32,0x0,0x0,
0xe0,0x33,0x0,0x0,0x50,0x34,0x0,0x0,
0x38,0x35,0x0,0x0,0xf0,0x35,0x0,0x0,
0xa8,0x36,0x0,0x0,0x90,0x37,0x0,0x0,
0x48,0x38,0x0,0x0,0xb8,0x38,0x0,0x0,
0x58,0x39,0x0,0x0,0xe0,0x39,0x0,0x0,
0x80,0x3a,0x0,0x0,0x8,0x3b,0x0,0x0,
0xc8,0x3c,0x0,0x0,0x80,0x3d,0x0,0x0,
0x80,0x3e,0x0,0x0,0xb0,0x3f,0x0,0x0,
0x68,0x40,0x0,0x0,0x68,0x41,0x0,0x0,
0x20,0x42,0x0,0x0,0xf0,0x42,0x0,0x0,
0x60,0x43,0x0,0x0,0x60,0x44,0x0,0x0,
0xe8,0x44,0x0,0x0,0x18,0x46,0x0,0x0,
0x88,0x46,0x0,0x0,0xf8,0x46,0x0,0x0,
0x80,0x47,0x0,0x0,0x80,0x48,0x0,0x0,
0x8,0x49,0x0,0x0,0x68,0x4a,0x0,0x0,
0xd8,0x4a,0x0,0x0,0x48,0x4b,0x0,0x0,
0xd0,0x4b,0x0,0x0,0x40,0x4c,0x0,0x0,
0x40,0x4d,0x0,0x0,0xb0,0x4d,0x0,0x0,
0x38,0x4e,0x0,0x0,0x8,0x4f,0x0,0x0,
0xa8,0x4f,0x0,0x0,0x48,0x50,0x0,0x0,
0x48,0x51,0x0,0x0,0xd0,0x51,0x0,0x0,
0x88,0x52,0x0,0x0,0x10,0x53,0x0,0x0,
0xf8,0x53,0x0,0x0,0x80,0x54,0x0,0x0,
0xf0,0x54,0x0,0x0,0x90,0x55,0x0,0x0,
0x18,0x56,0x0,0x0,0x0,0x57,0x0,0x0,
0x88,0x57,0x0,0x0,0x58,0x58,0x0,0x0,
0xe0,0x58,0x0,0x0,0x10,0x5a,0x0,0x0,
0xc8,0x5a,0x0,0x0,0x68,0x5b,0x0,0x0,
0xf0,0x5b,0x0,0x0,0xd8,0x5c,0x0,0x0,
0x60,0x5d,0x0,0x0,0xd0,0x5d,0x0,0x0,
0xe8,0x5e,0x0,0x0,0x58,0x5f,0x0,0x0,
0x40,0x60,0x0,0x0,0xf8,0x60,0x0,0x0,
0xb0,0x61,0x0,0x0,0x98,0x62,0x0,0x0,
0x50,0x63,0x0,0x0,0xc0,0x63,0x0,0x0,
0x60,0x64,0x0,0x0,0xe8,0x64,0x0,0x0,
0x88,0x65,0x0,0x0,0x10,0x66,0x0,0x0,
0xd0,0x67,0x0,0x0,0x88,0x68,0x0,0x0,
0x88,0x69,0x0,0x0,0xb8,0x6a,0x0,0x0,
0x70,0x6b,0x0,0x0,0x70,0x6c,0x0,0x0,
0x28,0x6d,0x0,0x0,0xb0,0x6d,0x0,0x0,
0x20,0x6e,0x0,0x0,0xc0,0x6e,0x0,0x0,
0x30,0x6f,0x0,0x0,0x20,0x70,0x0,0x0,
0xd8,0x70,0x0,0x0,0x48,0x71,0x0,0x0,
0x18,0x72,0x0,0x0,0xa0,0x72,0x0,0x0,
0x58,0x73,0x0,0x0,0xe0,0x73,0x0,0x0,
0x50,0x74,0x0,0x0,0xd8,0x74,0x0,0x0,
0x48,0x75,0x0,0x0,0x18,0x76,0x0,0x0,
0xa0,0x76,0x0,0x0,0x58,0x77,0x0,0x0,
0xe0,0x77,0x0,0x0,0x50,0x78,0x0,0x0,
0xd8,0x78,0x0,0x0,0x48,0x79,0x0,0x0,
0x78,0x7a,0x0,0x0,0x30,0x7b,0x0,0x0,
0xd0,0x7b,0x0,0x0,0x58,0x7c,0x0,0x0,
0x40,0x7d,0x0,0x0,0xc8,0x7d,0x0,0x0,
0x38,0x7e,0x0,0x0,0x58,0x80,0x0,0x0,
0xc8,0x80,0x0,0x0,0xb0,0x81,0x0,0x0,
0x68,0x82,0x0,0x0,0x20,0x83,0x0,0x0,
0x8,0x84,0x0,0x0,0xc0,0x84,0x0,0x0,
0x30,0x85,0x0,0x0,0xd0,0x85,0x0,0x0,
0x58,0x86,0x0,0x0,0xf8,0x86,0x0,0x0,
0x80,0x87,0x0,0x0,0x40,0x89,0x0,0x0,
0xf8,0x89,0x0,0x0,0xf8,0x8a,0x0,0x0,
0x28,0x8c,0x0,0x0,0xe0,0x8c,0x0,0x0,
0xe0,0x8d,0x0,0x0,0x98,0x8e,0x0,0x0,
0x98,0x8f,0x0,0x0,0xe0,0x90,0x0,0x0,
0x98,0x91,0x0,0x0,0x50,0x92,0x0,0x0,
0xc0,0x92,0x0,0x0,0xc0,0x93,0x0,0x0,
0x20,0x95,0x0,0x0,0xd8,0x95,0x0,0x0,
0x90,0x96,0x0,0x0,0x0,0x97,0x0,0x0,
0xb8,0x97,0x0,0x0,0x58,0x98,0x0,0x0,
0x28,0x99,0x0,0x0,0x98,0x99,0x0,0x0,
0x38,0x9a,0x0,0x0,0xc0,0x9a,0x0,0x0,
0x60,0x9b,0x0,0x0,0xe8,0x9b,0x0,0x0,
0x70,0x9c,0x0,0x0,0x28,0x9d,0x0,0x0,
0x98,0x9d,0x0,0x0,0x80,0x9e,0x0,0x0,
0xf0,0x9e,0x0,0x0,0x90,0x9f,0x0,0x0,
0x18,0xa0,0x0,0x0,0xa0,0xa0,0x0,0x0,
0x28,0xa1,0x0,0x0,0xc8,0xa1,0x0,0x0,
0x50,0xa2,0x0,0x0,0x20,0xa3,0x0,0x0,
0xa8,0xa3,0x0,0x0,0x48,0xa4,0x0,0x0,
0xb8,0xa4,0x0,0x0,0x28,0xa5,0x0,0x0,
0x98,0xa5,0x0,0x0,0x38,0xa6,0x0,0x0,
0xa8,0xa6,0x0,0x0,0x18,0xa7,0x0,0x0,
0x88,0xa7,0x0,0x0,0x40,0xa8,0x0,0x0,
0xf8,0xa8,0x0,0x0,0x98,0xa9,0x0,0x0,
0x38,0xaa,0x0,0x0,0xf0,0xaa,0x0,0x0,
0xd8,0xab,0x0,0x0,0x60,0xac,0x0,0x0,
0x30,0xad,0x0,0x0,0xb8,0xad,0x0,0x0,
0x58,0xae,0x0,0x0,0xf8,0xae,0x0,0x0,
0xb0,0xaf,0x0,0x0,0x98,0xb0,0x0,0x0,
0x20,0xb1,0x0,0x0,0xf0,0xb1,0x0,0x0,
0x78,0xb2,0x0,0x0,0x20,0xb4,0x0,0x0,
0x90,0xb4,0x0,0x0,0x18,0xb5,0x0,0x0,
0xe8,0xb5,0x0,0x0,0x58,0xb6,0x0,0x0,
0x10,0xb7,0x0,0x0,0x40,0xb8,0x0,0x0,
0xc8,0xb8,0x0,0x0,0x50,0xb9,0x0,0x0,
0x20,0xba,0x0,0x0,0x38,0xbb,0x0,0x0,
0xd8,0xbb,0x0,0x0,0x90,0xbc,0x0,0x0,
0x18,0xbd,0x0,0x0,0xe8,0xbd,0x0,0x0,
0x88,0xbe,0x0,0x0,0xa0,0xbf,0x0,0x0,
0x40,0xc0,0x0,0x0,0xc8,0xc0,0x0,0x0,
0x50,0xc1,0x0,0x0,0x20,0xc2,0x0,0x0,
0xc0,0xc2,0x0,0x0,0xd0,0xc4,0x0,0x0,
0xa0,0xc5,0x0,0x0,0x88,0xc6,0x0,0x0,
0x10,0xc7,0x0,0x0,0x80,0xc7,0x0,0x0,
0x28,0xc8,0x0,0x0,0x98,0xc8,0x0,0x0,
0xc8,0xc9,0x0,0x0,0x38,0xca,0x0,0x0,
0xa8,0xca,0x0,0x0,0x20,0xcb,0x0,0x0,
0x50,0xcc,0x0,0x0,0x8,0xcd,0x0,0x0,
0xa8,0xcd,0x0,0x0,0x30,0xce,0x0,0x0,
0x18,0xcf,0x0,0x0,0xa0,0xcf,0x0,0x0,
0x10,0xd0,0x0,0x0,0x0,0xd2,0x0,0x0,
0x70,0xd2,0x0,0x0,0x58,0xd3,0x0,0x0,
0x10,0xd4,0x0,0x0,0xc8,0xd4,0x0,0x0,
0xb0,0xd5,0x0,0x0,0x68,0xd6,0x0,0x0,
0xd8,0xd6,0x0,0x0,0x78,0xd7,0x0,0x0,
0x0,0xd8,0x0,0x0,0xa0,0xd8,0x0,0x0,
0x28,0xd9,0x0,0x0,0xe8,0xda,0x0,0x0,
0xa0,0xdb,0x0,0x0,0xa0,0xdc,0x0,0x0,
0xd0,0xdd,0x0,0x0,0x88,0xde,0x0,0x0,
0x88,0xdf,0x0,0x0,0x40,0xe0,0x0,0x0,
0x40,0xe1,0x0,0x0,0x88,0xe2,0x0,0x0,
0x40,0xe3,0x0,0x0,0xf8,0xe3,0x0,0x0,
0x68,0xe4,0x0,0x0,0x68,0xe5,0x0,0x0,
0x98,0xe6,0x0,0x0,0x50,0xe7,0x0,0x0,
0x8,0xe8,0x0,0x0,0x8,0xe9,0x0,0x0,
0x68,0xea,0x0,0x0,0x20,0xeb,0x0,0x0,
0xd8,0xeb,0x0,0x0,0x48,0xec,0x0,0x0,
0x0,0xed,0x0,0x0,0xa0,0xed,0x0,0x0,
0x70,0xee,0x0,0x0,0xe0,0xee,0x0,0x0,
0x80,0xef,0x0,0x0,0x8,0xf0,0x0,0x0,
0xa8,0xf0,0x0,0x0,0x30,0xf1,0x0,0x0,
0xb8,0xf1,0x0,0x0,0x88,0xf2,0x0,0x0,
0xf8,0xf2,0x0,0x0,0xe0,0xf3,0x0,0x0,
0x50,0xf4,0x0,0x0,0xf0,0xf4,0x0,0x0,
0x78,0xf5,0x0,0x0,0x0,0xf6,0x0,0x0,
0x88,0xf6,0x0,0x0,0x28,0xf7,0x0,0x0,
0xb0,0xf7,0x0,0x0,0x80,0xf8,0x0,0x0,
0x8,0xf9,0x0,0x0,0x38,0xfa,0x0,0x0,
0xa8,0xfa,0x0,0x0,0x48,0xfb,0x0,0x0,
0xd0,0xfb,0x0,0x0,0xa0,0xfc,0x0,0x0,
0x28,0xfd,0x0,0x0,0x48,0xfe,0x0,0x0,
0xe8,0xfe,0x0,0x0,0x58,0xff,0x0,0x0,
0x28,0x0,0x1,0x0,0xe0,0x0,0x1,0x0,
0xc8,0x1,0x1,0x0,0x38,0x2,0x1,0x0,
0xc0,0x2,0x1,0x0,0xa8,0x3,0x1,0x0,
0x18,0x4,0x1,0x0,0xa0,0x4,0x1,0x0,
0x88,0x5,0x1,0x0,0xf8,0x5,0x1,0x0,
0x80,0x6,0x1,0x0,0x38,0x7,0x1,0x0,
0x20,0x8,0x1,0x0,0x90,0x8,0x1,0x0,
0x18,0x9,0x1,0x0,0x18,0xa,0x1,0x0,
0x88,0xa,0x1,0x0,0x10,0xb,0x1,0x0,
0xf8,0xb,0x1,0x0,0x80,0xc,0x1,0x0,
0xf0,0xc,0x1,0x0,0xd8,0xd,0x1,0x0,
0x48,0xe,0x1,0x0,0xd0,0xe,0x1,0x0,
0x88,0xf,0x1,0x0,0x70,0x10,0x1,0x0,
0xe0,0x10,0x1,0x0,0x68,0x11,0x1,0x0,
0x50,0x12,0x1,0x0,0xc0,0x12,0x1,0x0,
0x48,0x13,0x1,0x0,0x30,0x14,0x1,0x0,
0xa0,0x14,0x1,0x0,0x28,0x15,0x1,0x0,
0xe0,0x15,0x1,0x0,0x0,0x17,0x1,0x0,
0x70,0x17,0x1,0x0,0x88,0x18,0x1,0x0,
0x28,0x19,0x1,0x0,0xe0,0x19,0x1,0x0,
0x68,0x1a,0x1,0x0,0x80,0x1b,0x1,0x0,
0x8,0x1c,0x1,0x0,0xc0,0x1c,0x1,0x0,
0x48,0x1d,0x1,0x0,0x60,0x1e,0x1,0x0,
0xe8,0x1e,0x1,0x0,0xa0,0x1f,0x1,0x0,
0x28,0x20,0x1,0x0,0x38,0x22,0x1,0x0,
0x8,0x23,0x1,0x0,0xf0,0x23,0x1,0x0,
0x78,0x24,0x1,0x0,0xe8,0x24,0x1,0x0,
0x90,0x25,0x1,0x0,0x0,0x26,0x1,0x0,
0x30,0x27,0x1,0x0,0xa0,0x27,0x1,0x0,
0x10,0x28,0x1,0x0,0x88,0x28,0x1,0x0,
0xd0,0x29,0x1,0x0,0x88,0x2a,0x1,0x0,
0x28,0x2b,0x1,0x0,0xb0,0x2b,0x1,0x0,
0x98,0x2c,0x1,0x0,0x20,0x2d,0x1,0x0,
0x6,0x0,0x0,0x0,0x7,0x0,0x0,0x0,
0x0,0x0,0xff,0xff,0xff,0xff,0xff,0xff,
0x0,0x0,0x1,0x0,0x54,0x0,0x0,0x0,
0x54,0x0,0x0,0x0,0x60,0x0,0x0,0x0,
0x0,0x0,0x0,0x0,0x60,0x0,0x0,0x0,
0x60,0x0,0x0,0x0,0x0,0x0,0xb,0x0,
0x60,0x0,0x0,0x0,0x0,0x0,0x0,0x0,
0x68,0x1,0x0,0x0,0x9,0x0,0x10,0x0,
0xa,0x0,0x50,0x0,0x68,0x1,0x0,0x0,
0x0,0x0,0x0,0x0,0x68,0x1,0x0,0x0,
0x0,0x0,0x0,0x0,0xf,0x0,0x0,0x0,
0x2,0x0,0x0,0x20,0x11,0x0,0x50,0x0,
0xf,0x0,0x0,0x0,0x0,0x0,0x1,0x0,
0x0,0x0,0x0,0x0,0x0,0x0,0x0,0x0,
0x11,0x0,0x30,0x1,0x11,0x0,0xf0,0x1,
0xd,0x0,0x0,0x0,0x0,0x0,0x3,0x0,
0x0,0x0,0x0,0x0,0xe,0x0,0x0,0x0,
0xe,0x0,0x50,0x0,0xe,0x0,0xc0,0x0,
0xb,0x0,0x0,0x0,0x0,0x0,0x5,0x0,
0x0,0x0,0x0,0x0,0x0,0x0,0x0,0x0,
0xd,0x0,0x50,0x0,0xd,0x0,0xc0,0x0,
0x9,0x0,0x0,0x0,0x0,0x0,0x7,0x0,
0x0,0x0,0x0,0x0,0x0,0x0,0x0,0x0,
0xc,0x0,0x50,0x0,0xc,0x0,0x10,0x1,
0x8,0x0,0x0,0x0,0x0,0x0,0x1,0x0,
0x1,0x0,0x0,0x0,0x0,0x0,0x0,0x0,
0xb,0x0,0x50,0x0,0xb,0x0,0xe0,0x0,
0x0,0x0,0x0,0x0,0x0,0x0,0x8,0x0,
0x1,0x0,0x0,0x0,0x0,0x0,0x0,0x0,
0x14,0x0,0x50,0x0,0x14,0x0,0x50,0x0,
0x0,0x0,0x0,0x0,0x0,0x0,0x8,0x0,
0xa,0x0,0x0,0x0,0x0,0x0,0x0,0x0,
0x40,0x0,0x50,0x0,0x40,0x0,0x50,0x0,
0x0,0x0,0x0,0x0,0x0,0x0,0x8,0x0,
0x3c,0x0,0x0,0x0,0x0,0x0,0x0,0x0,
0x47,0x1,0x50,0x0,0x47,0x1,0x50,0x0,
0x0,0x0,0x0,0x0,0x0,0x0,0x8,0x0,
0x78,0x0,0x0,0x0,0x0,0x0,0x0,0x0,
0x84,0x2,0x50,0x0,0x84,0x2,0x50,0x0,
0x0,0x0,0x0,0x0,0x0,0x0,0x8,0x0,
0xa7,0x0,0x0,0x0,0x0,0x0,0x0,0x0,
0x62,0x3,0x50,0x0,0x62,0x3,0x50,0x0,
0x0,0x0,0x0,0x0,0x0,0x0,0x8,0x0,
0x19,0x1,0x0,0x0,0x0,0x0,0x0,0x0,
0x1c,0x6,0x10,0x0,0x1c,0x6,0x10,0x0,
0x10,0x0,0x0,0x0,0x11,0x0,0x0,0x0,
0x0,0x0,0xff,0xff,0xff,0xff,0xff,0xff,
0x0,0x0,0x0,0x0,0x54,0x0,0x0,0x0,
0x54,0x0,0x0,0x0,0x54,0x0,0x0,0x0,
0x0,0x0,0x0,0x0,0x54,0x0,0x0,0x0,
0x54,0x0,0x0,0x0,0x0,0x0,0x7,0x0,
0x54,0x0,0x0,0x0,0x0,0x0,0x0,0x0,
0xfc,0x0,0x0,0x0,0x14,0x0,0x50,0x0,
0x15,0x0,0x90,0x0,0xfc,0x0,0x0,0x0,
0x0,0x0,0x0,0x0,0xfc,0x0,0x0,0x0,
0x0,0x0,0x0,0x0,0x16,0x0,0x0,0x0,
0x0,0x0,0x2,0x0,0x0,0x0,0x0,0x0,
0x0,0x0,0x0,0x0,0x19,0x0,0x90,0x0,
0x19,0x0,0xc0,0x0,0x8,0x0,0x0,0x0,
0x0,0x0,0x7,0x0,0x1,0x0,0x0,0x0,
0x0,0x0,0x0,0x0,0x18,0x0,0x90,0x0,
0x18,0x0,0x20,0x1,0xd,0x0,0x0,0x0,
0x0,0x0,0x3,0x0,0x0,0x0,0x0,0x0,
0xe,0x0,0x0,0x0,0x17,0x0,0x90,0x0,
0x17,0x0,0x0,0x1,0x0,0x0,0x0,0x0,
0x0,0x0,0x8,0x0,0x3,0x0,0x0,0x0,
0x0,0x0,0x0,0x0,0x1b,0x0,0x90,0x0,
0x1b,0x0,0x90,0x0,0x0,0x0,0x0,0x0,
0x0,0x0,0x8,0x0,0x5,0x0,0x0,0x0,
0x0,0x0,0x0,0x0,0x25,0x0,0x90,0x0,
0x25,0x0,0x90,0x0,0x0,0x0,0x0,0x0,
0x0,0x0,0x8,0x0,0x6,0x0,0x0,0x0,
0x0,0x0,0x0,0x0,0x2c,0x0,0x90,0x0,
0x2c,0x0,0x90,0x0,0x12,0x0,0x0,0x0,
0x0,0x0,0xa,0x0,0x2,0x0,0x0,0x0,
0x0,0x0,0x0,0x0,0x16,0x0,0x90,0x0,
0x16,0x0,0x10,0x1,0x0,0x0,0x0,0x0,
0x0,0x0,0x0,0x0,0x0,0x0,0x0,0x0,
0x0,0x0,0xff,0xff,0xff,0xff,0xff,0xff,
0x0,0x0,0x0,0x0,0x54,0x0,0x0,0x0,
0x54,0x0,0x0,0x0,0x54,0x0,0x0,0x0,
0x0,0x0,0x0,0x0,0x54,0x0,0x0,0x0,
0x54,0x0,0x0,0x0,0x0,0x0,0x1,0x0,
0x54,0x0,0x0,0x0,0x0,0x0,0x0,0x0,
0x6c,0x0,0x0,0x0,0x16,0x0,0x90,0x0,
0x0,0x0,0x0,0x0,0x6c,0x0,0x0,0x0,
0x0,0x0,0x0,0x0,0x6c,0x0,0x0,0x0,
0x0,0x0,0x0,0x0,0x13,0x0,0x0,0x0,
0x0,0x0,0x7,0x0,0x2,0x0,0x0,0x0,
0x0,0x0,0x0,0x0,0x16,0x0,0x10,0x1,
0x16,0x0,0x70,0x1,0x0,0x0,0x0,0x0,
0x17,0x0,0x0,0x0,0x18,0x0,0x0,0x0,
0x0,0x0,0xff,0xff,0xff,0xff,0xff,0xff,
0x0,0x0,0x0,0x0,0x54,0x0,0x0,0x0,
0x54,0x0,0x0,0x0,0x54,0x0,0x0,0x0,
0x0,0x0,0x0,0x0,0x54,0x0,0x0,0x0,
0x54,0x0,0x0,0x0,0x0,0x0,0x6,0x0,
0x54,0x0,0x0,0x0,0x0,0x0,0x0,0x0,
0xe4,0x0,0x0,0x0,0x1b,0x0,0x90,0x0,
0x1c,0x0,0xd0,0x0,0xe4,0x0,0x0,0x0,
0x0,0x0,0x0,0x0,0xe4,0x0,0x0,0x0,
0x0,0x0,0x0,0x0,0x21,0x0,0x0,0x0,
0x0,0x0,0x2,0x0,0x2,0x0,0x0,0x0,
0x0,0x0,0x0,0x0,0x22,0x0,0xd0,0x0,
0x22,0x0,0x60,0x1,0x1f,0x0,0x0,0x0,
0x0,0x0,0x7,0x0,0x3,0x0,0x0,0x0,
0x0,0x0,0x0,0x0,0x21,0x0,0xd0,0x0,
0x21,0x0,0x70,0x1,0x1e,0x0,0x0,0x0,
0x0,0x0,0x2,0x0,0x1,0x0,0x0,0x0,
0x0,0x0,0x0,0x0,0x20,0x0,0xd0,0x0,
0x20,0x0,0x50,0x1,0x1d,0x0,0x0,0x0,
0x0,0x0,0x2,0x0,0x1,0x0,0x0,0x0,
0x0,0x0,0x0,0x0,0x1f,0x0,0xd0,0x0,
0x1f,0x0,0x40,0x1,0x19,0x0,0x0,0x0,
0x0,0x0,0x3,0x0,0x0,0x0,0x0,0x0,
0x1a,0x0,0x0,0x0,0x1d,0x0,0xd0,0x0,
0x1d,0x0,0x50,0x1,0x12,0x0,0x0,0x0,
0x0,0x0,0xa,0x0,0x4,0x0,0x0,0x0,
0x0,0x0,0x0,0x0,0x1e,0x0,0xd0,0x0,
0x1e,0x0,0x50,0x1,0x0,0x0,0x0,0x0,
0x0,0x0,0x0,0x0,0x0,0x0,0x0,0x0,
0x0,0x0,0xff,0xff,0xff,0xff,0xff,0xff,
0x0,0x0,0x0,0x0,0x54,0x0,0x0,0x0,
0x54,0x0,0x0,0x0,0x54,0x0,0x0,0x0,
0x0,0x0,0x0,0x0,0x54,0x0,0x0,0x0,
0x54,0x0,0x0,0x0,0x0,0x0,0x1,0x0,
0x54,0x0,0x0,0x0,0x0,0x0,0x0,0x0,
0x6c,0x0,0x0,0x0,0x1e,0x0,0xd0,0x0,
0x0,0x0,0x0,0x0,0x6c,0x0,0x0,0x0,
0x0,0x0,0x0,0x0,0x6c,0x0,0x0,0x0,
0x0,0x0,0x0,0x0,0x1b,0x0,0x0,0x0,
0x0,0x0,0x7,0x0,0x4,0x0,0x0,0x0,
0x0,0x0,0x0,0x0,0x1e,0x0,0x50,0x1,
0x1e,0x0,0xf0,0x1,0x0,0x0,0x0,0x0,
0x22,0x0,0x0,0x0,0x0,0x0,0x0,0x0,
0x0,0x0,0xff,0xff,0xff,0xff,0xff,0xff,
0x0,0x0,0x0,0x0,0x54,0x0,0x0,0x0,
0x54,0x0,0x0,0x0,0x54,0x0,0x0,0x0,
0x0,0x0,0x0,0x0,0x54,0x0,0x0,0x0,
0x54,0x0,0x0,0x0,0x0,0x0,0x4,0x0,
0x54,0x0,0x0,0x0,0x0,0x0,0x0,0x0,
0xb4,0x0,0x0,0x0,0x25,0x0,0x90,0x0,
0x0,0x0,0x0,0x0,0xb4,0x0,0x0,0x0,
0x0,0x0,0x0,0x0,0xb4,0x0,0x0,0x0,
0x0,0x0,0x0,0x0,0x26,0x0,0x0,0x0,
0x0,0x0,0x7,0x0,0x5,0x0,0x0,0x0,
0x0,0x0,0x0,0x0,0x29,0x0,0xd0,0x0,
0x29,0x0,0xa0,0x1,0x25,0x0,0x0,0x0,
0x0,0x0,0x1,0x0,0x0,0x0,0x0,0x0,
0x0,0x0,0x0,0x0,0x28,0x0,0xd0,0x0,
0x28,0x0,0x50,0x1,0x24,0x0,0x0,0x0,
0x0,0x0,0x1,0x0,0x1,0x0,0x0,0x0,
0x0,0x0,0x0,0x0,0x27,0x0,0xd0,0x0,
0x27,0x0,0x60,0x1,0x23,0x0,0x0,0x0,
0x0,0x0,0x2,0x0,0x3,0x0,0x0,0x0,
0x0,0x0,0x0,0x0,0x26,0x0,0xd0,0x0,
0x26,0x0,0x70,0x1,0x0,0x0,0x0,0x0,
0x28,0x0,0x0,0x0,0x29,0x0,0x0,0x0,
0x0,0x0,0xff,0xff,0xff,0xff,0xff,0xff,
0x0,0x0,0x0,0x0,0x54,0x0,0x0,0x0,
0x54,0x0,0x0,0x0,0x54,0x0,0x0,0x0,
0x0,0x0,0x0,0x0,0x54,0x0,0x0,0x0,
0x54,0x0,0x0,0x0,0x0,0x0,0x2,0x0,
0x54,0x0,0x0,0x0,0x0,0x0,0x0,0x0,
0x84,0x0,0x0,0x0,0x2c,0x0,0x90,0x0,
0x2d,0x0,0xd0,0x0,0x84,0x0,0x0,0x0,
0x0,0x0,0x0,0x0,0x84,0x0,0x0,0x0,
0x0,0x0,0x0,0x0,0x0,0x0,0x0,0x0,
0x0,0x0,0x8,0x0,0x7,0x0,0x0,0x0,
0x0,0x0,0x0,0x0,0x2e,0x0,0xd0,0x0,
0x2e,0x0,0xd0,0x0,0x0,0x0,0x0,0x0,
0x0,0x0,0x8,0x0,0x9,0x0,0x0,0x0,
0x0,0x0,0x0,0x0,0x36,0x0,0xd0,0x0,
0x36,0x0,0xd0,0x0,0x0,0x0,0x0,0x0,
0x2a,0x0,0x0,0x0,0x0,0x0,0x0,0x0,
0x0,0x0,0xff,0xff,0xff,0xff,0xff,0xff,
0x0,0x0,0x0,0x0,0x54,0x0,0x0,0x0,
0x54,0x0,0x0,0x0,0x54,0x0,0x0,0x0,
0x0,0x0,0x0,0x0,0x54,0x0,0x0,0x0,
0x54,0x0,0x0,0x0,0x0,0x0,0x6,0x0,
0x54,0x0,0x0,0x0,0x0,0x0,0x0,0x0,
0xe4,0x0,0x0,0x0,0x2e,0x0,0xd0,0x0,
0x0,0x0,0x0,0x0,0xe4,0x0,0x0,0x0,
0x0,0x0,0x0,0x0,0xe4,0x0,0x0,0x0,
0x0,0x0,0x0,0x0,0x30,0x0,0x0,0x0,
0x0,0x0,0x2,0x0,0x0,0x0,0x0,0x0,
0x0,0x0,0x0,0x0,0x33,0x0,0x10,0x1,
0x33,0x0,0xb0,0x1,0x2f,0x0,0x0,0x0,
0x0,0x0,0x2,0x0,0x4,0x0,0x0,0x0,
0x0,0x0,0x0,0x0,0x32,0x0,0x10,0x1,
0x32,0x0,0x50,0x1,0x2e,0x0,0x0,0x0,
0x0,0x0,0x2,0x0,0x2,0x0,0x0,0x0,
0x0,0x0,0x0,0x0,0x31,0x0,0x10,0x1,
0x31,0x0,0x70,0x1,0x2d,0x0,0x0,0x0,
0x0,0x0,0x3,0x0,0x0,0x0,0x0,0x0,
0x21,0x0,0x0,0x0,0x30,0x0,0x10,0x1,
0x30,0x0,0xb0,0x1,0x2b,0x0,0x0,0x0,
0x0,0x0,0x7,0x0,0x6,0x0,0x0,0x0,
0x0,0x0,0x0,0x0,0x2f,0x0,0x10,0x1,
0x2f,0x0,0x90,0x1,0x31,0x0,0x0,0x0,
0x0,0x0,0xa,0x0,0x8,0x0,0x0,0x0,
0x0,0x0,0x0,0x0,0x34,0x0,0x10,0x1,
0x34,0x0,0x80,0x1,0x0,0x0,0x0,0x0,
0x0,0x0,0x0,0x0,0x0,0x0,0x0,0x0,
0x0,0x0,0xff,0xff,0xff,0xff,0xff,0xff,
0x0,0x0,0x0,0x0,0x54,0x0,0x0,0x0,
0x54,0x0,0x0,0x0,0x54,0x0,0x0,0x0,
0x0,0x0,0x0,0x0,0x54,0x0,0x0,0x0,
0x54,0x0,0x0,0x0,0x0,0x0,0x1,0x0,
0x54,0x0,0x0,0x0,0x0,0x0,0x0,0x0,
0x6c,0x0,0x0,0x0,0x34,0x0,0x10,0x1,
0x0,0x0,0x0,0x0,0x6c,0x0,0x0,0x0,
0x0,0x0,0x0,0x0,0x6c,0x0,0x0,0x0,
0x0,0x0,0x0,0x0,0x32,0x0,0x0,0x0,
0x0,0x0,0x7,0x0,0x7,0x0,0x0,0x0,
0x0,0x0,0x0,0x0,0x34,0x0,0x80,0x1,
0x34,0x0,0xe0,0x1,0x0,0x0,0x0,0x0,
0x34,0x0,0x0,0x0,0x0,0x0,0x0,0x0,
0x0,0x0,0xff,0xff,0xff,0xff,0xff,0xff,
0x0,0x0,0x0,0x0,0x54,0x0,0x0,0x0,
0x54,0x0,0x0,0x0,0x54,0x0,0x0,0x0,
0x0,0x0,0x0,0x0,0x54,0x0,0x0,0x0,
0x54,0x0,0x0,0x0,0x0,0x0,0x1,0x0,
0x54,0x0,0x0,0x0,0x0,0x0,0x0,0x0,
0x6c,0x0,0x0,0x0,0x36,0x0,0xd0,0x0,
0x0,0x0,0x0,0x0,0x6c,0x0,0x0,0x0,
0x0,0x0,0x0,0x0,0x6c,0x0,0x0,0x0,
0x0,0x0,0x0,0x0,0x35,0x0,0x0,0x0,
0x0,0x0,0x7,0x0,0x8,0x0,0x0,0x0,
0x0,0x0,0x0,0x0,0x37,0x0,0x10,0x1,
0x37,0x0,0x90,0x1,0x0,0x0,0x0,0x0,
0x37,0x0,0x0,0x0,0x38,0x0,0x0,0x0,
0x0,0x0,0xff,0xff,0xff,0xff,0xff,0xff,
0x0,0x0,0x0,0x0,0x54,0x0,0x0,0x0,
0x54,0x0,0x0,0x0,0x54,0x0,0x0,0x0,
0x0,0x0,0x0,0x0,0x54,0x0,0x0,0x0,
0x54,0x0,0x0,0x0,0x0,0x0,0x4,0x0,
0x54,0x0,0x0,0x0,0x0,0x0,0x0,0x0,
0xb4,0x0,0x0,0x0,0x40,0x0,0x50,0x0,
0x41,0x0,0x90,0x0,0xb4,0x0,0x0,0x0,
0x0,0x0,0x0,0x0,0xb4,0x0,0x0,0x0,
0x0,0x0,0x0,0x0,0x8,0x0,0x0,0x0,
0x0,0x0,0x1,0x0,0x1,0x0,0x0,0x0,
0x0,0x0,0x0,0x0,0x43,0x0,0x90,0x0,
0x43,0x0,0x20,0x1,0x0,0x0,0x0,0x0,
0x0,0x0,0x8,0x0,0xc,0x0,0x0,0x0,
0x0,0x0,0x0,0x0,0x46,0x0,0x90,0x0,
0x46,0x0,0x90,0x0,0x0,0x0,0x0,0x0,
0x0,0x0,0x8,0x0,0x16,0x0,0x0,0x0,
0x0,0x0,0x0,0x0,0x77,0x0,0x90,0x0,
0x77,0x0,0x90,0x0,0x12,0x0,0x0,0x0,
0x0,0x0,0xa,0x0,0xb,0x0,0x0,0x0,
0x0,0x0,0x0,0x0,0x42,0x0,0x90,0x0,
0x42,0x0,0x10,0x1,0x0,0x0,0x0,0x0,
0x0,0x0,0x0,0x0,0x0,0x0,0x0,0x0,
0x0,0x0,0xff,0xff,0xff,0xff,0xff,0xff,
0x0,0x0,0x0,0x0,0x54,0x0,0x0,0x0,
0x54,0x0,0x0,0x0,0x54,0x0,0x0,0x0,
0x0,0x0,0x0,0x0,0x54,0x0,0x0,0x0,
0x54,0x0,0x0,0x0,0x0,0x0,0x1,0x0,
0x54,0x0,0x0,0x0,0x0,0x0,0x0,0x0,
0x6c,0x0,0x0,0x0,0x42,0x0,0x90,0x0,
0x0,0x0,0x0,0x0,0x6c,0x0,0x0,0x0,
0x0,0x0,0x0,0x0,0x6c,0x0,0x0,0x0,
0x0,0x0,0x0,0x0,0x13,0x0,0x0,0x0,
0x0,0x0,0x7,0x0,0x9,0x0,0x0,0x0,
0x0,0x0,0x0,0x0,0x42,0x0,0x10,0x1,
0x42,0x0,0x70,0x1,0x0,0x0,0x0,0x0,
0x37,0x0,0x0,0x0,0x39,0x0,0x0,0x0,
0x0,0x0,0xff,0xff,0xff,0xff,0xff,0xff,
0x0,0x0,0x2,0x0,0x54,0x0,0x0,0x0,
0x54,0x0,0x0,0x0,0x6c,0x0,0x0,0x0,
0x0,0x0,0x0,0x0,0x6c,0x0,0x0,0x0,
0x6c,0x0,0x0,0x0,0x0,0x0,0x5,0x0,
0x6c,0x0,0x0,0x0,0x0,0x0,0x0,0x0,
0xe4,0x0,0x0,0x0,0x46,0x0,0x90,0x0,
0x47,0x0,0xd0,0x0,0xe4,0x0,0x0,0x0,
0x0,0x0,0x0,0x0,0xe4,0x0,0x0,0x0,
0x0,0x0,0x0,0x0,0x40,0x0,0x0,0x0,
0x4,0x0,0x0,0x20,0x4d,0x0,0xd0,0x0,
0x42,0x0,0x0,0x0,0x4,0x0,0x0,0x20,
0x4e,0x0,0xd0,0x0,0x42,0x0,0x0,0x0,
0x0,0x0,0x7,0x0,0xb,0x0,0x0,0x0,
0x0,0x0,0x0,0x0,0x4e,0x0,0xd0,0x1,
0x4e,0x0,0xa0,0x2,0x40,0x0,0x0,0x0,
0x0,0x0,0x7,0x0,0xa,0x0,0x0,0x0,
0x0,0x0,0x0,0x0,0x4d,0x0,0xd0,0x1,
0x4d,0x0,0xa0,0x2,0x0,0x0,0x0,0x0,
0x0,0x0,0x8,0x0,0xe,0x0,0x0,0x0,
0x0,0x0,0x0,0x0,0x50,0x0,0xd0,0x0,
0x50,0x0,0xd0,0x0,0x0,0x0,0x0,0x0,
0x0,0x0,0x8,0x0,0xf,0x0,0x0,0x0,
0x0,0x0,0x0,0x0,0x5a,0x0,0xd0,0x0,
0x5a,0x0,0xd0,0x0,0x12,0x0,0x0,0x0,
0x0,0x0,0xa,0x0,0xd,0x0,0x0,0x0,
0x0,0x0,0x0,0x0,0x48,0x0,0xd0,0x0,
0x48,0x0,0x50,0x1,0x0,0x0,0x0,0x0,
0x0,0x0,0x0,0x0,0x0,0x0,0x0,0x0,
0x0,0x0,0xff,0xff,0xff,0xff,0xff,0xff,
0x0,0x0,0x0,0x0,0x54,0x0,0x0,0x0,
0x54,0x0,0x0,0x0,0x54,0x0,0x0,0x0,
0x0,0x0,0x0,0x0,0x54,0x0,0x0,0x0,
0x54,0x0,0x0,0x0,0x0,0x0,0x4,0x0,
0x54,0x0,0x0,0x0,0x0,0x0,0x0,0x0,
0xb4,0x0,0x0,0x0,0x48,0x0,0xd0,0x0,
0x0,0x0,0x0,0x0,0xb4,0x0,0x0,0x0,
0x0,0x0,0x0,0x0,0xb4,0x0,0x0,0x0,
0x0,0x0,0x0,0x0,0x3f,0x0,0x0,0x0,
0x0,0x0,0x2,0x0,0x5,0x0,0x0,0x0,
0x0,0x0,0x0,0x0,0x4b,0x0,0x50,0x1,
0x4b,0x0,0x20,0x2,0x3e,0x0,0x0,0x0,
0x0,0x0,0x2,0x0,0x5,0x0,0x0,0x0,
0x0,0x0,0x0,0x0,0x4a,0x0,0x50,0x1,
0x4a,0x0,0x0,0x2,0x3c,0x0,0x0,0x0,
0x0,0x0,0x7,0x0,0xd,0x0,0x0,0x0,
0x0,0x0,0x0,0x0,0x49,0x0,0x50,0x1,
0x49,0x0,0xc0,0x1,0x3a,0x0,0x0,0x0,
0x0,0x0,0x7,0x0,0xc,0x0,0x0,0x0,
0x0,0x0,0x0,0x0,0x48,0x0,0x50,0x1,
0x48,0x0,0xa0,0x1,0x0,0x0,0x0,0x0,
0x22,0x0,0x0,0x0,0x0,0x0,0x0,0x0,
0x0,0x0,0xff,0xff,0xff,0xff,0xff,0xff,
0x0,0x0,0x0,0x0,0x54,0x0,0x0,0x0,
0x54,0x0,0x0,0x0,0x54,0x0,0x0,0x0,
0x0,0x0,0x0,0x0,0x54,0x0,0x0,0x0,
0x54,0x0,0x0,0x0,0x0,0x0,0x4,0x0,
0x54,0x0,0x0,0x0,0x0,0x0,0x0,0x0,
0xb4,0x0,0x0,0x0,0x50,0x0,0xd0,0x0,
0x0,0x0,0x0,0x0,0xb4,0x0,0x0,0x0,
0x0,0x0,0x0,0x0,0xb4,0x0,0x0,0x0,
0x0,0x0,0x0,0x0,0x26,0x0,0x0,0x0,
0x0,0x0,0x7,0x0,0xe,0x0,0x0,0x0,
0x0,0x0,0x0,0x0,0x54,0x0,0x10,0x1,
0x54,0x0,0xe0,0x1,0x25,0x0,0x0,0x0,
0x0,0x0,0x1,0x0,0x1,0x0,0x0,0x0,
0x0,0x0,0x0,0x0,0x53,0x0,0x10,0x1,
0x53,0x0,0x90,0x1,0x24,0x0,0x0,0x0,
0x0,0x0,0x1,0x0,0x1,0x0,0x0,0x0,
0x0,0x0,0x0,0x0,0x52,0x0,0x10,0x1,
0x52,0x0,0xa0,0x1,0x23,0x0,0x0,0x0,
0x0,0x0,0x2,0x0,0x0,0x0,0x0,0x0,
0x0,0x0,0x0,0x0,0x51,0x0,0x10,0x1,
0x51,0x0,0xb0,0x1,0x0,0x0,0x0,0x0,
0x10,0x0,0x0,0x0,0x0,0x0,0x0,0x0,
0x0,0x0,0xff,0xff,0xff,0xff,0xff,0xff,
0x0,0x0,0x0,0x0,0x54,0x0,0x0,0x0,
0x54,0x0,0x0,0x0,0x54,0x0,0x0,0x0,
0x0,0x0,0x0,0x0,0x54,0x0,0x0,0x0,
0x54,0x0,0x0,0x0,0x0,0x0,0x6,0x0,
0x54,0x0,0x0,0x0,0x0,0x0,0x0,0x0,
0xe4,0x0,0x0,0x0,0x5a,0x0,0xd0,0x0,
0x0,0x0,0x0,0x0,0xe4,0x0,0x0,0x0,
0x0,0x0,0x0,0x0,0xe4,0x0,0x0,0x0,
0x0,0x0,0x0,0x0,0xd,0x0,0x0,0x0,
0x0,0x0,0x3,0x0,0x0,0x0,0x0,0x0,
0xe,0x0,0x0,0x0,0x5f,0x0,0x10,0x1,
0x5f,0x0,0x80,0x1,0x1e,0x0,0x0,0x0,
0x0,0x0,0x2,0x0,0x8,0x0,0x0,0x0,
0x0,0x0,0x0,0x0,0x5e,0x0,0x10,0x1,
0x5e,0x0,0x90,0x1,0x1d,0x0,0x0,0x0,
0x0,0x0,0x2,0x0,0x7,0x0,0x0,0x0,
0x0,0x0,0x0,0x0,0x5d,0x0,0x10,0x1,
0x5d,0x0,0x80,0x1,0x45,0x0,0x0,0x0,
0x0,0x0,0x2,0x0,0x4,0x0,0x0,0x0,
0x0,0x0,0x0,0x0,0x5c,0x0,0x10,0x1,
0x5c,0x0,0x40,0x1,0x44,0x0,0x0,0x0,
0x0,0x0,0x2,0x0,0x6,0x0,0x0,0x0,
0x0,0x0,0x0,0x0,0x5b,0x0,0x10,0x1,
0x5b,0x0,0x40,0x1,0x0,0x0,0x0,0x0,
0x0,0x0,0x8,0x0,0x10,0x0,0x0,0x0,
0x0,0x0,0x0,0x0,0x61,0x0,0x10,0x1,
0x61,0x0,0x10,0x1,0x0,0x0,0x0,0x0,
0x46,0x0,0x0,0x0,0x0,0x0,0x0,0x0,
0x0,0x0,0xff,0xff,0xff,0xff,0xff,0xff,
0x0,0x0,0x0,0x0,0x54,0x0,0x0,0x0,
0x54,0x0,0x0,0x0,0x54,0x0,0x0,0x0,
0x0,0x0,0x0,0x0,0x54,0x0,0x0,0x0,
0x54,0x0,0x0,0x0,0x0,0x0,0x4,0x0,
0x54,0x0,0x0,0x0,0x0,0x0,0x0,0x0,
0xb4,0x0,0x0,0x0,0x61,0x0,0x10,0x1,
0x0,0x0,0x0,0x0,0xb4,0x0,0x0,0x0,
0x0,0x0,0x0,0x0,0xb4,0x0,0x0,0x0,
0x0,0x0,0x0,0x0,0x47,0x0,0x0,0x0,
0x0,0x0,0x2,0x0,0x9,0x0,0x0,0x0,
0x0,0x0,0x0,0x0,0x63,0x0,0x50,0x1,
0x63,0x0,0xe0,0x1,0x0,0x0,0x0,0x0,
0x0,0x0,0x8,0x0,0x12,0x0,0x0,0x0,
0x0,0x0,0x0,0x0,0x65,0x0,0x50,0x1,
0x65,0x0,0x50,0x1,0x0,0x0,0x0,0x0,
0x0,0x0,0x8,0x0,0x14,0x0,0x0,0x0,
0x0,0x0,0x0,0x0,0x6c,0x0,0x50,0x1,
0x6c,0x0,0x50,0x1,0x12,0x0,0x0,0x0,
0x0,0x0,0xa,0x0,0x11,0x0,0x0,0x0,
0x0,0x0,0x0,0x0,0x62,0x0,0x50,0x1,
0x62,0x0,0xd0,0x1,0x0,0x0,0x0,0x0,
0x0,0x0,0x0,0x0,0x0,0x0,0x0,0x0,
0x0,0x0,0xff,0xff,0xff,0xff,0xff,0xff,
0x0,0x0,0x0,0x0,0x54,0x0,0x0,0x0,
0x54,0x0,0x0,0x0,0x54,0x0,0x0,0x0,
0x0,0x0,0x0,0x0,0x54,0x0,0x0,0x0,
0x54,0x0,0x0,0x0,0x0,0x0,0x1,0x0,
0x54,0x0,0x0,0x0,0x0,0x0,0x0,0x0,
0x6c,0x0,0x0,0x0,0x62,0x0,0x50,0x1,
0x0,0x0,0x0,0x0,0x6c,0x0,0x0,0x0,
0x0,0x0,0x0,0x0,0x6c,0x0,0x0,0x0,
0x0,0x0,0x0,0x0,0x1b,0x0,0x0,0x0,
0x0,0x0,0x7,0x0,0xf,0x0,0x0,0x0,
0x0,0x0,0x0,0x0,0x62,0x0,0xd0,0x1,
0x62,0x0,0x70,0x2,0x0,0x0,0x0,0x0,
0x48,0x0,0x0,0x0,0x0,0x0,0x0,0x0,
0x0,0x0,0xff,0xff,0xff,0xff,0xff,0xff,
0x0,0x0,0x0,0x0,0x54,0x0,0x0,0x0,
0x54,0x0,0x0,0x0,0x54,0x0,0x0,0x0,
0x0,0x0,0x0,0x0,0x54,0x0,0x0,0x0,
0x54,0x0,0x0,0x0,0x0,0x0,0x3,0x0,
0x54,0x0,0x0,0x0,0x0,0x0,0x0,0x0,
0x9c,0x0,0x0,0x0,0x65,0x0,0x50,0x1,
0x0,0x0,0x0,0x0,0x9c,0x0,0x0,0x0,
0x0,0x0,0x0,0x0,0x9c,0x0,0x0,0x0,
0x0,0x0,0x0,0x0,0xd,0x0,0x0,0x0,
0x0,0x0,0x3,0x0,0x0,0x0,0x0,0x0,
0x4e,0x0,0x0,0x0,0x69,0x0,0x90,0x1,
0x69,0x0,0x0,0x2,0x49,0x0,0x0,0x0,
0x0,0x0,0x7,0x0,0x10,0x0,0x0,0x0,
0x0,0x0,0x0,0x0,0x66,0x0,0x90,0x1,
0x66,0x0,0xf0,0x1,0x4b,0x0,0x0,0x0,
0x0,0x0,0xa,0x0,0x13,0x0,0x0,0x0,
0x0,0x0,0x0,0x0,0x67,0x0,0x90,0x1,
0x67,0x0,0xe0,0x1,0x0,0x0,0x0,0x0,
0x0,0x0,0x0,0x0,0x0,0x0,0x0,0x0,
0x0,0x0,0xff,0xff,0xff,0xff,0xff,0xff,
0x0,0x0,0x0,0x0,0x54,0x0,0x0,0x0,
0x54,0x0,0x0,0x0,0x54,0x0,0x0,0x0,
0x0,0x0,0x0,0x0,0x54,0x0,0x0,0x0,
0x54,0x0,0x0,0x0,0x0,0x0,0x2,0x0,
0x54,0x0,0x0,0x0,0x0,0x0,0x0,0x0,
0x84,0x0,0x0,0x0,0x67,0x0,0x90,0x1,
0x0,0x0,0x0,0x0,0x84,0x0,0x0,0x0,
0x0,0x0,0x0,0x0,0x84,0x0,0x0,0x0,
0x0,0x0,0x0,0x0,0x4d,0x0,0x0,0x0,
0x0,0x0,0x1,0x0,0x1,0x0,0x0,0x0,
0x0,0x0,0x0,0x0,0x68,0x0,0xe0,0x1,
0x68,0x0,0x40,0x2,0x4c,0x0,0x0,0x0,
0x0,0x0,0x2,0x0,0xa,0x0,0x0,0x0,
0x0,0x0,0x0,0x0,0x67,0x0,0xe0,0x1,
0x67,0x0,0x90,0x2,0x0,0x0,0x0,0x0,
0x48,0x0,0x0,0x0,0x0,0x0,0x0,0x0,
0x0,0x0,0xff,0xff,0xff,0xff,0xff,0xff,
0x0,0x0,0x0,0x0,0x54,0x0,0x0,0x0,
0x54,0x0,0x0,0x0,0x54,0x0,0x0,0x0,
0x0,0x0,0x0,0x0,0x54,0x0,0x0,0x0,
0x54,0x0,0x0,0x0,0x0,0x0,0x3,0x0,
0x54,0x0,0x0,0x0,0x0,0x0,0x0,0x0,
0x9c,0x0,0x0,0x0,0x6c,0x0,0x50,0x1,
0x0,0x0,0x0,0x0,0x9c,0x0,0x0,0x0,
0x0,0x0,0x0,0x0,0x9c,0x0,0x0,0x0,
0x0,0x0,0x0,0x0,0xd,0x0,0x0,0x0,
0x0,0x0,0x3,0x0,0x0,0x0,0x0,0x0,
0x4f,0x0,0x0,0x0,0x70,0x0,0x90,0x1,
0x70,0x0,0x0,0x2,0x49,0x0,0x0,0x0,
0x0,0x0,0x7,0x0,0x11,0x0,0x0,0x0,
0x0,0x0,0x0,0x0,0x6d,0x0,0x90,0x1,
0x6d,0x0,0xf0,0x1,0x4b,0x0,0x0,0x0,
0x0,0x0,0xa,0x0,0x15,0x0,0x0,0x0,
0x0,0x0,0x0,0x0,0x6e,0x0,0x90,0x1,
0x6e,0x0,0xe0,0x1,0x0,0x0,0x0,0x0,
0x0,0x0,0x0,0x0,0x0,0x0,0x0,0x0,
0x0,0x0,0xff,0xff,0xff,0xff,0xff,0xff,
0x0,0x0,0x0,0x0,0x54,0x0,0x0,0x0,
0x54,0x0,0x0,0x0,0x54,0x0,0x0,0x0,
0x0,0x0,0x0,0x0,0x54,0x0,0x0,0x0,
0x54,0x0,0x0,0x0,0x0,0x0,0x2,0x0,
0x54,0x0,0x0,0x0,0x0,0x0,0x0,0x0,
0x84,0x0,0x0,0x0,0x6e,0x0,0x90,0x1,
0x0,0x0,0x0,0x0,0x84,0x0,0x0,0x0,
0x0,0x0,0x0,0x0,0x84,0x0,0x0,0x0,
0x0,0x0,0x0,0x0,0x4d,0x0,0x0,0x0,
0x0,0x0,0x1,0x0,0x1,0x0,0x0,0x0,
0x0,0x0,0x0,0x0,0x6f,0x0,0xe0,0x1,
0x6f,0x0,0x40,0x2,0x4c,0x0,0x0,0x0,
0x0,0x0,0x2,0x0,0x5,0x0,0x0,0x0,
0x0,0x0,0x0,0x0,0x6e,0x0,0xe0,0x1,
0x6e,0x0,0x90,0x2,0x0,0x0,0x0,0x0,
0x17,0x0,0x0,0x0,0x50,0x0,0x0,0x0,
0x0,0x0,0xff,0xff,0xff,0xff,0xff,0xff,
0x0,0x0,0x0,0x0,0x54,0x0,0x0,0x0,
0x54,0x0,0x0,0x0,0x54,0x0,0x0,0x0,
0x0,0x0,0x0,0x0,0x54,0x0,0x0,0x0,
0x54,0x0,0x0,0x0,0x0,0x0,0xc,0x0,
0x54,0x0,0x0,0x0,0x0,0x0,0x0,0x0,
0x74,0x1,0x0,0x0,0x77,0x0,0x90,0x0,
0x78,0x0,0xd0,0x0,0x74,0x1,0x0,0x0,
0x0,0x0,0x0,0x0,0x74,0x1,0x0,0x0,
0x0,0x0,0x0,0x0,0x1f,0x0,0x0,0x0,
0x0,0x0,0x7,0x0,0x12,0x0,0x0,0x0,
0x0,0x0,0x0,0x0,0x7d,0x0,0xd0,0x0,
0x7d,0x0,0x70,0x1,0x52,0x0,0x0,0x0,
0x0,0x0,0x1,0x0,0x1,0x0,0x0,0x0,
0x0,0x0,0x0,0x0,0x7c,0x0,0xd0,0x0,
0x7c,0x0,0xb0,0x1,0x19,0x0,0x0,0x0,
0x0,0x0,0x3,0x0,0x0,0x0,0x0,0x0,
0x51,0x0,0x0,0x0,0x7b,0x0,0xd0,0x0,
0x7b,0x0,0x50,0x1,0x8,0x0,0x0,0x0,
0x0,0x0,0x1,0x0,0x1,0x0,0x0,0x0,
0x0,0x0,0x0,0x0,0x7a,0x0,0xd0,0x0,
0x7a,0x0,0x60,0x1,0x21,0x0,0x0,0x0,
0x0,0x0,0x2,0x0,0x2,0x0,0x0,0x0,
0x0,0x0,0x0,0x0,0x79,0x0,0xd0,0x0,
0x79,0x0,0x60,0x1,0x0,0x0,0x0,0x0,
0x0,0x0,0x8,0x0,0x18,0x0,0x0,0x0,
0x0,0x0,0x0,0x0,0x84,0x0,0xd0,0x0,
0x84,0x0,0xd0,0x0,0x0,0x0,0x0,0x0,
0x0,0x0,0x8,0x0,0x1b,0x0,0x0,0x0,
0x0,0x0,0x0,0x0,0x9f,0x0,0xd0,0x0,
0x9f,0x0,0xd0,0x0,0x0,0x0,0x0,0x0,
0x0,0x0,0x8,0x0,0x1d,0x0,0x0,0x0,
0x0,0x0,0x0,0x0,0xae,0x0,0xd0,0x0,
0xae,0x0,0xd0,0x0,0x0,0x0,0x0,0x0,
0x0,0x0,0x8,0x0,0x1f,0x0,0x0,0x0,
0x0,0x0,0x0,0x0,0xbc,0x0,0xd0,0x0,
0xbc,0x0,0xd0,0x0,0x0,0x0,0x0,0x0,
0x0,0x0,0x8,0x0,0x26,0x0,0x0,0x0,
0x0,0x0,0x0,0x0,0xe1,0x0,0xd0,0x0,
0xe1,0x0,0xd0,0x0,0x0,0x0,0x0,0x0,
0x0,0x0,0x8,0x0,0x2d,0x0,0x0,0x0,
0x0,0x0,0x0,0x0,0x2,0x1,0xd0,0x0,
0x2,0x1,0xd0,0x0,0x12,0x0,0x0,0x0,
0x0,0x0,0xa,0x0,0x17,0x0,0x0,0x0,
0x0,0x0,0x0,0x0,0x7e,0x0,0xd0,0x0,
0x7e,0x0,0x50,0x1,0x0,0x0,0x0,0x0,
0x0,0x0,0x0,0x0,0x0,0x0,0x0,0x0,
0x0,0x0,0xff,0xff,0xff,0xff,0xff,0xff,
0x0,0x0,0x0,0x0,0x54,0x0,0x0,0x0,
0x54,0x0,0x0,0x0,0x54,0x0,0x0,0x0,
0x0,0x0,0x0,0x0,0x54,0x0,0x0,0x0,
0x54,0x0,0x0,0x0,0x0,0x0,0x5,0x0,
0x54,0x0,0x0,0x0,0x0,0x0,0x0,0x0,
0xcc,0x0,0x0,0x0,0x7e,0x0,0xd0,0x0,
0x0,0x0,0x0,0x0,0xcc,0x0,0x0,0x0,
0x0,0x0,0x0,0x0,0xcc,0x0,0x0,0x0,
0x0,0x0,0x0,0x0,0x54,0x0,0x0,0x0,
0x0,0x0,0x2,0x0,0x4,0x0,0x0,0x0,
0x0,0x0,0x0,0x0,0x82,0x0,0x50,0x1,
0x82,0x0,0x30,0x2,0x3e,0x0,0x0,0x0,
0x0,0x0,0x2,0x0,0x4,0x0,0x0,0x0,
0x0,0x0,0x0,0x0,0x81,0x0,0x50,0x1,
0x81,0x0,0x0,0x2,0x3f,0x0,0x0,0x0,
0x0,0x0,0x2,0x0,0x4,0x0,0x0,0x0,
0x0,0x0,0x0,0x0,0x80,0x0,0x50,0x1,
0x80,0x0,0x20,0x2,0x53,0x0,0x0,0x0,
0x0,0x0,0x2,0x0,0x4,0x0,0x0,0x0,
0x0,0x0,0x0,0x0,0x7f,0x0,0x50,0x1,
0x7f,0x0,0x10,0x2,0x13,0x0,0x0,0x0,
0x0,0x0,0x7,0x0,0x13,0x0,0x0,0x0,
0x0,0x0,0x0,0x0,0x7e,0x0,0x50,0x1,
0x7e,0x0,0xb0,0x1,0x0,0x0,0x0,0x0,
0x48,0x0,0x0,0x0,0x0,0x0,0x0,0x0,
0x0,0x0,0xff,0xff,0xff,0xff,0xff,0xff,
0x0,0x0,0x0,0x0,0x54,0x0,0x0,0x0,
0x54,0x0,0x0,0x0,0x54,0x0,0x0,0x0,
0x0,0x0,0x0,0x0,0x54,0x0,0x0,0x0,
0x54,0x0,0x0,0x0,0x0,0x0,0xf,0x0,
0x54,0x0,0x0,0x0,0x0,0x0,0x0,0x0,
0xbc,0x1,0x0,0x0,0x84,0x0,0xd0,0x0,
0x0,0x0,0x0,0x0,0xbc,0x1,0x0,0x0,
0x0,0x0,0x0,0x0,0xbc,0x1,0x0,0x0,
0x0,0x0,0x0,0x0,0xd,0x0,0x0,0x0,
0x0,0x0,0x3,0x0,0x0,0x0,0x0,0x0,
0x6f,0x0,0x0,0x0,0x9c,0x0,0x10,0x1,
0x9c,0x0,0x80,0x1,0x68,0x0,0x0,0x0,
0x0,0x0,0x7,0x0,0x19,0x0,0x0,0x0,
0x0,0x0,0x0,0x0,0x97,0x0,0x10,0x1,
0x97,0x0,0xd0,0x1,0x64,0x0,0x0,0x0,
0x0,0x0,0x7,0x0,0x18,0x0,0x0,0x0,
0x0,0x0,0x0,0x0,0x95,0x0,0x10,0x1,
0x95,0x0,0x80,0x1,0x62,0x0,0x0,0x0,
0x0,0x0,0x3,0x0,0x0,0x0,0x0,0x0,
0x63,0x0,0x0,0x0,0x94,0x0,0x10,0x1,
0x94,0x0,0xd0,0x1,0x5e,0x0,0x0,0x0,
0x0,0x0,0x7,0x0,0x17,0x0,0x0,0x0,
0x0,0x0,0x0,0x0,0x92,0x0,0x10,0x1,
0x92,0x0,0xb0,0x1,0x5c,0x0,0x0,0x0,
0x0,0x0,0x7,0x0,0x16,0x0,0x0,0x0,
0x0,0x0,0x0,0x0,0x91,0x0,0x10,0x1,
0x91,0x0,0x40,0x2,0x5a,0x0,0x0,0x0,
0x0,0x0,0x7,0x0,0x15,0x0,0x0,0x0,
0x0,0x0,0x0,0x0,0x90,0x0,0x10,0x1,
0x90,0x0,0x60,0x2,0x56,0x0,0x0,0x0,
0x0,0x0,0x7,0x0,0x14,0x0,0x0,0x0,
0x0,0x0,0x0,0x0,0x8a,0x0,0x10,0x1,
0x8a,0x0,0x80,0x1,0x49,0x0,0x0,0x0,
0x0,0x0,0x3,0x0,0x0,0x0,0x0,0x0,
0x55,0x0,0x0,0x0,0x89,0x0,0x10,0x1,
0x89,0x0,0x70,0x1,0x1e,0x0,0x0,0x0,
0x0,0x0,0x2,0x0,0xe,0x0,0x0,0x0,
0x0,0x0,0x0,0x0,0x88,0x0,0x10,0x1,
0x88,0x0,0x90,0x1,0x1d,0x0,0x0,0x0,
0x0,0x0,0x2,0x0,0xd,0x0,0x0,0x0,
0x0,0x0,0x0,0x0,0x87,0x0,0x10,0x1,
0x87,0x0,0x80,0x1,0x45,0x0,0x0,0x0,
0x0,0x0,0x2,0x0,0xc,0x0,0x0,0x0,
0x0,0x0,0x0,0x0,0x86,0x0,0x10,0x1,
0x86,0x0,0x40,0x1,0x44,0x0,0x0,0x0,
0x0,0x0,0x2,0x0,0xb,0x0,0x0,0x0,
0x0,0x0,0x0,0x0,0x85,0x0,0x10,0x1,
0x85,0x0,0x40,0x1,0x4b,0x0,0x0,0x0,
0x0,0x0,0xa,0x0,0x1a,0x0,0x0,0x0,
0x0,0x0,0x0,0x0,0x8f,0x0,0x10,0x1,
0x8f,0x0,0x60,0x1,0x12,0x0,0x0,0x0,
0x0,0x0,0xa,0x0,0x19,0x0,0x0,0x0,
0x0,0x0,0x0,0x0,0x8b,0x0,0x10,0x1,
0x8b,0x0,0x90,0x1,0x0,0x0,0x0,0x0,
0x0,0x0,0x0,0x0,0x0,0x0,0x0,0x0,
0x0,0x0,0xff,0xff,0xff,0xff,0xff,0xff,
0x0,0x0,0x0,0x0,0x54,0x0,0x0,0x0,
0x54,0x0,0x0,0x0,0x54,0x0,0x0,0x0,
0x0,0x0,0x0,0x0,0x54,0x0,0x0,0x0,
0x54,0x0,0x0,0x0,0x0,0x0,0x4,0x0,
0x54,0x0,0x0,0x0,0x0,0x0,0x0,0x0,
0xb4,0x0,0x0,0x0,0x8b,0x0,0x10,0x1,
0x0,0x0,0x0,0x0,0xb4,0x0,0x0,0x0,
0x0,0x0,0x0,0x0,0xb4,0x0,0x0,0x0,
0x0,0x0,0x0,0x0,0x54,0x0,0x0,0x0,
0x0,0x0,0x2,0x0,0x4,0x0,0x0,0x0,
0x0,0x0,0x0,0x0,0x8e,0x0,0x90,0x1,
0x8e,0x0,0x70,0x2,0x3f,0x0,0x0,0x0,
0x0,0x0,0x2,0x0,0xf,0x0,0x0,0x0,
0x0,0x0,0x0,0x0,0x8d,0x0,0x90,0x1,
0x8d,0x0,0x60,0x2,0x58,0x0,0x0,0x0,
0x0,0x0,0x7,0x0,0x1b,0x0,0x0,0x0,
0x0,0x0,0x0,0x0,0x8c,0x0,0x90,0x1,
0x8c,0x0,0x10,0x2,0x3c,0x0,0x0,0x0,
0x0,0x0,0x7,0x0,0x1a,0x0,0x0,0x0,
0x0,0x0,0x0,0x0,0x8b,0x0,0x90,0x1,
0x8b,0x0,0x0,0x2,0x0,0x0,0x0,0x0,
0x0,0x0,0x0,0x0,0x0,0x0,0x0,0x0,
0x0,0x0,0xff,0xff,0xff,0xff,0xff,0xff,
0x0,0x0,0x0,0x0,0x54,0x0,0x0,0x0,
0x54,0x0,0x0,0x0,0x54,0x0,0x0,0x0,
0x0,0x0,0x0,0x0,0x54,0x0,0x0,0x0,
0x54,0x0,0x0,0x0,0x0,0x0,0x7,0x0,
0x54,0x0,0x0,0x0,0x0,0x0,0x0,0x0,
0xfc,0x0,0x0,0x0,0x8f,0x0,0x10,0x1,
0x0,0x0,0x0,0x0,0xfc,0x0,0x0,0x0,
0x0,0x0,0x0,0x0,0xfc,0x0,0x0,0x0,
0x0,0x0,0x0,0x0,0x4d,0x0,0x0,0x0,
0x0,0x0,0x1,0x0,0x1,0x0,0x0,0x0,
0x0,0x0,0x0,0x0,0x9b,0x0,0x60,0x1,
0x9b,0x0,0xc0,0x1,0x6d,0x0,0x0,0x0,
0x0,0x0,0x3,0x0,0x0,0x0,0x0,0x0,
0x6e,0x0,0x0,0x0,0x9a,0x0,0x60,0x1,
0x9a,0x0,0xe0,0x1,0x6b,0x0,0x0,0x0,
0x0,0x0,0x7,0x0,0x1e,0x0,0x0,0x0,
0x0,0x0,0x0,0x0,0x99,0x0,0x60,0x1,
0x99,0x0,0xe0,0x1,0x6a,0x0,0x0,0x0,
0x0,0x0,0x1,0x0,0x0,0x0,0x0,0x0,
0x0,0x0,0x0,0x0,0x98,0x0,0x60,0x1,
0x98,0x0,0xe0,0x1,0x66,0x0,0x0,0x0,
0x0,0x0,0x7,0x0,0x1d,0x0,0x0,0x0,
0x0,0x0,0x0,0x0,0x96,0x0,0x60,0x1,
0x96,0x0,0x60,0x2,0x60,0x0,0x0,0x0,
0x0,0x0,0x7,0x0,0x1c,0x0,0x0,0x0,
0x0,0x0,0x0,0x0,0x93,0x0,0x60,0x1,
0x93,0x0,0x90,0x2,0x4c,0x0,0x0,0x0,
0x0,0x0,0x2,0x0,0x10,0x0,0x0,0x0,
0x0,0x0,0x0,0x0,0x8f,0x0,0x60,0x1,
0x8f,0x0,0x10,0x2,0x0,0x0,0x0,0x0,
0x17,0x0,0x0,0x0,0x0,0x0,0x0,0x0,
0x0,0x0,0xff,0xff,0xff,0xff,0xff,0xff,
0x0,0x0,0x0,0x0,0x54,0x0,0x0,0x0,
0x54,0x0,0x0,0x0,0x54,0x0,0x0,0x0,
0x0,0x0,0x0,0x0,0x54,0x0,0x0,0x0,
0x54,0x0,0x0,0x0,0x0,0x0,0x9,0x0,
0x54,0x0,0x0,0x0,0x0,0x0,0x0,0x0,
0x2c,0x1,0x0,0x0,0x9f,0x0,0xd0,0x0,
0x0,0x0,0x0,0x0,0x2c,0x1,0x0,0x0,
0x0,0x0,0x0,0x0,0x2c,0x1,0x0,0x0,
0x0,0x0,0x0,0x0,0x16,0x0,0x0,0x0,
0x0,0x0,0x2,0x0,0x2,0x0,0x0,0x0,
0x0,0x0,0x0,0x0,0xab,0x0,0x10,0x1,
0xab,0x0,0x30,0x1,0x1f,0x0,0x0,0x0,
0x0,0x0,0x7,0x0,0x1f,0x0,0x0,0x0,
0x0,0x0,0x0,0x0,0xaa,0x0,0x10,0x1,
0xaa,0x0,0xb0,0x1,0x73,0x0,0x0,0x0,
0x0,0x0,0x1,0x0,0x0,0x0,0x0,0x0,
0x0,0x0,0x0,0x0,0xa9,0x0,0x10,0x1,
0xa9,0x0,0x70,0x1,0x19,0x0,0x0,0x0,
0x0,0x0,0x3,0x0,0x0,0x0,0x0,0x0,
0x72,0x0,0x0,0x0,0xa8,0x0,0x10,0x1,
0xa8,0x0,0x90,0x1,0x8,0x0,0x0,0x0,
0x0,0x0,0x1,0x0,0x1,0x0,0x0,0x0,
0x0,0x0,0x0,0x0,0xa3,0x0,0x10,0x1,
0xa3,0x0,0xa0,0x1,0x21,0x0,0x0,0x0,
0x0,0x0,0x2,0x0,0x2,0x0,0x0,0x0,
0x0,0x0,0x0,0x0,0xa2,0x0,0x10,0x1,
0xa2,0x0,0xa0,0x1,0x1e,0x0,0x0,0x0,
0x0,0x0,0x2,0x0,0x11,0x0,0x0,0x0,
0x0,0x0,0x0,0x0,0xa1,0x0,0x10,0x1,
0xa1,0x0,0x90,0x1,0x1d,0x0,0x0,0x0,
0x0,0x0,0x2,0x0,0x11,0x0,0x0,0x0,
0x0,0x0,0x0,0x0,0xa0,0x0,0x10,0x1,
0xa0,0x0,0x80,0x1,0x12,0x0,0x0,0x0,
0x0,0x0,0xa,0x0,0x1c,0x0,0x0,0x0,
0x0,0x0,0x0,0x0,0xa4,0x0,0x10,0x1,
0xa4,0x0,0x90,0x1,0x0,0x0,0x0,0x0,
0x0,0x0,0x0,0x0,0x0,0x0,0x0,0x0,
0x0,0x0,0xff,0xff,0xff,0xff,0xff,0xff,
0x0,0x0,0x0,0x0,0x54,0x0,0x0,0x0,
0x54,0x0,0x0,0x0,0x54,0x0,0x0,0x0,
0x0,0x0,0x0,0x0,0x54,0x0,0x0,0x0,
0x54,0x0,0x0,0x0,0x0,0x0,0x4,0x0,
0x54,0x0,0x0,0x0,0x0,0x0,0x0,0x0,
0xb4,0x0,0x0,0x0,0xa4,0x0,0x10,0x1,
0x0,0x0,0x0,0x0,0xb4,0x0,0x0,0x0,
0x0,0x0,0x0,0x0,0xb4,0x0,0x0,0x0,
0x0,0x0,0x0,0x0,0x3e,0x0,0x0,0x0,
0x0,0x0,0x2,0x0,0x13,0x0,0x0,0x0,
0x0,0x0,0x0,0x0,0xa7,0x0,0x90,0x1,
0xa7,0x0,0x40,0x2,0x53,0x0,0x0,0x0,
0x0,0x0,0x2,0x0,0x12,0x0,0x0,0x0,
0x0,0x0,0x0,0x0,0xa6,0x0,0x90,0x1,
0xa6,0x0,0x50,0x2,0x3a,0x0,0x0,0x0,
0x0,0x0,0x7,0x0,0x21,0x0,0x0,0x0,
0x0,0x0,0x0,0x0,0xa5,0x0,0x90,0x1,
0xa5,0x0,0xe0,0x1,0x70,0x0,0x0,0x0,
0x0,0x0,0x7,0x0,0x20,0x0,0x0,0x0,
0x0,0x0,0x0,0x0,0xa4,0x0,0x90,0x1,
0xa4,0x0,0xf0,0x1,0x0,0x0,0x0,0x0,
0x10,0x0,0x0,0x0,0x0,0x0,0x0,0x0,
0x0,0x0,0xff,0xff,0xff,0xff,0xff,0xff,
0x0,0x0,0x0,0x0,0x54,0x0,0x0,0x0,
0x54,0x0,0x0,0x0,0x54,0x0,0x0,0x0,
0x0,0x0,0x0,0x0,0x54,0x0,0x0,0x0,
0x54,0x0,0x0,0x0,0x0,0x0,0x7,0x0,
0x54,0x0,0x0,0x0,0x0,0x0,0x0,0x0,
0xfc,0x0,0x0,0x0,0xae,0x0,0xd0,0x0,
0x0,0x0,0x0,0x0,0xfc,0x0,0x0,0x0,
0x0,0x0,0x0,0x0,0xfc,0x0,0x0,0x0,
0x0,0x0,0x0,0x0,0x16,0x0,0x0,0x0,
0x0,0x0,0x2,0x0,0x1a,0x0,0x0,0x0,
0x0,0x0,0x0,0x0,0xb8,0x0,0x10,0x1,
0xb8,0x0,0x40,0x1,0xd,0x0,0x0,0x0,
0x0,0x0,0x3,0x0,0x0,0x0,0x0,0x0,
0x74,0x0,0x0,0x0,0xb3,0x0,0x10,0x1,
0xb3,0x0,0x80,0x1,0x21,0x0,0x0,0x0,
0x0,0x0,0x2,0x0,0x17,0x0,0x0,0x0,
0x0,0x0,0x0,0x0,0xb2,0x0,0x10,0x1,
0xb2,0x0,0xa0,0x1,0x1e,0x0,0x0,0x0,
0x0,0x0,0x2,0x0,0x16,0x0,0x0,0x0,
0x0,0x0,0x0,0x0,0xb1,0x0,0x10,0x1,
0xb1,0x0,0x90,0x1,0x1d,0x0,0x0,0x0,
0x0,0x0,0x2,0x0,0x15,0x0,0x0,0x0,
0x0,0x0,0x0,0x0,0xb0,0x0,0x10,0x1,
0xb0,0x0,0x80,0x1,0x44,0x0,0x0,0x0,
0x0,0x0,0x2,0x0,0x14,0x0,0x0,0x0,
0x0,0x0,0x0,0x0,0xaf,0x0,0x10,0x1,
0xaf,0x0,0x40,0x1,0x12,0x0,0x0,0x0,
0x0,0x0,0xa,0x0,0x1e,0x0,0x0,0x0,
0x0,0x0,0x0,0x0,0xb4,0x0,0x10,0x1,
0xb4,0x0,0x90,0x1,0x0,0x0,0x0,0x0,
0x0,0x0,0x0,0x0,0x0,0x0,0x0,0x0,
0x0,0x0,0xff,0xff,0xff,0xff,0xff,0xff,
0x0,0x0,0x0,0x0,0x54,0x0,0x0,0x0,
0x54,0x0,0x0,0x0,0x54,0x0,0x0,0x0,
0x0,0x0,0x0,0x0,0x54,0x0,0x0,0x0,
0x54,0x0,0x0,0x0,0x0,0x0,0x4,0x0,
0x54,0x0,0x0,0x0,0x0,0x0,0x0,0x0,
0xb4,0x0,0x0,0x0,0xb4,0x0,0x10,0x1,
0x0,0x0,0x0,0x0,0xb4,0x0,0x0,0x0,
0x0,0x0,0x0,0x0,0xb4,0x0,0x0,0x0,
0x0,0x0,0x0,0x0,0x3e,0x0,0x0,0x0,
0x0,0x0,0x2,0x0,0x19,0x0,0x0,0x0,
0x0,0x0,0x0,0x0,0xb7,0x0,0x90,0x1,
0xb7,0x0,0x40,0x2,0x3f,0x0,0x0,0x0,
0x0,0x0,0x2,0x0,0x18,0x0,0x0,0x0,
0x0,0x0,0x0,0x0,0xb6,0x0,0x90,0x1,
0xb6,0x0,0x60,0x2,0x3a,0x0,0x0,0x0,
0x0,0x0,0x7,0x0,0x23,0x0,0x0,0x0,
0x0,0x0,0x0,0x0,0xb5,0x0,0x90,0x1,
0xb5,0x0,0xe0,0x1,0x3c,0x0,0x0,0x0,
0x0,0x0,0x7,0x0,0x22,0x0,0x0,0x0,
0x0,0x0,0x0,0x0,0xb4,0x0,0x90,0x1,
0xb4,0x0,0x0,0x2,0x0,0x0,0x0,0x0,
0x75,0x0,0x0,0x0,0x76,0x0,0x0,0x0,
0x0,0x0,0xff,0xff,0xff,0xff,0xff,0xff,
0x0,0x0,0x0,0x0,0x54,0x0,0x0,0x0,
0x54,0x0,0x0,0x0,0x54,0x0,0x0,0x0,
0x0,0x0,0x0,0x0,0x54,0x0,0x0,0x0,
0x54,0x0,0x0,0x0,0x0,0x0,0x9,0x0,
0x54,0x0,0x0,0x0,0x0,0x0,0x0,0x0,
0x2c,0x1,0x0,0x0,0xbc,0x0,0xd0,0x0,
0xbd,0x0,0x10,0x1,0x2c,0x1,0x0,0x0,
0x0,0x0,0x0,0x0,0x2c,0x1,0x0,0x0,
0x0,0x0,0x0,0x0,0x80,0x0,0x0,0x0,
0x0,0x0,0x7,0x0,0x24,0x0,0x0,0x0,
0x0,0x0,0x0,0x0,0xd3,0x0,0x10,0x1,
0xd3,0x0,0xc0,0x1,0x7f,0x0,0x0,0x0,
0x0,0x0,0x8,0x0,0x23,0x0,0x0,0x0,
0x0,0x0,0x0,0x0,0xca,0x0,0x10,0x1,
0xca,0x0,0xe0,0x1,0x50,0x0,0x0,0x0,
0x0,0x0,0x8,0x0,0x22,0x0,0x0,0x0,
0x0,0x0,0x0,0x0,0xc5,0x0,0x10,0x1,
0xc5,0x0,0xd0,0x1,0x1e,0x0,0x0,0x0,
0x0,0x0,0x2,0x0,0x1c,0x0,0x0,0x0,
0x0,0x0,0x0,0x0,0xc0,0x0,0x10,0x1,
0xc0,0x0,0x90,0x1,0x1d,0x0,0x0,0x0,
0x0,0x0,0x2,0x0,0x1b,0x0,0x0,0x0,
0x0,0x0,0x0,0x0,0xbf,0x0,0x10,0x1,
0xbf,0x0,0x80,0x1,0x49,0x0,0x0,0x0,
0x0,0x0,0x3,0x0,0x0,0x0,0x0,0x0,
0x77,0x0,0x0,0x0,0xbe,0x0,0x10,0x1,
0xbe,0x0,0x70,0x1,0x0,0x0,0x0,0x0,
0x0,0x0,0x8,0x0,0x25,0x0,0x0,0x0,
0x0,0x0,0x0,0x0,0xd7,0x0,0x10,0x1,
0xd7,0x0,0x10,0x1,0x4b,0x0,0x0,0x0,
0x0,0x0,0xa,0x0,0x21,0x0,0x0,0x0,
0x0,0x0,0x0,0x0,0xc3,0x0,0x10,0x1,
0xc3,0x0,0x60,0x1,0x12,0x0,0x0,0x0,
0x0,0x0,0xa,0x0,0x20,0x0,0x0,0x0,
0x0,0x0,0x0,0x0,0xc1,0x0,0x10,0x1,
0xc1,0x0,0x90,0x1,0x0,0x0,0x0,0x0,
0x0,0x0,0x0,0x0,0x0,0x0,0x0,0x0,
0x0,0x0,0xff,0xff,0xff,0xff,0xff,0xff,
0x0,0x0,0x0,0x0,0x54,0x0,0x0,0x0,
0x54,0x0,0x0,0x0,0x54,0x0,0x0,0x0,
0x0,0x0,0x0,0x0,0x54,0x0,0x0,0x0,
0x54,0x0,0x0,0x0,0x0,0x0,0x2,0x0,
0x54,0x0,0x0,0x0,0x0,0x0,0x0,0x0,
0x84,0x0,0x0,0x0,0xc1,0x0,0x10,0x1,
0x0,0x0,0x0,0x0,0x84,0x0,0x0,0x0,
0x0,0x0,0x0,0x0,0x84,0x0,0x0,0x0,
0x0,0x0,0x0,0x0,0x7a,0x0,0x0,0x0,
0x0,0x0,0x7,0x0,0x26,0x0,0x0,0x0,
0x0,0x0,0x0,0x0,0xc2,0x0,0x90,0x1,
0xc2,0x0,0x90,0x2,0x78,0x0,0x0,0x0,
0x0,0x0,0x7,0x0,0x25,0x0,0x0,0x0,
0x0,0x0,0x0,0x0,0xc1,0x0,0x90,0x1,
0xc1,0x0,0xb0,0x2,0x0,0x0,0x0,0x0,
0x0,0x0,0x0,0x0,0x0,0x0,0x0,0x0,
0x0,0x0,0xff,0xff,0xff,0xff,0xff,0xff,
0x0,0x0,0x0,0x0,0x54,0x0,0x0,0x0,
0x54,0x0,0x0,0x0,0x54,0x0,0x0,0x0,
0x0,0x0,0x0,0x0,0x54,0x0,0x0,0x0,
0x54,0x0,0x0,0x0,0x0,0x0,0x1,0x0,
0x54,0x0,0x0,0x0,0x0,0x0,0x0,0x0,
0x6c,0x0,0x0,0x0,0xc3,0x0,0x10,0x1,
0x0,0x0,0x0,0x0,0x6c,0x0,0x0,0x0,
0x0,0x0,0x0,0x0,0x6c,0x0,0x0,0x0,
0x0,0x0,0x0,0x0,0x4c,0x0,0x0,0x0,
0x0,0x0,0x2,0x0,0x1d,0x0,0x0,0x0,
0x0,0x0,0x0,0x0,0xc3,0x0,0x60,0x1,
0xc3,0x0,0x10,0x2,0x0,0x0,0x0,0x0,
0x10,0x0,0x0,0x0,0x0,0x0,0x0,0x0,
0x0,0x0,0xff,0xff,0xff,0xff,0xff,0xff,
0x0,0x0,0x0,0x0,0x54,0x0,0x0,0x0,
0x54,0x0,0x0,0x0,0x54,0x0,0x0,0x0,
0x0,0x0,0x0,0x0,0x54,0x0,0x0,0x0,
0x54,0x0,0x0,0x0,0x0,0x0,0x2,0x0,
0x54,0x0,0x0,0x0,0x0,0x0,0x0,0x0,
0x84,0x0,0x0,0x0,0xc5,0x0,0xd0,0x1,
0x0,0x0,0x0,0x0,0x84,0x0,0x0,0x0,
0x0,0x0,0x0,0x0,0x84,0x0,0x0,0x0,
0x0,0x0,0x0,0x0,0x7d,0x0,0x0,0x0,
0x0,0x0,0x2,0x0,0x1e,0x0,0x0,0x0,
0x0,0x0,0x0,0x0,0xc7,0x0,0x50,0x1,
0xc7,0x0,0xd0,0x1,0xd,0x0,0x0,0x0,
0x0,0x0,0x7,0x0,0x27,0x0,0x0,0x0,
0x0,0x0,0x0,0x0,0xc6,0x0,0x50,0x1,
0xc6,0x0,0xc0,0x1,0x0,0x0,0x0,0x0,
0x48,0x0,0x0,0x0,0x0,0x0,0x0,0x0,
0x0,0x0,0xff,0xff,0xff,0xff,0xff,0xff,
0x0,0x0,0x0,0x0,0x54,0x0,0x0,0x0,
0x54,0x0,0x0,0x0,0x54,0x0,0x0,0x0,
0x0,0x0,0x0,0x0,0x54,0x0,0x0,0x0,
0x54,0x0,0x0,0x0,0x0,0x0,0x5,0x0,
0x54,0x0,0x0,0x0,0x0,0x0,0x0,0x0,
0xcc,0x0,0x0,0x0,0xca,0x0,0xe0,0x1,
0x0,0x0,0x0,0x0,0xcc,0x0,0x0,0x0,
0x0,0x0,0x0,0x0,0xcc,0x0,0x0,0x0,
0x0,0x0,0x0,0x0,0x49,0x0,0x0,0x0,
0x0,0x0,0x7,0x0,0x2a,0x0,0x0,0x0,
0x0,0x0,0x0,0x0,0xd0,0x0,0x50,0x1,
0xd0,0x0,0xb0,0x1,0xd,0x0,0x0,0x0,
0x0,0x0,0x3,0x0,0x0,0x0,0x0,0x0,
0x7e,0x0,0x0,0x0,0xcf,0x0,0x50,0x1,
0xcf,0x0,0xc0,0x1,0x5c,0x0,0x0,0x0,
0x0,0x0,0x7,0x0,0x29,0x0,0x0,0x0,
0x0,0x0,0x0,0x0,0xcd,0x0,0x50,0x1,
0xcd,0x0,0x80,0x2,0x5a,0x0,0x0,0x0,
0x0,0x0,0x7,0x0,0x28,0x0,0x0,0x0,
0x0,0x0,0x0,0x0,0xcc,0x0,0x50,0x1,
0xcc,0x0,0xa0,0x2,0x4b,0x0,0x0,0x0,
0x0,0x0,0xa,0x0,0x24,0x0,0x0,0x0,
0x0,0x0,0x0,0x0,0xcb,0x0,0x50,0x1,
0xcb,0x0,0xa0,0x1,0x0,0x0,0x0,0x0,
0x0,0x0,0x0,0x0,0x0,0x0,0x0,0x0,
0x0,0x0,0xff,0xff,0xff,0xff,0xff,0xff,
0x0,0x0,0x0,0x0,0x54,0x0,0x0,0x0,
0x54,0x0,0x0,0x0,0x54,0x0,0x0,0x0,
0x0,0x0,0x0,0x0,0x54,0x0,0x0,0x0,
0x54,0x0,0x0,0x0,0x0,0x0,0x2,0x0,
0x54,0x0,0x0,0x0,0x0,0x0,0x0,0x0,
0x84,0x0,0x0,0x0,0xcb,0x0,0x50,0x1,
0x0,0x0,0x0,0x0,0x84,0x0,0x0,0x0,
0x0,0x0,0x0,0x0,0x84,0x0,0x0,0x0,
0x0,0x0,0x0,0x0,0x4d,0x0,0x0,0x0,
0x0,0x0,0x1,0x0,0x1,0x0,0x0,0x0,
0x0,0x0,0x0,0x0,0xce,0x0,0xa0,0x1,
0xce,0x0,0x0,0x2,0x4c,0x0,0x0,0x0,
0x0,0x0,0x2,0x0,0x5,0x0,0x0,0x0,
0x0,0x0,0x0,0x0,0xcb,0x0,0xa0,0x1,
0xcb,0x0,0x50,0x2,0x0,0x0,0x0,0x0,
0x82,0x0,0x0,0x0,0x0,0x0,0x0,0x0,
0x0,0x0,0xff,0xff,0xff,0xff,0xff,0xff,
0x1,0x0,0x0,0x0,0x54,0x0,0x0,0x0,
0x58,0x0,0x0,0x0,0x58,0x0,0x0,0x0,
0x0,0x0,0x0,0x0,0x58,0x0,0x0,0x0,
0x58,0x0,0x0,0x0,0x0,0x0,0x1,0x0,
0x58,0x0,0x0,0x0,0x0,0x0,0x0,0x0,
0x70,0x0,0x0,0x0,0xd7,0x0,0x10,0x1,
0x0,0x0,0x0,0x0,0x70,0x0,0x0,0x0,
0x0,0x0,0x0,0x0,0x70,0x0,0x0,0x0,
0x0,0x0,0x0,0x0,0x2c,0x0,0x0,0x0,
0x2b,0x0,0x0,0x0,0x0,0x0,0x7,0x0,
0x2b,0x0,0x0,0x0,0x0,0x0,0x0,0x0,
0xd8,0x0,0x50,0x1,0xd8,0x0,0xd0,0x1,
0x75,0x0,0x0,0x0,0x84,0x0,0x0,0x0,
0x0,0x0,0xff,0xff,0xff,0xff,0xff,0xff,
0x0,0x0,0x0,0x0,0x54,0x0,0x0,0x0,
0x54,0x0,0x0,0x0,0x54,0x0,0x0,0x0,
0x0,0x0,0x0,0x0,0x54,0x0,0x0,0x0,
0x54,0x0,0x0,0x0,0x0,0x0,0x8,0x0,
0x54,0x0,0x0,0x0,0x0,0x0,0x0,0x0,
0x14,0x1,0x0,0x0,0xe1,0x0,0xd0,0x0,
0xe2,0x0,0x10,0x1,0x14,0x1,0x0,0x0,
0x0,0x0,0x0,0x0,0x14,0x1,0x0,0x0,
0x0,0x0,0x0,0x0,0x80,0x0,0x0,0x0,
0x0,0x0,0x7,0x0,0x2d,0x0,0x0,0x0,
0x0,0x0,0x0,0x0,0xfe,0x0,0x10,0x1,
0xfe,0x0,0xc0,0x1,0x7f,0x0,0x0,0x0,
0x0,0x0,0x8,0x0,0x2a,0x0,0x0,0x0,
0x0,0x0,0x0,0x0,0xf0,0x0,0x10,0x1,
0xf0,0x0,0xe0,0x1,0x50,0x0,0x0,0x0,
0x0,0x0,0x8,0x0,0x29,0x0,0x0,0x0,
0x0,0x0,0x0,0x0,0xeb,0x0,0x10,0x1,
0xeb,0x0,0xd0,0x1,0x1e,0x0,0x0,0x0,
0x0,0x0,0x2,0x0,0x1c,0x0,0x0,0x0,
0x0,0x0,0x0,0x0,0xe5,0x0,0x10,0x1,
0xe5,0x0,0x90,0x1,0x1d,0x0,0x0,0x0,
0x0,0x0,0x2,0x0,0x1b,0x0,0x0,0x0,
0x0,0x0,0x0,0x0,0xe4,0x0,0x10,0x1,
0xe4,0x0,0x80,0x1,0x49,0x0,0x0,0x0,
0x0,0x0,0x3,0x0,0x0,0x0,0x0,0x0,
0x85,0x0,0x0,0x0,0xe3,0x0,0x10,0x1,
0xe3,0x0,0x70,0x1,0x4b,0x0,0x0,0x0,
0x0,0x0,0xa,0x0,0x28,0x0,0x0,0x0,
0x0,0x0,0x0,0x0,0xe9,0x0,0x10,0x1,
0xe9,0x0,0x60,0x1,0x12,0x0,0x0,0x0,
0x0,0x0,0xa,0x0,0x27,0x0,0x0,0x0,
0x0,0x0,0x0,0x0,0xe6,0x0,0x10,0x1,
0xe6,0x0,0x90,0x1,0x0,0x0,0x0,0x0,
0x0,0x0,0x0,0x0,0x0,0x0,0x0,0x0,
0x0,0x0,0xff,0xff,0xff,0xff,0xff,0xff,
0x0,0x0,0x0,0x0,0x54,0x0,0x0,0x0,
0x54,0x0,0x0,0x0,0x54,0x0,0x0,0x0,
0x0,0x0,0x0,0x0,0x54,0x0,0x0,0x0,
0x54,0x0,0x0,0x0,0x0,0x0,0x3,0x0,
0x54,0x0,0x0,0x0,0x0,0x0,0x0,0x0,
0x9c,0x0,0x0,0x0,0xe6,0x0,0x10,0x1,
0x0,0x0,0x0,0x0,0x9c,0x0,0x0,0x0,
0x0,0x0,0x0,0x0,0x9c,0x0,0x0,0x0,
0x0,0x0,0x0,0x0,0x3e,0x0,0x0,0x0,
0x0,0x0,0x2,0x0,0x5,0x0,0x0,0x0,
0x0,0x0,0x0,0x0,0xe8,0x0,0x90,0x1,
0xe8,0x0,0x40,0x2,0x3a,0x0,0x0,0x0,
0x0,0x0,0x7,0x0,0x2f,0x0,0x0,0x0,
0x0,0x0,0x0,0x0,0xe7,0x0,0x90,0x1,
0xe7,0x0,0xe0,0x1,0x78,0x0,0x0,0x0,
0x0,0x0,0x7,0x0,0x2e,0x0,0x0,0x0,
0x0,0x0,0x0,0x0,0xe6,0x0,0x90,0x1,
0xe6,0x0,0xb0,0x2,0x0,0x0,0x0,0x0,
0x0,0x0,0x0,0x0,0x0,0x0,0x0,0x0,
0x0,0x0,0xff,0xff,0xff,0xff,0xff,0xff,
0x0,0x0,0x0,0x0,0x54,0x0,0x0,0x0,
0x54,0x0,0x0,0x0,0x54,0x0,0x0,0x0,
0x0,0x0,0x0,0x0,0x54,0x0,0x0,0x0,
0x54,0x0,0x0,0x0,0x0,0x0,0x1,0x0,
0x54,0x0,0x0,0x0,0x0,0x0,0x0,0x0,
0x6c,0x0,0x0,0x0,0xe9,0x0,0x10,0x1,
0x0,0x0,0x0,0x0,0x6c,0x0,0x0,0x0,
0x0,0x0,0x0,0x0,0x6c,0x0,0x0,0x0,
0x0,0x0,0x0,0x0,0x4c,0x0,0x0,0x0,
0x0,0x0,0x2,0x0,0x1d,0x0,0x0,0x0,
0x0,0x0,0x0,0x0,0xe9,0x0,0x60,0x1,
0xe9,0x0,0x10,0x2,0x0,0x0,0x0,0x0,
0x10,0x0,0x0,0x0,0x0,0x0,0x0,0x0,
0x0,0x0,0xff,0xff,0xff,0xff,0xff,0xff,
0x0,0x0,0x0,0x0,0x54,0x0,0x0,0x0,
0x54,0x0,0x0,0x0,0x54,0x0,0x0,0x0,
0x0,0x0,0x0,0x0,0x54,0x0,0x0,0x0,
0x54,0x0,0x0,0x0,0x0,0x0,0x2,0x0,
0x54,0x0,0x0,0x0,0x0,0x0,0x0,0x0,
0x84,0x0,0x0,0x0,0xeb,0x0,0xd0,0x1,
0x0,0x0,0x0,0x0,0x84,0x0,0x0,0x0,
0x0,0x0,0x0,0x0,0x84,0x0,0x0,0x0,
0x0,0x0,0x0,0x0,0x7d,0x0,0x0,0x0,
0x0,0x0,0x2,0x0,0x1e,0x0,0x0,0x0,
0x0,0x0,0x0,0x0,0xed,0x0,0x50,0x1,
0xed,0x0,0xd0,0x1,0xd,0x0,0x0,0x0,
0x0,0x0,0x3,0x0,0x0,0x0,0x0,0x0,
0x86,0x0,0x0,0x0,0xec,0x0,0x50,0x1,
0xec,0x0,0xc0,0x1,0x0,0x0,0x0,0x0,
0x48,0x0,0x0,0x0,0x0,0x0,0x0,0x0,
0x0,0x0,0xff,0xff,0xff,0xff,0xff,0xff,
0x0,0x0,0x0,0x0,0x54,0x0,0x0,0x0,
0x54,0x0,0x0,0x0,0x54,0x0,0x0,0x0,
0x0,0x0,0x0,0x0,0x54,0x0,0x0,0x0,
0x54,0x0,0x0,0x0,0x0,0x0,0x8,0x0,
0x54,0x0,0x0,0x0,0x0,0x0,0x0,0x0,
0x14,0x1,0x0,0x0,0xf0,0x0,0xe0,0x1,
0x0,0x0,0x0,0x0,0x14,0x1,0x0,0x0,
0x0,0x0,0x0,0x0,0x14,0x1,0x0,0x0,
0x0,0x0,0x0,0x0,0x49,0x0,0x0,0x0,
0x0,0x0,0x3,0x0,0x0,0x0,0x0,0x0,
0x88,0x0,0x0,0x0,0xfa,0x0,0x50,0x1,
0xfa,0x0,0xb0,0x1,0xd,0x0,0x0,0x0,
0x0,0x0,0x3,0x0,0x0,0x0,0x0,0x0,
0x7e,0x0,0x0,0x0,0xf9,0x0,0x50,0x1,
0xf9,0x0,0xc0,0x1,0x52,0x0,0x0,0x0,
0x0,0x0,0x1,0x0,0x0,0x0,0x0,0x0,
0x0,0x0,0x0,0x0,0xf5,0x0,0x50,0x1,
0xf5,0x0,0x30,0x2,0x87,0x0,0x0,0x0,
0x0,0x0,0x1,0x0,0x1,0x0,0x0,0x0,
0x0,0x0,0x0,0x0,0xf4,0x0,0x50,0x1,
0xf4,0x0,0xd0,0x1,0x5c,0x0,0x0,0x0,
0x0,0x0,0x7,0x0,0x31,0x0,0x0,0x0,
0x0,0x0,0x0,0x0,0xf3,0x0,0x50,0x1,
0xf3,0x0,0x80,0x2,0x5a,0x0,0x0,0x0,
0x0,0x0,0x7,0x0,0x30,0x0,0x0,0x0,
0x0,0x0,0x0,0x0,0xf2,0x0,0x50,0x1,
0xf2,0x0,0xa0,0x2,0x12,0x0,0x0,0x0,
0x0,0x0,0xa,0x0,0x2c,0x0,0x0,0x0,
0x0,0x0,0x0,0x0,0xfb,0x0,0x50,0x1,
0xfb,0x0,0xd0,0x1,0x4b,0x0,0x0,0x0,
0x0,0x0,0xa,0x0,0x2b,0x0,0x0,0x0,
0x0,0x0,0x0,0x0,0xf1,0x0,0x50,0x1,
0xf1,0x0,0xa0,0x1,0x0,0x0,0x0,0x0,
0x0,0x0,0x0,0x0,0x0,0x0,0x0,0x0,
0x0,0x0,0xff,0xff,0xff,0xff,0xff,0xff,
0x0,0x0,0x0,0x0,0x54,0x0,0x0,0x0,
0x54,0x0,0x0,0x0,0x54,0x0,0x0,0x0,
0x0,0x0,0x0,0x0,0x54,0x0,0x0,0x0,
0x54,0x0,0x0,0x0,0x0,0x0,0x4,0x0,
0x54,0x0,0x0,0x0,0x0,0x0,0x0,0x0,
0xb4,0x0,0x0,0x0,0xf1,0x0,0x50,0x1,
0x0,0x0,0x0,0x0,0xb4,0x0,0x0,0x0,
0x0,0x0,0x0,0x0,0xb4,0x0,0x0,0x0,
0x0,0x0,0x0,0x0,0x6d,0x0,0x0,0x0,
0x0,0x0,0x3,0x0,0x0,0x0,0x0,0x0,
0x6e,0x0,0x0,0x0,0xf8,0x0,0xa0,0x1,
0xf8,0x0,0x20,0x2,0x4d,0x0,0x0,0x0,
0x0,0x0,0x1,0x0,0x1,0x0,0x0,0x0,
0x0,0x0,0x0,0x0,0xf7,0x0,0xa0,0x1,
0xf7,0x0,0x0,0x2,0x6a,0x0,0x0,0x0,
0x0,0x0,0x1,0x0,0x0,0x0,0x0,0x0,
0x0,0x0,0x0,0x0,0xf6,0x0,0xa0,0x1,
0xf6,0x0,0x20,0x2,0x4c,0x0,0x0,0x0,
0x0,0x0,0x2,0x0,0x5,0x0,0x0,0x0,
0x0,0x0,0x0,0x0,0xf1,0x0,0xa0,0x1,
0xf1,0x0,0x50,0x2,0x0,0x0,0x0,0x0,
0x0,0x0,0x0,0x0,0x0,0x0,0x0,0x0,
0x0,0x0,0xff,0xff,0xff,0xff,0xff,0xff,
0x0,0x0,0x0,0x0,0x54,0x0,0x0,0x0,
0x54,0x0,0x0,0x0,0x54,0x0,0x0,0x0,
0x0,0x0,0x0,0x0,0x54,0x0,0x0,0x0,
0x54,0x0,0x0,0x0,0x0,0x0,0x1,0x0,
0x54,0x0,0x0,0x0,0x0,0x0,0x0,0x0,
0x6c,0x0,0x0,0x0,0xfb,0x0,0x50,0x1,
0x0,0x0,0x0,0x0,0x6c,0x0,0x0,0x0,
0x0,0x0,0x0,0x0,0x6c,0x0,0x0,0x0,
0x0,0x0,0x0,0x0,0x13,0x0,0x0,0x0,
0x0,0x0,0x7,0x0,0x32,0x0,0x0,0x0,
0x0,0x0,0x0,0x0,0xfb,0x0,0xd0,0x1,
0xfb,0x0,0x30,0x2,0x0,0x0,0x0,0x0,
0x89,0x0,0x0,0x0,0x8a,0x0,0x0,0x0,
0x0,0x0,0xff,0xff,0xff,0xff,0xff,0xff,
0x0,0x0,0x0,0x0,0x54,0x0,0x0,0x0,
0x54,0x0,0x0,0x0,0x54,0x0,0x0,0x0,
0x0,0x0,0x0,0x0,0x54,0x0,0x0,0x0,
0x54,0x0,0x0,0x0,0x0,0x0,0x7,0x0,
0x54,0x0,0x0,0x0,0x0,0x0,0x0,0x0,
0xfc,0x0,0x0,0x0,0x2,0x1,0xd0,0x0,
0x3,0x1,0x10,0x1,0xfc,0x0,0x0,0x0,
0x0,0x0,0x0,0x0,0xfc,0x0,0x0,0x0,
0x0,0x0,0x0,0x0,0x7f,0x0,0x0,0x0,
0x0,0x0,0x8,0x0,0x2f,0x0,0x0,0x0,
0x0,0x0,0x0,0x0,0xf,0x1,0x10,0x1,
0xf,0x1,0xe0,0x1,0x45,0x0,0x0,0x0,
0x0,0x0,0x7,0x0,0x34,0x0,0x0,0x0,
0x0,0x0,0x0,0x0,0xd,0x1,0x10,0x1,
0xd,0x1,0x40,0x1,0x44,0x0,0x0,0x0,
0x0,0x0,0x7,0x0,0x33,0x0,0x0,0x0,
0x0,0x0,0x0,0x0,0xc,0x1,0x10,0x1,
0xc,0x1,0x40,0x1,0x50,0x0,0x0,0x0,
0x0,0x0,0x8,0x0,0x2e,0x0,0x0,0x0,
0x0,0x0,0x0,0x0,0x7,0x1,0x10,0x1,
0x7,0x1,0xd0,0x1,0x1e,0x0,0x0,0x0,
0x0,0x0,0x2,0x0,0x20,0x0,0x0,0x0,
0x0,0x0,0x0,0x0,0x6,0x1,0x10,0x1,
0x6,0x1,0x90,0x1,0x1d,0x0,0x0,0x0,
0x0,0x0,0x2,0x0,0x1f,0x0,0x0,0x0,
0x0,0x0,0x0,0x0,0x5,0x1,0x10,0x1,
0x5,0x1,0x80,0x1,0x8b,0x0,0x0,0x0,
0x0,0x0,0x1,0x0,0x1,0x0,0x0,0x0,
0x0,0x0,0x0,0x0,0x4,0x1,0x10,0x1,
0x4,0x1,0x80,0x1,0x0,0x0,0x0,0x0,
0x10,0x0,0x0,0x0,0x0,0x0,0x0,0x0,
0x0,0x0,0xff,0xff,0xff,0xff,0xff,0xff,
0x0,0x0,0x0,0x0,0x54,0x0,0x0,0x0,
0x54,0x0,0x0,0x0,0x54,0x0,0x0,0x0,
0x0,0x0,0x0,0x0,0x54,0x0,0x0,0x0,
0x54,0x0,0x0,0x0,0x0,0x0,0x2,0x0,
0x54,0x0,0x0,0x0,0x0,0x0,0x0,0x0,
0x84,0x0,0x0,0x0,0x7,0x1,0xd0,0x1,
0x0,0x0,0x0,0x0,0x84,0x0,0x0,0x0,
0x0,0x0,0x0,0x0,0x84,0x0,0x0,0x0,
0x0,0x0,0x0,0x0,0x7d,0x0,0x0,0x0,
0x0,0x0,0x2,0x0,0x1e,0x0,0x0,0x0,
0x0,0x0,0x0,0x0,0x9,0x1,0x50,0x1,
0x9,0x1,0xd0,0x1,0xd,0x0,0x0,0x0,
0x0,0x0,0x3,0x0,0x0,0x0,0x0,0x0,
0x8c,0x0,0x0,0x0,0x8,0x1,0x50,0x1,
0x8,0x1,0xc0,0x1,0x0,0x0,0x0,0x0,
0x46,0x0,0x0,0x0,0x0,0x0,0x0,0x0,
0x0,0x0,0xff,0xff,0xff,0xff,0xff,0xff,
0x0,0x0,0x0,0x0,0x54,0x0,0x0,0x0,
0x54,0x0,0x0,0x0,0x54,0x0,0x0,0x0,
0x0,0x0,0x0,0x0,0x54,0x0,0x0,0x0,
0x54,0x0,0x0,0x0,0x0,0x0,0x4,0x0,
0x54,0x0,0x0,0x0,0x0,0x0,0x0,0x0,
0xb4,0x0,0x0,0x0,0xf,0x1,0xe0,0x1,
0x0,0x0,0x0,0x0,0xb4,0x0,0x0,0x0,
0x0,0x0,0x0,0x0,0xb4,0x0,0x0,0x0,
0x0,0x0,0x0,0x0,0x47,0x0,0x0,0x0,
0x0,0x0,0x2,0x0,0x21,0x0,0x0,0x0,
0x0,0x0,0x0,0x0,0x10,0x1,0x50,0x1,
0x10,0x1,0xe0,0x1,0x0,0x0,0x0,0x0,
0x0,0x0,0x8,0x0,0x31,0x0,0x0,0x0,
0x0,0x0,0x0,0x0,0x14,0x1,0x50,0x1,
0x14,0x1,0x50,0x1,0x0,0x0,0x0,0x0,
0x0,0x0,0x8,0x0,0x34,0x0,0x0,0x0,
0x0,0x0,0x0,0x0,0x1d,0x1,0x50,0x1,
0x1d,0x1,0x50,0x1,0x12,0x0,0x0,0x0,
0x0,0x0,0xa,0x0,0x30,0x0,0x0,0x0,
0x0,0x0,0x0,0x0,0x11,0x1,0x50,0x1,
0x11,0x1,0xd0,0x1,0x0,0x0,0x0,0x0,
0x0,0x0,0x0,0x0,0x0,0x0,0x0,0x0,
0x0,0x0,0xff,0xff,0xff,0xff,0xff,0xff,
0x0,0x0,0x0,0x0,0x54,0x0,0x0,0x0,
0x54,0x0,0x0,0x0,0x54,0x0,0x0,0x0,
0x0,0x0,0x0,0x0,0x54,0x0,0x0,0x0,
0x54,0x0,0x0,0x0,0x0,0x0,0x2,0x0,
0x54,0x0,0x0,0x0,0x0,0x0,0x0,0x0,
0x84,0x0,0x0,0x0,0x11,0x1,0x50,0x1,
0x0,0x0,0x0,0x0,0x84,0x0,0x0,0x0,
0x0,0x0,0x0,0x0,0x84,0x0,0x0,0x0,
0x0,0x0,0x0,0x0,0x8f,0x0,0x0,0x0,
0x0,0x0,0x2,0x0,0x22,0x0,0x0,0x0,
0x0,0x0,0x0,0x0,0x12,0x1,0xd0,0x1,
0x12,0x1,0x60,0x2,0x13,0x0,0x0,0x0,
0x0,0x0,0x7,0x0,0x35,0x0,0x0,0x0,
0x0,0x0,0x0,0x0,0x11,0x1,0xd0,0x1,
0x11,0x1,0x30,0x2,0x0,0x0,0x0,0x0,
0x90,0x0,0x0,0x0,0x0,0x0,0x0,0x0,
0x0,0x0,0xff,0xff,0xff,0xff,0xff,0xff,
0x0,0x0,0x0,0x0,0x54,0x0,0x0,0x0,
0x54,0x0,0x0,0x0,0x54,0x0,0x0,0x0,
0x0,0x0,0x0,0x0,0x54,0x0,0x0,0x0,
0x54,0x0,0x0,0x0,0x0,0x0,0x5,0x0,
0x54,0x0,0x0,0x0,0x0,0x0,0x0,0x0,
0xcc,0x0,0x0,0x0,0x14,0x1,0x50,0x1,
0x0,0x0,0x0,0x0,0xcc,0x0,0x0,0x0,
0x0,0x0,0x0,0x0,0xcc,0x0,0x0,0x0,
0x0,0x0,0x0,0x0,0x5a,0x0,0x0,0x0,
0x0,0x0,0x7,0x0,0x36,0x0,0x0,0x0,
0x0,0x0,0x0,0x0,0x19,0x1,0x90,0x1,
0x19,0x1,0xe0,0x2,0xd,0x0,0x0,0x0,
0x0,0x0,0x3,0x0,0x0,0x0,0x0,0x0,
0x4e,0x0,0x0,0x0,0x18,0x1,0x90,0x1,
0x18,0x1,0x0,0x2,0x49,0x0,0x0,0x0,
0x0,0x0,0x3,0x0,0x0,0x0,0x0,0x0,
0x91,0x0,0x0,0x0,0x15,0x1,0x90,0x1,
0x15,0x1,0xf0,0x1,0x12,0x0,0x0,0x0,
0x0,0x0,0xa,0x0,0x33,0x0,0x0,0x0,
0x0,0x0,0x0,0x0,0x1a,0x1,0x90,0x1,
0x1a,0x1,0x10,0x2,0x4b,0x0,0x0,0x0,
0x0,0x0,0xa,0x0,0x32,0x0,0x0,0x0,
0x0,0x0,0x0,0x0,0x16,0x1,0x90,0x1,
0x16,0x1,0xe0,0x1,0x0,0x0,0x0,0x0,
0x0,0x0,0x0,0x0,0x0,0x0,0x0,0x0,
0x0,0x0,0xff,0xff,0xff,0xff,0xff,0xff,
0x0,0x0,0x0,0x0,0x54,0x0,0x0,0x0,
0x54,0x0,0x0,0x0,0x54,0x0,0x0,0x0,
0x0,0x0,0x0,0x0,0x54,0x0,0x0,0x0,
0x54,0x0,0x0,0x0,0x0,0x0,0x2,0x0,
0x54,0x0,0x0,0x0,0x0,0x0,0x0,0x0,
0x84,0x0,0x0,0x0,0x16,0x1,0x90,0x1,
0x0,0x0,0x0,0x0,0x84,0x0,0x0,0x0,
0x0,0x0,0x0,0x0,0x84,0x0,0x0,0x0,
0x0,0x0,0x0,0x0,0x4d,0x0,0x0,0x0,
0x0,0x0,0x1,0x0,0x1,0x0,0x0,0x0,
0x0,0x0,0x0,0x0,0x17,0x1,0xe0,0x1,
0x17,0x1,0x40,0x2,0x4c,0x0,0x0,0x0,
0x0,0x0,0x2,0x0,0xa,0x0,0x0,0x0,
0x0,0x0,0x0,0x0,0x16,0x1,0xe0,0x1,
0x16,0x1,0x90,0x2,0x0,0x0,0x0,0x0,
0x0,0x0,0x0,0x0,0x0,0x0,0x0,0x0,
0x0,0x0,0xff,0xff,0xff,0xff,0xff,0xff,
0x0,0x0,0x0,0x0,0x54,0x0,0x0,0x0,
0x54,0x0,0x0,0x0,0x54,0x0,0x0,0x0,
0x0,0x0,0x0,0x0,0x54,0x0,0x0,0x0,
0x54,0x0,0x0,0x0,0x0,0x0,0x1,0x0,
0x54,0x0,0x0,0x0,0x0,0x0,0x0,0x0,
0x6c,0x0,0x0,0x0,0x1a,0x1,0x90,0x1,
0x0,0x0,0x0,0x0,0x6c,0x0,0x0,0x0,
0x0,0x0,0x0,0x0,0x6c,0x0,0x0,0x0,
0x0,0x0,0x0,0x0,0x78,0x0,0x0,0x0,
0x0,0x0,0x7,0x0,0x37,0x0,0x0,0x0,
0x0,0x0,0x0,0x0,0x1a,0x1,0x10,0x2,
0x1a,0x1,0x30,0x3,0x0,0x0,0x0,0x0,
0x92,0x0,0x0,0x0,0x0,0x0,0x0,0x0,
0x0,0x0,0xff,0xff,0xff,0xff,0xff,0xff,
0x0,0x0,0x0,0x0,0x54,0x0,0x0,0x0,
0x54,0x0,0x0,0x0,0x54,0x0,0x0,0x0,
0x0,0x0,0x0,0x0,0x54,0x0,0x0,0x0,
0x54,0x0,0x0,0x0,0x0,0x0,0x4,0x0,
0x54,0x0,0x0,0x0,0x0,0x0,0x0,0x0,
0xb4,0x0,0x0,0x0,0x1d,0x1,0x50,0x1,
0x0,0x0,0x0,0x0,0xb4,0x0,0x0,0x0,
0x0,0x0,0x0,0x0,0xb4,0x0,0x0,0x0,
0x0,0x0,0x0,0x0,0x47,0x0,0x0,0x0,
0x0,0x0,0x2,0x0,0x5,0x0,0x0,0x0,
0x0,0x0,0x0,0x0,0x1e,0x1,0x90,0x1,
0x1e,0x1,0x20,0x2,0x0,0x0,0x0,0x0,
0x0,0x0,0x8,0x0,0x36,0x0,0x0,0x0,
0x0,0x0,0x0,0x0,0x21,0x1,0x90,0x1,
0x21,0x1,0x90,0x1,0x0,0x0,0x0,0x0,
0x0,0x0,0x8,0x0,0x38,0x0,0x0,0x0,
0x0,0x0,0x0,0x0,0x2c,0x1,0x90,0x1,
0x2c,0x1,0x90,0x1,0x12,0x0,0x0,0x0,
0x0,0x0,0xa,0x0,0x35,0x0,0x0,0x0,
0x0,0x0,0x0,0x0,0x1f,0x1,0x90,0x1,
0x1f,0x1,0x10,0x2,0x0,0x0,0x0,0x0,
0x0,0x0,0x0,0x0,0x0,0x0,0x0,0x0,
0x0,0x0,0xff,0xff,0xff,0xff,0xff,0xff,
0x0,0x0,0x0,0x0,0x54,0x0,0x0,0x0,
0x54,0x0,0x0,0x0,0x54,0x0,0x0,0x0,
0x0,0x0,0x0,0x0,0x54,0x0,0x0,0x0,
0x54,0x0,0x0,0x0,0x0,0x0,0x2,0x0,
0x54,0x0,0x0,0x0,0x0,0x0,0x0,0x0,
0x84,0x0,0x0,0x0,0x1f,0x1,0x90,0x1,
0x0,0x0,0x0,0x0,0x84,0x0,0x0,0x0,
0x0,0x0,0x0,0x0,0x84,0x0,0x0,0x0,
0x0,0x0,0x0,0x0,0x3e,0x0,0x0,0x0,
0x0,0x0,0x2,0x0,0x1c,0x0,0x0,0x0,
0x0,0x0,0x0,0x0,0x20,0x1,0x10,0x2,
0x20,0x1,0xc0,0x2,0x78,0x0,0x0,0x0,
0x0,0x0,0x7,0x0,0x38,0x0,0x0,0x0,
0x0,0x0,0x0,0x0,0x1f,0x1,0x10,0x2,
0x1f,0x1,0x30,0x3,0x0,0x0,0x0,0x0,
0x75,0x0,0x0,0x0,0x0,0x0,0x0,0x0,
0x0,0x0,0xff,0xff,0xff,0xff,0xff,0xff,
0x0,0x0,0x0,0x0,0x54,0x0,0x0,0x0,
0x54,0x0,0x0,0x0,0x54,0x0,0x0,0x0,
0x0,0x0,0x0,0x0,0x54,0x0,0x0,0x0,
0x54,0x0,0x0,0x0,0x0,0x0,0x5,0x0,
0x54,0x0,0x0,0x0,0x0,0x0,0x0,0x0,
0xcc,0x0,0x0,0x0,0x21,0x1,0x90,0x1,
0x0,0x0,0x0,0x0,0xcc,0x0,0x0,0x0,
0x0,0x0,0x0,0x0,0xcc,0x0,0x0,0x0,
0x0,0x0,0x0,0x0,0x80,0x0,0x0,0x0,
0x0,0x0,0x7,0x0,0x39,0x0,0x0,0x0,
0x0,0x0,0x0,0x0,0x29,0x1,0xd0,0x1,
0x29,0x1,0x80,0x2,0x50,0x0,0x0,0x0,
0x0,0x0,0x8,0x0,0x37,0x0,0x0,0x0,
0x0,0x0,0x0,0x0,0x25,0x1,0xd0,0x1,
0x25,0x1,0x90,0x2,0x1e,0x0,0x0,0x0,
0x0,0x0,0x2,0x0,0x24,0x0,0x0,0x0,
0x0,0x0,0x0,0x0,0x24,0x1,0xd0,0x1,
0x24,0x1,0x50,0x2,0x1d,0x0,0x0,0x0,
0x0,0x0,0x2,0x0,0x23,0x0,0x0,0x0,
0x0,0x0,0x0,0x0,0x23,0x1,0xd0,0x1,
0x23,0x1,0x40,0x2,0x49,0x0,0x0,0x0,
0x0,0x0,0x3,0x0,0x0,0x0,0x0,0x0,
0x93,0x0,0x0,0x0,0x22,0x1,0xd0,0x1,
0x22,0x1,0x30,0x2,0x0,0x0,0x0,0x0,
0x10,0x0,0x0,0x0,0x0,0x0,0x0,0x0,
0x0,0x0,0xff,0xff,0xff,0xff,0xff,0xff,
0x0,0x0,0x0,0x0,0x54,0x0,0x0,0x0,
0x54,0x0,0x0,0x0,0x54,0x0,0x0,0x0,
0x0,0x0,0x0,0x0,0x54,0x0,0x0,0x0,
0x54,0x0,0x0,0x0,0x0,0x0,0x2,0x0,
0x54,0x0,0x0,0x0,0x0,0x0,0x0,0x0,
0x84,0x0,0x0,0x0,0x25,0x1,0x90,0x2,
0x0,0x0,0x0,0x0,0x84,0x0,0x0,0x0,
0x0,0x0,0x0,0x0,0x84,0x0,0x0,0x0,
0x0,0x0,0x0,0x0,0x7d,0x0,0x0,0x0,
0x0,0x0,0x2,0x0,0x1e,0x0,0x0,0x0,
0x0,0x0,0x0,0x0,0x27,0x1,0x10,0x2,
0x27,0x1,0x90,0x2,0xd,0x0,0x0,0x0,
0x0,0x0,0x3,0x0,0x0,0x0,0x0,0x0,
0x94,0x0,0x0,0x0,0x26,0x1,0x10,0x2,
0x26,0x1,0x80,0x2,0x0,0x0,0x0,0x0,
0x75,0x0,0x0,0x0,0x0,0x0,0x0,0x0,
0x0,0x0,0xff,0xff,0xff,0xff,0xff,0xff,
0x0,0x0,0x0,0x0,0x54,0x0,0x0,0x0,
0x54,0x0,0x0,0x0,0x54,0x0,0x0,0x0,
0x0,0x0,0x0,0x0,0x54,0x0,0x0,0x0,
0x54,0x0,0x0,0x0,0x0,0x0,0x6,0x0,
0x54,0x0,0x0,0x0,0x0,0x0,0x0,0x0,
0xe4,0x0,0x0,0x0,0x2c,0x1,0x90,0x1,
0x0,0x0,0x0,0x0,0xe4,0x0,0x0,0x0,
0x0,0x0,0x0,0x0,0xe4,0x0,0x0,0x0,
0x0,0x0,0x0,0x0,0x80,0x0,0x0,0x0,
0x0,0x0,0x7,0x0,0x3a,0x0,0x0,0x0,
0x0,0x0,0x0,0x0,0x3b,0x1,0xd0,0x1,
0x3b,0x1,0x70,0x2,0x7f,0x0,0x0,0x0,
0x0,0x0,0x8,0x0,0x3a,0x0,0x0,0x0,
0x0,0x0,0x0,0x0,0x34,0x1,0xd0,0x1,
0x34,0x1,0xa0,0x2,0x50,0x0,0x0,0x0,
0x0,0x0,0x8,0x0,0x39,0x0,0x0,0x0,
0x0,0x0,0x0,0x0,0x30,0x1,0xd0,0x1,
0x30,0x1,0x90,0x2,0x1e,0x0,0x0,0x0,
0x0,0x0,0x2,0x0,0x24,0x0,0x0,0x0,
0x0,0x0,0x0,0x0,0x2f,0x1,0xd0,0x1,
0x2f,0x1,0x50,0x2,0x1d,0x0,0x0,0x0,
0x0,0x0,0x2,0x0,0x23,0x0,0x0,0x0,
0x0,0x0,0x0,0x0,0x2e,0x1,0xd0,0x1,
0x2e,0x1,0x40,0x2,0x49,0x0,0x0,0x0,
0x0,0x0,0x3,0x0,0x0,0x0,0x0,0x0,
0x85,0x0,0x0,0x0,0x2d,0x1,0xd0,0x1,
0x2d,0x1,0x30,0x2,0x0,0x0,0x0,0x0,
0x10,0x0,0x0,0x0,0x0,0x0,0x0,0x0,
0x0,0x0,0xff,0xff,0xff,0xff,0xff,0xff,
0x0,0x0,0x0,0x0,0x54,0x0,0x0,0x0,
0x54,0x0,0x0,0x0,0x54,0x0,0x0,0x0,
0x0,0x0,0x0,0x0,0x54,0x0,0x0,0x0,
0x54,0x0,0x0,0x0,0x0,0x0,0x2,0x0,
0x54,0x0,0x0,0x0,0x0,0x0,0x0,0x0,
0x84,0x0,0x0,0x0,0x30,0x1,0x90,0x2,
0x0,0x0,0x0,0x0,0x84,0x0,0x0,0x0,
0x0,0x0,0x0,0x0,0x84,0x0,0x0,0x0,
0x0,0x0,0x0,0x0,0x7d,0x0,0x0,0x0,
0x0,0x0,0x2,0x0,0x1e,0x0,0x0,0x0,
0x0,0x0,0x0,0x0,0x32,0x1,0x10,0x2,
0x32,0x1,0x90,0x2,0xd,0x0,0x0,0x0,
0x0,0x0,0x3,0x0,0x0,0x0,0x0,0x0,
0x86,0x0,0x0,0x0,0x31,0x1,0x10,0x2,
0x31,0x1,0x80,0x2,0x0,0x0,0x0,0x0,
0x48,0x0,0x0,0x0,0x0,0x0,0x0,0x0,
0x0,0x0,0xff,0xff,0xff,0xff,0xff,0xff,
0x0,0x0,0x0,0x0,0x54,0x0,0x0,0x0,
0x54,0x0,0x0,0x0,0x54,0x0,0x0,0x0,
0x0,0x0,0x0,0x0,0x54,0x0,0x0,0x0,
0x54,0x0,0x0,0x0,0x0,0x0,0x5,0x0,
0x54,0x0,0x0,0x0,0x0,0x0,0x0,0x0,
0xcc,0x0,0x0,0x0,0x34,0x1,0xa0,0x2,
0x0,0x0,0x0,0x0,0xcc,0x0,0x0,0x0,
0x0,0x0,0x0,0x0,0xcc,0x0,0x0,0x0,
0x0,0x0,0x0,0x0,0x5c,0x0,0x0,0x0,
0x0,0x0,0x7,0x0,0x3c,0x0,0x0,0x0,
0x0,0x0,0x0,0x0,0x39,0x1,0x10,0x2,
0x39,0x1,0x40,0x3,0x5a,0x0,0x0,0x0,
0x0,0x0,0x7,0x0,0x3b,0x0,0x0,0x0,
0x0,0x0,0x0,0x0,0x38,0x1,0x10,0x2,
0x38,0x1,0x60,0x3,0xd,0x0,0x0,0x0,
0x0,0x0,0x3,0x0,0x0,0x0,0x0,0x0,
0x7e,0x0,0x0,0x0,0x36,0x1,0x10,0x2,
0x36,0x1,0x80,0x2,0x49,0x0,0x0,0x0,
0x0,0x0,0x3,0x0,0x0,0x0,0x0,0x0,
0x85,0x0,0x0,0x0,0x35,0x1,0x10,0x2,
0x35,0x1,0x70,0x2,0x4b,0x0,0x0,0x0,
0x0,0x0,0xa,0x0,0x3b,0x0,0x0,0x0,
0x0,0x0,0x0,0x0,0x37,0x1,0x10,0x2,
0x37,0x1,0x60,0x2,0x0,0x0,0x0,0x0,
0x0,0x0,0x0,0x0,0x0,0x0,0x0,0x0,
0x0,0x0,0xff,0xff,0xff,0xff,0xff,0xff,
0x0,0x0,0x0,0x0,0x54,0x0,0x0,0x0,
0x54,0x0,0x0,0x0,0x54,0x0,0x0,0x0,
0x0,0x0,0x0,0x0,0x54,0x0,0x0,0x0,
0x54,0x0,0x0,0x0,0x0,0x0,0x1,0x0,
0x54,0x0,0x0,0x0,0x0,0x0,0x0,0x0,
0x6c,0x0,0x0,0x0,0x37,0x1,0x10,0x2,
0x0,0x0,0x0,0x0,0x6c,0x0,0x0,0x0,
0x0,0x0,0x0,0x0,0x6c,0x0,0x0,0x0,
0x0,0x0,0x0,0x0,0x4d,0x0,0x0,0x0,
0x0,0x0,0x1,0x0,0x1,0x0,0x0,0x0,
0x0,0x0,0x0,0x0,0x37,0x1,0x60,0x2,
0x37,0x1,0xc0,0x2,0x0,0x0,0x0,0x0,
0x37,0x0,0x0,0x0,0x95,0x0,0x0,0x0,
0x0,0x0,0xff,0xff,0xff,0xff,0xff,0xff,
0x0,0x0,0x0,0x0,0x54,0x0,0x0,0x0,
0x54,0x0,0x0,0x0,0x54,0x0,0x0,0x0,
0x0,0x0,0x0,0x0,0x54,0x0,0x0,0x0,
0x54,0x0,0x0,0x0,0x0,0x0,0xa,0x0,
0x54,0x0,0x0,0x0,0x0,0x0,0x0,0x0,
0x44,0x1,0x0,0x0,0x47,0x1,0x50,0x0,
0x48,0x1,0x90,0x0,0x44,0x1,0x0,0x0,
0x0,0x0,0x0,0x0,0x44,0x1,0x0,0x0,
0x0,0x0,0x0,0x0,0x8,0x0,0x0,0x0,
0x0,0x0,0x1,0x0,0x0,0x0,0x0,0x0,
0x0,0x0,0x0,0x0,0x4a,0x1,0x90,0x0,
0x4a,0x1,0x20,0x1,0x0,0x0,0x0,0x0,
0x0,0x0,0x8,0x0,0x3e,0x0,0x0,0x0,
0x0,0x0,0x0,0x0,0x4d,0x1,0x90,0x0,
0x4d,0x1,0x90,0x0,0x0,0x0,0x0,0x0,
0x0,0x0,0x8,0x0,0x48,0x0,0x0,0x0,
0x0,0x0,0x0,0x0,0x7d,0x1,0x90,0x0,
0x7d,0x1,0x90,0x0,0x0,0x0,0x0,0x0,
0x0,0x0,0x8,0x0,0x4b,0x0,0x0,0x0,
0x0,0x0,0x0,0x0,0x98,0x1,0x90,0x0,
0x98,0x1,0x90,0x0,0x0,0x0,0x0,0x0,
0x0,0x0,0x8,0x0,0x4d,0x0,0x0,0x0,
0x0,0x0,0x0,0x0,0xa7,0x1,0x90,0x0,
0xa7,0x1,0x90,0x0,0x0,0x0,0x0,0x0,
0x0,0x0,0x8,0x0,0x4f,0x0,0x0,0x0,
0x0,0x0,0x0,0x0,0xb5,0x1,0x90,0x0,
0xb5,0x1,0x90,0x0,0x0,0x0,0x0,0x0,
0x0,0x0,0x8,0x0,0x63,0x0,0x0,0x0,
0x0,0x0,0x0,0x0,0x16,0x2,0x90,0x0,
0x16,0x2,0x90,0x0,0x0,0x0,0x0,0x0,
0x0,0x0,0x8,0x0,0x64,0x0,0x0,0x0,
0x0,0x0,0x0,0x0,0x24,0x2,0x90,0x0,
0x24,0x2,0x90,0x0,0x0,0x0,0x0,0x0,
0x0,0x0,0x8,0x0,0x71,0x0,0x0,0x0,
0x0,0x0,0x0,0x0,0x60,0x2,0x90,0x0,
0x60,0x2,0x90,0x0,0x12,0x0,0x0,0x0,
0x0,0x0,0xa,0x0,0x3d,0x0,0x0,0x0,
0x0,0x0,0x0,0x0,0x49,0x1,0x90,0x0,
0x49,0x1,0x10,0x1,0x0,0x0,0x0,0x0,
0x0,0x0,0x0,0x0,0x0,0x0,0x0,0x0,
0x0,0x0,0xff,0xff,0xff,0xff,0xff,0xff,
0x0,0x0,0x0,0x0,0x54,0x0,0x0,0x0,
0x54,0x0,0x0,0x0,0x54,0x0,0x0,0x0,
0x0,0x0,0x0,0x0,0x54,0x0,0x0,0x0,
0x54,0x0,0x0,0x0,0x0,0x0,0x1,0x0,
0x54,0x0,0x0,0x0,0x0,0x0,0x0,0x0,
0x6c,0x0,0x0,0x0,0x49,0x1,0x90,0x0,
0x0,0x0,0x0,0x0,0x6c,0x0,0x0,0x0,
0x0,0x0,0x0,0x0,0x6c,0x0,0x0,0x0,
0x0,0x0,0x0,0x0,0x13,0x0,0x0,0x0,
0x0,0x0,0x7,0x0,0x3d,0x0,0x0,0x0,
0x0,0x0,0x0,0x0,0x49,0x1,0x10,0x1,
0x49,0x1,0x70,0x1,0x0,0x0,0x0,0x0,
0x37,0x0,0x0,0x0,0x0,0x0,0x0,0x0,
0x0,0x0,0xff,0xff,0xff,0xff,0xff,0xff,
0x0,0x0,0x2,0x0,0x54,0x0,0x0,0x0,
0x54,0x0,0x0,0x0,0x6c,0x0,0x0,0x0,
0x0,0x0,0x0,0x0,0x6c,0x0,0x0,0x0,
0x6c,0x0,0x0,0x0,0x0,0x0,0x5,0x0,
0x6c,0x0,0x0,0x0,0x0,0x0,0x0,0x0,
0xe4,0x0,0x0,0x0,0x4d,0x1,0x90,0x0,
0x0,0x0,0x0,0x0,0xe4,0x0,0x0,0x0,
0x0,0x0,0x0,0x0,0xe4,0x0,0x0,0x0,
0x0,0x0,0x0,0x0,0x40,0x0,0x0,0x0,
0x4,0x0,0x0,0x20,0x53,0x1,0xd0,0x0,
0x42,0x0,0x0,0x0,0x4,0x0,0x0,0x20,
0x54,0x1,0xd0,0x0,0x42,0x0,0x0,0x0,
0x0,0x0,0x7,0x0,0x3f,0x0,0x0,0x0,
0x0,0x0,0x0,0x0,0x54,0x1,0xd0,0x1,
0x54,0x1,0xa0,0x2,0x40,0x0,0x0,0x0,
0x0,0x0,0x7,0x0,0x3e,0x0,0x0,0x0,
0x0,0x0,0x0,0x0,0x53,0x1,0xd0,0x1,
0x53,0x1,0xa0,0x2,0x0,0x0,0x0,0x0,
0x0,0x0,0x8,0x0,0x40,0x0,0x0,0x0,
0x0,0x0,0x0,0x0,0x56,0x1,0xd0,0x0,
0x56,0x1,0xd0,0x0,0x0,0x0,0x0,0x0,
0x0,0x0,0x8,0x0,0x41,0x0,0x0,0x0,
0x0,0x0,0x0,0x0,0x60,0x1,0xd0,0x0,
0x60,0x1,0xd0,0x0,0x12,0x0,0x0,0x0,
0x0,0x0,0xa,0x0,0x3f,0x0,0x0,0x0,
0x0,0x0,0x0,0x0,0x4e,0x1,0xd0,0x0,
0x4e,0x1,0x50,0x1,0x0,0x0,0x0,0x0,
0x0,0x0,0x0,0x0,0x0,0x0,0x0,0x0,
0x0,0x0,0xff,0xff,0xff,0xff,0xff,0xff,
0x0,0x0,0x0,0x0,0x54,0x0,0x0,0x0,
0x54,0x0,0x0,0x0,0x54,0x0,0x0,0x0,
0x0,0x0,0x0,0x0,0x54,0x0,0x0,0x0,
0x54,0x0,0x0,0x0,0x0,0x0,0x4,0x0,
0x54,0x0,0x0,0x0,0x0,0x0,0x0,0x0,
0xb4,0x0,0x0,0x0,0x4e,0x1,0xd0,0x0,
0x0,0x0,0x0,0x0,0xb4,0x0,0x0,0x0,
0x0,0x0,0x0,0x0,0xb4,0x0,0x0,0x0,
0x0,0x0,0x0,0x0,0x3f,0x0,0x0,0x0,
0x0,0x0,0x2,0x0,0x5,0x0,0x0,0x0,
0x0,0x0,0x0,0x0,0x51,0x1,0x50,0x1,
0x51,0x1,0x20,0x2,0x3e,0x0,0x0,0x0,
0x0,0x0,0x2,0x0,0x5,0x0,0x0,0x0,
0x0,0x0,0x0,0x0,0x50,0x1,0x50,0x1,
0x50,0x1,0x0,0x2,0x3c,0x0,0x0,0x0,
0x0,0x0,0x7,0x0,0x41,0x0,0x0,0x0,
0x0,0x0,0x0,0x0,0x4f,0x1,0x50,0x1,
0x4f,0x1,0xc0,0x1,0x3a,0x0,0x0,0x0,
0x0,0x0,0x7,0x0,0x40,0x0,0x0,0x0,
0x0,0x0,0x0,0x0,0x4e,0x1,0x50,0x1,
0x4e,0x1,0xa0,0x1,0x0,0x0,0x0,0x0,
0x22,0x0,0x0,0x0,0x0,0x0,0x0,0x0,
0x0,0x0,0xff,0xff,0xff,0xff,0xff,0xff,
0x0,0x0,0x0,0x0,0x54,0x0,0x0,0x0,
0x54,0x0,0x0,0x0,0x54,0x0,0x0,0x0,
0x0,0x0,0x0,0x0,0x54,0x0,0x0,0x0,
0x54,0x0,0x0,0x0,0x0,0x0,0x4,0x0,
0x54,0x0,0x0,0x0,0x0,0x0,0x0,0x0,
0xb4,0x0,0x0,0x0,0x56,0x1,0xd0,0x0,
0x0,0x0,0x0,0x0,0xb4,0x0,0x0,0x0,
0x0,0x0,0x0,0x0,0xb4,0x0,0x0,0x0,
0x0,0x0,0x0,0x0,0x26,0x0,0x0,0x0,
0x0,0x0,0x7,0x0,0x42,0x0,0x0,0x0,
0x0,0x0,0x0,0x0,0x5a,0x1,0x10,0x1,
0x5a,0x1,0xe0,0x1,0x25,0x0,0x0,0x0,
0x0,0x0,0x1,0x0,0x1,0x0,0x0,0x0,
0x0,0x0,0x0,0x0,0x59,0x1,0x10,0x1,
0x59,0x1,0x90,0x1,0x24,0x0,0x0,0x0,
0x0,0x0,0x1,0x0,0x1,0x0,0x0,0x0,
0x0,0x0,0x0,0x0,0x58,0x1,0x10,0x1,
0x58,0x1,0xa0,0x1,0x23,0x0,0x0,0x0,
0x0,0x0,0x2,0x0,0x0,0x0,0x0,0x0,
0x0,0x0,0x0,0x0,0x57,0x1,0x10,0x1,
0x57,0x1,0xb0,0x1,0x0,0x0,0x0,0x0,
0x10,0x0,0x0,0x0,0x0,0x0,0x0,0x0,
0x0,0x0,0xff,0xff,0xff,0xff,0xff,0xff,
0x0,0x0,0x0,0x0,0x54,0x0,0x0,0x0,
0x54,0x0,0x0,0x0,0x54,0x0,0x0,0x0,
0x0,0x0,0x0,0x0,0x54,0x0,0x0,0x0,
0x54,0x0,0x0,0x0,0x0,0x0,0x6,0x0,
0x54,0x0,0x0,0x0,0x0,0x0,0x0,0x0,
0xe4,0x0,0x0,0x0,0x60,0x1,0xd0,0x0,
0x0,0x0,0x0,0x0,0xe4,0x0,0x0,0x0,
0x0,0x0,0x0,0x0,0xe4,0x0,0x0,0x0,
0x0,0x0,0x0,0x0,0xd,0x0,0x0,0x0,
0x0,0x0,0x3,0x0,0x0,0x0,0x0,0x0,
0xe,0x0,0x0,0x0,0x65,0x1,0x10,0x1,
0x65,0x1,0x80,0x1,0x1e,0x0,0x0,0x0,
0x0,0x0,0x2,0x0,0x8,0x0,0x0,0x0,
0x0,0x0,0x0,0x0,0x64,0x1,0x10,0x1,
0x64,0x1,0x90,0x1,0x1d,0x0,0x0,0x0,
0x0,0x0,0x2,0x0,0x7,0x0,0x0,0x0,
0x0,0x0,0x0,0x0,0x63,0x1,0x10,0x1,
0x63,0x1,0x80,0x1,0x45,0x0,0x0,0x0,
0x0,0x0,0x2,0x0,0x4,0x0,0x0,0x0,
0x0,0x0,0x0,0x0,0x62,0x1,0x10,0x1,
0x62,0x1,0x40,0x1,0x44,0x0,0x0,0x0,
0x0,0x0,0x2,0x0,0x6,0x0,0x0,0x0,
0x0,0x0,0x0,0x0,0x61,0x1,0x10,0x1,
0x61,0x1,0x40,0x1,0x0,0x0,0x0,0x0,
0x0,0x0,0x8,0x0,0x42,0x0,0x0,0x0,
0x0,0x0,0x0,0x0,0x67,0x1,0x10,0x1,
0x67,0x1,0x10,0x1,0x0,0x0,0x0,0x0,
0x46,0x0,0x0,0x0,0x0,0x0,0x0,0x0,
0x0,0x0,0xff,0xff,0xff,0xff,0xff,0xff,
0x0,0x0,0x0,0x0,0x54,0x0,0x0,0x0,
0x54,0x0,0x0,0x0,0x54,0x0,0x0,0x0,
0x0,0x0,0x0,0x0,0x54,0x0,0x0,0x0,
0x54,0x0,0x0,0x0,0x0,0x0,0x4,0x0,
0x54,0x0,0x0,0x0,0x0,0x0,0x0,0x0,
0xb4,0x0,0x0,0x0,0x67,0x1,0x10,0x1,
0x0,0x0,0x0,0x0,0xb4,0x0,0x0,0x0,
0x0,0x0,0x0,0x0,0xb4,0x0,0x0,0x0,
0x0,0x0,0x0,0x0,0x47,0x0,0x0,0x0,
0x0,0x0,0x2,0x0,0x9,0x0,0x0,0x0,
0x0,0x0,0x0,0x0,0x69,0x1,0x50,0x1,
0x69,0x1,0xe0,0x1,0x0,0x0,0x0,0x0,
0x0,0x0,0x8,0x0,0x44,0x0,0x0,0x0,
0x0,0x0,0x0,0x0,0x6b,0x1,0x50,0x1,
0x6b,0x1,0x50,0x1,0x0,0x0,0x0,0x0,
0x0,0x0,0x8,0x0,0x46,0x0,0x0,0x0,
0x0,0x0,0x0,0x0,0x72,0x1,0x50,0x1,
0x72,0x1,0x50,0x1,0x12,0x0,0x0,0x0,
0x0,0x0,0xa,0x0,0x43,0x0,0x0,0x0,
0x0,0x0,0x0,0x0,0x68,0x1,0x50,0x1,
0x68,0x1,0xd0,0x1,0x0,0x0,0x0,0x0,
0x0,0x0,0x0,0x0,0x0,0x0,0x0,0x0,
0x0,0x0,0xff,0xff,0xff,0xff,0xff,0xff,
0x0,0x0,0x0,0x0,0x54,0x0,0x0,0x0,
0x54,0x0,0x0,0x0,0x54,0x0,0x0,0x0,
0x0,0x0,0x0,0x0,0x54,0x0,0x0,0x0,
0x54,0x0,0x0,0x0,0x0,0x0,0x1,0x0,
0x54,0x0,0x0,0x0,0x0,0x0,0x0,0x0,
0x6c,0x0,0x0,0x0,0x68,0x1,0x50,0x1,
0x0,0x0,0x0,0x0,0x6c,0x0,0x0,0x0,
0x0,0x0,0x0,0x0,0x6c,0x0,0x0,0x0,
0x0,0x0,0x0,0x0,0x1b,0x0,0x0,0x0,
0x0,0x0,0x7,0x0,0x43,0x0,0x0,0x0,
0x0,0x0,0x0,0x0,0x68,0x1,0xd0,0x1,
0x68,0x1,0x70,0x2,0x0,0x0,0x0,0x0,
0x48,0x0,0x0,0x0,0x0,0x0,0x0,0x0,
0x0,0x0,0xff,0xff,0xff,0xff,0xff,0xff,
0x0,0x0,0x0,0x0,0x54,0x0,0x0,0x0,
0x54,0x0,0x0,0x0,0x54,0x0,0x0,0x0,
0x0,0x0,0x0,0x0,0x54,0x0,0x0,0x0,
0x54,0x0,0x0,0x0,0x0,0x0,0x3,0x0,
0x54,0x0,0x0,0x0,0x0,0x0,0x0,0x0,
0x9c,0x0,0x0,0x0,0x6b,0x1,0x50,0x1,
0x0,0x0,0x0,0x0,0x9c,0x0,0x0,0x0,
0x0,0x0,0x0,0x0,0x9c,0x0,0x0,0x0,
0x0,0x0,0x0,0x0,0xd,0x0,0x0,0x0,
0x0,0x0,0x3,0x0,0x0,0x0,0x0,0x0,
0x4e,0x0,0x0,0x0,0x6f,0x1,0x90,0x1,
0x6f,0x1,0x0,0x2,0x49,0x0,0x0,0x0,
0x0,0x0,0x7,0x0,0x44,0x0,0x0,0x0,
0x0,0x0,0x0,0x0,0x6c,0x1,0x90,0x1,
0x6c,0x1,0xf0,0x1,0x4b,0x0,0x0,0x0,
0x0,0x0,0xa,0x0,0x45,0x0,0x0,0x0,
0x0,0x0,0x0,0x0,0x6d,0x1,0x90,0x1,
0x6d,0x1,0xe0,0x1,0x0,0x0,0x0,0x0,
0x0,0x0,0x0,0x0,0x0,0x0,0x0,0x0,
0x0,0x0,0xff,0xff,0xff,0xff,0xff,0xff,
0x0,0x0,0x0,0x0,0x54,0x0,0x0,0x0,
0x54,0x0,0x0,0x0,0x54,0x0,0x0,0x0,
0x0,0x0,0x0,0x0,0x54,0x0,0x0,0x0,
0x54,0x0,0x0,0x0,0x0,0x0,0x2,0x0,
0x54,0x0,0x0,0x0,0x0,0x0,0x0,0x0,
0x84,0x0,0x0,0x0,0x6d,0x1,0x90,0x1,
0x0,0x0,0x0,0x0,0x84,0x0,0x0,0x0,
0x0,0x0,0x0,0x0,0x84,0x0,0x0,0x0,
0x0,0x0,0x0,0x0,0x4d,0x0,0x0,0x0,
0x0,0x0,0x1,0x0,0x1,0x0,0x0,0x0,
0x0,0x0,0x0,0x0,0x6e,0x1,0xe0,0x1,
0x6e,0x1,0x40,0x2,0x4c,0x0,0x0,0x0,
0x0,0x0,0x2,0x0,0xa,0x0,0x0,0x0,
0x0,0x0,0x0,0x0,0x6d,0x1,0xe0,0x1,
0x6d,0x1,0x90,0x2,0x0,0x0,0x0,0x0,
0x48,0x0,0x0,0x0,0x0,0x0,0x0,0x0,
0x0,0x0,0xff,0xff,0xff,0xff,0xff,0xff,
0x0,0x0,0x0,0x0,0x54,0x0,0x0,0x0,
0x54,0x0,0x0,0x0,0x54,0x0,0x0,0x0,
0x0,0x0,0x0,0x0,0x54,0x0,0x0,0x0,
0x54,0x0,0x0,0x0,0x0,0x0,0x3,0x0,
0x54,0x0,0x0,0x0,0x0,0x0,0x0,0x0,
0x9c,0x0,0x0,0x0,0x72,0x1,0x50,0x1,
0x0,0x0,0x0,0x0,0x9c,0x0,0x0,0x0,
0x0,0x0,0x0,0x0,0x9c,0x0,0x0,0x0,
0x0,0x0,0x0,0x0,0xd,0x0,0x0,0x0,
0x0,0x0,0x3,0x0,0x0,0x0,0x0,0x0,
0x4f,0x0,0x0,0x0,0x76,0x1,0x90,0x1,
0x76,0x1,0x0,0x2,0x49,0x0,0x0,0x0,
0x0,0x0,0x7,0x0,0x45,0x0,0x0,0x0,
0x0,0x0,0x0,0x0,0x73,0x1,0x90,0x1,
0x73,0x1,0xf0,0x1,0x4b,0x0,0x0,0x0,
0x0,0x0,0xa,0x0,0x47,0x0,0x0,0x0,
0x0,0x0,0x0,0x0,0x74,0x1,0x90,0x1,
0x74,0x1,0xe0,0x1,0x0,0x0,0x0,0x0,
0x0,0x0,0x0,0x0,0x0,0x0,0x0,0x0,
0x0,0x0,0xff,0xff,0xff,0xff,0xff,0xff,
0x0,0x0,0x0,0x0,0x54,0x0,0x0,0x0,
0x54,0x0,0x0,0x0,0x54,0x0,0x0,0x0,
0x0,0x0,0x0,0x0,0x54,0x0,0x0,0x0,
0x54,0x0,0x0,0x0,0x0,0x0,0x2,0x0,
0x54,0x0,0x0,0x0,0x0,0x0,0x0,0x0,
0x84,0x0,0x0,0x0,0x74,0x1,0x90,0x1,
0x0,0x0,0x0,0x0,0x84,0x0,0x0,0x0,
0x0,0x0,0x0,0x0,0x84,0x0,0x0,0x0,
0x0,0x0,0x0,0x0,0x4d,0x0,0x0,0x0,
0x0,0x0,0x1,0x0,0x1,0x0,0x0,0x0,
0x0,0x0,0x0,0x0,0x75,0x1,0xe0,0x1,
0x75,0x1,0x40,0x2,0x4c,0x0,0x0,0x0,
0x0,0x0,0x2,0x0,0x5,0x0,0x0,0x0,
0x0,0x0,0x0,0x0,0x74,0x1,0xe0,0x1,
0x74,0x1,0x90,0x2,0x0,0x0,0x0,0x0,
0x48,0x0,0x0,0x0,0x0,0x0,0x0,0x0,
0x0,0x0,0xff,0xff,0xff,0xff,0xff,0xff,
0x0,0x0,0x0,0x0,0x54,0x0,0x0,0x0,
0x54,0x0,0x0,0x0,0x54,0x0,0x0,0x0,
0x0,0x0,0x0,0x0,0x54,0x0,0x0,0x0,
0x54,0x0,0x0,0x0,0x0,0x0,0xf,0x0,
0x54,0x0,0x0,0x0,0x0,0x0,0x0,0x0,
0xbc,0x1,0x0,0x0,0x7d,0x1,0x90,0x0,
0x0,0x0,0x0,0x0,0xbc,0x1,0x0,0x0,
0x0,0x0,0x0,0x0,0xbc,0x1,0x0,0x0,
0x0,0x0,0x0,0x0,0xd,0x0,0x0,0x0,
0x0,0x0,0x3,0x0,0x0,0x0,0x0,0x0,
0x6f,0x0,0x0,0x0,0x95,0x1,0xd0,0x0,
0x95,0x1,0x40,0x1,0x68,0x0,0x0,0x0,
0x0,0x0,0x7,0x0,0x4b,0x0,0x0,0x0,
0x0,0x0,0x0,0x0,0x90,0x1,0xd0,0x0,
0x90,0x1,0x90,0x1,0x64,0x0,0x0,0x0,
0x0,0x0,0x7,0x0,0x4a,0x0,0x0,0x0,
0x0,0x0,0x0,0x0,0x8e,0x1,0xd0,0x0,
0x8e,0x1,0x40,0x1,0x62,0x0,0x0,0x0,
0x0,0x0,0x3,0x0,0x0,0x0,0x0,0x0,
0x63,0x0,0x0,0x0,0x8d,0x1,0xd0,0x0,
0x8d,0x1,0x90,0x1,0x5e,0x0,0x0,0x0,
0x0,0x0,0x7,0x0,0x49,0x0,0x0,0x0,
0x0,0x0,0x0,0x0,0x8b,0x1,0xd0,0x0,
0x8b,0x1,0x70,0x1,0x5c,0x0,0x0,0x0,
0x0,0x0,0x7,0x0,0x48,0x0,0x0,0x0,
0x0,0x0,0x0,0x0,0x8a,0x1,0xd0,0x0,
0x8a,0x1,0x0,0x2,0x5a,0x0,0x0,0x0,
0x0,0x0,0x7,0x0,0x47,0x0,0x0,0x0,
0x0,0x0,0x0,0x0,0x89,0x1,0xd0,0x0,
0x89,0x1,0x20,0x2,0x56,0x0,0x0,0x0,
0x0,0x0,0x7,0x0,0x46,0x0,0x0,0x0,
0x0,0x0,0x0,0x0,0x83,0x1,0xd0,0x0,
0x83,0x1,0x40,0x1,0x49,0x0,0x0,0x0,
0x0,0x0,0x3,0x0,0x0,0x0,0x0,0x0,
0x96,0x0,0x0,0x0,0x82,0x1,0xd0,0x0,
0x82,0x1,0x30,0x1,0x1e,0x0,0x0,0x0,
0x0,0x0,0x2,0x0,0xe,0x0,0x0,0x0,
0x0,0x0,0x0,0x0,0x81,0x1,0xd0,0x0,
0x81,0x1,0x50,0x1,0x1d,0x0,0x0,0x0,
0x0,0x0,0x2,0x0,0xd,0x0,0x0,0x0,
0x0,0x0,0x0,0x0,0x80,0x1,0xd0,0x0,
0x80,0x1,0x40,0x1,0x45,0x0,0x0,0x0,
0x0,0x0,0x2,0x0,0xc,0x0,0x0,0x0,
0x0,0x0,0x0,0x0,0x7f,0x1,0xd0,0x0,
0x7f,0x1,0x0,0x1,0x44,0x0,0x0,0x0,
0x0,0x0,0x2,0x0,0xb,0x0,0x0,0x0,
0x0,0x0,0x0,0x0,0x7e,0x1,0xd0,0x0,
0x7e,0x1,0x0,0x1,0x4b,0x0,0x0,0x0,
0x0,0x0,0xa,0x0,0x4a,0x0,0x0,0x0,
0x0,0x0,0x0,0x0,0x88,0x1,0xd0,0x0,
0x88,0x1,0x20,0x1,0x12,0x0,0x0,0x0,
0x0,0x0,0xa,0x0,0x49,0x0,0x0,0x0,
0x0,0x0,0x0,0x0,0x84,0x1,0xd0,0x0,
0x84,0x1,0x50,0x1,0x0,0x0,0x0,0x0,
0x0,0x0,0x0,0x0,0x0,0x0,0x0,0x0,
0x0,0x0,0xff,0xff,0xff,0xff,0xff,0xff,
0x0,0x0,0x0,0x0,0x54,0x0,0x0,0x0,
0x54,0x0,0x0,0x0,0x54,0x0,0x0,0x0,
0x0,0x0,0x0,0x0,0x54,0x0,0x0,0x0,
0x54,0x0,0x0,0x0,0x0,0x0,0x4,0x0,
0x54,0x0,0x0,0x0,0x0,0x0,0x0,0x0,
0xb4,0x0,0x0,0x0,0x84,0x1,0xd0,0x0,
0x0,0x0,0x0,0x0,0xb4,0x0,0x0,0x0,
0x0,0x0,0x0,0x0,0xb4,0x0,0x0,0x0,
0x0,0x0,0x0,0x0,0x54,0x0,0x0,0x0,
0x0,0x0,0x2,0x0,0x4,0x0,0x0,0x0,
0x0,0x0,0x0,0x0,0x87,0x1,0x50,0x1,
0x87,0x1,0x30,0x2,0x3f,0x0,0x0,0x0,
0x0,0x0,0x2,0x0,0xf,0x0,0x0,0x0,
0x0,0x0,0x0,0x0,0x86,0x1,0x50,0x1,
0x86,0x1,0x20,0x2,0x58,0x0,0x0,0x0,
0x0,0x0,0x7,0x0,0x4d,0x0,0x0,0x0,
0x0,0x0,0x0,0x0,0x85,0x1,0x50,0x1,
0x85,0x1,0xd0,0x1,0x3c,0x0,0x0,0x0,
0x0,0x0,0x7,0x0,0x4c,0x0,0x0,0x0,
0x0,0x0,0x0,0x0,0x84,0x1,0x50,0x1,
0x84,0x1,0xc0,0x1,0x0,0x0,0x0,0x0,
0x0,0x0,0x0,0x0,0x0,0x0,0x0,0x0,
0x0,0x0,0xff,0xff,0xff,0xff,0xff,0xff,
0x0,0x0,0x0,0x0,0x54,0x0,0x0,0x0,
0x54,0x0,0x0,0x0,0x54,0x0,0x0,0x0,
0x0,0x0,0x0,0x0,0x54,0x0,0x0,0x0,
0x54,0x0,0x0,0x0,0x0,0x0,0x7,0x0,
0x54,0x0,0x0,0x0,0x0,0x0,0x0,0x0,
0xfc,0x0,0x0,0x0,0x88,0x1,0xd0,0x0,
0x0,0x0,0x0,0x0,0xfc,0x0,0x0,0x0,
0x0,0x0,0x0,0x0,0xfc,0x0,0x0,0x0,
0x0,0x0,0x0,0x0,0x4d,0x0,0x0,0x0,
0x0,0x0,0x1,0x0,0x1,0x0,0x0,0x0,
0x0,0x0,0x0,0x0,0x94,0x1,0x20,0x1,
0x94,0x1,0x80,0x1,0x6d,0x0,0x0,0x0,
0x0,0x0,0x3,0x0,0x0,0x0,0x0,0x0,
0x6e,0x0,0x0,0x0,0x93,0x1,0x20,0x1,
0x93,0x1,0xa0,0x1,0x6b,0x0,0x0,0x0,
0x0,0x0,0x7,0x0,0x50,0x0,0x0,0x0,
0x0,0x0,0x0,0x0,0x92,0x1,0x20,0x1,
0x92,0x1,0xa0,0x1,0x6a,0x0,0x0,0x0,
0x0,0x0,0x1,0x0,0x0,0x0,0x0,0x0,
0x0,0x0,0x0,0x0,0x91,0x1,0x20,0x1,
0x91,0x1,0xa0,0x1,0x66,0x0,0x0,0x0,
0x0,0x0,0x7,0x0,0x4f,0x0,0x0,0x0,
0x0,0x0,0x0,0x0,0x8f,0x1,0x20,0x1,
0x8f,0x1,0x20,0x2,0x60,0x0,0x0,0x0,
0x0,0x0,0x7,0x0,0x4e,0x0,0x0,0x0,
0x0,0x0,0x0,0x0,0x8c,0x1,0x20,0x1,
0x8c,0x1,0x50,0x2,0x4c,0x0,0x0,0x0,
0x0,0x0,0x2,0x0,0x10,0x0,0x0,0x0,
0x0,0x0,0x0,0x0,0x88,0x1,0x20,0x1,
0x88,0x1,0xd0,0x1,0x0,0x0,0x0,0x0,
0x17,0x0,0x0,0x0,0x0,0x0,0x0,0x0,
0x0,0x0,0xff,0xff,0xff,0xff,0xff,0xff,
0x0,0x0,0x0,0x0,0x54,0x0,0x0,0x0,
0x54,0x0,0x0,0x0,0x54,0x0,0x0,0x0,
0x0,0x0,0x0,0x0,0x54,0x0,0x0,0x0,
0x54,0x0,0x0,0x0,0x0,0x0,0x9,0x0,
0x54,0x0,0x0,0x0,0x0,0x0,0x0,0x0,
0x2c,0x1,0x0,0x0,0x98,0x1,0x90,0x0,
0x0,0x0,0x0,0x0,0x2c,0x1,0x0,0x0,
0x0,0x0,0x0,0x0,0x2c,0x1,0x0,0x0,
0x0,0x0,0x0,0x0,0x16,0x0,0x0,0x0,
0x0,0x0,0x2,0x0,0x2,0x0,0x0,0x0,
0x0,0x0,0x0,0x0,0xa4,0x1,0xd0,0x0,
0xa4,0x1,0xf0,0x0,0x1f,0x0,0x0,0x0,
0x0,0x0,0x7,0x0,0x51,0x0,0x0,0x0,
0x0,0x0,0x0,0x0,0xa3,0x1,0xd0,0x0,
0xa3,0x1,0x70,0x1,0x73,0x0,0x0,0x0,
0x0,0x0,0x1,0x0,0x0,0x0,0x0,0x0,
0x0,0x0,0x0,0x0,0xa2,0x1,0xd0,0x0,
0xa2,0x1,0x30,0x1,0x19,0x0,0x0,0x0,
0x0,0x0,0x3,0x0,0x0,0x0,0x0,0x0,
0x72,0x0,0x0,0x0,0xa1,0x1,0xd0,0x0,
0xa1,0x1,0x50,0x1,0x8,0x0,0x0,0x0,
0x0,0x0,0x1,0x0,0x1,0x0,0x0,0x0,
0x0,0x0,0x0,0x0,0x9c,0x1,0xd0,0x0,
0x9c,0x1,0x60,0x1,0x21,0x0,0x0,0x0,
0x0,0x0,0x2,0x0,0x2,0x0,0x0,0x0,
0x0,0x0,0x0,0x0,0x9b,0x1,0xd0,0x0,
0x9b,0x1,0x60,0x1,0x1e,0x0,0x0,0x0,
0x0,0x0,0x2,0x0,0x11,0x0,0x0,0x0,
0x0,0x0,0x0,0x0,0x9a,0x1,0xd0,0x0,
0x9a,0x1,0x50,0x1,0x1d,0x0,0x0,0x0,
0x0,0x0,0x2,0x0,0x11,0x0,0x0,0x0,
0x0,0x0,0x0,0x0,0x99,0x1,0xd0,0x0,
0x99,0x1,0x40,0x1,0x12,0x0,0x0,0x0,
0x0,0x0,0xa,0x0,0x4c,0x0,0x0,0x0,
0x0,0x0,0x0,0x0,0x9d,0x1,0xd0,0x0,
0x9d,0x1,0x50,0x1,0x0,0x0,0x0,0x0,
0x0,0x0,0x0,0x0,0x0,0x0,0x0,0x0,
0x0,0x0,0xff,0xff,0xff,0xff,0xff,0xff,
0x0,0x0,0x0,0x0,0x54,0x0,0x0,0x0,
0x54,0x0,0x0,0x0,0x54,0x0,0x0,0x0,
0x0,0x0,0x0,0x0,0x54,0x0,0x0,0x0,
0x54,0x0,0x0,0x0,0x0,0x0,0x4,0x0,
0x54,0x0,0x0,0x0,0x0,0x0,0x0,0x0,
0xb4,0x0,0x0,0x0,0x9d,0x1,0xd0,0x0,
0x0,0x0,0x0,0x0,0xb4,0x0,0x0,0x0,
0x0,0x0,0x0,0x0,0xb4,0x0,0x0,0x0,
0x0,0x0,0x0,0x0,0x3e,0x0,0x0,0x0,
0x0,0x0,0x2,0x0,0x13,0x0,0x0,0x0,
0x0,0x0,0x0,0x0,0xa0,0x1,0x50,0x1,
0xa0,0x1,0x0,0x2,0x53,0x0,0x0,0x0,
0x0,0x0,0x2,0x0,0x12,0x0,0x0,0x0,
0x0,0x0,0x0,0x0,0x9f,0x1,0x50,0x1,
0x9f,0x1,0x10,0x2,0x3a,0x0,0x0,0x0,
0x0,0x0,0x7,0x0,0x53,0x0,0x0,0x0,
0x0,0x0,0x0,0x0,0x9e,0x1,0x50,0x1,
0x9e,0x1,0xa0,0x1,0x70,0x0,0x0,0x0,
0x0,0x0,0x7,0x0,0x52,0x0,0x0,0x0,
0x0,0x0,0x0,0x0,0x9d,0x1,0x50,0x1,
0x9d,0x1,0xb0,0x1,0x0,0x0,0x0,0x0,
0x10,0x0,0x0,0x0,0x0,0x0,0x0,0x0,
0x0,0x0,0xff,0xff,0xff,0xff,0xff,0xff,
0x0,0x0,0x0,0x0,0x54,0x0,0x0,0x0,
0x54,0x0,0x0,0x0,0x54,0x0,0x0,0x0,
0x0,0x0,0x0,0x0,0x54,0x0,0x0,0x0,
0x54,0x0,0x0,0x0,0x0,0x0,0x7,0x0,
0x54,0x0,0x0,0x0,0x0,0x0,0x0,0x0,
0xfc,0x0,0x0,0x0,0xa7,0x1,0x90,0x0,
0x0,0x0,0x0,0x0,0xfc,0x0,0x0,0x0,
0x0,0x0,0x0,0x0,0xfc,0x0,0x0,0x0,
0x0,0x0,0x0,0x0,0x16,0x0,0x0,0x0,
0x0,0x0,0x2,0x0,0x1a,0x0,0x0,0x0,
0x0,0x0,0x0,0x0,0xb1,0x1,0xd0,0x0,
0xb1,0x1,0x0,0x1,0xd,0x0,0x0,0x0,
0x0,0x0,0x3,0x0,0x0,0x0,0x0,0x0,
0x97,0x0,0x0,0x0,0xac,0x1,0xd0,0x0,
0xac,0x1,0x40,0x1,0x21,0x0,0x0,0x0,
0x0,0x0,0x2,0x0,0x17,0x0,0x0,0x0,
0x0,0x0,0x0,0x0,0xab,0x1,0xd0,0x0,
0xab,0x1,0x60,0x1,0x1e,0x0,0x0,0x0,
0x0,0x0,0x2,0x0,0x16,0x0,0x0,0x0,
0x0,0x0,0x0,0x0,0xaa,0x1,0xd0,0x0,
0xaa,0x1,0x50,0x1,0x1d,0x0,0x0,0x0,
0x0,0x0,0x2,0x0,0x15,0x0,0x0,0x0,
0x0,0x0,0x0,0x0,0xa9,0x1,0xd0,0x0,
0xa9,0x1,0x40,0x1,0x44,0x0,0x0,0x0,
0x0,0x0,0x2,0x0,0x14,0x0,0x0,0x0,
0x0,0x0,0x0,0x0,0xa8,0x1,0xd0,0x0,
0xa8,0x1,0x0,0x1,0x12,0x0,0x0,0x0,
0x0,0x0,0xa,0x0,0x4e,0x0,0x0,0x0,
0x0,0x0,0x0,0x0,0xad,0x1,0xd0,0x0,
0xad,0x1,0x50,0x1,0x0,0x0,0x0,0x0,
0x0,0x0,0x0,0x0,0x0,0x0,0x0,0x0,
0x0,0x0,0xff,0xff,0xff,0xff,0xff,0xff,
0x0,0x0,0x0,0x0,0x54,0x0,0x0,0x0,
0x54,0x0,0x0,0x0,0x54,0x0,0x0,0x0,
0x0,0x0,0x0,0x0,0x54,0x0,0x0,0x0,
0x54,0x0,0x0,0x0,0x0,0x0,0x4,0x0,
0x54,0x0,0x0,0x0,0x0,0x0,0x0,0x0,
0xb4,0x0,0x0,0x0,0xad,0x1,0xd0,0x0,
0x0,0x0,0x0,0x0,0xb4,0x0,0x0,0x0,
0x0,0x0,0x0,0x0,0xb4,0x0,0x0,0x0,
0x0,0x0,0x0,0x0,0x3e,0x0,0x0,0x0,
0x0,0x0,0x2,0x0,0x19,0x0,0x0,0x0,
0x0,0x0,0x0,0x0,0xb0,0x1,0x50,0x1,
0xb0,0x1,0x0,0x2,0x3f,0x0,0x0,0x0,
0x0,0x0,0x2,0x0,0x18,0x0,0x0,0x0,
0x0,0x0,0x0,0x0,0xaf,0x1,0x50,0x1,
0xaf,0x1,0x20,0x2,0x3a,0x0,0x0,0x0,
0x0,0x0,0x7,0x0,0x55,0x0,0x0,0x0,
0x0,0x0,0x0,0x0,0xae,0x1,0x50,0x1,
0xae,0x1,0xa0,0x1,0x3c,0x0,0x0,0x0,
0x0,0x0,0x7,0x0,0x54,0x0,0x0,0x0,
0x0,0x0,0x0,0x0,0xad,0x1,0x50,0x1,
0xad,0x1,0xc0,0x1,0x0,0x0,0x0,0x0,
0x46,0x0,0x0,0x0,0x0,0x0,0x0,0x0,
0x0,0x0,0xff,0xff,0xff,0xff,0xff,0xff,
0x0,0x0,0x0,0x0,0x54,0x0,0x0,0x0,
0x54,0x0,0x0,0x0,0x54,0x0,0x0,0x0,
0x0,0x0,0x0,0x0,0x54,0x0,0x0,0x0,
0x54,0x0,0x0,0x0,0x0,0x0,0x5,0x0,
0x54,0x0,0x0,0x0,0x0,0x0,0x0,0x0,
0xcc,0x0,0x0,0x0,0xb5,0x1,0x90,0x0,
0x0,0x0,0x0,0x0,0xcc,0x0,0x0,0x0,
0x0,0x0,0x0,0x0,0xcc,0x0,0x0,0x0,
0x0,0x0,0x0,0x0,0x47,0x0,0x0,0x0,
0x0,0x0,0x2,0x0,0x5,0x0,0x0,0x0,
0x0,0x0,0x0,0x0,0xb7,0x1,0xd0,0x0,
0xb7,0x1,0x60,0x1,0x0,0x0,0x0,0x0,
0x0,0x0,0x8,0x0,0x51,0x0,0x0,0x0,
0x0,0x0,0x0,0x0,0xba,0x1,0xd0,0x0,
0xba,0x1,0xd0,0x0,0x0,0x0,0x0,0x0,
0x0,0x0,0x8,0x0,0x57,0x0,0x0,0x0,
0x0,0x0,0x0,0x0,0xd5,0x1,0xd0,0x0,
0xd5,0x1,0xd0,0x0,0x0,0x0,0x0,0x0,
0x0,0x0,0x8,0x0,0x5e,0x0,0x0,0x0,
0x0,0x0,0x0,0x0,0xf5,0x1,0xd0,0x0,
0xf5,0x1,0xd0,0x0,0x12,0x0,0x0,0x0,
0x0,0x0,0xa,0x0,0x50,0x0,0x0,0x0,
0x0,0x0,0x0,0x0,0xb6,0x1,0xd0,0x0,
0xb6,0x1,0x50,0x1,0x0,0x0,0x0,0x0,
0x0,0x0,0x0,0x0,0x0,0x0,0x0,0x0,
0x0,0x0,0xff,0xff,0xff,0xff,0xff,0xff,
0x0,0x0,0x0,0x0,0x54,0x0,0x0,0x0,
0x54,0x0,0x0,0x0,0x54,0x0,0x0,0x0,
0x0,0x0,0x0,0x0,0x54,0x0,0x0,0x0,
0x54,0x0,0x0,0x0,0x0,0x0,0x1,0x0,
0x54,0x0,0x0,0x0,0x0,0x0,0x0,0x0,
0x6c,0x0,0x0,0x0,0xb6,0x1,0xd0,0x0,
0x0,0x0,0x0,0x0,0x6c,0x0,0x0,0x0,
0x0,0x0,0x0,0x0,0x6c,0x0,0x0,0x0,
0x0,0x0,0x0,0x0,0x1b,0x0,0x0,0x0,
0x0,0x0,0x7,0x0,0x56,0x0,0x0,0x0,
0x0,0x0,0x0,0x0,0xb6,0x1,0x50,0x1,
0xb6,0x1,0xf0,0x1,0x0,0x0,0x0,0x0,
0x10,0x0,0x0,0x0,0x0,0x0,0x0,0x0,
0x0,0x0,0xff,0xff,0xff,0xff,0xff,0xff,
0x0,0x0,0x0,0x0,0x54,0x0,0x0,0x0,
0x54,0x0,0x0,0x0,0x54,0x0,0x0,0x0,
0x0,0x0,0x0,0x0,0x54,0x0,0x0,0x0,
0x54,0x0,0x0,0x0,0x0,0x0,0x7,0x0,
0x54,0x0,0x0,0x0,0x0,0x0,0x0,0x0,
0xfc,0x0,0x0,0x0,0xba,0x1,0xd0,0x0,
0x0,0x0,0x0,0x0,0xfc,0x0,0x0,0x0,
0x0,0x0,0x0,0x0,0xfc,0x0,0x0,0x0,
0x0,0x0,0x0,0x0,0x73,0x0,0x0,0x0,
0x0,0x0,0x1,0x0,0x1,0x0,0x0,0x0,
0x0,0x0,0x0,0x0,0xc1,0x1,0x10,0x1,
0xc1,0x1,0x70,0x1,0xd,0x0,0x0,0x0,
0x0,0x0,0x3,0x0,0x0,0x0,0x0,0x0,
0x7e,0x0,0x0,0x0,0xbe,0x1,0x10,0x1,
0xbe,0x1,0x80,0x1,0x7d,0x0,0x0,0x0,
0x0,0x0,0x2,0x0,0x5,0x0,0x0,0x0,
0x0,0x0,0x0,0x0,0xbd,0x1,0x10,0x1,
0xbd,0x1,0x90,0x1,0x1e,0x0,0x0,0x0,
0x0,0x0,0x2,0x0,0x1c,0x0,0x0,0x0,
0x0,0x0,0x0,0x0,0xbc,0x1,0x10,0x1,
0xbc,0x1,0x90,0x1,0x1d,0x0,0x0,0x0,
0x0,0x0,0x2,0x0,0x25,0x0,0x0,0x0,
0x0,0x0,0x0,0x0,0xbb,0x1,0x10,0x1,
0xbb,0x1,0x80,0x1,0x0,0x0,0x0,0x0,
0x0,0x0,0x8,0x0,0x53,0x0,0x0,0x0,
0x0,0x0,0x0,0x0,0xc3,0x1,0x10,0x1,
0xc3,0x1,0x10,0x1,0x98,0x0,0x0,0x0,
0x0,0x0,0xa,0x0,0x52,0x0,0x0,0x0,
0x0,0x0,0x0,0x0,0xbf,0x1,0x10,0x1,
0xbf,0x1,0x80,0x1,0x0,0x0,0x0,0x0,
0x0,0x0,0x0,0x0,0x0,0x0,0x0,0x0,
0x0,0x0,0xff,0xff,0xff,0xff,0xff,0xff,
0x0,0x0,0x0,0x0,0x54,0x0,0x0,0x0,
0x54,0x0,0x0,0x0,0x54,0x0,0x0,0x0,
0x0,0x0,0x0,0x0,0x54,0x0,0x0,0x0,
0x54,0x0,0x0,0x0,0x0,0x0,0x2,0x0,
0x54,0x0,0x0,0x0,0x0,0x0,0x0,0x0,
0x84,0x0,0x0,0x0,0xbf,0x1,0x10,0x1,
0x0,0x0,0x0,0x0,0x84,0x0,0x0,0x0,
0x0,0x0,0x0,0x0,0x84,0x0,0x0,0x0,
0x0,0x0,0x0,0x0,0x1d,0x0,0x0,0x0,
0x0,0x0,0x2,0x0,0x9,0x0,0x0,0x0,
0x0,0x0,0x0,0x0,0xc0,0x1,0x80,0x1,
0xc0,0x1,0xf0,0x1,0xd,0x0,0x0,0x0,
0x0,0x0,0x3,0x0,0x0,0x0,0x0,0x0,
0x99,0x0,0x0,0x0,0xbf,0x1,0x80,0x1,
0xbf,0x1,0xf0,0x1,0x0,0x0,0x0,0x0,
0x9a,0x0,0x0,0x0,0x9b,0x0,0x0,0x0,
0x0,0x0,0xff,0xff,0xff,0xff,0xff,0xff,
0x0,0x0,0x0,0x0,0x54,0x0,0x0,0x0,
0x54,0x0,0x0,0x0,0x54,0x0,0x0,0x0,
0x0,0x0,0x0,0x0,0x54,0x0,0x0,0x0,
0x54,0x0,0x0,0x0,0x0,0x0,0x9,0x0,
0x54,0x0,0x0,0x0,0x0,0x0,0x0,0x0,
0x2c,0x1,0x0,0x0,0xc3,0x1,0x10,0x1,
0xc4,0x1,0x50,0x1,0x2c,0x1,0x0,0x0,
0x0,0x0,0x0,0x0,0x2c,0x1,0x0,0x0,
0x0,0x0,0x0,0x0,0x50,0x0,0x0,0x0,
0x0,0x0,0x8,0x0,0x56,0x0,0x0,0x0,
0x0,0x0,0x0,0x0,0xcd,0x1,0x50,0x1,
0xcd,0x1,0x10,0x2,0xd,0x0,0x0,0x0,
0x0,0x0,0x3,0x0,0x0,0x0,0x0,0x0,
0xa1,0x0,0x0,0x0,0xcc,0x1,0x50,0x1,
0xcc,0x1,0xc0,0x1,0x5c,0x0,0x0,0x0,
0x0,0x0,0x7,0x0,0x59,0x0,0x0,0x0,
0x0,0x0,0x0,0x0,0xcb,0x1,0x50,0x1,
0xcb,0x1,0x80,0x2,0xa0,0x0,0x0,0x0,
0x0,0x0,0x2,0x0,0x26,0x0,0x0,0x0,
0x0,0x0,0x0,0x0,0xca,0x1,0x50,0x1,
0xca,0x1,0x20,0x2,0x9e,0x0,0x0,0x0,
0x0,0x0,0x3,0x0,0x0,0x0,0x0,0x0,
0x9f,0x0,0x0,0x0,0xc8,0x1,0x50,0x1,
0xc8,0x1,0x60,0x2,0x1e,0x0,0x0,0x0,
0x0,0x0,0x7,0x0,0x58,0x0,0x0,0x0,
0x0,0x0,0x0,0x0,0xc6,0x1,0x50,0x1,
0xc6,0x1,0xd0,0x1,0x1d,0x0,0x0,0x0,
0x0,0x0,0x7,0x0,0x57,0x0,0x0,0x0,
0x0,0x0,0x0,0x0,0xc5,0x1,0x50,0x1,
0xc5,0x1,0xc0,0x1,0x4b,0x0,0x0,0x0,
0x0,0x0,0xa,0x0,0x55,0x0,0x0,0x0,
0x0,0x0,0x0,0x0,0xc9,0x1,0x50,0x1,
0xc9,0x1,0xa0,0x1,0x12,0x0,0x0,0x0,
0x0,0x0,0xa,0x0,0x54,0x0,0x0,0x0,
0x0,0x0,0x0,0x0,0xc7,0x1,0x50,0x1,
0xc7,0x1,0xd0,0x1,0x0,0x0,0x0,0x0,
0x0,0x0,0x0,0x0,0x0,0x0,0x0,0x0,
0x0,0x0,0xff,0xff,0xff,0xff,0xff,0xff,
0x0,0x0,0x0,0x0,0x54,0x0,0x0,0x0,
0x54,0x0,0x0,0x0,0x54,0x0,0x0,0x0,
0x0,0x0,0x0,0x0,0x54,0x0,0x0,0x0,
0x54,0x0,0x0,0x0,0x0,0x0,0x1,0x0,
0x54,0x0,0x0,0x0,0x0,0x0,0x0,0x0,
0x6c,0x0,0x0,0x0,0xc7,0x1,0x50,0x1,
0x0,0x0,0x0,0x0,0x6c,0x0,0x0,0x0,
0x0,0x0,0x0,0x0,0x6c,0x0,0x0,0x0,
0x0,0x0,0x0,0x0,0x1b,0x0,0x0,0x0,
0x0,0x0,0x7,0x0,0x5a,0x0,0x0,0x0,
0x0,0x0,0x0,0x0,0xc7,0x1,0xd0,0x1,
0xc7,0x1,0x70,0x2,0x0,0x0,0x0,0x0,
0x0,0x0,0x0,0x0,0x0,0x0,0x0,0x0,
0x0,0x0,0xff,0xff,0xff,0xff,0xff,0xff,
0x0,0x0,0x0,0x0,0x54,0x0,0x0,0x0,
0x54,0x0,0x0,0x0,0x54,0x0,0x0,0x0,
0x0,0x0,0x0,0x0,0x54,0x0,0x0,0x0,
0x54,0x0,0x0,0x0,0x0,0x0,0x1,0x0,
0x54,0x0,0x0,0x0,0x0,0x0,0x0,0x0,
0x6c,0x0,0x0,0x0,0xc9,0x1,0x50,0x1,
0x0,0x0,0x0,0x0,0x6c,0x0,0x0,0x0,
0x0,0x0,0x0,0x0,0x6c,0x0,0x0,0x0,
0x0,0x0,0x0,0x0,0x4c,0x0,0x0,0x0,
0x0,0x0,0x2,0x0,0x5,0x0,0x0,0x0,
0x0,0x0,0x0,0x0,0xc9,0x1,0xa0,0x1,
0xc9,0x1,0x50,0x2,0x0,0x0,0x0,0x0,
0x10,0x0,0x0,0x0,0x0,0x0,0x0,0x0,
0x0,0x0,0xff,0xff,0xff,0xff,0xff,0xff,
0x0,0x0,0x0,0x0,0x54,0x0,0x0,0x0,
0x54,0x0,0x0,0x0,0x54,0x0,0x0,0x0,
0x0,0x0,0x0,0x0,0x54,0x0,0x0,0x0,
0x54,0x0,0x0,0x0,0x0,0x0,0x2,0x0,
0x54,0x0,0x0,0x0,0x0,0x0,0x0,0x0,
0x84,0x0,0x0,0x0,0xcd,0x1,0x10,0x2,
0x0,0x0,0x0,0x0,0x84,0x0,0x0,0x0,
0x0,0x0,0x0,0x0,0x84,0x0,0x0,0x0,
0x0,0x0,0x0,0x0,0x7d,0x0,0x0,0x0,
0x0,0x0,0x2,0x0,0x5,0x0,0x0,0x0,
0x0,0x0,0x0,0x0,0xcf,0x1,0x90,0x1,
0xcf,0x1,0x10,0x2,0xd,0x0,0x0,0x0,
0x0,0x0,0x3,0x0,0x0,0x0,0x0,0x0,
0xa2,0x0,0x0,0x0,0xce,0x1,0x90,0x1,
0xce,0x1,0x0,0x2,0x0,0x0,0x0,0x0,
0x10,0x0,0x0,0x0,0x0,0x0,0x0,0x0,
0x0,0x0,0xff,0xff,0xff,0xff,0xff,0xff,
0x0,0x0,0x0,0x0,0x54,0x0,0x0,0x0,
0x54,0x0,0x0,0x0,0x54,0x0,0x0,0x0,
0x0,0x0,0x0,0x0,0x54,0x0,0x0,0x0,
0x54,0x0,0x0,0x0,0x0,0x0,0x7,0x0,
0x54,0x0,0x0,0x0,0x0,0x0,0x0,0x0,
0xfc,0x0,0x0,0x0,0xd5,0x1,0xd0,0x0,
0x0,0x0,0x0,0x0,0xfc,0x0,0x0,0x0,
0x0,0x0,0x0,0x0,0xfc,0x0,0x0,0x0,
0x0,0x0,0x0,0x0,0x73,0x0,0x0,0x0,
0x0,0x0,0x1,0x0,0x1,0x0,0x0,0x0,
0x0,0x0,0x0,0x0,0xdc,0x1,0x10,0x1,
0xdc,0x1,0x70,0x1,0xd,0x0,0x0,0x0,
0x0,0x0,0x3,0x0,0x0,0x0,0x0,0x0,
0x7e,0x0,0x0,0x0,0xd9,0x1,0x10,0x1,
0xd9,0x1,0x80,0x1,0x7d,0x0,0x0,0x0,
0x0,0x0,0x2,0x0,0x5,0x0,0x0,0x0,
0x0,0x0,0x0,0x0,0xd8,0x1,0x10,0x1,
0xd8,0x1,0x90,0x1,0x1e,0x0,0x0,0x0,
0x0,0x0,0x2,0x0,0x1c,0x0,0x0,0x0,
0x0,0x0,0x0,0x0,0xd7,0x1,0x10,0x1,
0xd7,0x1,0x90,0x1,0x1d,0x0,0x0,0x0,
0x0,0x0,0x2,0x0,0x25,0x0,0x0,0x0,
0x0,0x0,0x0,0x0,0xd6,0x1,0x10,0x1,
0xd6,0x1,0x80,0x1,0x0,0x0,0x0,0x0,
0x0,0x0,0x8,0x0,0x59,0x0,0x0,0x0,
0x0,0x0,0x0,0x0,0xde,0x1,0x10,0x1,
0xde,0x1,0x10,0x1,0x98,0x0,0x0,0x0,
0x0,0x0,0xa,0x0,0x58,0x0,0x0,0x0,
0x0,0x0,0x0,0x0,0xda,0x1,0x10,0x1,
0xda,0x1,0x80,0x1,0x0,0x0,0x0,0x0,
0x0,0x0,0x0,0x0,0x0,0x0,0x0,0x0,
0x0,0x0,0xff,0xff,0xff,0xff,0xff,0xff,
0x0,0x0,0x0,0x0,0x54,0x0,0x0,0x0,
0x54,0x0,0x0,0x0,0x54,0x0,0x0,0x0,
0x0,0x0,0x0,0x0,0x54,0x0,0x0,0x0,
0x54,0x0,0x0,0x0,0x0,0x0,0x2,0x0,
0x54,0x0,0x0,0x0,0x0,0x0,0x0,0x0,
0x84,0x0,0x0,0x0,0xda,0x1,0x10,0x1,
0x0,0x0,0x0,0x0,0x84,0x0,0x0,0x0,
0x0,0x0,0x0,0x0,0x84,0x0,0x0,0x0,
0x0,0x0,0x0,0x0,0x1d,0x0,0x0,0x0,
0x0,0x0,0x2,0x0,0x9,0x0,0x0,0x0,
0x0,0x0,0x0,0x0,0xdb,0x1,0x80,0x1,
0xdb,0x1,0xf0,0x1,0xd,0x0,0x0,0x0,
0x0,0x0,0x3,0x0,0x0,0x0,0x0,0x0,
0x99,0x0,0x0,0x0,0xda,0x1,0x80,0x1,
0xda,0x1,0xf0,0x1,0x0,0x0,0x0,0x0,
0x9a,0x0,0x0,0x0,0xa3,0x0,0x0,0x0,
0x0,0x0,0xff,0xff,0xff,0xff,0xff,0xff,
0x0,0x0,0x0,0x0,0x54,0x0,0x0,0x0,
0x54,0x0,0x0,0x0,0x54,0x0,0x0,0x0,
0x0,0x0,0x0,0x0,0x54,0x0,0x0,0x0,
0x54,0x0,0x0,0x0,0x0,0x0,0xb,0x0,
0x54,0x0,0x0,0x0,0x0,0x0,0x0,0x0,
0x5c,0x1,0x0,0x0,0xde,0x1,0x10,0x1,
0xdf,0x1,0x50,0x1,0x5c,0x1,0x0,0x0,
0x0,0x0,0x0,0x0,0x5c,0x1,0x0,0x0,
0x0,0x0,0x0,0x0,0x50,0x0,0x0,0x0,
0x0,0x0,0x8,0x0,0x5c,0x0,0x0,0x0,
0x0,0x0,0x0,0x0,0xe9,0x1,0x50,0x1,
0xe9,0x1,0x10,0x2,0xa5,0x0,0x0,0x0,
0x0,0x0,0x7,0x0,0x5e,0x0,0x0,0x0,
0x0,0x0,0x0,0x0,0xe8,0x1,0x50,0x1,
0xe8,0x1,0xf0,0x1,0xd,0x0,0x0,0x0,
0x0,0x0,0x3,0x0,0x0,0x0,0x0,0x0,
0xa1,0x0,0x0,0x0,0xe7,0x1,0x50,0x1,
0xe7,0x1,0xc0,0x1,0x5c,0x0,0x0,0x0,
0x0,0x0,0x7,0x0,0x5d,0x0,0x0,0x0,
0x0,0x0,0x0,0x0,0xe6,0x1,0x50,0x1,
0xe6,0x1,0x80,0x2,0xa0,0x0,0x0,0x0,
0x0,0x0,0x2,0x0,0x26,0x0,0x0,0x0,
0x0,0x0,0x0,0x0,0xe5,0x1,0x50,0x1,
0xe5,0x1,0x20,0x2,0x9e,0x0,0x0,0x0,
0x0,0x0,0x3,0x0,0x0,0x0,0x0,0x0,
0xa4,0x0,0x0,0x0,0xe3,0x1,0x50,0x1,
0xe3,0x1,0x60,0x2,0x1e,0x0,0x0,0x0,
0x0,0x0,0x7,0x0,0x5c,0x0,0x0,0x0,
0x0,0x0,0x0,0x0,0xe1,0x1,0x50,0x1,
0xe1,0x1,0xd0,0x1,0x1d,0x0,0x0,0x0,
0x0,0x0,0x7,0x0,0x5b,0x0,0x0,0x0,
0x0,0x0,0x0,0x0,0xe0,0x1,0x50,0x1,
0xe0,0x1,0xc0,0x1,0xa7,0x0,0x0,0x0,
0x0,0x0,0x9,0x0,0x5d,0x0,0x0,0x0,
0x0,0x0,0x0,0x0,0xee,0x1,0x50,0x1,
0xee,0x1,0xa0,0x1,0x4b,0x0,0x0,0x0,
0x0,0x0,0xa,0x0,0x5b,0x0,0x0,0x0,
0x0,0x0,0x0,0x0,0xe4,0x1,0x50,0x1,
0xe4,0x1,0xa0,0x1,0x12,0x0,0x0,0x0,
0x0,0x0,0xa,0x0,0x5a,0x0,0x0,0x0,
0x0,0x0,0x0,0x0,0xe2,0x1,0x50,0x1,
0xe2,0x1,0xd0,0x1,0x0,0x0,0x0,0x0,
0x0,0x0,0x0,0x0,0x0,0x0,0x0,0x0,
0x0,0x0,0xff,0xff,0xff,0xff,0xff,0xff,
0x0,0x0,0x0,0x0,0x54,0x0,0x0,0x0,
0x54,0x0,0x0,0x0,0x54,0x0,0x0,0x0,
0x0,0x0,0x0,0x0,0x54,0x0,0x0,0x0,
0x54,0x0,0x0,0x0,0x0,0x0,0x1,0x0,
0x54,0x0,0x0,0x0,0x0,0x0,0x0,0x0,
0x6c,0x0,0x0,0x0,0xe2,0x1,0x50,0x1,
0x0,0x0,0x0,0x0,0x6c,0x0,0x0,0x0,
0x0,0x0,0x0,0x0,0x6c,0x0,0x0,0x0,
0x0,0x0,0x0,0x0,0x1b,0x0,0x0,0x0,
0x0,0x0,0x7,0x0,0x5f,0x0,0x0,0x0,
0x0,0x0,0x0,0x0,0xe2,0x1,0xd0,0x1,
0xe2,0x1,0x70,0x2,0x0,0x0,0x0,0x0,
0x0,0x0,0x0,0x0,0x0,0x0,0x0,0x0,
0x0,0x0,0xff,0xff,0xff,0xff,0xff,0xff,
0x0,0x0,0x0,0x0,0x54,0x0,0x0,0x0,
0x54,0x0,0x0,0x0,0x54,0x0,0x0,0x0,
0x0,0x0,0x0,0x0,0x54,0x0,0x0,0x0,
0x54,0x0,0x0,0x0,0x0,0x0,0x1,0x0,
0x54,0x0,0x0,0x0,0x0,0x0,0x0,0x0,
0x6c,0x0,0x0,0x0,0xe4,0x1,0x50,0x1,
0x0,0x0,0x0,0x0,0x6c,0x0,0x0,0x0,
0x0,0x0,0x0,0x0,0x6c,0x0,0x0,0x0,
0x0,0x0,0x0,0x0,0x4c,0x0,0x0,0x0,
0x0,0x0,0x2,0x0,0x5,0x0,0x0,0x0,
0x0,0x0,0x0,0x0,0xe4,0x1,0xa0,0x1,
0xe4,0x1,0x50,0x2,0x0,0x0,0x0,0x0,
0x10,0x0,0x0,0x0,0x0,0x0,0x0,0x0,
0x0,0x0,0xff,0xff,0xff,0xff,0xff,0xff,
0x0,0x0,0x0,0x0,0x54,0x0,0x0,0x0,
0x54,0x0,0x0,0x0,0x54,0x0,0x0,0x0,
0x0,0x0,0x0,0x0,0x54,0x0,0x0,0x0,
0x54,0x0,0x0,0x0,0x0,0x0,0x2,0x0,
0x54,0x0,0x0,0x0,0x0,0x0,0x0,0x0,
0x84,0x0,0x0,0x0,0xe9,0x1,0x10,0x2,
0x0,0x0,0x0,0x0,0x84,0x0,0x0,0x0,
0x0,0x0,0x0,0x0,0x84,0x0,0x0,0x0,
0x0,0x0,0x0,0x0,0x7d,0x0,0x0,0x0,
0x0,0x0,0x2,0x0,0x5,0x0,0x0,0x0,
0x0,0x0,0x0,0x0,0xeb,0x1,0x90,0x1,
0xeb,0x1,0x10,0x2,0xd,0x0,0x0,0x0,
0x0,0x0,0x3,0x0,0x0,0x0,0x0,0x0,
0xa2,0x0,0x0,0x0,0xea,0x1,0x90,0x1,
0xea,0x1,0x0,0x2,0x0,0x0,0x0,0x0,
0x0,0x0,0x0,0x0,0x0,0x0,0x0,0x0,
0x0,0x0,0xff,0xff,0xff,0xff,0xff,0xff,
0x0,0x0,0x0,0x0,0x54,0x0,0x0,0x0,
0x54,0x0,0x0,0x0,0x54,0x0,0x0,0x0,
0x0,0x0,0x0,0x0,0x54,0x0,0x0,0x0,
0x54,0x0,0x0,0x0,0x0,0x0,0x1,0x0,
0x54,0x0,0x0,0x0,0x0,0x0,0x0,0x0,
0x6c,0x0,0x0,0x0,0xee,0x1,0x50,0x1,
0x0,0x0,0x0,0x0,0x6c,0x0,0x0,0x0,
0x0,0x0,0x0,0x0,0x6c,0x0,0x0,0x0,
0x0,0x0,0x0,0x0,0xa8,0x0,0x0,0x0,
0x0,0x0,0x7,0x0,0x60,0x0,0x0,0x0,
0x0,0x0,0x0,0x0,0xee,0x1,0xa0,0x1,
0xee,0x1,0xb0,0x2,0x0,0x0,0x0,0x0,
0x75,0x0,0x0,0x0,0xaa,0x0,0x0,0x0,
0x0,0x0,0xff,0xff,0xff,0xff,0xff,0xff,
0x0,0x0,0x0,0x0,0x54,0x0,0x0,0x0,
0x54,0x0,0x0,0x0,0x54,0x0,0x0,0x0,
0x0,0x0,0x0,0x0,0x54,0x0,0x0,0x0,
0x54,0x0,0x0,0x0,0x0,0x0,0x7,0x0,
0x54,0x0,0x0,0x0,0x0,0x0,0x0,0x0,
0xfc,0x0,0x0,0x0,0xf5,0x1,0xd0,0x0,
0xf6,0x1,0x10,0x1,0xfc,0x0,0x0,0x0,
0x0,0x0,0x0,0x0,0xfc,0x0,0x0,0x0,
0x0,0x0,0x0,0x0,0x80,0x0,0x0,0x0,
0x0,0x0,0x7,0x0,0x61,0x0,0x0,0x0,
0x0,0x0,0x0,0x0,0xb,0x2,0x10,0x1,
0xb,0x2,0xc0,0x1,0x7f,0x0,0x0,0x0,
0x0,0x0,0x8,0x0,0x61,0x0,0x0,0x0,
0x0,0x0,0x0,0x0,0x1,0x2,0x10,0x1,
0x1,0x2,0xe0,0x1,0x50,0x0,0x0,0x0,
0x0,0x0,0x8,0x0,0x60,0x0,0x0,0x0,
0x0,0x0,0x0,0x0,0xfc,0x1,0x10,0x1,
0xfc,0x1,0xd0,0x1,0x1e,0x0,0x0,0x0,
0x0,0x0,0x2,0x0,0x28,0x0,0x0,0x0,
0x0,0x0,0x0,0x0,0xf9,0x1,0x10,0x1,
0xf9,0x1,0x90,0x1,0x1d,0x0,0x0,0x0,
0x0,0x0,0x2,0x0,0x27,0x0,0x0,0x0,
0x0,0x0,0x0,0x0,0xf8,0x1,0x10,0x1,
0xf8,0x1,0x80,0x1,0x49,0x0,0x0,0x0,
0x0,0x0,0x3,0x0,0x0,0x0,0x0,0x0,
0xab,0x0,0x0,0x0,0xf7,0x1,0x10,0x1,
0xf7,0x1,0x70,0x1,0x12,0x0,0x0,0x0,
0x0,0x0,0xa,0x0,0x5f,0x0,0x0,0x0,
0x0,0x0,0x0,0x0,0xfa,0x1,0x10,0x1,
0xfa,0x1,0x90,0x1,0x0,0x0,0x0,0x0,
0x0,0x0,0x0,0x0,0x0,0x0,0x0,0x0,
0x0,0x0,0xff,0xff,0xff,0xff,0xff,0xff,
0x0,0x0,0x0,0x0,0x54,0x0,0x0,0x0,
0x54,0x0,0x0,0x0,0x54,0x0,0x0,0x0,
0x0,0x0,0x0,0x0,0x54,0x0,0x0,0x0,
0x54,0x0,0x0,0x0,0x0,0x0,0x1,0x0,
0x54,0x0,0x0,0x0,0x0,0x0,0x0,0x0,
0x6c,0x0,0x0,0x0,0xfa,0x1,0x10,0x1,
0x0,0x0,0x0,0x0,0x6c,0x0,0x0,0x0,
0x0,0x0,0x0,0x0,0x6c,0x0,0x0,0x0,
0x0,0x0,0x0,0x0,0x78,0x0,0x0,0x0,
0x0,0x0,0x7,0x0,0x62,0x0,0x0,0x0,
0x0,0x0,0x0,0x0,0xfa,0x1,0x90,0x1,
0xfa,0x1,0xb0,0x2,0x0,0x0,0x0,0x0,
0x10,0x0,0x0,0x0,0x0,0x0,0x0,0x0,
0x0,0x0,0xff,0xff,0xff,0xff,0xff,0xff,
0x0,0x0,0x0,0x0,0x54,0x0,0x0,0x0,
0x54,0x0,0x0,0x0,0x54,0x0,0x0,0x0,
0x0,0x0,0x0,0x0,0x54,0x0,0x0,0x0,
0x54,0x0,0x0,0x0,0x0,0x0,0x2,0x0,
0x54,0x0,0x0,0x0,0x0,0x0,0x0,0x0,
0x84,0x0,0x0,0x0,0xfc,0x1,0xd0,0x1,
0x0,0x0,0x0,0x0,0x84,0x0,0x0,0x0,
0x0,0x0,0x0,0x0,0x84,0x0,0x0,0x0,
0x0,0x0,0x0,0x0,0x7d,0x0,0x0,0x0,
0x0,0x0,0x2,0x0,0x1e,0x0,0x0,0x0,
0x0,0x0,0x0,0x0,0xfe,0x1,0x50,0x1,
0xfe,0x1,0xd0,0x1,0xd,0x0,0x0,0x0,
0x0,0x0,0x3,0x0,0x0,0x0,0x0,0x0,
0xac,0x0,0x0,0x0,0xfd,0x1,0x50,0x1,
0xfd,0x1,0xc0,0x1,0x0,0x0,0x0,0x0,
0x48,0x0,0x0,0x0,0x0,0x0,0x0,0x0,
0x0,0x0,0xff,0xff,0xff,0xff,0xff,0xff,
0x0,0x0,0x0,0x0,0x54,0x0,0x0,0x0,
0x54,0x0,0x0,0x0,0x54,0x0,0x0,0x0,
0x0,0x0,0x0,0x0,0x54,0x0,0x0,0x0,
0x54,0x0,0x0,0x0,0x0,0x0,0x5,0x0,
0x54,0x0,0x0,0x0,0x0,0x0,0x0,0x0,
0xcc,0x0,0x0,0x0,0x1,0x2,0xe0,0x1,
0x0,0x0,0x0,0x0,0xcc,0x0,0x0,0x0,
0x0,0x0,0x0,0x0,0xcc,0x0,0x0,0x0,
0x0,0x0,0x0,0x0,0xd,0x0,0x0,0x0,
0x0,0x0,0x3,0x0,0x0,0x0,0x0,0x0,
0x7e,0x0,0x0,0x0,0x8,0x2,0x50,0x1,
0x8,0x2,0xc0,0x1,0x5c,0x0,0x0,0x0,
0x0,0x0,0x7,0x0,0x65,0x0,0x0,0x0,
0x0,0x0,0x0,0x0,0x5,0x2,0x50,0x1,
0x5,0x2,0x80,0x2,0x5a,0x0,0x0,0x0,
0x0,0x0,0x7,0x0,0x64,0x0,0x0,0x0,
0x0,0x0,0x0,0x0,0x4,0x2,0x50,0x1,
0x4,0x2,0xa0,0x2,0x49,0x0,0x0,0x0,
0x0,0x0,0x7,0x0,0x63,0x0,0x0,0x0,
0x0,0x0,0x0,0x0,0x2,0x2,0x50,0x1,
0x2,0x2,0xb0,0x1,0x4b,0x0,0x0,0x0,
0x0,0x0,0xa,0x0,0x62,0x0,0x0,0x0,
0x0,0x0,0x0,0x0,0x3,0x2,0x50,0x1,
0x3,0x2,0xa0,0x1,0x0,0x0,0x0,0x0,
0x0,0x0,0x0,0x0,0x0,0x0,0x0,0x0,
0x0,0x0,0xff,0xff,0xff,0xff,0xff,0xff,
0x0,0x0,0x0,0x0,0x54,0x0,0x0,0x0,
0x54,0x0,0x0,0x0,0x54,0x0,0x0,0x0,
0x0,0x0,0x0,0x0,0x54,0x0,0x0,0x0,
0x54,0x0,0x0,0x0,0x0,0x0,0x3,0x0,
0x54,0x0,0x0,0x0,0x0,0x0,0x0,0x0,
0x9c,0x0,0x0,0x0,0x3,0x2,0x50,0x1,
0x0,0x0,0x0,0x0,0x9c,0x0,0x0,0x0,
0x0,0x0,0x0,0x0,0x9c,0x0,0x0,0x0,
0x0,0x0,0x0,0x0,0x4d,0x0,0x0,0x0,
0x0,0x0,0x1,0x0,0x1,0x0,0x0,0x0,
0x0,0x0,0x0,0x0,0x7,0x2,0xa0,0x1,
0x7,0x2,0x0,0x2,0x6d,0x0,0x0,0x0,
0x0,0x0,0x3,0x0,0x0,0x0,0x0,0x0,
0x6e,0x0,0x0,0x0,0x6,0x2,0xa0,0x1,
0x6,0x2,0x20,0x2,0x4c,0x0,0x0,0x0,
0x0,0x0,0x2,0x0,0x1d,0x0,0x0,0x0,
0x0,0x0,0x0,0x0,0x3,0x2,0xa0,0x1,
0x3,0x2,0x50,0x2,0x0,0x0,0x0,0x0,
0x82,0x0,0x0,0x0,0x0,0x0,0x0,0x0,
0x0,0x0,0xff,0xff,0xff,0xff,0xff,0xff,
0x0,0x0,0x0,0x0,0x54,0x0,0x0,0x0,
0x54,0x0,0x0,0x0,0x54,0x0,0x0,0x0,
0x0,0x0,0x0,0x0,0x54,0x0,0x0,0x0,
0x54,0x0,0x0,0x0,0x0,0x0,0x3,0x0,
0x54,0x0,0x0,0x0,0x0,0x0,0x0,0x0,
0x9c,0x0,0x0,0x0,0x16,0x2,0x90,0x0,
0x0,0x0,0x0,0x0,0x9c,0x0,0x0,0x0,
0x0,0x0,0x0,0x0,0x9c,0x0,0x0,0x0,
0x0,0x0,0x0,0x0,0xaf,0x0,0x0,0x0,
0x0,0x2,0x7,0x0,0x68,0x0,0x0,0x0,
0x0,0x0,0x0,0x0,0x1e,0x2,0xd0,0x0,
0x1e,0x2,0xd0,0x1,0xad,0x0,0x0,0x0,
0x0,0x0,0x7,0x0,0x67,0x0,0x0,0x0,
0x0,0x0,0x0,0x0,0x19,0x2,0xd0,0x0,
0x19,0x2,0xd0,0x1,0x2b,0x0,0x0,0x0,
0x0,0x0,0x7,0x0,0x66,0x0,0x0,0x0,
0x0,0x0,0x0,0x0,0x17,0x2,0xd0,0x0,
0x17,0x2,0x50,0x1,0x0,0x0,0x0,0x0,
0x89,0x0,0x0,0x0,0xb1,0x0,0x0,0x0,
0x0,0x0,0xff,0xff,0xff,0xff,0xff,0xff,
0x0,0x0,0x0,0x0,0x54,0x0,0x0,0x0,
0x54,0x0,0x0,0x0,0x54,0x0,0x0,0x0,
0x0,0x0,0x0,0x0,0x54,0x0,0x0,0x0,
0x54,0x0,0x0,0x0,0x0,0x0,0x7,0x0,
0x54,0x0,0x0,0x0,0x0,0x0,0x0,0x0,
0xfc,0x0,0x0,0x0,0x24,0x2,0x90,0x0,
0x25,0x2,0xd0,0x0,0xfc,0x0,0x0,0x0,
0x0,0x0,0x0,0x0,0xfc,0x0,0x0,0x0,
0x0,0x0,0x0,0x0,0x7f,0x0,0x0,0x0,
0x0,0x0,0x8,0x0,0x66,0x0,0x0,0x0,
0x0,0x0,0x0,0x0,0x31,0x2,0xd0,0x0,
0x31,0x2,0xa0,0x1,0x45,0x0,0x0,0x0,
0x0,0x0,0x7,0x0,0x6b,0x0,0x0,0x0,
0x0,0x0,0x0,0x0,0x2f,0x2,0xd0,0x0,
0x2f,0x2,0x0,0x1,0x44,0x0,0x0,0x0,
0x0,0x0,0x7,0x0,0x6a,0x0,0x0,0x0,
0x0,0x0,0x0,0x0,0x2e,0x2,0xd0,0x0,
0x2e,0x2,0x0,0x1,0x50,0x0,0x0,0x0,
0x0,0x0,0x8,0x0,0x65,0x0,0x0,0x0,
0x0,0x0,0x0,0x0,0x29,0x2,0xd0,0x0,
0x29,0x2,0x90,0x1,0x1e,0x0,0x0,0x0,
0x0,0x0,0x2,0x0,0x20,0x0,0x0,0x0,
0x0,0x0,0x0,0x0,0x28,0x2,0xd0,0x0,
0x28,0x2,0x50,0x1,0x1d,0x0,0x0,0x0,
0x0,0x0,0x2,0x0,0x1f,0x0,0x0,0x0,
0x0,0x0,0x0,0x0,0x27,0x2,0xd0,0x0,
0x27,0x2,0x40,0x1,0x8b,0x0,0x0,0x0,
0x0,0x0,0x1,0x0,0x1,0x0,0x0,0x0,
0x0,0x0,0x0,0x0,0x26,0x2,0xd0,0x0,
0x26,0x2,0x40,0x1,0x0,0x0,0x0,0x0,
0x10,0x0,0x0,0x0,0x0,0x0,0x0,0x0,
0x0,0x0,0xff,0xff,0xff,0xff,0xff,0xff,
0x0,0x0,0x0,0x0,0x54,0x0,0x0,0x0,
0x54,0x0,0x0,0x0,0x54,0x0,0x0,0x0,
0x0,0x0,0x0,0x0,0x54,0x0,0x0,0x0,
0x54,0x0,0x0,0x0,0x0,0x0,0x2,0x0,
0x54,0x0,0x0,0x0,0x0,0x0,0x0,0x0,
0x84,0x0,0x0,0x0,0x29,0x2,0x90,0x1,
0x0,0x0,0x0,0x0,0x84,0x0,0x0,0x0,
0x0,0x0,0x0,0x0,0x84,0x0,0x0,0x0,
0x0,0x0,0x0,0x0,0x7d,0x0,0x0,0x0,
0x0,0x0,0x2,0x0,0x1e,0x0,0x0,0x0,
0x0,0x0,0x0,0x0,0x2b,0x2,0x10,0x1,
0x2b,0x2,0x90,0x1,0xd,0x0,0x0,0x0,
0x0,0x0,0x3,0x0,0x0,0x0,0x0,0x0,
0x8c,0x0,0x0,0x0,0x2a,0x2,0x10,0x1,
0x2a,0x2,0x80,0x1,0x0,0x0,0x0,0x0,
0x46,0x0,0x0,0x0,0x0,0x0,0x0,0x0,
0x0,0x0,0xff,0xff,0xff,0xff,0xff,0xff,
0x0,0x0,0x0,0x0,0x54,0x0,0x0,0x0,
0x54,0x0,0x0,0x0,0x54,0x0,0x0,0x0,
0x0,0x0,0x0,0x0,0x54,0x0,0x0,0x0,
0x54,0x0,0x0,0x0,0x0,0x0,0x4,0x0,
0x54,0x0,0x0,0x0,0x0,0x0,0x0,0x0,
0xb4,0x0,0x0,0x0,0x31,0x2,0xa0,0x1,
0x0,0x0,0x0,0x0,0xb4,0x0,0x0,0x0,
0x0,0x0,0x0,0x0,0xb4,0x0,0x0,0x0,
0x0,0x0,0x0,0x0,0x47,0x0,0x0,0x0,
0x0,0x0,0x2,0x0,0x21,0x0,0x0,0x0,
0x0,0x0,0x0,0x0,0x32,0x2,0x10,0x1,
0x32,0x2,0xa0,0x1,0x0,0x0,0x0,0x0,
0x0,0x0,0x8,0x0,0x68,0x0,0x0,0x0,
0x0,0x0,0x0,0x0,0x36,0x2,0x10,0x1,
0x36,0x2,0x10,0x1,0x0,0x0,0x0,0x0,
0x0,0x0,0x8,0x0,0x6b,0x0,0x0,0x0,
0x0,0x0,0x0,0x0,0x41,0x2,0x10,0x1,
0x41,0x2,0x10,0x1,0x12,0x0,0x0,0x0,
0x0,0x0,0xa,0x0,0x67,0x0,0x0,0x0,
0x0,0x0,0x0,0x0,0x33,0x2,0x10,0x1,
0x33,0x2,0x90,0x1,0x0,0x0,0x0,0x0,
0x0,0x0,0x0,0x0,0x0,0x0,0x0,0x0,
0x0,0x0,0xff,0xff,0xff,0xff,0xff,0xff,
0x0,0x0,0x0,0x0,0x54,0x0,0x0,0x0,
0x54,0x0,0x0,0x0,0x54,0x0,0x0,0x0,
0x0,0x0,0x0,0x0,0x54,0x0,0x0,0x0,
0x54,0x0,0x0,0x0,0x0,0x0,0x2,0x0,
0x54,0x0,0x0,0x0,0x0,0x0,0x0,0x0,
0x84,0x0,0x0,0x0,0x33,0x2,0x10,0x1,
0x0,0x0,0x0,0x0,0x84,0x0,0x0,0x0,
0x0,0x0,0x0,0x0,0x84,0x0,0x0,0x0,
0x0,0x0,0x0,0x0,0x8f,0x0,0x0,0x0,
0x0,0x0,0x2,0x0,0x22,0x0,0x0,0x0,
0x0,0x0,0x0,0x0,0x34,0x2,0x90,0x1,
0x34,0x2,0x20,0x2,0x13,0x0,0x0,0x0,
0x0,0x0,0x7,0x0,0x6c,0x0,0x0,0x0,
0x0,0x0,0x0,0x0,0x33,0x2,0x90,0x1,
0x33,0x2,0xf0,0x1,0x0,0x0,0x0,0x0,
0x90,0x0,0x0,0x0,0xb2,0x0,0x0,0x0,
0x0,0x0,0xff,0xff,0xff,0xff,0xff,0xff,
0x0,0x0,0x0,0x0,0x54,0x0,0x0,0x0,
0x54,0x0,0x0,0x0,0x54,0x0,0x0,0x0,
0x0,0x0,0x0,0x0,0x54,0x0,0x0,0x0,
0x54,0x0,0x0,0x0,0x0,0x0,0x6,0x0,
0x54,0x0,0x0,0x0,0x0,0x0,0x0,0x0,
0xe4,0x0,0x0,0x0,0x36,0x2,0x10,0x1,
0x37,0x2,0x50,0x1,0xe4,0x0,0x0,0x0,
0x0,0x0,0x0,0x0,0xe4,0x0,0x0,0x0,
0x0,0x0,0x0,0x0,0x5e,0x0,0x0,0x0,
0x0,0x0,0x7,0x0,0x6e,0x0,0x0,0x0,
0x0,0x0,0x0,0x0,0x3d,0x2,0x50,0x1,
0x3d,0x2,0xf0,0x1,0x5a,0x0,0x0,0x0,
0x0,0x0,0x7,0x0,0x6d,0x0,0x0,0x0,
0x0,0x0,0x0,0x0,0x3c,0x2,0x50,0x1,
0x3c,0x2,0xa0,0x2,0xd,0x0,0x0,0x0,
0x0,0x0,0x3,0x0,0x0,0x0,0x0,0x0,
0x86,0x0,0x0,0x0,0x3b,0x2,0x50,0x1,
0x3b,0x2,0xc0,0x1,0x49,0x0,0x0,0x0,
0x0,0x0,0x3,0x0,0x0,0x0,0x0,0x0,
0xb3,0x0,0x0,0x0,0x38,0x2,0x50,0x1,
0x38,0x2,0xb0,0x1,0x12,0x0,0x0,0x0,
0x0,0x0,0xa,0x0,0x6a,0x0,0x0,0x0,
0x0,0x0,0x0,0x0,0x3e,0x2,0x50,0x1,
0x3e,0x2,0xd0,0x1,0x4b,0x0,0x0,0x0,
0x0,0x0,0xa,0x0,0x69,0x0,0x0,0x0,
0x0,0x0,0x0,0x0,0x39,0x2,0x50,0x1,
0x39,0x2,0xa0,0x1,0x0,0x0,0x0,0x0,
0x0,0x0,0x0,0x0,0x0,0x0,0x0,0x0,
0x0,0x0,0xff,0xff,0xff,0xff,0xff,0xff,
0x0,0x0,0x0,0x0,0x54,0x0,0x0,0x0,
0x54,0x0,0x0,0x0,0x54,0x0,0x0,0x0,
0x0,0x0,0x0,0x0,0x54,0x0,0x0,0x0,
0x54,0x0,0x0,0x0,0x0,0x0,0x2,0x0,
0x54,0x0,0x0,0x0,0x0,0x0,0x0,0x0,
0x84,0x0,0x0,0x0,0x39,0x2,0x50,0x1,
0x0,0x0,0x0,0x0,0x84,0x0,0x0,0x0,
0x0,0x0,0x0,0x0,0x84,0x0,0x0,0x0,
0x0,0x0,0x0,0x0,0x4d,0x0,0x0,0x0,
0x0,0x0,0x1,0x0,0x1,0x0,0x0,0x0,
0x0,0x0,0x0,0x0,0x3a,0x2,0xa0,0x1,
0x3a,0x2,0x0,0x2,0x4c,0x0,0x0,0x0,
0x0,0x0,0x2,0x0,0xa,0x0,0x0,0x0,
0x0,0x0,0x0,0x0,0x39,0x2,0xa0,0x1,
0x39,0x2,0x50,0x2,0x0,0x0,0x0,0x0,
0x0,0x0,0x0,0x0,0x0,0x0,0x0,0x0,
0x0,0x0,0xff,0xff,0xff,0xff,0xff,0xff,
0x0,0x0,0x0,0x0,0x54,0x0,0x0,0x0,
0x54,0x0,0x0,0x0,0x54,0x0,0x0,0x0,
0x0,0x0,0x0,0x0,0x54,0x0,0x0,0x0,
0x54,0x0,0x0,0x0,0x0,0x0,0x1,0x0,
0x54,0x0,0x0,0x0,0x0,0x0,0x0,0x0,
0x6c,0x0,0x0,0x0,0x3e,0x2,0x50,0x1,
0x0,0x0,0x0,0x0,0x6c,0x0,0x0,0x0,
0x0,0x0,0x0,0x0,0x6c,0x0,0x0,0x0,
0x0,0x0,0x0,0x0,0x78,0x0,0x0,0x0,
0x0,0x0,0x7,0x0,0x6f,0x0,0x0,0x0,
0x0,0x0,0x0,0x0,0x3e,0x2,0xd0,0x1,
0x3e,0x2,0xf0,0x2,0x0,0x0,0x0,0x0,
0x92,0x0,0x0,0x0,0x0,0x0,0x0,0x0,
0x0,0x0,0xff,0xff,0xff,0xff,0xff,0xff,
0x0,0x0,0x0,0x0,0x54,0x0,0x0,0x0,
0x54,0x0,0x0,0x0,0x54,0x0,0x0,0x0,
0x0,0x0,0x0,0x0,0x54,0x0,0x0,0x0,
0x54,0x0,0x0,0x0,0x0,0x0,0x3,0x0,
0x54,0x0,0x0,0x0,0x0,0x0,0x0,0x0,
0x9c,0x0,0x0,0x0,0x41,0x2,0x10,0x1,
0x0,0x0,0x0,0x0,0x9c,0x0,0x0,0x0,
0x0,0x0,0x0,0x0,0x9c,0x0,0x0,0x0,
0x0,0x0,0x0,0x0,0x47,0x0,0x0,0x0,
0x0,0x0,0x2,0x0,0x5,0x0,0x0,0x0,
0x0,0x0,0x0,0x0,0x42,0x2,0x50,0x1,
0x42,0x2,0xe0,0x1,0x0,0x0,0x0,0x0,
0x0,0x0,0x8,0x0,0x6d,0x0,0x0,0x0,
0x0,0x0,0x0,0x0,0x46,0x2,0x50,0x1,
0x46,0x2,0x50,0x1,0x12,0x0,0x0,0x0,
0x0,0x0,0xa,0x0,0x6c,0x0,0x0,0x0,
0x0,0x0,0x0,0x0,0x43,0x2,0x50,0x1,
0x43,0x2,0xd0,0x1,0x0,0x0,0x0,0x0,
0x0,0x0,0x0,0x0,0x0,0x0,0x0,0x0,
0x0,0x0,0xff,0xff,0xff,0xff,0xff,0xff,
0x0,0x0,0x0,0x0,0x54,0x0,0x0,0x0,
0x54,0x0,0x0,0x0,0x54,0x0,0x0,0x0,
0x0,0x0,0x0,0x0,0x54,0x0,0x0,0x0,
0x54,0x0,0x0,0x0,0x0,0x0,0x2,0x0,
0x54,0x0,0x0,0x0,0x0,0x0,0x0,0x0,
0x84,0x0,0x0,0x0,0x43,0x2,0x50,0x1,
0x0,0x0,0x0,0x0,0x84,0x0,0x0,0x0,
0x0,0x0,0x0,0x0,0x84,0x0,0x0,0x0,
0x0,0x0,0x0,0x0,0x3e,0x0,0x0,0x0,
0x0,0x0,0x2,0x0,0x1c,0x0,0x0,0x0,
0x0,0x0,0x0,0x0,0x44,0x2,0xd0,0x1,
0x44,0x2,0x80,0x2,0x78,0x0,0x0,0x0,
0x0,0x0,0x7,0x0,0x70,0x0,0x0,0x0,
0x0,0x0,0x0,0x0,0x43,0x2,0xd0,0x1,
0x43,0x2,0xf0,0x2,0x0,0x0,0x0,0x0,
0x75,0x0,0x0,0x0,0x0,0x0,0x0,0x0,
0x0,0x0,0xff,0xff,0xff,0xff,0xff,0xff,
0x0,0x0,0x0,0x0,0x54,0x0,0x0,0x0,
0x54,0x0,0x0,0x0,0x54,0x0,0x0,0x0,
0x0,0x0,0x0,0x0,0x54,0x0,0x0,0x0,
0x54,0x0,0x0,0x0,0x0,0x0,0x6,0x0,
0x54,0x0,0x0,0x0,0x0,0x0,0x0,0x0,
0xe4,0x0,0x0,0x0,0x46,0x2,0x50,0x1,
0x0,0x0,0x0,0x0,0xe4,0x0,0x0,0x0,
0x0,0x0,0x0,0x0,0xe4,0x0,0x0,0x0,
0x0,0x0,0x0,0x0,0x80,0x0,0x0,0x0,
0x0,0x0,0x7,0x0,0x71,0x0,0x0,0x0,
0x0,0x0,0x0,0x0,0x56,0x2,0x90,0x1,
0x56,0x2,0x40,0x2,0x7f,0x0,0x0,0x0,
0x0,0x0,0x8,0x0,0x6f,0x0,0x0,0x0,
0x0,0x0,0x0,0x0,0x4e,0x2,0x90,0x1,
0x4e,0x2,0x60,0x2,0x50,0x0,0x0,0x0,
0x0,0x0,0x8,0x0,0x6e,0x0,0x0,0x0,
0x0,0x0,0x0,0x0,0x4a,0x2,0x90,0x1,
0x4a,0x2,0x50,0x2,0x1e,0x0,0x0,0x0,
0x0,0x0,0x2,0x0,0x24,0x0,0x0,0x0,
0x0,0x0,0x0,0x0,0x49,0x2,0x90,0x1,
0x49,0x2,0x10,0x2,0x1d,0x0,0x0,0x0,
0x0,0x0,0x2,0x0,0x23,0x0,0x0,0x0,
0x0,0x0,0x0,0x0,0x48,0x2,0x90,0x1,
0x48,0x2,0x0,0x2,0x49,0x0,0x0,0x0,
0x0,0x0,0x3,0x0,0x0,0x0,0x0,0x0,
0xb4,0x0,0x0,0x0,0x47,0x2,0x90,0x1,
0x47,0x2,0xf0,0x1,0x0,0x0,0x0,0x0,
0x10,0x0,0x0,0x0,0x0,0x0,0x0,0x0,
0x0,0x0,0xff,0xff,0xff,0xff,0xff,0xff,
0x0,0x0,0x0,0x0,0x54,0x0,0x0,0x0,
0x54,0x0,0x0,0x0,0x54,0x0,0x0,0x0,
0x0,0x0,0x0,0x0,0x54,0x0,0x0,0x0,
0x54,0x0,0x0,0x0,0x0,0x0,0x2,0x0,
0x54,0x0,0x0,0x0,0x0,0x0,0x0,0x0,
0x84,0x0,0x0,0x0,0x4a,0x2,0x50,0x2,
0x0,0x0,0x0,0x0,0x84,0x0,0x0,0x0,
0x0,0x0,0x0,0x0,0x84,0x0,0x0,0x0,
0x0,0x0,0x0,0x0,0x7d,0x0,0x0,0x0,
0x0,0x0,0x2,0x0,0x1e,0x0,0x0,0x0,
0x0,0x0,0x0,0x0,0x4c,0x2,0xd0,0x1,
0x4c,0x2,0x50,0x2,0xd,0x0,0x0,0x0,
0x0,0x0,0x3,0x0,0x0,0x0,0x0,0x0,
0xb5,0x0,0x0,0x0,0x4b,0x2,0xd0,0x1,
0x4b,0x2,0x40,0x2,0x0,0x0,0x0,0x0,
0x48,0x0,0x0,0x0,0x0,0x0,0x0,0x0,
0x0,0x0,0xff,0xff,0xff,0xff,0xff,0xff,
0x0,0x0,0x0,0x0,0x54,0x0,0x0,0x0,
0x54,0x0,0x0,0x0,0x54,0x0,0x0,0x0,
0x0,0x0,0x0,0x0,0x54,0x0,0x0,0x0,
0x54,0x0,0x0,0x0,0x0,0x0,0x5,0x0,
0x54,0x0,0x0,0x0,0x0,0x0,0x0,0x0,
0xcc,0x0,0x0,0x0,0x4e,0x2,0x60,0x2,
0x0,0x0,0x0,0x0,0xcc,0x0,0x0,0x0,
0x0,0x0,0x0,0x0,0xcc,0x0,0x0,0x0,
0x0,0x0,0x0,0x0,0x5c,0x0,0x0,0x0,
0x0,0x0,0x7,0x0,0x73,0x0,0x0,0x0,
0x0,0x0,0x0,0x0,0x54,0x2,0xd0,0x1,
0x54,0x2,0x0,0x3,0x5a,0x0,0x0,0x0,
0x0,0x0,0x7,0x0,0x72,0x0,0x0,0x0,
0x0,0x0,0x0,0x0,0x53,0x2,0xd0,0x1,
0x53,0x2,0x20,0x3,0xd,0x0,0x0,0x0,
0x0,0x0,0x3,0x0,0x0,0x0,0x0,0x0,
0x7e,0x0,0x0,0x0,0x52,0x2,0xd0,0x1,
0x52,0x2,0x40,0x2,0x49,0x0,0x0,0x0,
0x0,0x0,0x3,0x0,0x0,0x0,0x0,0x0,
0xb4,0x0,0x0,0x0,0x4f,0x2,0xd0,0x1,
0x4f,0x2,0x30,0x2,0x4b,0x0,0x0,0x0,
0x0,0x0,0xa,0x0,0x70,0x0,0x0,0x0,
0x0,0x0,0x0,0x0,0x50,0x2,0xd0,0x1,
0x50,0x2,0x20,0x2,0x0,0x0,0x0,0x0,
0x0,0x0,0x0,0x0,0x0,0x0,0x0,0x0,
0x0,0x0,0xff,0xff,0xff,0xff,0xff,0xff,
0x0,0x0,0x0,0x0,0x54,0x0,0x0,0x0,
0x54,0x0,0x0,0x0,0x54,0x0,0x0,0x0,
0x0,0x0,0x0,0x0,0x54,0x0,0x0,0x0,
0x54,0x0,0x0,0x0,0x0,0x0,0x2,0x0,
0x54,0x0,0x0,0x0,0x0,0x0,0x0,0x0,
0x84,0x0,0x0,0x0,0x50,0x2,0xd0,0x1,
0x0,0x0,0x0,0x0,0x84,0x0,0x0,0x0,
0x0,0x0,0x0,0x0,0x84,0x0,0x0,0x0,
0x0,0x0,0x0,0x0,0x4d,0x0,0x0,0x0,
0x0,0x0,0x1,0x0,0x1,0x0,0x0,0x0,
0x0,0x0,0x0,0x0,0x51,0x2,0x20,0x2,
0x51,0x2,0x80,0x2,0x4c,0x0,0x0,0x0,
0x0,0x0,0x2,0x0,0xa,0x0,0x0,0x0,
0x0,0x0,0x0,0x0,0x50,0x2,0x20,0x2,
0x50,0x2,0xd0,0x2,0x0,0x0,0x0,0x0,
0x75,0x0,0x0,0x0,0x0,0x0,0x0,0x0,
0x0,0x0,0xff,0xff,0xff,0xff,0xff,0xff,
0x0,0x0,0x0,0x0,0x54,0x0,0x0,0x0,
0x54,0x0,0x0,0x0,0x54,0x0,0x0,0x0,
0x0,0x0,0x0,0x0,0x54,0x0,0x0,0x0,
0x54,0x0,0x0,0x0,0x0,0x0,0x9,0x0,
0x54,0x0,0x0,0x0,0x0,0x0,0x0,0x0,
0x2c,0x1,0x0,0x0,0x60,0x2,0x90,0x0,
0x0,0x0,0x0,0x0,0x2c,0x1,0x0,0x0,
0x0,0x0,0x0,0x0,0x2c,0x1,0x0,0x0,
0x0,0x0,0x0,0x0,0x80,0x0,0x0,0x0,
0x0,0x0,0x7,0x0,0x75,0x0,0x0,0x0,
0x0,0x0,0x0,0x0,0x7c,0x2,0xd0,0x0,
0x7c,0x2,0x80,0x1,0x7f,0x0,0x0,0x0,
0x0,0x0,0x8,0x0,0x75,0x0,0x0,0x0,
0x0,0x0,0x0,0x0,0x72,0x2,0xd0,0x0,
0x72,0x2,0xa0,0x1,0x50,0x0,0x0,0x0,
0x0,0x0,0x8,0x0,0x74,0x0,0x0,0x0,
0x0,0x0,0x0,0x0,0x6d,0x2,0xd0,0x0,
0x6d,0x2,0x90,0x1,0xb8,0x0,0x0,0x0,
0x0,0x0,0x7,0x0,0x74,0x0,0x0,0x0,
0x0,0x0,0x0,0x0,0x6b,0x2,0xd0,0x0,
0x6b,0x2,0x60,0x1,0x1e,0x0,0x0,0x0,
0x0,0x0,0x2,0x0,0x24,0x0,0x0,0x0,
0x0,0x0,0x0,0x0,0x63,0x2,0xd0,0x0,
0x63,0x2,0x50,0x1,0x1d,0x0,0x0,0x0,
0x0,0x0,0x2,0x0,0x23,0x0,0x0,0x0,
0x0,0x0,0x0,0x0,0x62,0x2,0xd0,0x0,
0x62,0x2,0x40,0x1,0x49,0x0,0x0,0x0,
0x0,0x0,0x3,0x0,0x0,0x0,0x0,0x0,
0xb6,0x0,0x0,0x0,0x61,0x2,0xd0,0x0,
0x61,0x2,0x30,0x1,0x4b,0x0,0x0,0x0,
0x0,0x0,0xa,0x0,0x73,0x0,0x0,0x0,
0x0,0x0,0x0,0x0,0x68,0x2,0xd0,0x0,
0x68,0x2,0x20,0x1,0x12,0x0,0x0,0x0,
0x0,0x0,0xa,0x0,0x72,0x0,0x0,0x0,
0x0,0x0,0x0,0x0,0x64,0x2,0xd0,0x0,
0x64,0x2,0x50,0x1,0x0,0x0,0x0,0x0,
0x0,0x0,0x0,0x0,0x0,0x0,0x0,0x0,
0x0,0x0,0xff,0xff,0xff,0xff,0xff,0xff,
0x0,0x0,0x0,0x0,0x54,0x0,0x0,0x0,
0x54,0x0,0x0,0x0,0x54,0x0,0x0,0x0,
0x0,0x0,0x0,0x0,0x54,0x0,0x0,0x0,
0x54,0x0,0x0,0x0,0x0,0x0,0x4,0x0,
0x54,0x0,0x0,0x0,0x0,0x0,0x0,0x0,
0xb4,0x0,0x0,0x0,0x64,0x2,0xd0,0x0,
0x0,0x0,0x0,0x0,0xb4,0x0,0x0,0x0,
0x0,0x0,0x0,0x0,0xb4,0x0,0x0,0x0,
0x0,0x0,0x0,0x0,0x54,0x0,0x0,0x0,
0x0,0x0,0x2,0x0,0x5,0x0,0x0,0x0,
0x0,0x0,0x0,0x0,0x67,0x2,0x50,0x1,
0x67,0x2,0x30,0x2,0x53,0x0,0x0,0x0,
0x0,0x0,0x2,0x0,0x5,0x0,0x0,0x0,
0x0,0x0,0x0,0x0,0x66,0x2,0x50,0x1,
0x66,0x2,0x10,0x2,0x58,0x0,0x0,0x0,
0x0,0x0,0x7,0x0,0x77,0x0,0x0,0x0,
0x0,0x0,0x0,0x0,0x65,0x2,0x50,0x1,
0x65,0x2,0xd0,0x1,0x70,0x0,0x0,0x0,
0x0,0x0,0x7,0x0,0x76,0x0,0x0,0x0,
0x0,0x0,0x0,0x0,0x64,0x2,0x50,0x1,
0x64,0x2,0xb0,0x1,0x0,0x0,0x0,0x0,
0x0,0x0,0x0,0x0,0x0,0x0,0x0,0x0,
0x0,0x0,0xff,0xff,0xff,0xff,0xff,0xff,
0x0,0x0,0x0,0x0,0x54,0x0,0x0,0x0,
0x54,0x0,0x0,0x0,0x54,0x0,0x0,0x0,
0x0,0x0,0x0,0x0,0x54,0x0,0x0,0x0,
0x54,0x0,0x0,0x0,0x0,0x0,0x3,0x0,
0x54,0x0,0x0,0x0,0x0,0x0,0x0,0x0,
0x9c,0x0,0x0,0x0,0x68,0x2,0xd0,0x0,
0x0,0x0,0x0,0x0,0x9c,0x0,0x0,0x0,
0x0,0x0,0x0,0x0,0x9c,0x0,0x0,0x0,
0x0,0x0,0x0,0x0,0x6d,0x0,0x0,0x0,
0x0,0x0,0x3,0x0,0x0,0x0,0x0,0x0,
0x6e,0x0,0x0,0x0,0x6a,0x2,0x20,0x1,
0x6a,0x2,0xa0,0x1,0xb7,0x0,0x0,0x0,
0x0,0x0,0x2,0x0,0x1e,0x0,0x0,0x0,
0x0,0x0,0x0,0x0,0x69,0x2,0x20,0x1,
0x69,0x2,0xd0,0x1,0x4d,0x0,0x0,0x0,
0x0,0x0,0x1,0x0,0x0,0x0,0x0,0x0,
0x0,0x0,0x0,0x0,0x68,0x2,0x20,0x1,
0x68,0x2,0x80,0x1,0x0,0x0,0x0,0x0,
0x10,0x0,0x0,0x0,0x0,0x0,0x0,0x0,
0x0,0x0,0xff,0xff,0xff,0xff,0xff,0xff,
0x0,0x0,0x0,0x0,0x54,0x0,0x0,0x0,
0x54,0x0,0x0,0x0,0x54,0x0,0x0,0x0,
0x0,0x0,0x0,0x0,0x54,0x0,0x0,0x0,
0x54,0x0,0x0,0x0,0x0,0x0,0x2,0x0,
0x54,0x0,0x0,0x0,0x0,0x0,0x0,0x0,
0x84,0x0,0x0,0x0,0x6d,0x2,0x90,0x1,
0x0,0x0,0x0,0x0,0x84,0x0,0x0,0x0,
0x0,0x0,0x0,0x0,0x84,0x0,0x0,0x0,
0x0,0x0,0x0,0x0,0x7d,0x0,0x0,0x0,
0x0,0x0,0x2,0x0,0x1e,0x0,0x0,0x0,
0x0,0x0,0x0,0x0,0x6f,0x2,0x10,0x1,
0x6f,0x2,0x90,0x1,0xd,0x0,0x0,0x0,
0x0,0x0,0x3,0x0,0x0,0x0,0x0,0x0,
0x86,0x0,0x0,0x0,0x6e,0x2,0x10,0x1,
0x6e,0x2,0x80,0x1,0x0,0x0,0x0,0x0,
0x48,0x0,0x0,0x0,0x0,0x0,0x0,0x0,
0x0,0x0,0xff,0xff,0xff,0xff,0xff,0xff,
0x0,0x0,0x0,0x0,0x54,0x0,0x0,0x0,
0x54,0x0,0x0,0x0,0x54,0x0,0x0,0x0,
0x0,0x0,0x0,0x0,0x54,0x0,0x0,0x0,
0x54,0x0,0x0,0x0,0x0,0x0,0x6,0x0,
0x54,0x0,0x0,0x0,0x0,0x0,0x0,0x0,
0xe4,0x0,0x0,0x0,0x72,0x2,0xa0,0x1,
0x0,0x0,0x0,0x0,0xe4,0x0,0x0,0x0,
0x0,0x0,0x0,0x0,0xe4,0x0,0x0,0x0,
0x0,0x0,0x0,0x0,0xd,0x0,0x0,0x0,
0x0,0x0,0x3,0x0,0x0,0x0,0x0,0x0,
0x7e,0x0,0x0,0x0,0x78,0x2,0x10,0x1,
0x78,0x2,0x80,0x1,0x5c,0x0,0x0,0x0,
0x0,0x0,0x7,0x0,0x7a,0x0,0x0,0x0,
0x0,0x0,0x0,0x0,0x76,0x2,0x10,0x1,
0x76,0x2,0x40,0x2,0x5a,0x0,0x0,0x0,
0x0,0x0,0x7,0x0,0x79,0x0,0x0,0x0,
0x0,0x0,0x0,0x0,0x75,0x2,0x10,0x1,
0x75,0x2,0x60,0x2,0x49,0x0,0x0,0x0,
0x0,0x0,0x7,0x0,0x78,0x0,0x0,0x0,
0x0,0x0,0x0,0x0,0x73,0x2,0x10,0x1,
0x73,0x2,0x70,0x1,0x12,0x0,0x0,0x0,
0x0,0x0,0xa,0x0,0x77,0x0,0x0,0x0,
0x0,0x0,0x0,0x0,0x79,0x2,0x10,0x1,
0x79,0x2,0x90,0x1,0x4b,0x0,0x0,0x0,
0x0,0x0,0xa,0x0,0x76,0x0,0x0,0x0,
0x0,0x0,0x0,0x0,0x74,0x2,0x10,0x1,
0x74,0x2,0x60,0x1,0x0,0x0,0x0,0x0,
0x0,0x0,0x0,0x0,0x0,0x0,0x0,0x0,
0x0,0x0,0xff,0xff,0xff,0xff,0xff,0xff,
0x0,0x0,0x0,0x0,0x54,0x0,0x0,0x0,
0x54,0x0,0x0,0x0,0x54,0x0,0x0,0x0,
0x0,0x0,0x0,0x0,0x54,0x0,0x0,0x0,
0x54,0x0,0x0,0x0,0x0,0x0,0x2,0x0,
0x54,0x0,0x0,0x0,0x0,0x0,0x0,0x0,
0x84,0x0,0x0,0x0,0x74,0x2,0x10,0x1,
0x0,0x0,0x0,0x0,0x84,0x0,0x0,0x0,
0x0,0x0,0x0,0x0,0x84,0x0,0x0,0x0,
0x0,0x0,0x0,0x0,0x4d,0x0,0x0,0x0,
0x0,0x0,0x1,0x0,0x1,0x0,0x0,0x0,
0x0,0x0,0x0,0x0,0x77,0x2,0x60,0x1,
0x77,0x2,0xc0,0x1,0x4c,0x0,0x0,0x0,
0x0,0x0,0x2,0x0,0x29,0x0,0x0,0x0,
0x0,0x0,0x0,0x0,0x74,0x2,0x60,0x1,
0x74,0x2,0x10,0x2,0x0,0x0,0x0,0x0,
0x0,0x0,0x0,0x0,0x0,0x0,0x0,0x0,
0x0,0x0,0xff,0xff,0xff,0xff,0xff,0xff,
0x0,0x0,0x0,0x0,0x54,0x0,0x0,0x0,
0x54,0x0,0x0,0x0,0x54,0x0,0x0,0x0,
0x0,0x0,0x0,0x0,0x54,0x0,0x0,0x0,
0x54,0x0,0x0,0x0,0x0,0x0,0x1,0x0,
0x54,0x0,0x0,0x0,0x0,0x0,0x0,0x0,
0x6c,0x0,0x0,0x0,0x79,0x2,0x10,0x1,
0x0,0x0,0x0,0x0,0x6c,0x0,0x0,0x0,
0x0,0x0,0x0,0x0,0x6c,0x0,0x0,0x0,
0x0,0x0,0x0,0x0,0x1b,0x0,0x0,0x0,
0x0,0x0,0x7,0x0,0x7b,0x0,0x0,0x0,
0x0,0x0,0x0,0x0,0x79,0x2,0x90,0x1,
0x79,0x2,0x30,0x2,0x0,0x0,0x0,0x0,
0x37,0x0,0x0,0x0,0xba,0x0,0x0,0x0,
0x0,0x0,0xff,0xff,0xff,0xff,0xff,0xff,
0x0,0x0,0x0,0x0,0x54,0x0,0x0,0x0,
0x54,0x0,0x0,0x0,0x54,0x0,0x0,0x0,
0x0,0x0,0x0,0x0,0x54,0x0,0x0,0x0,
0x54,0x0,0x0,0x0,0x0,0x0,0x8,0x0,
0x54,0x0,0x0,0x0,0x0,0x0,0x0,0x0,
0x14,0x1,0x0,0x0,0x84,0x2,0x50,0x0,
0x85,0x2,0x90,0x0,0x14,0x1,0x0,0x0,
0x0,0x0,0x0,0x0,0x14,0x1,0x0,0x0,
0x0,0x0,0x0,0x0,0x8,0x0,0x0,0x0,
0x0,0x0,0x1,0x0,0x0,0x0,0x0,0x0,
0x0,0x0,0x0,0x0,0x87,0x2,0x90,0x0,
0x87,0x2,0x20,0x1,0x0,0x0,0x0,0x0,
0x0,0x0,0x8,0x0,0x7a,0x0,0x0,0x0,
0x0,0x0,0x0,0x0,0x8a,0x2,0x90,0x0,
0x8a,0x2,0x90,0x0,0x0,0x0,0x0,0x0,
0x0,0x0,0x8,0x0,0x84,0x0,0x0,0x0,
0x0,0x0,0x0,0x0,0xba,0x2,0x90,0x0,
0xba,0x2,0x90,0x0,0x0,0x0,0x0,0x0,
0x0,0x0,0x8,0x0,0x87,0x0,0x0,0x0,
0x0,0x0,0x0,0x0,0xd5,0x2,0x90,0x0,
0xd5,0x2,0x90,0x0,0x0,0x0,0x0,0x0,
0x0,0x0,0x8,0x0,0x89,0x0,0x0,0x0,
0x0,0x0,0x0,0x0,0xe4,0x2,0x90,0x0,
0xe4,0x2,0x90,0x0,0x0,0x0,0x0,0x0,
0x0,0x0,0x8,0x0,0x8b,0x0,0x0,0x0,
0x0,0x0,0x0,0x0,0xf2,0x2,0x90,0x0,
0xf2,0x2,0x90,0x0,0x0,0x0,0x0,0x0,
0x0,0x0,0x8,0x0,0xa0,0x0,0x0,0x0,
0x0,0x0,0x0,0x0,0x3b,0x3,0x90,0x0,
0x3b,0x3,0x90,0x0,0x12,0x0,0x0,0x0,
0x0,0x0,0xa,0x0,0x79,0x0,0x0,0x0,
0x0,0x0,0x0,0x0,0x86,0x2,0x90,0x0,
0x86,0x2,0x10,0x1,0x0,0x0,0x0,0x0,
0x0,0x0,0x0,0x0,0x0,0x0,0x0,0x0,
0x0,0x0,0xff,0xff,0xff,0xff,0xff,0xff,
0x0,0x0,0x0,0x0,0x54,0x0,0x0,0x0,
0x54,0x0,0x0,0x0,0x54,0x0,0x0,0x0,
0x0,0x0,0x0,0x0,0x54,0x0,0x0,0x0,
0x54,0x0,0x0,0x0,0x0,0x0,0x1,0x0,
0x54,0x0,0x0,0x0,0x0,0x0,0x0,0x0,
0x6c,0x0,0x0,0x0,0x86,0x2,0x90,0x0,
0x0,0x0,0x0,0x0,0x6c,0x0,0x0,0x0,
0x0,0x0,0x0,0x0,0x6c,0x0,0x0,0x0,
0x0,0x0,0x0,0x0,0x13,0x0,0x0,0x0,
0x0,0x0,0x7,0x0,0x7c,0x0,0x0,0x0,
0x0,0x0,0x0,0x0,0x86,0x2,0x10,0x1,
0x86,0x2,0x70,0x1,0x0,0x0,0x0,0x0,
0x37,0x0,0x0,0x0,0x0,0x0,0x0,0x0,
0x0,0x0,0xff,0xff,0xff,0xff,0xff,0xff,
0x0,0x0,0x2,0x0,0x54,0x0,0x0,0x0,
0x54,0x0,0x0,0x0,0x6c,0x0,0x0,0x0,
0x0,0x0,0x0,0x0,0x6c,0x0,0x0,0x0,
0x6c,0x0,0x0,0x0,0x0,0x0,0x5,0x0,
0x6c,0x0,0x0,0x0,0x0,0x0,0x0,0x0,
0xe4,0x0,0x0,0x0,0x8a,0x2,0x90,0x0,
0x0,0x0,0x0,0x0,0xe4,0x0,0x0,0x0,
0x0,0x0,0x0,0x0,0xe4,0x0,0x0,0x0,
0x0,0x0,0x0,0x0,0x40,0x0,0x0,0x0,
0x4,0x0,0x0,0x20,0x90,0x2,0xd0,0x0,
0x42,0x0,0x0,0x0,0x4,0x0,0x0,0x20,
0x91,0x2,0xd0,0x0,0x42,0x0,0x0,0x0,
0x0,0x0,0x7,0x0,0x7e,0x0,0x0,0x0,
0x0,0x0,0x0,0x0,0x91,0x2,0xd0,0x1,
0x91,0x2,0xa0,0x2,0x40,0x0,0x0,0x0,
0x0,0x0,0x7,0x0,0x7d,0x0,0x0,0x0,
0x0,0x0,0x0,0x0,0x90,0x2,0xd0,0x1,
0x90,0x2,0xa0,0x2,0x0,0x0,0x0,0x0,
0x0,0x0,0x8,0x0,0x7c,0x0,0x0,0x0,
0x0,0x0,0x0,0x0,0x93,0x2,0xd0,0x0,
0x93,0x2,0xd0,0x0,0x0,0x0,0x0,0x0,
0x0,0x0,0x8,0x0,0x7d,0x0,0x0,0x0,
0x0,0x0,0x0,0x0,0x9d,0x2,0xd0,0x0,
0x9d,0x2,0xd0,0x0,0x12,0x0,0x0,0x0,
0x0,0x0,0xa,0x0,0x7b,0x0,0x0,0x0,
0x0,0x0,0x0,0x0,0x8b,0x2,0xd0,0x0,
0x8b,0x2,0x50,0x1,0x0,0x0,0x0,0x0,
0x0,0x0,0x0,0x0,0x0,0x0,0x0,0x0,
0x0,0x0,0xff,0xff,0xff,0xff,0xff,0xff,
0x0,0x0,0x0,0x0,0x54,0x0,0x0,0x0,
0x54,0x0,0x0,0x0,0x54,0x0,0x0,0x0,
0x0,0x0,0x0,0x0,0x54,0x0,0x0,0x0,
0x54,0x0,0x0,0x0,0x0,0x0,0x4,0x0,
0x54,0x0,0x0,0x0,0x0,0x0,0x0,0x0,
0xb4,0x0,0x0,0x0,0x8b,0x2,0xd0,0x0,
0x0,0x0,0x0,0x0,0xb4,0x0,0x0,0x0,
0x0,0x0,0x0,0x0,0xb4,0x0,0x0,0x0,
0x0,0x0,0x0,0x0,0x3f,0x0,0x0,0x0,
0x0,0x0,0x2,0x0,0x5,0x0,0x0,0x0,
0x0,0x0,0x0,0x0,0x8e,0x2,0x50,0x1,
0x8e,0x2,0x20,0x2,0x3e,0x0,0x0,0x0,
0x0,0x0,0x2,0x0,0x5,0x0,0x0,0x0,
0x0,0x0,0x0,0x0,0x8d,0x2,0x50,0x1,
0x8d,0x2,0x0,0x2,0x3c,0x0,0x0,0x0,
0x0,0x0,0x7,0x0,0x80,0x0,0x0,0x0,
0x0,0x0,0x0,0x0,0x8c,0x2,0x50,0x1,
0x8c,0x2,0xc0,0x1,0x3a,0x0,0x0,0x0,
0x0,0x0,0x7,0x0,0x7f,0x0,0x0,0x0,
0x0,0x0,0x0,0x0,0x8b,0x2,0x50,0x1,
0x8b,0x2,0xa0,0x1,0x0,0x0,0x0,0x0,
0x22,0x0,0x0,0x0,0x0,0x0,0x0,0x0,
0x0,0x0,0xff,0xff,0xff,0xff,0xff,0xff,
0x0,0x0,0x0,0x0,0x54,0x0,0x0,0x0,
0x54,0x0,0x0,0x0,0x54,0x0,0x0,0x0,
0x0,0x0,0x0,0x0,0x54,0x0,0x0,0x0,
0x54,0x0,0x0,0x0,0x0,0x0,0x4,0x0,
0x54,0x0,0x0,0x0,0x0,0x0,0x0,0x0,
0xb4,0x0,0x0,0x0,0x93,0x2,0xd0,0x0,
0x0,0x0,0x0,0x0,0xb4,0x0,0x0,0x0,
0x0,0x0,0x0,0x0,0xb4,0x0,0x0,0x0,
0x0,0x0,0x0,0x0,0x26,0x0,0x0,0x0,
0x0,0x0,0x7,0x0,0x81,0x0,0x0,0x0,
0x0,0x0,0x0,0x0,0x97,0x2,0x10,0x1,
0x97,0x2,0xe0,0x1,0x25,0x0,0x0,0x0,
0x0,0x0,0x1,0x0,0x1,0x0,0x0,0x0,
0x0,0x0,0x0,0x0,0x96,0x2,0x10,0x1,
0x96,0x2,0x90,0x1,0x24,0x0,0x0,0x0,
0x0,0x0,0x1,0x0,0x1,0x0,0x0,0x0,
0x0,0x0,0x0,0x0,0x95,0x2,0x10,0x1,
0x95,0x2,0xa0,0x1,0x23,0x0,0x0,0x0,
0x0,0x0,0x2,0x0,0x0,0x0,0x0,0x0,
0x0,0x0,0x0,0x0,0x94,0x2,0x10,0x1,
0x94,0x2,0xb0,0x1,0x0,0x0,0x0,0x0,
0x10,0x0,0x0,0x0,0x0,0x0,0x0,0x0,
0x0,0x0,0xff,0xff,0xff,0xff,0xff,0xff,
0x0,0x0,0x0,0x0,0x54,0x0,0x0,0x0,
0x54,0x0,0x0,0x0,0x54,0x0,0x0,0x0,
0x0,0x0,0x0,0x0,0x54,0x0,0x0,0x0,
0x54,0x0,0x0,0x0,0x0,0x0,0x6,0x0,
0x54,0x0,0x0,0x0,0x0,0x0,0x0,0x0,
0xe4,0x0,0x0,0x0,0x9d,0x2,0xd0,0x0,
0x0,0x0,0x0,0x0,0xe4,0x0,0x0,0x0,
0x0,0x0,0x0,0x0,0xe4,0x0,0x0,0x0,
0x0,0x0,0x0,0x0,0xd,0x0,0x0,0x0,
0x0,0x0,0x3,0x0,0x0,0x0,0x0,0x0,
0xe,0x0,0x0,0x0,0xa2,0x2,0x10,0x1,
0xa2,0x2,0x80,0x1,0x1e,0x0,0x0,0x0,
0x0,0x0,0x2,0x0,0x8,0x0,0x0,0x0,
0x0,0x0,0x0,0x0,0xa1,0x2,0x10,0x1,
0xa1,0x2,0x90,0x1,0x1d,0x0,0x0,0x0,
0x0,0x0,0x2,0x0,0x7,0x0,0x0,0x0,
0x0,0x0,0x0,0x0,0xa0,0x2,0x10,0x1,
0xa0,0x2,0x80,0x1,0x45,0x0,0x0,0x0,
0x0,0x0,0x2,0x0,0x4,0x0,0x0,0x0,
0x0,0x0,0x0,0x0,0x9f,0x2,0x10,0x1,
0x9f,0x2,0x40,0x1,0x44,0x0,0x0,0x0,
0x0,0x0,0x2,0x0,0x6,0x0,0x0,0x0,
0x0,0x0,0x0,0x0,0x9e,0x2,0x10,0x1,
0x9e,0x2,0x40,0x1,0x0,0x0,0x0,0x0,
0x0,0x0,0x8,0x0,0x7e,0x0,0x0,0x0,
0x0,0x0,0x0,0x0,0xa4,0x2,0x10,0x1,
0xa4,0x2,0x10,0x1,0x0,0x0,0x0,0x0,
0x46,0x0,0x0,0x0,0x0,0x0,0x0,0x0,
0x0,0x0,0xff,0xff,0xff,0xff,0xff,0xff,
0x0,0x0,0x0,0x0,0x54,0x0,0x0,0x0,
0x54,0x0,0x0,0x0,0x54,0x0,0x0,0x0,
0x0,0x0,0x0,0x0,0x54,0x0,0x0,0x0,
0x54,0x0,0x0,0x0,0x0,0x0,0x4,0x0,
0x54,0x0,0x0,0x0,0x0,0x0,0x0,0x0,
0xb4,0x0,0x0,0x0,0xa4,0x2,0x10,0x1,
0x0,0x0,0x0,0x0,0xb4,0x0,0x0,0x0,
0x0,0x0,0x0,0x0,0xb4,0x0,0x0,0x0,
0x0,0x0,0x0,0x0,0x47,0x0,0x0,0x0,
0x0,0x0,0x2,0x0,0x9,0x0,0x0,0x0,
0x0,0x0,0x0,0x0,0xa6,0x2,0x50,0x1,
0xa6,0x2,0xe0,0x1,0x0,0x0,0x0,0x0,
0x0,0x0,0x8,0x0,0x80,0x0,0x0,0x0,
0x0,0x0,0x0,0x0,0xa8,0x2,0x50,0x1,
0xa8,0x2,0x50,0x1,0x0,0x0,0x0,0x0,
0x0,0x0,0x8,0x0,0x82,0x0,0x0,0x0,
0x0,0x0,0x0,0x0,0xaf,0x2,0x50,0x1,
0xaf,0x2,0x50,0x1,0x12,0x0,0x0,0x0,
0x0,0x0,0xa,0x0,0x7f,0x0,0x0,0x0,
0x0,0x0,0x0,0x0,0xa5,0x2,0x50,0x1,
0xa5,0x2,0xd0,0x1,0x0,0x0,0x0,0x0,
0x0,0x0,0x0,0x0,0x0,0x0,0x0,0x0,
0x0,0x0,0xff,0xff,0xff,0xff,0xff,0xff,
0x0,0x0,0x0,0x0,0x54,0x0,0x0,0x0,
0x54,0x0,0x0,0x0,0x54,0x0,0x0,0x0,
0x0,0x0,0x0,0x0,0x54,0x0,0x0,0x0,
0x54,0x0,0x0,0x0,0x0,0x0,0x1,0x0,
0x54,0x0,0x0,0x0,0x0,0x0,0x0,0x0,
0x6c,0x0,0x0,0x0,0xa5,0x2,0x50,0x1,
0x0,0x0,0x0,0x0,0x6c,0x0,0x0,0x0,
0x0,0x0,0x0,0x0,0x6c,0x0,0x0,0x0,
0x0,0x0,0x0,0x0,0x1b,0x0,0x0,0x0,
0x0,0x0,0x7,0x0,0x82,0x0,0x0,0x0,
0x0,0x0,0x0,0x0,0xa5,0x2,0xd0,0x1,
0xa5,0x2,0x70,0x2,0x0,0x0,0x0,0x0,
0x48,0x0,0x0,0x0,0x0,0x0,0x0,0x0,
0x0,0x0,0xff,0xff,0xff,0xff,0xff,0xff,
0x0,0x0,0x0,0x0,0x54,0x0,0x0,0x0,
0x54,0x0,0x0,0x0,0x54,0x0,0x0,0x0,
0x0,0x0,0x0,0x0,0x54,0x0,0x0,0x0,
0x54,0x0,0x0,0x0,0x0,0x0,0x3,0x0,
0x54,0x0,0x0,0x0,0x0,0x0,0x0,0x0,
0x9c,0x0,0x0,0x0,0xa8,0x2,0x50,0x1,
0x0,0x0,0x0,0x0,0x9c,0x0,0x0,0x0,
0x0,0x0,0x0,0x0,0x9c,0x0,0x0,0x0,
0x0,0x0,0x0,0x0,0xd,0x0,0x0,0x0,
0x0,0x0,0x3,0x0,0x0,0x0,0x0,0x0,
0x4e,0x0,0x0,0x0,0xac,0x2,0x90,0x1,
0xac,0x2,0x0,0x2,0x49,0x0,0x0,0x0,
0x0,0x0,0x7,0x0,0x83,0x0,0x0,0x0,
0x0,0x0,0x0,0x0,0xa9,0x2,0x90,0x1,
0xa9,0x2,0xf0,0x1,0x4b,0x0,0x0,0x0,
0x0,0x0,0xa,0x0,0x81,0x0,0x0,0x0,
0x0,0x0,0x0,0x0,0xaa,0x2,0x90,0x1,
0xaa,0x2,0xe0,0x1,0x0,0x0,0x0,0x0,
0x0,0x0,0x0,0x0,0x0,0x0,0x0,0x0,
0x0,0x0,0xff,0xff,0xff,0xff,0xff,0xff,
0x0,0x0,0x0,0x0,0x54,0x0,0x0,0x0,
0x54,0x0,0x0,0x0,0x54,0x0,0x0,0x0,
0x0,0x0,0x0,0x0,0x54,0x0,0x0,0x0,
0x54,0x0,0x0,0x0,0x0,0x0,0x2,0x0,
0x54,0x0,0x0,0x0,0x0,0x0,0x0,0x0,
0x84,0x0,0x0,0x0,0xaa,0x2,0x90,0x1,
0x0,0x0,0x0,0x0,0x84,0x0,0x0,0x0,
0x0,0x0,0x0,0x0,0x84,0x0,0x0,0x0,
0x0,0x0,0x0,0x0,0x4d,0x0,0x0,0x0,
0x0,0x0,0x1,0x0,0x1,0x0,0x0,0x0,
0x0,0x0,0x0,0x0,0xab,0x2,0xe0,0x1,
0xab,0x2,0x40,0x2,0x4c,0x0,0x0,0x0,
0x0,0x0,0x2,0x0,0xa,0x0,0x0,0x0,
0x0,0x0,0x0,0x0,0xaa,0x2,0xe0,0x1,
0xaa,0x2,0x90,0x2,0x0,0x0,0x0,0x0,
0x48,0x0,0x0,0x0,0x0,0x0,0x0,0x0,
0x0,0x0,0xff,0xff,0xff,0xff,0xff,0xff,
0x0,0x0,0x0,0x0,0x54,0x0,0x0,0x0,
0x54,0x0,0x0,0x0,0x54,0x0,0x0,0x0,
0x0,0x0,0x0,0x0,0x54,0x0,0x0,0x0,
0x54,0x0,0x0,0x0,0x0,0x0,0x3,0x0,
0x54,0x0,0x0,0x0,0x0,0x0,0x0,0x0,
0x9c,0x0,0x0,0x0,0xaf,0x2,0x50,0x1,
0x0,0x0,0x0,0x0,0x9c,0x0,0x0,0x0,
0x0,0x0,0x0,0x0,0x9c,0x0,0x0,0x0,
0x0,0x0,0x0,0x0,0xd,0x0,0x0,0x0,
0x0,0x0,0x3,0x0,0x0,0x0,0x0,0x0,
0x4f,0x0,0x0,0x0,0xb3,0x2,0x90,0x1,
0xb3,0x2,0x0,0x2,0x49,0x0,0x0,0x0,
0x0,0x0,0x7,0x0,0x84,0x0,0x0,0x0,
0x0,0x0,0x0,0x0,0xb0,0x2,0x90,0x1,
0xb0,0x2,0xf0,0x1,0x4b,0x0,0x0,0x0,
0x0,0x0,0xa,0x0,0x83,0x0,0x0,0x0,
0x0,0x0,0x0,0x0,0xb1,0x2,0x90,0x1,
0xb1,0x2,0xe0,0x1,0x0,0x0,0x0,0x0,
0x0,0x0,0x0,0x0,0x0,0x0,0x0,0x0,
0x0,0x0,0xff,0xff,0xff,0xff,0xff,0xff,
0x0,0x0,0x0,0x0,0x54,0x0,0x0,0x0,
0x54,0x0,0x0,0x0,0x54,0x0,0x0,0x0,
0x0,0x0,0x0,0x0,0x54,0x0,0x0,0x0,
0x54,0x0,0x0,0x0,0x0,0x0,0x2,0x0,
0x54,0x0,0x0,0x0,0x0,0x0,0x0,0x0,
0x84,0x0,0x0,0x0,0xb1,0x2,0x90,0x1,
0x0,0x0,0x0,0x0,0x84,0x0,0x0,0x0,
0x0,0x0,0x0,0x0,0x84,0x0,0x0,0x0,
0x0,0x0,0x0,0x0,0x4d,0x0,0x0,0x0,
0x0,0x0,0x1,0x0,0x1,0x0,0x0,0x0,
0x0,0x0,0x0,0x0,0xb2,0x2,0xe0,0x1,
0xb2,0x2,0x40,0x2,0x4c,0x0,0x0,0x0,
0x0,0x0,0x2,0x0,0x5,0x0,0x0,0x0,
0x0,0x0,0x0,0x0,0xb1,0x2,0xe0,0x1,
0xb1,0x2,0x90,0x2,0x0,0x0,0x0,0x0,
0x48,0x0,0x0,0x0,0x0,0x0,0x0,0x0,
0x0,0x0,0xff,0xff,0xff,0xff,0xff,0xff,
0x0,0x0,0x0,0x0,0x54,0x0,0x0,0x0,
0x54,0x0,0x0,0x0,0x54,0x0,0x0,0x0,
0x0,0x0,0x0,0x0,0x54,0x0,0x0,0x0,
0x54,0x0,0x0,0x0,0x0,0x0,0xf,0x0,
0x54,0x0,0x0,0x0,0x0,0x0,0x0,0x0,
0xbc,0x1,0x0,0x0,0xba,0x2,0x90,0x0,
0x0,0x0,0x0,0x0,0xbc,0x1,0x0,0x0,
0x0,0x0,0x0,0x0,0xbc,0x1,0x0,0x0,
0x0,0x0,0x0,0x0,0xd,0x0,0x0,0x0,
0x0,0x0,0x3,0x0,0x0,0x0,0x0,0x0,
0x6f,0x0,0x0,0x0,0xd2,0x2,0xd0,0x0,
0xd2,0x2,0x40,0x1,0x68,0x0,0x0,0x0,
0x0,0x0,0x7,0x0,0x8a,0x0,0x0,0x0,
0x0,0x0,0x0,0x0,0xcd,0x2,0xd0,0x0,
0xcd,0x2,0x90,0x1,0x64,0x0,0x0,0x0,
0x0,0x0,0x7,0x0,0x89,0x0,0x0,0x0,
0x0,0x0,0x0,0x0,0xcb,0x2,0xd0,0x0,
0xcb,0x2,0x40,0x1,0x62,0x0,0x0,0x0,
0x0,0x0,0x3,0x0,0x0,0x0,0x0,0x0,
0x63,0x0,0x0,0x0,0xca,0x2,0xd0,0x0,
0xca,0x2,0x90,0x1,0x5e,0x0,0x0,0x0,
0x0,0x0,0x7,0x0,0x88,0x0,0x0,0x0,
0x0,0x0,0x0,0x0,0xc8,0x2,0xd0,0x0,
0xc8,0x2,0x70,0x1,0x5c,0x0,0x0,0x0,
0x0,0x0,0x7,0x0,0x87,0x0,0x0,0x0,
0x0,0x0,0x0,0x0,0xc7,0x2,0xd0,0x0,
0xc7,0x2,0x0,0x2,0x5a,0x0,0x0,0x0,
0x0,0x0,0x7,0x0,0x86,0x0,0x0,0x0,
0x0,0x0,0x0,0x0,0xc6,0x2,0xd0,0x0,
0xc6,0x2,0x20,0x2,0x56,0x0,0x0,0x0,
0x0,0x0,0x7,0x0,0x85,0x0,0x0,0x0,
0x0,0x0,0x0,0x0,0xc0,0x2,0xd0,0x0,
0xc0,0x2,0x40,0x1,0x49,0x0,0x0,0x0,
0x0,0x0,0x3,0x0,0x0,0x0,0x0,0x0,
0xbb,0x0,0x0,0x0,0xbf,0x2,0xd0,0x0,
0xbf,0x2,0x30,0x1,0x1e,0x0,0x0,0x0,
0x0,0x0,0x2,0x0,0xe,0x0,0x0,0x0,
0x0,0x0,0x0,0x0,0xbe,0x2,0xd0,0x0,
0xbe,0x2,0x50,0x1,0x1d,0x0,0x0,0x0,
0x0,0x0,0x2,0x0,0xd,0x0,0x0,0x0,
0x0,0x0,0x0,0x0,0xbd,0x2,0xd0,0x0,
0xbd,0x2,0x40,0x1,0x45,0x0,0x0,0x0,
0x0,0x0,0x2,0x0,0xc,0x0,0x0,0x0,
0x0,0x0,0x0,0x0,0xbc,0x2,0xd0,0x0,
0xbc,0x2,0x0,0x1,0x44,0x0,0x0,0x0,
0x0,0x0,0x2,0x0,0xb,0x0,0x0,0x0,
0x0,0x0,0x0,0x0,0xbb,0x2,0xd0,0x0,
0xbb,0x2,0x0,0x1,0x4b,0x0,0x0,0x0,
0x0,0x0,0xa,0x0,0x86,0x0,0x0,0x0,
0x0,0x0,0x0,0x0,0xc5,0x2,0xd0,0x0,
0xc5,0x2,0x20,0x1,0x12,0x0,0x0,0x0,
0x0,0x0,0xa,0x0,0x85,0x0,0x0,0x0,
0x0,0x0,0x0,0x0,0xc1,0x2,0xd0,0x0,
0xc1,0x2,0x50,0x1,0x0,0x0,0x0,0x0,
0x0,0x0,0x0,0x0,0x0,0x0,0x0,0x0,
0x0,0x0,0xff,0xff,0xff,0xff,0xff,0xff,
0x0,0x0,0x0,0x0,0x54,0x0,0x0,0x0,
0x54,0x0,0x0,0x0,0x54,0x0,0x0,0x0,
0x0,0x0,0x0,0x0,0x54,0x0,0x0,0x0,
0x54,0x0,0x0,0x0,0x0,0x0,0x4,0x0,
0x54,0x0,0x0,0x0,0x0,0x0,0x0,0x0,
0xb4,0x0,0x0,0x0,0xc1,0x2,0xd0,0x0,
0x0,0x0,0x0,0x0,0xb4,0x0,0x0,0x0,
0x0,0x0,0x0,0x0,0xb4,0x0,0x0,0x0,
0x0,0x0,0x0,0x0,0x54,0x0,0x0,0x0,
0x0,0x0,0x2,0x0,0x4,0x0,0x0,0x0,
0x0,0x0,0x0,0x0,0xc4,0x2,0x50,0x1,
0xc4,0x2,0x30,0x2,0x3f,0x0,0x0,0x0,
0x0,0x0,0x2,0x0,0xf,0x0,0x0,0x0,
0x0,0x0,0x0,0x0,0xc3,0x2,0x50,0x1,
0xc3,0x2,0x20,0x2,0x58,0x0,0x0,0x0,
0x0,0x0,0x7,0x0,0x8c,0x0,0x0,0x0,
0x0,0x0,0x0,0x0,0xc2,0x2,0x50,0x1,
0xc2,0x2,0xd0,0x1,0x3c,0x0,0x0,0x0,
0x0,0x0,0x7,0x0,0x8b,0x0,0x0,0x0,
0x0,0x0,0x0,0x0,0xc1,0x2,0x50,0x1,
0xc1,0x2,0xc0,0x1,0x0,0x0,0x0,0x0,
0x0,0x0,0x0,0x0,0x0,0x0,0x0,0x0,
0x0,0x0,0xff,0xff,0xff,0xff,0xff,0xff,
0x0,0x0,0x0,0x0,0x54,0x0,0x0,0x0,
0x54,0x0,0x0,0x0,0x54,0x0,0x0,0x0,
0x0,0x0,0x0,0x0,0x54,0x0,0x0,0x0,
0x54,0x0,0x0,0x0,0x0,0x0,0x7,0x0,
0x54,0x0,0x0,0x0,0x0,0x0,0x0,0x0,
0xfc,0x0,0x0,0x0,0xc5,0x2,0xd0,0x0,
0x0,0x0,0x0,0x0,0xfc,0x0,0x0,0x0,
0x0,0x0,0x0,0x0,0xfc,0x0,0x0,0x0,
0x0,0x0,0x0,0x0,0x4d,0x0,0x0,0x0,
0x0,0x0,0x1,0x0,0x1,0x0,0x0,0x0,
0x0,0x0,0x0,0x0,0xd1,0x2,0x20,0x1,
0xd1,0x2,0x80,0x1,0x6d,0x0,0x0,0x0,
0x0,0x0,0x3,0x0,0x0,0x0,0x0,0x0,
0x6e,0x0,0x0,0x0,0xd0,0x2,0x20,0x1,
0xd0,0x2,0xa0,0x1,0x6b,0x0,0x0,0x0,
0x0,0x0,0x7,0x0,0x8f,0x0,0x0,0x0,
0x0,0x0,0x0,0x0,0xcf,0x2,0x20,0x1,
0xcf,0x2,0xa0,0x1,0x6a,0x0,0x0,0x0,
0x0,0x0,0x1,0x0,0x0,0x0,0x0,0x0,
0x0,0x0,0x0,0x0,0xce,0x2,0x20,0x1,
0xce,0x2,0xa0,0x1,0x66,0x0,0x0,0x0,
0x0,0x0,0x7,0x0,0x8e,0x0,0x0,0x0,
0x0,0x0,0x0,0x0,0xcc,0x2,0x20,0x1,
0xcc,0x2,0x20,0x2,0x60,0x0,0x0,0x0,
0x0,0x0,0x7,0x0,0x8d,0x0,0x0,0x0,
0x0,0x0,0x0,0x0,0xc9,0x2,0x20,0x1,
0xc9,0x2,0x50,0x2,0x4c,0x0,0x0,0x0,
0x0,0x0,0x2,0x0,0x24,0x0,0x0,0x0,
0x0,0x0,0x0,0x0,0xc5,0x2,0x20,0x1,
0xc5,0x2,0xd0,0x1,0x0,0x0,0x0,0x0,
0x17,0x0,0x0,0x0,0x0,0x0,0x0,0x0,
0x0,0x0,0xff,0xff,0xff,0xff,0xff,0xff,
0x0,0x0,0x0,0x0,0x54,0x0,0x0,0x0,
0x54,0x0,0x0,0x0,0x54,0x0,0x0,0x0,
0x0,0x0,0x0,0x0,0x54,0x0,0x0,0x0,
0x54,0x0,0x0,0x0,0x0,0x0,0x9,0x0,
0x54,0x0,0x0,0x0,0x0,0x0,0x0,0x0,
0x2c,0x1,0x0,0x0,0xd5,0x2,0x90,0x0,
0x0,0x0,0x0,0x0,0x2c,0x1,0x0,0x0,
0x0,0x0,0x0,0x0,0x2c,0x1,0x0,0x0,
0x0,0x0,0x0,0x0,0x16,0x0,0x0,0x0,
0x0,0x0,0x2,0x0,0x2,0x0,0x0,0x0,
0x0,0x0,0x0,0x0,0xe1,0x2,0xd0,0x0,
0xe1,0x2,0xf0,0x0,0x1f,0x0,0x0,0x0,
0x0,0x0,0x7,0x0,0x90,0x0,0x0,0x0,
0x0,0x0,0x0,0x0,0xe0,0x2,0xd0,0x0,
0xe0,0x2,0x70,0x1,0x73,0x0,0x0,0x0,
0x0,0x0,0x1,0x0,0x0,0x0,0x0,0x0,
0x0,0x0,0x0,0x0,0xdf,0x2,0xd0,0x0,
0xdf,0x2,0x30,0x1,0x19,0x0,0x0,0x0,
0x0,0x0,0x3,0x0,0x0,0x0,0x0,0x0,
0x72,0x0,0x0,0x0,0xde,0x2,0xd0,0x0,
0xde,0x2,0x50,0x1,0x8,0x0,0x0,0x0,
0x0,0x0,0x1,0x0,0x1,0x0,0x0,0x0,
0x0,0x0,0x0,0x0,0xd9,0x2,0xd0,0x0,
0xd9,0x2,0x60,0x1,0x21,0x0,0x0,0x0,
0x0,0x0,0x2,0x0,0x2,0x0,0x0,0x0,
0x0,0x0,0x0,0x0,0xd8,0x2,0xd0,0x0,
0xd8,0x2,0x60,0x1,0x1e,0x0,0x0,0x0,
0x0,0x0,0x2,0x0,0x11,0x0,0x0,0x0,
0x0,0x0,0x0,0x0,0xd7,0x2,0xd0,0x0,
0xd7,0x2,0x50,0x1,0x1d,0x0,0x0,0x0,
0x0,0x0,0x2,0x0,0x11,0x0,0x0,0x0,
0x0,0x0,0x0,0x0,0xd6,0x2,0xd0,0x0,
0xd6,0x2,0x40,0x1,0x12,0x0,0x0,0x0,
0x0,0x0,0xa,0x0,0x88,0x0,0x0,0x0,
0x0,0x0,0x0,0x0,0xda,0x2,0xd0,0x0,
0xda,0x2,0x50,0x1,0x0,0x0,0x0,0x0,
0x0,0x0,0x0,0x0,0x0,0x0,0x0,0x0,
0x0,0x0,0xff,0xff,0xff,0xff,0xff,0xff,
0x0,0x0,0x0,0x0,0x54,0x0,0x0,0x0,
0x54,0x0,0x0,0x0,0x54,0x0,0x0,0x0,
0x0,0x0,0x0,0x0,0x54,0x0,0x0,0x0,
0x54,0x0,0x0,0x0,0x0,0x0,0x4,0x0,
0x54,0x0,0x0,0x0,0x0,0x0,0x0,0x0,
0xb4,0x0,0x0,0x0,0xda,0x2,0xd0,0x0,
0x0,0x0,0x0,0x0,0xb4,0x0,0x0,0x0,
0x0,0x0,0x0,0x0,0xb4,0x0,0x0,0x0,
0x0,0x0,0x0,0x0,0x3e,0x0,0x0,0x0,
0x0,0x0,0x2,0x0,0x13,0x0,0x0,0x0,
0x0,0x0,0x0,0x0,0xdd,0x2,0x50,0x1,
0xdd,0x2,0x0,0x2,0x53,0x0,0x0,0x0,
0x0,0x0,0x2,0x0,0x12,0x0,0x0,0x0,
0x0,0x0,0x0,0x0,0xdc,0x2,0x50,0x1,
0xdc,0x2,0x10,0x2,0x3a,0x0,0x0,0x0,
0x0,0x0,0x7,0x0,0x92,0x0,0x0,0x0,
0x0,0x0,0x0,0x0,0xdb,0x2,0x50,0x1,
0xdb,0x2,0xa0,0x1,0x70,0x0,0x0,0x0,
0x0,0x0,0x7,0x0,0x91,0x0,0x0,0x0,
0x0,0x0,0x0,0x0,0xda,0x2,0x50,0x1,
0xda,0x2,0xb0,0x1,0x0,0x0,0x0,0x0,
0x10,0x0,0x0,0x0,0x0,0x0,0x0,0x0,
0x0,0x0,0xff,0xff,0xff,0xff,0xff,0xff,
0x0,0x0,0x0,0x0,0x54,0x0,0x0,0x0,
0x54,0x0,0x0,0x0,0x54,0x0,0x0,0x0,
0x0,0x0,0x0,0x0,0x54,0x0,0x0,0x0,
0x54,0x0,0x0,0x0,0x0,0x0,0x7,0x0,
0x54,0x0,0x0,0x0,0x0,0x0,0x0,0x0,
0xfc,0x0,0x0,0x0,0xe4,0x2,0x90,0x0,
0x0,0x0,0x0,0x0,0xfc,0x0,0x0,0x0,
0x0,0x0,0x0,0x0,0xfc,0x0,0x0,0x0,
0x0,0x0,0x0,0x0,0x16,0x0,0x0,0x0,
0x0,0x0,0x2,0x0,0x1a,0x0,0x0,0x0,
0x0,0x0,0x0,0x0,0xee,0x2,0xd0,0x0,
0xee,0x2,0x0,0x1,0xd,0x0,0x0,0x0,
0x0,0x0,0x3,0x0,0x0,0x0,0x0,0x0,
0xac,0x0,0x0,0x0,0xe9,0x2,0xd0,0x0,
0xe9,0x2,0x40,0x1,0x21,0x0,0x0,0x0,
0x0,0x0,0x2,0x0,0x17,0x0,0x0,0x0,
0x0,0x0,0x0,0x0,0xe8,0x2,0xd0,0x0,
0xe8,0x2,0x60,0x1,0x1e,0x0,0x0,0x0,
0x0,0x0,0x2,0x0,0x16,0x0,0x0,0x0,
0x0,0x0,0x0,0x0,0xe7,0x2,0xd0,0x0,
0xe7,0x2,0x50,0x1,0x1d,0x0,0x0,0x0,
0x0,0x0,0x2,0x0,0x15,0x0,0x0,0x0,
0x0,0x0,0x0,0x0,0xe6,0x2,0xd0,0x0,
0xe6,0x2,0x40,0x1,0x44,0x0,0x0,0x0,
0x0,0x0,0x2,0x0,0x14,0x0,0x0,0x0,
0x0,0x0,0x0,0x0,0xe5,0x2,0xd0,0x0,
0xe5,0x2,0x0,0x1,0x12,0x0,0x0,0x0,
0x0,0x0,0xa,0x0,0x8a,0x0,0x0,0x0,
0x0,0x0,0x0,0x0,0xea,0x2,0xd0,0x0,
0xea,0x2,0x50,0x1,0x0,0x0,0x0,0x0,
0x0,0x0,0x0,0x0,0x0,0x0,0x0,0x0,
0x0,0x0,0xff,0xff,0xff,0xff,0xff,0xff,
0x0,0x0,0x0,0x0,0x54,0x0,0x0,0x0,
0x54,0x0,0x0,0x0,0x54,0x0,0x0,0x0,
0x0,0x0,0x0,0x0,0x54,0x0,0x0,0x0,
0x54,0x0,0x0,0x0,0x0,0x0,0x4,0x0,
0x54,0x0,0x0,0x0,0x0,0x0,0x0,0x0,
0xb4,0x0,0x0,0x0,0xea,0x2,0xd0,0x0,
0x0,0x0,0x0,0x0,0xb4,0x0,0x0,0x0,
0x0,0x0,0x0,0x0,0xb4,0x0,0x0,0x0,
0x0,0x0,0x0,0x0,0x3e,0x0,0x0,0x0,
0x0,0x0,0x2,0x0,0x19,0x0,0x0,0x0,
0x0,0x0,0x0,0x0,0xed,0x2,0x50,0x1,
0xed,0x2,0x0,0x2,0x3f,0x0,0x0,0x0,
0x0,0x0,0x2,0x0,0x18,0x0,0x0,0x0,
0x0,0x0,0x0,0x0,0xec,0x2,0x50,0x1,
0xec,0x2,0x20,0x2,0x3a,0x0,0x0,0x0,
0x0,0x0,0x7,0x0,0x94,0x0,0x0,0x0,
0x0,0x0,0x0,0x0,0xeb,0x2,0x50,0x1,
0xeb,0x2,0xa0,0x1,0x3c,0x0,0x0,0x0,
0x0,0x0,0x7,0x0,0x93,0x0,0x0,0x0,
0x0,0x0,0x0,0x0,0xea,0x2,0x50,0x1,
0xea,0x2,0xc0,0x1,0x0,0x0,0x0,0x0,
0x37,0x0,0x0,0x0,0x0,0x0,0x0,0x0,
0x0,0x0,0xff,0xff,0xff,0xff,0xff,0xff,
0x0,0x0,0x0,0x0,0x54,0x0,0x0,0x0,
0x54,0x0,0x0,0x0,0x54,0x0,0x0,0x0,
0x0,0x0,0x0,0x0,0x54,0x0,0x0,0x0,
0x54,0x0,0x0,0x0,0x0,0x0,0x2,0x0,
0x54,0x0,0x0,0x0,0x0,0x0,0x0,0x0,
0x84,0x0,0x0,0x0,0xf2,0x2,0x90,0x0,
0x0,0x0,0x0,0x0,0x84,0x0,0x0,0x0,
0x0,0x0,0x0,0x0,0x84,0x0,0x0,0x0,
0x0,0x0,0x0,0x0,0x0,0x0,0x0,0x0,
0x0,0x0,0x8,0x0,0x8d,0x0,0x0,0x0,
0x0,0x0,0x0,0x0,0xf5,0x2,0xd0,0x0,
0xf5,0x2,0xd0,0x0,0x12,0x0,0x0,0x0,
0x0,0x0,0xa,0x0,0x8c,0x0,0x0,0x0,
0x0,0x0,0x0,0x0,0xf3,0x2,0xd0,0x0,
0xf3,0x2,0x50,0x1,0x0,0x0,0x0,0x0,
0x0,0x0,0x0,0x0,0x0,0x0,0x0,0x0,
0x0,0x0,0xff,0xff,0xff,0xff,0xff,0xff,
0x0,0x0,0x0,0x0,0x54,0x0,0x0,0x0,
0x54,0x0,0x0,0x0,0x54,0x0,0x0,0x0,
0x0,0x0,0x0,0x0,0x54,0x0,0x0,0x0,
0x54,0x0,0x0,0x0,0x0,0x0,0x1,0x0,
0x54,0x0,0x0,0x0,0x0,0x0,0x0,0x0,
0x6c,0x0,0x0,0x0,0xf3,0x2,0xd0,0x0,
0x0,0x0,0x0,0x0,0x6c,0x0,0x0,0x0,
0x0,0x0,0x0,0x0,0x6c,0x0,0x0,0x0,
0x0,0x0,0x0,0x0,0x1b,0x0,0x0,0x0,
0x0,0x0,0x7,0x0,0x95,0x0,0x0,0x0,
0x0,0x0,0x0,0x0,0xf3,0x2,0x50,0x1,
0xf3,0x2,0xf0,0x1,0x0,0x0,0x0,0x0,
0xbc,0x0,0x0,0x0,0x0,0x0,0x0,0x0,
0x0,0x0,0xff,0xff,0xff,0xff,0xff,0xff,
0x0,0x0,0x0,0x0,0x54,0x0,0x0,0x0,
0x54,0x0,0x0,0x0,0x54,0x0,0x0,0x0,
0x0,0x0,0x0,0x0,0x54,0x0,0x0,0x0,
0x54,0x0,0x0,0x0,0x0,0x0,0x3,0x0,
0x54,0x0,0x0,0x0,0x0,0x0,0x0,0x0,
0x9c,0x0,0x0,0x0,0xf5,0x2,0xd0,0x0,
0x0,0x0,0x0,0x0,0x9c,0x0,0x0,0x0,
0x0,0x0,0x0,0x0,0x9c,0x0,0x0,0x0,
0x0,0x0,0x0,0x0,0x47,0x0,0x0,0x0,
0x0,0x0,0x2,0x0,0x5,0x0,0x0,0x0,
0x0,0x0,0x0,0x0,0xf7,0x2,0x10,0x1,
0xf7,0x2,0xa0,0x1,0x0,0x0,0x0,0x0,
0x0,0x0,0x8,0x0,0x8f,0x0,0x0,0x0,
0x0,0x0,0x0,0x0,0xf9,0x2,0x10,0x1,
0xf9,0x2,0x10,0x1,0x12,0x0,0x0,0x0,
0x0,0x0,0xa,0x0,0x8e,0x0,0x0,0x0,
0x0,0x0,0x0,0x0,0xf6,0x2,0x10,0x1,
0xf6,0x2,0x90,0x1,0x0,0x0,0x0,0x0,
0x0,0x0,0x0,0x0,0x0,0x0,0x0,0x0,
0x0,0x0,0xff,0xff,0xff,0xff,0xff,0xff,
0x0,0x0,0x0,0x0,0x54,0x0,0x0,0x0,
0x54,0x0,0x0,0x0,0x54,0x0,0x0,0x0,
0x0,0x0,0x0,0x0,0x54,0x0,0x0,0x0,
0x54,0x0,0x0,0x0,0x0,0x0,0x1,0x0,
0x54,0x0,0x0,0x0,0x0,0x0,0x0,0x0,
0x6c,0x0,0x0,0x0,0xf6,0x2,0x10,0x1,
0x0,0x0,0x0,0x0,0x6c,0x0,0x0,0x0,
0x0,0x0,0x0,0x0,0x6c,0x0,0x0,0x0,
0x0,0x0,0x0,0x0,0x1b,0x0,0x0,0x0,
0x0,0x0,0x7,0x0,0x96,0x0,0x0,0x0,
0x0,0x0,0x0,0x0,0xf6,0x2,0x90,0x1,
0xf6,0x2,0x30,0x2,0x0,0x0,0x0,0x0,
0x10,0x0,0x0,0x0,0xbd,0x0,0x0,0x0,
0x0,0x0,0xff,0xff,0xff,0xff,0xff,0xff,
0x0,0x0,0x1,0x0,0x54,0x0,0x0,0x0,
0x54,0x0,0x0,0x0,0x60,0x0,0x0,0x0,
0x0,0x0,0x0,0x0,0x60,0x0,0x0,0x0,
0x60,0x0,0x0,0x0,0x0,0x0,0x6,0x0,
0x60,0x0,0x0,0x0,0x0,0x0,0x0,0x0,
0xf0,0x0,0x0,0x0,0xf9,0x2,0x10,0x1,
0xfa,0x2,0x50,0x1,0xf0,0x0,0x0,0x0,
0x0,0x0,0x0,0x0,0xf0,0x0,0x0,0x0,
0x0,0x0,0x0,0x0,0xbf,0x0,0x0,0x0,
0x2,0x0,0x0,0x20,0x0,0x3,0x50,0x1,
0xbf,0x0,0x0,0x0,0x0,0x0,0x1,0x0,
0x1,0x0,0x0,0x0,0x0,0x0,0x0,0x0,
0x0,0x3,0x30,0x2,0x0,0x3,0x0,0x3,
0xd,0x0,0x0,0x0,0x0,0x0,0x3,0x0,
0x0,0x0,0x0,0x0,0xbe,0x0,0x0,0x0,
0xfe,0x2,0x50,0x1,0xfe,0x2,0xc0,0x1,
0x7d,0x0,0x0,0x0,0x0,0x0,0x2,0x0,
0x22,0x0,0x0,0x0,0x0,0x0,0x0,0x0,
0xfd,0x2,0x50,0x1,0xfd,0x2,0xd0,0x1,
0x1e,0x0,0x0,0x0,0x0,0x0,0x2,0x0,
0xe,0x0,0x0,0x0,0x0,0x0,0x0,0x0,
0xfc,0x2,0x50,0x1,0xfc,0x2,0xd0,0x1,
0x1d,0x0,0x0,0x0,0x0,0x0,0x2,0x0,
0x2a,0x0,0x0,0x0,0x0,0x0,0x0,0x0,
0xfb,0x2,0x50,0x1,0xfb,0x2,0xc0,0x1,
0x0,0x0,0x0,0x0,0x0,0x0,0x8,0x0,
0x90,0x0,0x0,0x0,0x0,0x0,0x0,0x0,
0x2,0x3,0x50,0x1,0x2,0x3,0x50,0x1,
0xc0,0x0,0x0,0x0,0x0,0x0,0x0,0x0,
0x0,0x0,0xff,0xff,0xff,0xff,0xff,0xff,
0x0,0x0,0x0,0x0,0x54,0x0,0x0,0x0,
0x54,0x0,0x0,0x0,0x54,0x0,0x0,0x0,
0x0,0x0,0x0,0x0,0x54,0x0,0x0,0x0,
0x54,0x0,0x0,0x0,0x0,0x0,0x4,0x0,
0x54,0x0,0x0,0x0,0x0,0x0,0x0,0x0,
0xb4,0x0,0x0,0x0,0x2,0x3,0x50,0x1,
0x0,0x0,0x0,0x0,0xb4,0x0,0x0,0x0,
0x0,0x0,0x0,0x0,0xb4,0x0,0x0,0x0,
0x0,0x0,0x0,0x0,0x47,0x0,0x0,0x0,
0x0,0x0,0x2,0x0,0x4,0x0,0x0,0x0,
0x0,0x0,0x0,0x0,0x4,0x3,0x90,0x1,
0x4,0x3,0x20,0x2,0x0,0x0,0x0,0x0,
0x0,0x0,0x8,0x0,0x92,0x0,0x0,0x0,
0x0,0x0,0x0,0x0,0x6,0x3,0x90,0x1,
0x6,0x3,0x90,0x1,0x0,0x0,0x0,0x0,
0x0,0x0,0x8,0x0,0x99,0x0,0x0,0x0,
0x0,0x0,0x0,0x0,0x1e,0x3,0x90,0x1,
0x1e,0x3,0x90,0x1,0x12,0x0,0x0,0x0,
0x0,0x0,0xa,0x0,0x91,0x0,0x0,0x0,
0x0,0x0,0x0,0x0,0x3,0x3,0x90,0x1,
0x3,0x3,0x10,0x2,0x0,0x0,0x0,0x0,
0x0,0x0,0x0,0x0,0x0,0x0,0x0,0x0,
0x0,0x0,0xff,0xff,0xff,0xff,0xff,0xff,
0x0,0x0,0x0,0x0,0x54,0x0,0x0,0x0,
0x54,0x0,0x0,0x0,0x54,0x0,0x0,0x0,
0x0,0x0,0x0,0x0,0x54,0x0,0x0,0x0,
0x54,0x0,0x0,0x0,0x0,0x0,0x1,0x0,
0x54,0x0,0x0,0x0,0x0,0x0,0x0,0x0,
0x6c,0x0,0x0,0x0,0x3,0x3,0x90,0x1,
0x0,0x0,0x0,0x0,0x6c,0x0,0x0,0x0,
0x0,0x0,0x0,0x0,0x6c,0x0,0x0,0x0,
0x0,0x0,0x0,0x0,0x13,0x0,0x0,0x0,
0x0,0x0,0x7,0x0,0x97,0x0,0x0,0x0,
0x0,0x0,0x0,0x0,0x3,0x3,0x10,0x2,
0x3,0x3,0x70,0x2,0x0,0x0,0x0,0x0,
0x10,0x0,0x0,0x0,0x0,0x0,0x0,0x0,
0x0,0x0,0xff,0xff,0xff,0xff,0xff,0xff,
0x0,0x0,0x0,0x0,0x54,0x0,0x0,0x0,
0x54,0x0,0x0,0x0,0x54,0x0,0x0,0x0,
0x0,0x0,0x0,0x0,0x54,0x0,0x0,0x0,
0x54,0x0,0x0,0x0,0x0,0x0,0x5,0x0,
0x54,0x0,0x0,0x0,0x0,0x0,0x0,0x0,
0xcc,0x0,0x0,0x0,0x6,0x3,0x90,0x1,
0x0,0x0,0x0,0x0,0xcc,0x0,0x0,0x0,
0x0,0x0,0x0,0x0,0xcc,0x0,0x0,0x0,
0x0,0x0,0x0,0x0,0xd,0x0,0x0,0x0,
0x0,0x0,0x7,0x0,0x99,0x0,0x0,0x0,
0x0,0x0,0x0,0x0,0xa,0x3,0xd0,0x1,
0xa,0x3,0x40,0x2,0x7d,0x0,0x0,0x0,
0x0,0x0,0x7,0x0,0x98,0x0,0x0,0x0,
0x0,0x0,0x0,0x0,0x9,0x3,0xd0,0x1,
0x9,0x3,0x50,0x2,0x0,0x0,0x0,0x0,
0x0,0x0,0x8,0x0,0x94,0x0,0x0,0x0,
0x0,0x0,0x0,0x0,0xc,0x3,0xd0,0x1,
0xc,0x3,0xd0,0x1,0x0,0x0,0x0,0x0,
0x0,0x0,0x8,0x0,0x97,0x0,0x0,0x0,
0x0,0x0,0x0,0x0,0x14,0x3,0xd0,0x1,
0x14,0x3,0xd0,0x1,0xc1,0x0,0x0,0x0,
0x0,0x0,0x9,0x0,0x93,0x0,0x0,0x0,
0x0,0x0,0x0,0x0,0x7,0x3,0xd0,0x1,
0x7,0x3,0x40,0x2,0x0,0x0,0x0,0x0,
0x0,0x0,0x0,0x0,0x0,0x0,0x0,0x0,
0x0,0x0,0xff,0xff,0xff,0xff,0xff,0xff,
0x0,0x0,0x0,0x0,0x54,0x0,0x0,0x0,
0x54,0x0,0x0,0x0,0x54,0x0,0x0,0x0,
0x0,0x0,0x0,0x0,0x54,0x0,0x0,0x0,
0x54,0x0,0x0,0x0,0x0,0x0,0x2,0x0,
0x54,0x0,0x0,0x0,0x0,0x0,0x0,0x0,
0x84,0x0,0x0,0x0,0x7,0x3,0xd0,0x1,
0x0,0x0,0x0,0x0,0x84,0x0,0x0,0x0,
0x0,0x0,0x0,0x0,0x84,0x0,0x0,0x0,
0x0,0x0,0x0,0x0,0xc3,0x0,0x0,0x0,
0x0,0x0,0x1,0x0,0x1,0x0,0x0,0x0,
0x0,0x0,0x0,0x0,0x8,0x3,0x40,0x2,
0x8,0x3,0x0,0x3,0xc2,0x0,0x0,0x0,
0x0,0x0,0x1,0x0,0x1,0x0,0x0,0x0,
0x0,0x0,0x0,0x0,0x7,0x3,0x40,0x2,
0x7,0x3,0xf0,0x2,0x0,0x0,0x0,0x0,
0x48,0x0,0x0,0x0,0x0,0x0,0x0,0x0,
0x0,0x0,0xff,0xff,0xff,0xff,0xff,0xff,
0x0,0x0,0x0,0x0,0x54,0x0,0x0,0x0,
0x54,0x0,0x0,0x0,0x54,0x0,0x0,0x0,
0x0,0x0,0x0,0x0,0x54,0x0,0x0,0x0,
0x54,0x0,0x0,0x0,0x0,0x0,0x4,0x0,
0x54,0x0,0x0,0x0,0x0,0x0,0x0,0x0,
0xb4,0x0,0x0,0x0,0xc,0x3,0xd0,0x1,
0x0,0x0,0x0,0x0,0xb4,0x0,0x0,0x0,
0x0,0x0,0x0,0x0,0xb4,0x0,0x0,0x0,
0x0,0x0,0x0,0x0,0xd,0x0,0x0,0x0,
0x0,0x0,0x7,0x0,0x9a,0x0,0x0,0x0,
0x0,0x0,0x0,0x0,0x10,0x3,0x10,0x2,
0x10,0x3,0x80,0x2,0x49,0x0,0x0,0x0,
0x0,0x0,0x3,0x0,0x0,0x0,0x0,0x0,
0xc5,0x0,0x0,0x0,0xd,0x3,0x10,0x2,
0xd,0x3,0x70,0x2,0x12,0x0,0x0,0x0,
0x0,0x0,0xa,0x0,0x96,0x0,0x0,0x0,
0x0,0x0,0x0,0x0,0x11,0x3,0x10,0x2,
0x11,0x3,0x90,0x2,0x4b,0x0,0x0,0x0,
0x0,0x0,0xa,0x0,0x95,0x0,0x0,0x0,
0x0,0x0,0x0,0x0,0xe,0x3,0x10,0x2,
0xe,0x3,0x60,0x2,0x0,0x0,0x0,0x0,
0x0,0x0,0x0,0x0,0x0,0x0,0x0,0x0,
0x0,0x0,0xff,0xff,0xff,0xff,0xff,0xff,
0x0,0x0,0x0,0x0,0x54,0x0,0x0,0x0,
0x54,0x0,0x0,0x0,0x54,0x0,0x0,0x0,
0x0,0x0,0x0,0x0,0x54,0x0,0x0,0x0,
0x54,0x0,0x0,0x0,0x0,0x0,0x2,0x0,
0x54,0x0,0x0,0x0,0x0,0x0,0x0,0x0,
0x84,0x0,0x0,0x0,0xe,0x3,0x10,0x2,
0x0,0x0,0x0,0x0,0x84,0x0,0x0,0x0,
0x0,0x0,0x0,0x0,0x84,0x0,0x0,0x0,
0x0,0x0,0x0,0x0,0x4d,0x0,0x0,0x0,
0x0,0x0,0x1,0x0,0x1,0x0,0x0,0x0,
0x0,0x0,0x0,0x0,0xf,0x3,0x60,0x2,
0xf,0x3,0xc0,0x2,0x4c,0x0,0x0,0x0,
0x0,0x0,0x2,0x0,0x29,0x0,0x0,0x0,
0x0,0x0,0x0,0x0,0xe,0x3,0x60,0x2,
0xe,0x3,0x10,0x3,0x0,0x0,0x0,0x0,
0x0,0x0,0x0,0x0,0x0,0x0,0x0,0x0,
0x0,0x0,0xff,0xff,0xff,0xff,0xff,0xff,
0x0,0x0,0x0,0x0,0x54,0x0,0x0,0x0,
0x54,0x0,0x0,0x0,0x54,0x0,0x0,0x0,
0x0,0x0,0x0,0x0,0x54,0x0,0x0,0x0,
0x54,0x0,0x0,0x0,0x0,0x0,0x1,0x0,
0x54,0x0,0x0,0x0,0x0,0x0,0x0,0x0,
0x6c,0x0,0x0,0x0,0x11,0x3,0x10,0x2,
0x0,0x0,0x0,0x0,0x6c,0x0,0x0,0x0,
0x0,0x0,0x0,0x0,0x6c,0x0,0x0,0x0,
0x0,0x0,0x0,0x0,0x1b,0x0,0x0,0x0,
0x0,0x0,0x7,0x0,0x9b,0x0,0x0,0x0,
0x0,0x0,0x0,0x0,0x11,0x3,0x90,0x2,
0x11,0x3,0x30,0x3,0x0,0x0,0x0,0x0,
0xc6,0x0,0x0,0x0,0x0,0x0,0x0,0x0,
0x0,0x0,0xff,0xff,0xff,0xff,0xff,0xff,
0x0,0x0,0x0,0x0,0x54,0x0,0x0,0x0,
0x54,0x0,0x0,0x0,0x54,0x0,0x0,0x0,
0x0,0x0,0x0,0x0,0x54,0x0,0x0,0x0,
0x54,0x0,0x0,0x0,0x0,0x0,0x2,0x0,
0x54,0x0,0x0,0x0,0x0,0x0,0x0,0x0,
0x84,0x0,0x0,0x0,0x14,0x3,0xd0,0x1,
0x0,0x0,0x0,0x0,0x84,0x0,0x0,0x0,
0x0,0x0,0x0,0x0,0x84,0x0,0x0,0x0,
0x0,0x0,0x0,0x0,0x80,0x0,0x0,0x0,
0x0,0x0,0x7,0x0,0x9c,0x0,0x0,0x0,
0x0,0x0,0x0,0x0,0x16,0x3,0x10,0x2,
0x16,0x3,0xc0,0x2,0x12,0x0,0x0,0x0,
0x0,0x0,0xa,0x0,0x98,0x0,0x0,0x0,
0x0,0x0,0x0,0x0,0x15,0x3,0x10,0x2,
0x15,0x3,0x90,0x2,0x0,0x0,0x0,0x0,
0x0,0x0,0x0,0x0,0x0,0x0,0x0,0x0,
0x0,0x0,0xff,0xff,0xff,0xff,0xff,0xff,
0x0,0x0,0x0,0x0,0x54,0x0,0x0,0x0,
0x54,0x0,0x0,0x0,0x54,0x0,0x0,0x0,
0x0,0x0,0x0,0x0,0x54,0x0,0x0,0x0,
0x54,0x0,0x0,0x0,0x0,0x0,0x1,0x0,
0x54,0x0,0x0,0x0,0x0,0x0,0x0,0x0,
0x6c,0x0,0x0,0x0,0x15,0x3,0x10,0x2,
0x0,0x0,0x0,0x0,0x6c,0x0,0x0,0x0,
0x0,0x0,0x0,0x0,0x6c,0x0,0x0,0x0,
0x0,0x0,0x0,0x0,0x13,0x0,0x0,0x0,
0x0,0x0,0x7,0x0,0x9d,0x0,0x0,0x0,
0x0,0x0,0x0,0x0,0x15,0x3,0x90,0x2,
0x15,0x3,0xf0,0x2,0x0,0x0,0x0,0x0,
0x10,0x0,0x0,0x0,0x0,0x0,0x0,0x0,
0x0,0x0,0xff,0xff,0xff,0xff,0xff,0xff,
0x0,0x0,0x0,0x0,0x54,0x0,0x0,0x0,
0x54,0x0,0x0,0x0,0x54,0x0,0x0,0x0,
0x0,0x0,0x0,0x0,0x54,0x0,0x0,0x0,
0x54,0x0,0x0,0x0,0x0,0x0,0x5,0x0,
0x54,0x0,0x0,0x0,0x0,0x0,0x0,0x0,
0xcc,0x0,0x0,0x0,0x1e,0x3,0x90,0x1,
0x0,0x0,0x0,0x0,0xcc,0x0,0x0,0x0,
0x0,0x0,0x0,0x0,0xcc,0x0,0x0,0x0,
0x0,0x0,0x0,0x0,0xd,0x0,0x0,0x0,
0x0,0x0,0x7,0x0,0x9f,0x0,0x0,0x0,
0x0,0x0,0x0,0x0,0x22,0x3,0xd0,0x1,
0x22,0x3,0x40,0x2,0x7d,0x0,0x0,0x0,
0x0,0x0,0x7,0x0,0x9e,0x0,0x0,0x0,
0x0,0x0,0x0,0x0,0x21,0x3,0xd0,0x1,
0x21,0x3,0x50,0x2,0x0,0x0,0x0,0x0,
0x0,0x0,0x8,0x0,0x9b,0x0,0x0,0x0,
0x0,0x0,0x0,0x0,0x24,0x3,0xd0,0x1,
0x24,0x3,0xd0,0x1,0x0,0x0,0x0,0x0,
0x0,0x0,0x8,0x0,0x9e,0x0,0x0,0x0,
0x0,0x0,0x0,0x0,0x2c,0x3,0xd0,0x1,
0x2c,0x3,0xd0,0x1,0xc1,0x0,0x0,0x0,
0x0,0x0,0x9,0x0,0x9a,0x0,0x0,0x0,
0x0,0x0,0x0,0x0,0x1f,0x3,0xd0,0x1,
0x1f,0x3,0x40,0x2,0x0,0x0,0x0,0x0,
0x0,0x0,0x0,0x0,0x0,0x0,0x0,0x0,
0x0,0x0,0xff,0xff,0xff,0xff,0xff,0xff,
0x0,0x0,0x0,0x0,0x54,0x0,0x0,0x0,
0x54,0x0,0x0,0x0,0x54,0x0,0x0,0x0,
0x0,0x0,0x0,0x0,0x54,0x0,0x0,0x0,
0x54,0x0,0x0,0x0,0x0,0x0,0x2,0x0,
0x54,0x0,0x0,0x0,0x0,0x0,0x0,0x0,
0x84,0x0,0x0,0x0,0x1f,0x3,0xd0,0x1,
0x0,0x0,0x0,0x0,0x84,0x0,0x0,0x0,
0x0,0x0,0x0,0x0,0x84,0x0,0x0,0x0,
0x0,0x0,0x0,0x0,0xc3,0x0,0x0,0x0,
0x0,0x0,0x1,0x0,0x1,0x0,0x0,0x0,
0x0,0x0,0x0,0x0,0x20,0x3,0x40,0x2,
0x20,0x3,0x0,0x3,0xc2,0x0,0x0,0x0,
0x0,0x0,0x1,0x0,0x1,0x0,0x0,0x0,
0x0,0x0,0x0,0x0,0x1f,0x3,0x40,0x2,
0x1f,0x3,0xf0,0x2,0x0,0x0,0x0,0x0,
0x48,0x0,0x0,0x0,0x0,0x0,0x0,0x0,
0x0,0x0,0xff,0xff,0xff,0xff,0xff,0xff,
0x0,0x0,0x0,0x0,0x54,0x0,0x0,0x0,
0x54,0x0,0x0,0x0,0x54,0x0,0x0,0x0,
0x0,0x0,0x0,0x0,0x54,0x0,0x0,0x0,
0x54,0x0,0x0,0x0,0x0,0x0,0x4,0x0,
0x54,0x0,0x0,0x0,0x0,0x0,0x0,0x0,
0xb4,0x0,0x0,0x0,0x24,0x3,0xd0,0x1,
0x0,0x0,0x0,0x0,0xb4,0x0,0x0,0x0,
0x0,0x0,0x0,0x0,0xb4,0x0,0x0,0x0,
0x0,0x0,0x0,0x0,0xd,0x0,0x0,0x0,
0x0,0x0,0x7,0x0,0xa0,0x0,0x0,0x0,
0x0,0x0,0x0,0x0,0x28,0x3,0x10,0x2,
0x28,0x3,0x80,0x2,0x49,0x0,0x0,0x0,
0x0,0x0,0x3,0x0,0x0,0x0,0x0,0x0,
0xc7,0x0,0x0,0x0,0x25,0x3,0x10,0x2,
0x25,0x3,0x70,0x2,0x12,0x0,0x0,0x0,
0x0,0x0,0xa,0x0,0x9d,0x0,0x0,0x0,
0x0,0x0,0x0,0x0,0x29,0x3,0x10,0x2,
0x29,0x3,0x90,0x2,0x4b,0x0,0x0,0x0,
0x0,0x0,0xa,0x0,0x9c,0x0,0x0,0x0,
0x0,0x0,0x0,0x0,0x26,0x3,0x10,0x2,
0x26,0x3,0x60,0x2,0x0,0x0,0x0,0x0,
0x0,0x0,0x0,0x0,0x0,0x0,0x0,0x0,
0x0,0x0,0xff,0xff,0xff,0xff,0xff,0xff,
0x0,0x0,0x0,0x0,0x54,0x0,0x0,0x0,
0x54,0x0,0x0,0x0,0x54,0x0,0x0,0x0,
0x0,0x0,0x0,0x0,0x54,0x0,0x0,0x0,
0x54,0x0,0x0,0x0,0x0,0x0,0x2,0x0,
0x54,0x0,0x0,0x0,0x0,0x0,0x0,0x0,
0x84,0x0,0x0,0x0,0x26,0x3,0x10,0x2,
0x0,0x0,0x0,0x0,0x84,0x0,0x0,0x0,
0x0,0x0,0x0,0x0,0x84,0x0,0x0,0x0,
0x0,0x0,0x0,0x0,0x4d,0x0,0x0,0x0,
0x0,0x0,0x1,0x0,0x1,0x0,0x0,0x0,
0x0,0x0,0x0,0x0,0x27,0x3,0x60,0x2,
0x27,0x3,0xc0,0x2,0x4c,0x0,0x0,0x0,
0x0,0x0,0x2,0x0,0x29,0x0,0x0,0x0,
0x0,0x0,0x0,0x0,0x26,0x3,0x60,0x2,
0x26,0x3,0x10,0x3,0x0,0x0,0x0,0x0,
0x0,0x0,0x0,0x0,0x0,0x0,0x0,0x0,
0x0,0x0,0xff,0xff,0xff,0xff,0xff,0xff,
0x0,0x0,0x0,0x0,0x54,0x0,0x0,0x0,
0x54,0x0,0x0,0x0,0x54,0x0,0x0,0x0,
0x0,0x0,0x0,0x0,0x54,0x0,0x0,0x0,
0x54,0x0,0x0,0x0,0x0,0x0,0x1,0x0,
0x54,0x0,0x0,0x0,0x0,0x0,0x0,0x0,
0x6c,0x0,0x0,0x0,0x29,0x3,0x10,0x2,
0x0,0x0,0x0,0x0,0x6c,0x0,0x0,0x0,
0x0,0x0,0x0,0x0,0x6c,0x0,0x0,0x0,
0x0,0x0,0x0,0x0,0x1b,0x0,0x0,0x0,
0x0,0x0,0x7,0x0,0xa1,0x0,0x0,0x0,
0x0,0x0,0x0,0x0,0x29,0x3,0x90,0x2,
0x29,0x3,0x30,0x3,0x0,0x0,0x0,0x0,
0xc6,0x0,0x0,0x0,0x0,0x0,0x0,0x0,
0x0,0x0,0xff,0xff,0xff,0xff,0xff,0xff,
0x0,0x0,0x0,0x0,0x54,0x0,0x0,0x0,
0x54,0x0,0x0,0x0,0x54,0x0,0x0,0x0,
0x0,0x0,0x0,0x0,0x54,0x0,0x0,0x0,
0x54,0x0,0x0,0x0,0x0,0x0,0x2,0x0,
0x54,0x0,0x0,0x0,0x0,0x0,0x0,0x0,
0x84,0x0,0x0,0x0,0x2c,0x3,0xd0,0x1,
0x0,0x0,0x0,0x0,0x84,0x0,0x0,0x0,
0x0,0x0,0x0,0x0,0x84,0x0,0x0,0x0,
0x0,0x0,0x0,0x0,0x80,0x0,0x0,0x0,
0x0,0x0,0x7,0x0,0xa2,0x0,0x0,0x0,
0x0,0x0,0x0,0x0,0x2e,0x3,0x10,0x2,
0x2e,0x3,0xc0,0x2,0x12,0x0,0x0,0x0,
0x0,0x0,0xa,0x0,0x9f,0x0,0x0,0x0,
0x0,0x0,0x0,0x0,0x2d,0x3,0x10,0x2,
0x2d,0x3,0x90,0x2,0x0,0x0,0x0,0x0,
0x0,0x0,0x0,0x0,0x0,0x0,0x0,0x0,
0x0,0x0,0xff,0xff,0xff,0xff,0xff,0xff,
0x0,0x0,0x0,0x0,0x54,0x0,0x0,0x0,
0x54,0x0,0x0,0x0,0x54,0x0,0x0,0x0,
0x0,0x0,0x0,0x0,0x54,0x0,0x0,0x0,
0x54,0x0,0x0,0x0,0x0,0x0,0x1,0x0,
0x54,0x0,0x0,0x0,0x0,0x0,0x0,0x0,
0x6c,0x0,0x0,0x0,0x2d,0x3,0x10,0x2,
0x0,0x0,0x0,0x0,0x6c,0x0,0x0,0x0,
0x0,0x0,0x0,0x0,0x6c,0x0,0x0,0x0,
0x0,0x0,0x0,0x0,0x13,0x0,0x0,0x0,
0x0,0x0,0x7,0x0,0xa3,0x0,0x0,0x0,
0x0,0x0,0x0,0x0,0x2d,0x3,0x90,0x2,
0x2d,0x3,0xf0,0x2,0x0,0x0,0x0,0x0,
0x75,0x0,0x0,0x0,0x0,0x0,0x0,0x0,
0x0,0x0,0xff,0xff,0xff,0xff,0xff,0xff,
0x0,0x0,0x0,0x0,0x54,0x0,0x0,0x0,
0x54,0x0,0x0,0x0,0x54,0x0,0x0,0x0,
0x0,0x0,0x0,0x0,0x54,0x0,0x0,0x0,
0x54,0x0,0x0,0x0,0x0,0x0,0x9,0x0,
0x54,0x0,0x0,0x0,0x0,0x0,0x0,0x0,
0x2c,0x1,0x0,0x0,0x3b,0x3,0x90,0x0,
0x0,0x0,0x0,0x0,0x2c,0x1,0x0,0x0,
0x0,0x0,0x0,0x0,0x2c,0x1,0x0,0x0,
0x0,0x0,0x0,0x0,0x80,0x0,0x0,0x0,
0x0,0x0,0x7,0x0,0xa5,0x0,0x0,0x0,
0x0,0x0,0x0,0x0,0x57,0x3,0xd0,0x0,
0x57,0x3,0x80,0x1,0x7f,0x0,0x0,0x0,
0x0,0x0,0x8,0x0,0xa4,0x0,0x0,0x0,
0x0,0x0,0x0,0x0,0x4d,0x3,0xd0,0x0,
0x4d,0x3,0xa0,0x1,0x50,0x0,0x0,0x0,
0x0,0x0,0x8,0x0,0xa3,0x0,0x0,0x0,
0x0,0x0,0x0,0x0,0x48,0x3,0xd0,0x0,
0x48,0x3,0x90,0x1,0xb8,0x0,0x0,0x0,
0x0,0x0,0x7,0x0,0xa4,0x0,0x0,0x0,
0x0,0x0,0x0,0x0,0x46,0x3,0xd0,0x0,
0x46,0x3,0x60,0x1,0x1e,0x0,0x0,0x0,
0x0,0x0,0x2,0x0,0x24,0x0,0x0,0x0,
0x0,0x0,0x0,0x0,0x3e,0x3,0xd0,0x0,
0x3e,0x3,0x50,0x1,0x1d,0x0,0x0,0x0,
0x0,0x0,0x2,0x0,0x2b,0x0,0x0,0x0,
0x0,0x0,0x0,0x0,0x3d,0x3,0xd0,0x0,
0x3d,0x3,0x40,0x1,0x49,0x0,0x0,0x0,
0x0,0x0,0x3,0x0,0x0,0x0,0x0,0x0,
0xc8,0x0,0x0,0x0,0x3c,0x3,0xd0,0x0,
0x3c,0x3,0x30,0x1,0x4b,0x0,0x0,0x0,
0x0,0x0,0xa,0x0,0xa2,0x0,0x0,0x0,
0x0,0x0,0x0,0x0,0x43,0x3,0xd0,0x0,
0x43,0x3,0x20,0x1,0x12,0x0,0x0,0x0,
0x0,0x0,0xa,0x0,0xa1,0x0,0x0,0x0,
0x0,0x0,0x0,0x0,0x3f,0x3,0xd0,0x0,
0x3f,0x3,0x50,0x1,0x0,0x0,0x0,0x0,
0x0,0x0,0x0,0x0,0x0,0x0,0x0,0x0,
0x0,0x0,0xff,0xff,0xff,0xff,0xff,0xff,
0x0,0x0,0x0,0x0,0x54,0x0,0x0,0x0,
0x54,0x0,0x0,0x0,0x54,0x0,0x0,0x0,
0x0,0x0,0x0,0x0,0x54,0x0,0x0,0x0,
0x54,0x0,0x0,0x0,0x0,0x0,0x4,0x0,
0x54,0x0,0x0,0x0,0x0,0x0,0x0,0x0,
0xb4,0x0,0x0,0x0,0x3f,0x3,0xd0,0x0,
0x0,0x0,0x0,0x0,0xb4,0x0,0x0,0x0,
0x0,0x0,0x0,0x0,0xb4,0x0,0x0,0x0,
0x0,0x0,0x0,0x0,0x54,0x0,0x0,0x0,
0x0,0x0,0x2,0x0,0x5,0x0,0x0,0x0,
0x0,0x0,0x0,0x0,0x42,0x3,0x50,0x1,
0x42,0x3,0x30,0x2,0x53,0x0,0x0,0x0,
0x0,0x0,0x2,0x0,0x5,0x0,0x0,0x0,
0x0,0x0,0x0,0x0,0x41,0x3,0x50,0x1,
0x41,0x3,0x10,0x2,0x58,0x0,0x0,0x0,
0x0,0x0,0x7,0x0,0xa7,0x0,0x0,0x0,
0x0,0x0,0x0,0x0,0x40,0x3,0x50,0x1,
0x40,0x3,0xd0,0x1,0x70,0x0,0x0,0x0,
0x0,0x0,0x7,0x0,0xa6,0x0,0x0,0x0,
0x0,0x0,0x0,0x0,0x3f,0x3,0x50,0x1,
0x3f,0x3,0xb0,0x1,0x0,0x0,0x0,0x0,
0x0,0x0,0x0,0x0,0x0,0x0,0x0,0x0,
0x0,0x0,0xff,0xff,0xff,0xff,0xff,0xff,
0x0,0x0,0x0,0x0,0x54,0x0,0x0,0x0,
0x54,0x0,0x0,0x0,0x54,0x0,0x0,0x0,
0x0,0x0,0x0,0x0,0x54,0x0,0x0,0x0,
0x54,0x0,0x0,0x0,0x0,0x0,0x3,0x0,
0x54,0x0,0x0,0x0,0x0,0x0,0x0,0x0,
0x9c,0x0,0x0,0x0,0x43,0x3,0xd0,0x0,
0x0,0x0,0x0,0x0,0x9c,0x0,0x0,0x0,
0x0,0x0,0x0,0x0,0x9c,0x0,0x0,0x0,
0x0,0x0,0x0,0x0,0x6d,0x0,0x0,0x0,
0x0,0x0,0x3,0x0,0x0,0x0,0x0,0x0,
0x6e,0x0,0x0,0x0,0x45,0x3,0x20,0x1,
0x45,0x3,0xa0,0x1,0xb7,0x0,0x0,0x0,
0x0,0x0,0x2,0x0,0x1e,0x0,0x0,0x0,
0x0,0x0,0x0,0x0,0x44,0x3,0x20,0x1,
0x44,0x3,0xd0,0x1,0x4d,0x0,0x0,0x0,
0x0,0x0,0x1,0x0,0x0,0x0,0x0,0x0,
0x0,0x0,0x0,0x0,0x43,0x3,0x20,0x1,
0x43,0x3,0x80,0x1,0x0,0x0,0x0,0x0,
0x10,0x0,0x0,0x0,0x0,0x0,0x0,0x0,
0x0,0x0,0xff,0xff,0xff,0xff,0xff,0xff,
0x0,0x0,0x0,0x0,0x54,0x0,0x0,0x0,
0x54,0x0,0x0,0x0,0x54,0x0,0x0,0x0,
0x0,0x0,0x0,0x0,0x54,0x0,0x0,0x0,
0x54,0x0,0x0,0x0,0x0,0x0,0x2,0x0,
0x54,0x0,0x0,0x0,0x0,0x0,0x0,0x0,
0x84,0x0,0x0,0x0,0x48,0x3,0x90,0x1,
0x0,0x0,0x0,0x0,0x84,0x0,0x0,0x0,
0x0,0x0,0x0,0x0,0x84,0x0,0x0,0x0,
0x0,0x0,0x0,0x0,0x7d,0x0,0x0,0x0,
0x0,0x0,0x2,0x0,0x1e,0x0,0x0,0x0,
0x0,0x0,0x0,0x0,0x4a,0x3,0x10,0x1,
0x4a,0x3,0x90,0x1,0xd,0x0,0x0,0x0,
0x0,0x0,0x3,0x0,0x0,0x0,0x0,0x0,
0x86,0x0,0x0,0x0,0x49,0x3,0x10,0x1,
0x49,0x3,0x80,0x1,0x0,0x0,0x0,0x0,
0x48,0x0,0x0,0x0,0x0,0x0,0x0,0x0,
0x0,0x0,0xff,0xff,0xff,0xff,0xff,0xff,
0x0,0x0,0x0,0x0,0x54,0x0,0x0,0x0,
0x54,0x0,0x0,0x0,0x54,0x0,0x0,0x0,
0x0,0x0,0x0,0x0,0x54,0x0,0x0,0x0,
0x54,0x0,0x0,0x0,0x0,0x0,0x6,0x0,
0x54,0x0,0x0,0x0,0x0,0x0,0x0,0x0,
0xe4,0x0,0x0,0x0,0x4d,0x3,0xa0,0x1,
0x0,0x0,0x0,0x0,0xe4,0x0,0x0,0x0,
0x0,0x0,0x0,0x0,0xe4,0x0,0x0,0x0,
0x0,0x0,0x0,0x0,0xd,0x0,0x0,0x0,
0x0,0x0,0x3,0x0,0x0,0x0,0x0,0x0,
0x7e,0x0,0x0,0x0,0x53,0x3,0x10,0x1,
0x53,0x3,0x80,0x1,0x5c,0x0,0x0,0x0,
0x0,0x0,0x7,0x0,0xaa,0x0,0x0,0x0,
0x0,0x0,0x0,0x0,0x51,0x3,0x10,0x1,
0x51,0x3,0x40,0x2,0x5a,0x0,0x0,0x0,
0x0,0x0,0x7,0x0,0xa9,0x0,0x0,0x0,
0x0,0x0,0x0,0x0,0x50,0x3,0x10,0x1,
0x50,0x3,0x60,0x2,0x49,0x0,0x0,0x0,
0x0,0x0,0x7,0x0,0xa8,0x0,0x0,0x0,
0x0,0x0,0x0,0x0,0x4e,0x3,0x10,0x1,
0x4e,0x3,0x70,0x1,0x12,0x0,0x0,0x0,
0x0,0x0,0xa,0x0,0xa6,0x0,0x0,0x0,
0x0,0x0,0x0,0x0,0x54,0x3,0x10,0x1,
0x54,0x3,0x90,0x1,0x4b,0x0,0x0,0x0,
0x0,0x0,0xa,0x0,0xa5,0x0,0x0,0x0,
0x0,0x0,0x0,0x0,0x4f,0x3,0x10,0x1,
0x4f,0x3,0x60,0x1,0x0,0x0,0x0,0x0,
0x0,0x0,0x0,0x0,0x0,0x0,0x0,0x0,
0x0,0x0,0xff,0xff,0xff,0xff,0xff,0xff,
0x0,0x0,0x0,0x0,0x54,0x0,0x0,0x0,
0x54,0x0,0x0,0x0,0x54,0x0,0x0,0x0,
0x0,0x0,0x0,0x0,0x54,0x0,0x0,0x0,
0x54,0x0,0x0,0x0,0x0,0x0,0x2,0x0,
0x54,0x0,0x0,0x0,0x0,0x0,0x0,0x0,
0x84,0x0,0x0,0x0,0x4f,0x3,0x10,0x1,
0x0,0x0,0x0,0x0,0x84,0x0,0x0,0x0,
0x0,0x0,0x0,0x0,0x84,0x0,0x0,0x0,
0x0,0x0,0x0,0x0,0x4d,0x0,0x0,0x0,
0x0,0x0,0x1,0x0,0x1,0x0,0x0,0x0,
0x0,0x0,0x0,0x0,0x52,0x3,0x60,0x1,
0x52,0x3,0xc0,0x1,0x4c,0x0,0x0,0x0,
0x0,0x0,0x2,0x0,0x29,0x0,0x0,0x0,
0x0,0x0,0x0,0x0,0x4f,0x3,0x60,0x1,
0x4f,0x3,0x10,0x2,0x0,0x0,0x0,0x0,
0x0,0x0,0x0,0x0,0x0,0x0,0x0,0x0,
0x0,0x0,0xff,0xff,0xff,0xff,0xff,0xff,
0x0,0x0,0x0,0x0,0x54,0x0,0x0,0x0,
0x54,0x0,0x0,0x0,0x54,0x0,0x0,0x0,
0x0,0x0,0x0,0x0,0x54,0x0,0x0,0x0,
0x54,0x0,0x0,0x0,0x0,0x0,0x1,0x0,
0x54,0x0,0x0,0x0,0x0,0x0,0x0,0x0,
0x6c,0x0,0x0,0x0,0x54,0x3,0x10,0x1,
0x0,0x0,0x0,0x0,0x6c,0x0,0x0,0x0,
0x0,0x0,0x0,0x0,0x6c,0x0,0x0,0x0,
0x0,0x0,0x0,0x0,0x1b,0x0,0x0,0x0,
0x0,0x0,0x7,0x0,0xab,0x0,0x0,0x0,
0x0,0x0,0x0,0x0,0x54,0x3,0x90,0x1,
0x54,0x3,0x30,0x2,0x0,0x0,0x0,0x0,
0x37,0x0,0x0,0x0,0xc9,0x0,0x0,0x0,
0x0,0x0,0xff,0xff,0xff,0xff,0xff,0xff,
0x0,0x0,0x0,0x0,0x54,0x0,0x0,0x0,
0x54,0x0,0x0,0x0,0x54,0x0,0x0,0x0,
0x0,0x0,0x0,0x0,0x54,0x0,0x0,0x0,
0x54,0x0,0x0,0x0,0x0,0x0,0x13,0x0,
0x54,0x0,0x0,0x0,0x0,0x0,0x0,0x0,
0x1c,0x2,0x0,0x0,0x62,0x3,0x50,0x0,
0x63,0x3,0x90,0x0,0x1c,0x2,0x0,0x0,
0x0,0x0,0x0,0x0,0x1c,0x2,0x0,0x0,
0x0,0x0,0x0,0x0,0x8,0x0,0x0,0x0,
0x0,0x0,0x1,0x0,0x0,0x0,0x0,0x0,
0x0,0x0,0x0,0x0,0x65,0x3,0x90,0x0,
0x65,0x3,0x20,0x1,0x0,0x0,0x0,0x0,
0x0,0x0,0x8,0x0,0xa9,0x0,0x0,0x0,
0x0,0x0,0x0,0x0,0x68,0x3,0x90,0x0,
0x68,0x3,0x90,0x0,0x0,0x0,0x0,0x0,
0x0,0x0,0x8,0x0,0xb3,0x0,0x0,0x0,
0x0,0x0,0x0,0x0,0x98,0x3,0x90,0x0,
0x98,0x3,0x90,0x0,0x0,0x0,0x0,0x0,
0x0,0x0,0x8,0x0,0xb6,0x0,0x0,0x0,
0x0,0x0,0x0,0x0,0xb3,0x3,0x90,0x0,
0xb3,0x3,0x90,0x0,0x0,0x0,0x0,0x0,
0x0,0x0,0x8,0x0,0xb8,0x0,0x0,0x0,
0x0,0x0,0x0,0x0,0xc2,0x3,0x90,0x0,
0xc2,0x3,0x90,0x0,0x0,0x0,0x0,0x0,
0x0,0x0,0x8,0x0,0xba,0x0,0x0,0x0,
0x0,0x0,0x0,0x0,0xce,0x3,0x90,0x0,
0xce,0x3,0x90,0x0,0x0,0x0,0x0,0x0,
0x0,0x0,0x8,0x0,0xbb,0x0,0x0,0x0,
0x0,0x0,0x0,0x0,0xd7,0x3,0x90,0x0,
0xd7,0x3,0x90,0x0,0x0,0x0,0x0,0x0,
0x0,0x0,0x8,0x0,0xbf,0x0,0x0,0x0,
0x0,0x0,0x0,0x0,0xe9,0x3,0x90,0x0,
0xe9,0x3,0x90,0x0,0x0,0x0,0x0,0x0,
0x0,0x0,0x8,0x0,0xc0,0x0,0x0,0x0,
0x0,0x0,0x0,0x0,0xf2,0x3,0x90,0x0,
0xf2,0x3,0x90,0x0,0x0,0x0,0x0,0x0,
0x0,0x0,0x8,0x0,0xc4,0x0,0x0,0x0,
0x0,0x0,0x0,0x0,0x7,0x4,0x90,0x0,
0x7,0x4,0x90,0x0,0x0,0x0,0x0,0x0,
0x0,0x0,0x8,0x0,0xd9,0x0,0x0,0x0,
0x0,0x0,0x0,0x0,0x8e,0x4,0x90,0x0,
0x8e,0x4,0x90,0x0,0x0,0x0,0x0,0x0,
0x0,0x0,0x8,0x0,0xdd,0x0,0x0,0x0,
0x0,0x0,0x0,0x0,0x94,0x4,0x90,0x0,
0x94,0x4,0x90,0x0,0x0,0x0,0x0,0x0,
0x0,0x0,0x8,0x0,0xe1,0x0,0x0,0x0,
0x0,0x0,0x0,0x0,0x9b,0x4,0x90,0x0,
0x9b,0x4,0x90,0x0,0x0,0x0,0x0,0x0,
0x0,0x0,0x8,0x0,0xf1,0x0,0x0,0x0,
0x0,0x0,0x0,0x0,0xec,0x4,0x90,0x0,
0xec,0x4,0x90,0x0,0x0,0x0,0x0,0x0,
0x0,0x0,0x8,0x0,0xfb,0x0,0x0,0x0,
0x0,0x0,0x0,0x0,0x34,0x5,0x50,0x0,
0x34,0x5,0x50,0x0,0x0,0x0,0x0,0x0,
0x0,0x0,0x8,0x0,0x1,0x1,0x0,0x0,
0x0,0x0,0x0,0x0,0x56,0x5,0x50,0x0,
0x56,0x5,0x50,0x0,0x0,0x0,0x0,0x0,
0x0,0x0,0x8,0x0,0x7,0x1,0x0,0x0,
0x0,0x0,0x0,0x0,0x76,0x5,0x50,0x0,
0x76,0x5,0x50,0x0,0x0,0x0,0x0,0x0,
0x0,0x0,0x8,0x0,0x12,0x1,0x0,0x0,
0x0,0x0,0x0,0x0,0xf8,0x5,0x50,0x0,
0xf8,0x5,0x50,0x0,0x12,0x0,0x0,0x0,
0x0,0x0,0xa,0x0,0xa8,0x0,0x0,0x0,
0x0,0x0,0x0,0x0,0x64,0x3,0x90,0x0,
0x64,0x3,0x10,0x1,0x0,0x0,0x0,0x0,
0x0,0x0,0x0,0x0,0x0,0x0,0x0,0x0,
0x0,0x0,0xff,0xff,0xff,0xff,0xff,0xff,
0x0,0x0,0x0,0x0,0x54,0x0,0x0,0x0,
0x54,0x0,0x0,0x0,0x54,0x0,0x0,0x0,
0x0,0x0,0x0,0x0,0x54,0x0,0x0,0x0,
0x54,0x0,0x0,0x0,0x0,0x0,0x1,0x0,
0x54,0x0,0x0,0x0,0x0,0x0,0x0,0x0,
0x6c,0x0,0x0,0x0,0x64,0x3,0x90,0x0,
0x0,0x0,0x0,0x0,0x6c,0x0,0x0,0x0,
0x0,0x0,0x0,0x0,0x6c,0x0,0x0,0x0,
0x0,0x0,0x0,0x0,0x13,0x0,0x0,0x0,
0x0,0x0,0x7,0x0,0xac,0x0,0x0,0x0,
0x0,0x0,0x0,0x0,0x64,0x3,0x10,0x1,
0x64,0x3,0x70,0x1,0x0,0x0,0x0,0x0,
0x37,0x0,0x0,0x0,0x0,0x0,0x0,0x0,
0x0,0x0,0xff,0xff,0xff,0xff,0xff,0xff,
0x0,0x0,0x2,0x0,0x54,0x0,0x0,0x0,
0x54,0x0,0x0,0x0,0x6c,0x0,0x0,0x0,
0x0,0x0,0x0,0x0,0x6c,0x0,0x0,0x0,
0x6c,0x0,0x0,0x0,0x0,0x0,0x5,0x0,
0x6c,0x0,0x0,0x0,0x0,0x0,0x0,0x0,
0xe4,0x0,0x0,0x0,0x68,0x3,0x90,0x0,
0x0,0x0,0x0,0x0,0xe4,0x0,0x0,0x0,
0x0,0x0,0x0,0x0,0xe4,0x0,0x0,0x0,
0x0,0x0,0x0,0x0,0x40,0x0,0x0,0x0,
0x4,0x0,0x0,0x20,0x6e,0x3,0xd0,0x0,
0x42,0x0,0x0,0x0,0x4,0x0,0x0,0x20,
0x6f,0x3,0xd0,0x0,0x42,0x0,0x0,0x0,
0x0,0x0,0x7,0x0,0xae,0x0,0x0,0x0,
0x0,0x0,0x0,0x0,0x6f,0x3,0xd0,0x1,
0x6f,0x3,0xa0,0x2,0x40,0x0,0x0,0x0,
0x0,0x0,0x7,0x0,0xad,0x0,0x0,0x0,
0x0,0x0,0x0,0x0,0x6e,0x3,0xd0,0x1,
0x6e,0x3,0xa0,0x2,0x0,0x0,0x0,0x0,
0x0,0x0,0x8,0x0,0xab,0x0,0x0,0x0,
0x0,0x0,0x0,0x0,0x71,0x3,0xd0,0x0,
0x71,0x3,0xd0,0x0,0x0,0x0,0x0,0x0,
0x0,0x0,0x8,0x0,0xac,0x0,0x0,0x0,
0x0,0x0,0x0,0x0,0x7b,0x3,0xd0,0x0,
0x7b,0x3,0xd0,0x0,0x12,0x0,0x0,0x0,
0x0,0x0,0xa,0x0,0xaa,0x0,0x0,0x0,
0x0,0x0,0x0,0x0,0x69,0x3,0xd0,0x0,
0x69,0x3,0x50,0x1,0x0,0x0,0x0,0x0,
0x0,0x0,0x0,0x0,0x0,0x0,0x0,0x0,
0x0,0x0,0xff,0xff,0xff,0xff,0xff,0xff,
0x0,0x0,0x0,0x0,0x54,0x0,0x0,0x0,
0x54,0x0,0x0,0x0,0x54,0x0,0x0,0x0,
0x0,0x0,0x0,0x0,0x54,0x0,0x0,0x0,
0x54,0x0,0x0,0x0,0x0,0x0,0x4,0x0,
0x54,0x0,0x0,0x0,0x0,0x0,0x0,0x0,
0xb4,0x0,0x0,0x0,0x69,0x3,0xd0,0x0,
0x0,0x0,0x0,0x0,0xb4,0x0,0x0,0x0,
0x0,0x0,0x0,0x0,0xb4,0x0,0x0,0x0,
0x0,0x0,0x0,0x0,0x3f,0x0,0x0,0x0,
0x0,0x0,0x2,0x0,0x5,0x0,0x0,0x0,
0x0,0x0,0x0,0x0,0x6c,0x3,0x50,0x1,
0x6c,0x3,0x20,0x2,0x3e,0x0,0x0,0x0,
0x0,0x0,0x2,0x0,0x5,0x0,0x0,0x0,
0x0,0x0,0x0,0x0,0x6b,0x3,0x50,0x1,
0x6b,0x3,0x0,0x2,0x3c,0x0,0x0,0x0,
0x0,0x0,0x7,0x0,0xb0,0x0,0x0,0x0,
0x0,0x0,0x0,0x0,0x6a,0x3,0x50,0x1,
0x6a,0x3,0xc0,0x1,0x3a,0x0,0x0,0x0,
0x0,0x0,0x7,0x0,0xaf,0x0,0x0,0x0,
0x0,0x0,0x0,0x0,0x69,0x3,0x50,0x1,
0x69,0x3,0xa0,0x1,0x0,0x0,0x0,0x0,
0x22,0x0,0x0,0x0,0x0,0x0,0x0,0x0,
0x0,0x0,0xff,0xff,0xff,0xff,0xff,0xff,
0x0,0x0,0x0,0x0,0x54,0x0,0x0,0x0,
0x54,0x0,0x0,0x0,0x54,0x0,0x0,0x0,
0x0,0x0,0x0,0x0,0x54,0x0,0x0,0x0,
0x54,0x0,0x0,0x0,0x0,0x0,0x4,0x0,
0x54,0x0,0x0,0x0,0x0,0x0,0x0,0x0,
0xb4,0x0,0x0,0x0,0x71,0x3,0xd0,0x0,
0x0,0x0,0x0,0x0,0xb4,0x0,0x0,0x0,
0x0,0x0,0x0,0x0,0xb4,0x0,0x0,0x0,
0x0,0x0,0x0,0x0,0x26,0x0,0x0,0x0,
0x0,0x0,0x7,0x0,0xb1,0x0,0x0,0x0,
0x0,0x0,0x0,0x0,0x75,0x3,0x10,0x1,
0x75,0x3,0xe0,0x1,0x25,0x0,0x0,0x0,
0x0,0x0,0x1,0x0,0x1,0x0,0x0,0x0,
0x0,0x0,0x0,0x0,0x74,0x3,0x10,0x1,
0x74,0x3,0x90,0x1,0x24,0x0,0x0,0x0,
0x0,0x0,0x1,0x0,0x1,0x0,0x0,0x0,
0x0,0x0,0x0,0x0,0x73,0x3,0x10,0x1,
0x73,0x3,0xa0,0x1,0x23,0x0,0x0,0x0,
0x0,0x0,0x2,0x0,0x0,0x0,0x0,0x0,
0x0,0x0,0x0,0x0,0x72,0x3,0x10,0x1,
0x72,0x3,0xb0,0x1,0x0,0x0,0x0,0x0,
0x10,0x0,0x0,0x0,0x0,0x0,0x0,0x0,
0x0,0x0,0xff,0xff,0xff,0xff,0xff,0xff,
0x0,0x0,0x0,0x0,0x54,0x0,0x0,0x0,
0x54,0x0,0x0,0x0,0x54,0x0,0x0,0x0,
0x0,0x0,0x0,0x0,0x54,0x0,0x0,0x0,
0x54,0x0,0x0,0x0,0x0,0x0,0x6,0x0,
0x54,0x0,0x0,0x0,0x0,0x0,0x0,0x0,
0xe4,0x0,0x0,0x0,0x7b,0x3,0xd0,0x0,
0x0,0x0,0x0,0x0,0xe4,0x0,0x0,0x0,
0x0,0x0,0x0,0x0,0xe4,0x0,0x0,0x0,
0x0,0x0,0x0,0x0,0xd,0x0,0x0,0x0,
0x0,0x0,0x3,0x0,0x0,0x0,0x0,0x0,
0xe,0x0,0x0,0x0,0x80,0x3,0x10,0x1,
0x80,0x3,0x80,0x1,0x1e,0x0,0x0,0x0,
0x0,0x0,0x2,0x0,0x8,0x0,0x0,0x0,
0x0,0x0,0x0,0x0,0x7f,0x3,0x10,0x1,
0x7f,0x3,0x90,0x1,0x1d,0x0,0x0,0x0,
0x0,0x0,0x2,0x0,0x7,0x0,0x0,0x0,
0x0,0x0,0x0,0x0,0x7e,0x3,0x10,0x1,
0x7e,0x3,0x80,0x1,0x45,0x0,0x0,0x0,
0x0,0x0,0x2,0x0,0x4,0x0,0x0,0x0,
0x0,0x0,0x0,0x0,0x7d,0x3,0x10,0x1,
0x7d,0x3,0x40,0x1,0x44,0x0,0x0,0x0,
0x0,0x0,0x2,0x0,0x6,0x0,0x0,0x0,
0x0,0x0,0x0,0x0,0x7c,0x3,0x10,0x1,
0x7c,0x3,0x40,0x1,0x0,0x0,0x0,0x0,
0x0,0x0,0x8,0x0,0xad,0x0,0x0,0x0,
0x0,0x0,0x0,0x0,0x82,0x3,0x10,0x1,
0x82,0x3,0x10,0x1,0x0,0x0,0x0,0x0,
0x46,0x0,0x0,0x0,0x0,0x0,0x0,0x0,
0x0,0x0,0xff,0xff,0xff,0xff,0xff,0xff,
0x0,0x0,0x0,0x0,0x54,0x0,0x0,0x0,
0x54,0x0,0x0,0x0,0x54,0x0,0x0,0x0,
0x0,0x0,0x0,0x0,0x54,0x0,0x0,0x0,
0x54,0x0,0x0,0x0,0x0,0x0,0x4,0x0,
0x54,0x0,0x0,0x0,0x0,0x0,0x0,0x0,
0xb4,0x0,0x0,0x0,0x82,0x3,0x10,0x1,
0x0,0x0,0x0,0x0,0xb4,0x0,0x0,0x0,
0x0,0x0,0x0,0x0,0xb4,0x0,0x0,0x0,
0x0,0x0,0x0,0x0,0x47,0x0,0x0,0x0,
0x0,0x0,0x2,0x0,0x9,0x0,0x0,0x0,
0x0,0x0,0x0,0x0,0x84,0x3,0x50,0x1,
0x84,0x3,0xe0,0x1,0x0,0x0,0x0,0x0,
0x0,0x0,0x8,0x0,0xaf,0x0,0x0,0x0,
0x0,0x0,0x0,0x0,0x86,0x3,0x50,0x1,
0x86,0x3,0x50,0x1,0x0,0x0,0x0,0x0,
0x0,0x0,0x8,0x0,0xb1,0x0,0x0,0x0,
0x0,0x0,0x0,0x0,0x8d,0x3,0x50,0x1,
0x8d,0x3,0x50,0x1,0x12,0x0,0x0,0x0,
0x0,0x0,0xa,0x0,0xae,0x0,0x0,0x0,
0x0,0x0,0x0,0x0,0x83,0x3,0x50,0x1,
0x83,0x3,0xd0,0x1,0x0,0x0,0x0,0x0,
0x0,0x0,0x0,0x0,0x0,0x0,0x0,0x0,
0x0,0x0,0xff,0xff,0xff,0xff,0xff,0xff,
0x0,0x0,0x0,0x0,0x54,0x0,0x0,0x0,
0x54,0x0,0x0,0x0,0x54,0x0,0x0,0x0,
0x0,0x0,0x0,0x0,0x54,0x0,0x0,0x0,
0x54,0x0,0x0,0x0,0x0,0x0,0x1,0x0,
0x54,0x0,0x0,0x0,0x0,0x0,0x0,0x0,
0x6c,0x0,0x0,0x0,0x83,0x3,0x50,0x1,
0x0,0x0,0x0,0x0,0x6c,0x0,0x0,0x0,
0x0,0x0,0x0,0x0,0x6c,0x0,0x0,0x0,
0x0,0x0,0x0,0x0,0x1b,0x0,0x0,0x0,
0x0,0x0,0x7,0x0,0xb2,0x0,0x0,0x0,
0x0,0x0,0x0,0x0,0x83,0x3,0xd0,0x1,
0x83,0x3,0x70,0x2,0x0,0x0,0x0,0x0,
0x48,0x0,0x0,0x0,0x0,0x0,0x0,0x0,
0x0,0x0,0xff,0xff,0xff,0xff,0xff,0xff,
0x0,0x0,0x0,0x0,0x54,0x0,0x0,0x0,
0x54,0x0,0x0,0x0,0x54,0x0,0x0,0x0,
0x0,0x0,0x0,0x0,0x54,0x0,0x0,0x0,
0x54,0x0,0x0,0x0,0x0,0x0,0x3,0x0,
0x54,0x0,0x0,0x0,0x0,0x0,0x0,0x0,
0x9c,0x0,0x0,0x0,0x86,0x3,0x50,0x1,
0x0,0x0,0x0,0x0,0x9c,0x0,0x0,0x0,
0x0,0x0,0x0,0x0,0x9c,0x0,0x0,0x0,
0x0,0x0,0x0,0x0,0xd,0x0,0x0,0x0,
0x0,0x0,0x3,0x0,0x0,0x0,0x0,0x0,
0x4e,0x0,0x0,0x0,0x8a,0x3,0x90,0x1,
0x8a,0x3,0x0,0x2,0x49,0x0,0x0,0x0,
0x0,0x0,0x7,0x0,0xb3,0x0,0x0,0x0,
0x0,0x0,0x0,0x0,0x87,0x3,0x90,0x1,
0x87,0x3,0xf0,0x1,0x4b,0x0,0x0,0x0,
0x0,0x0,0xa,0x0,0xb0,0x0,0x0,0x0,
0x0,0x0,0x0,0x0,0x88,0x3,0x90,0x1,
0x88,0x3,0xe0,0x1,0x0,0x0,0x0,0x0,
0x0,0x0,0x0,0x0,0x0,0x0,0x0,0x0,
0x0,0x0,0xff,0xff,0xff,0xff,0xff,0xff,
0x0,0x0,0x0,0x0,0x54,0x0,0x0,0x0,
0x54,0x0,0x0,0x0,0x54,0x0,0x0,0x0,
0x0,0x0,0x0,0x0,0x54,0x0,0x0,0x0,
0x54,0x0,0x0,0x0,0x0,0x0,0x2,0x0,
0x54,0x0,0x0,0x0,0x0,0x0,0x0,0x0,
0x84,0x0,0x0,0x0,0x88,0x3,0x90,0x1,
0x0,0x0,0x0,0x0,0x84,0x0,0x0,0x0,
0x0,0x0,0x0,0x0,0x84,0x0,0x0,0x0,
0x0,0x0,0x0,0x0,0x4d,0x0,0x0,0x0,
0x0,0x0,0x1,0x0,0x1,0x0,0x0,0x0,
0x0,0x0,0x0,0x0,0x89,0x3,0xe0,0x1,
0x89,0x3,0x40,0x2,0x4c,0x0,0x0,0x0,
0x0,0x0,0x2,0x0,0xa,0x0,0x0,0x0,
0x0,0x0,0x0,0x0,0x88,0x3,0xe0,0x1,
0x88,0x3,0x90,0x2,0x0,0x0,0x0,0x0,
0x48,0x0,0x0,0x0,0x0,0x0,0x0,0x0,
0x0,0x0,0xff,0xff,0xff,0xff,0xff,0xff,
0x0,0x0,0x0,0x0,0x54,0x0,0x0,0x0,
0x54,0x0,0x0,0x0,0x54,0x0,0x0,0x0,
0x0,0x0,0x0,0x0,0x54,0x0,0x0,0x0,
0x54,0x0,0x0,0x0,0x0,0x0,0x3,0x0,
0x54,0x0,0x0,0x0,0x0,0x0,0x0,0x0,
0x9c,0x0,0x0,0x0,0x8d,0x3,0x50,0x1,
0x0,0x0,0x0,0x0,0x9c,0x0,0x0,0x0,
0x0,0x0,0x0,0x0,0x9c,0x0,0x0,0x0,
0x0,0x0,0x0,0x0,0xd,0x0,0x0,0x0,
0x0,0x0,0x3,0x0,0x0,0x0,0x0,0x0,
0x4f,0x0,0x0,0x0,0x91,0x3,0x90,0x1,
0x91,0x3,0x0,0x2,0x49,0x0,0x0,0x0,
0x0,0x0,0x7,0x0,0xb4,0x0,0x0,0x0,
0x0,0x0,0x0,0x0,0x8e,0x3,0x90,0x1,
0x8e,0x3,0xf0,0x1,0x4b,0x0,0x0,0x0,
0x0,0x0,0xa,0x0,0xb2,0x0,0x0,0x0,
0x0,0x0,0x0,0x0,0x8f,0x3,0x90,0x1,
0x8f,0x3,0xe0,0x1,0x0,0x0,0x0,0x0,
0x0,0x0,0x0,0x0,0x0,0x0,0x0,0x0,
0x0,0x0,0xff,0xff,0xff,0xff,0xff,0xff,
0x0,0x0,0x0,0x0,0x54,0x0,0x0,0x0,
0x54,0x0,0x0,0x0,0x54,0x0,0x0,0x0,
0x0,0x0,0x0,0x0,0x54,0x0,0x0,0x0,
0x54,0x0,0x0,0x0,0x0,0x0,0x2,0x0,
0x54,0x0,0x0,0x0,0x0,0x0,0x0,0x0,
0x84,0x0,0x0,0x0,0x8f,0x3,0x90,0x1,
0x0,0x0,0x0,0x0,0x84,0x0,0x0,0x0,
0x0,0x0,0x0,0x0,0x84,0x0,0x0,0x0,
0x0,0x0,0x0,0x0,0x4d,0x0,0x0,0x0,
0x0,0x0,0x1,0x0,0x1,0x0,0x0,0x0,
0x0,0x0,0x0,0x0,0x90,0x3,0xe0,0x1,
0x90,0x3,0x40,0x2,0x4c,0x0,0x0,0x0,
0x0,0x0,0x2,0x0,0x5,0x0,0x0,0x0,
0x0,0x0,0x0,0x0,0x8f,0x3,0xe0,0x1,
0x8f,0x3,0x90,0x2,0x0,0x0,0x0,0x0,
0x48,0x0,0x0,0x0,0x0,0x0,0x0,0x0,
0x0,0x0,0xff,0xff,0xff,0xff,0xff,0xff,
0x0,0x0,0x0,0x0,0x54,0x0,0x0,0x0,
0x54,0x0,0x0,0x0,0x54,0x0,0x0,0x0,
0x0,0x0,0x0,0x0,0x54,0x0,0x0,0x0,
0x54,0x0,0x0,0x0,0x0,0x0,0xf,0x0,
0x54,0x0,0x0,0x0,0x0,0x0,0x0,0x0,
0xbc,0x1,0x0,0x0,0x98,0x3,0x90,0x0,
0x0,0x0,0x0,0x0,0xbc,0x1,0x0,0x0,
0x0,0x0,0x0,0x0,0xbc,0x1,0x0,0x0,
0x0,0x0,0x0,0x0,0xd,0x0,0x0,0x0,
0x0,0x0,0x3,0x0,0x0,0x0,0x0,0x0,
0x6f,0x0,0x0,0x0,0xb0,0x3,0xd0,0x0,
0xb0,0x3,0x40,0x1,0x68,0x0,0x0,0x0,
0x0,0x0,0x7,0x0,0xba,0x0,0x0,0x0,
0x0,0x0,0x0,0x0,0xab,0x3,0xd0,0x0,
0xab,0x3,0x90,0x1,0x64,0x0,0x0,0x0,
0x0,0x0,0x7,0x0,0xb9,0x0,0x0,0x0,
0x0,0x0,0x0,0x0,0xa9,0x3,0xd0,0x0,
0xa9,0x3,0x40,0x1,0x62,0x0,0x0,0x0,
0x0,0x0,0x3,0x0,0x0,0x0,0x0,0x0,
0x63,0x0,0x0,0x0,0xa8,0x3,0xd0,0x0,
0xa8,0x3,0x90,0x1,0x5e,0x0,0x0,0x0,
0x0,0x0,0x7,0x0,0xb8,0x0,0x0,0x0,
0x0,0x0,0x0,0x0,0xa6,0x3,0xd0,0x0,
0xa6,0x3,0x70,0x1,0x5c,0x0,0x0,0x0,
0x0,0x0,0x7,0x0,0xb7,0x0,0x0,0x0,
0x0,0x0,0x0,0x0,0xa5,0x3,0xd0,0x0,
0xa5,0x3,0x0,0x2,0x5a,0x0,0x0,0x0,
0x0,0x0,0x7,0x0,0xb6,0x0,0x0,0x0,
0x0,0x0,0x0,0x0,0xa4,0x3,0xd0,0x0,
0xa4,0x3,0x20,0x2,0x56,0x0,0x0,0x0,
0x0,0x0,0x7,0x0,0xb5,0x0,0x0,0x0,
0x0,0x0,0x0,0x0,0x9e,0x3,0xd0,0x0,
0x9e,0x3,0x40,0x1,0x49,0x0,0x0,0x0,
0x0,0x0,0x3,0x0,0x0,0x0,0x0,0x0,
0xca,0x0,0x0,0x0,0x9d,0x3,0xd0,0x0,
0x9d,0x3,0x30,0x1,0x1e,0x0,0x0,0x0,
0x0,0x0,0x2,0x0,0xe,0x0,0x0,0x0,
0x0,0x0,0x0,0x0,0x9c,0x3,0xd0,0x0,
0x9c,0x3,0x50,0x1,0x1d,0x0,0x0,0x0,
0x0,0x0,0x2,0x0,0xd,0x0,0x0,0x0,
0x0,0x0,0x0,0x0,0x9b,0x3,0xd0,0x0,
0x9b,0x3,0x40,0x1,0x45,0x0,0x0,0x0,
0x0,0x0,0x2,0x0,0xc,0x0,0x0,0x0,
0x0,0x0,0x0,0x0,0x9a,0x3,0xd0,0x0,
0x9a,0x3,0x0,0x1,0x44,0x0,0x0,0x0,
0x0,0x0,0x2,0x0,0xb,0x0,0x0,0x0,
0x0,0x0,0x0,0x0,0x99,0x3,0xd0,0x0,
0x99,0x3,0x0,0x1,0x4b,0x0,0x0,0x0,
0x0,0x0,0xa,0x0,0xb5,0x0,0x0,0x0,
0x0,0x0,0x0,0x0,0xa3,0x3,0xd0,0x0,
0xa3,0x3,0x20,0x1,0x12,0x0,0x0,0x0,
0x0,0x0,0xa,0x0,0xb4,0x0,0x0,0x0,
0x0,0x0,0x0,0x0,0x9f,0x3,0xd0,0x0,
0x9f,0x3,0x50,0x1,0x0,0x0,0x0,0x0,
0x0,0x0,0x0,0x0,0x0,0x0,0x0,0x0,
0x0,0x0,0xff,0xff,0xff,0xff,0xff,0xff,
0x0,0x0,0x0,0x0,0x54,0x0,0x0,0x0,
0x54,0x0,0x0,0x0,0x54,0x0,0x0,0x0,
0x0,0x0,0x0,0x0,0x54,0x0,0x0,0x0,
0x54,0x0,0x0,0x0,0x0,0x0,0x4,0x0,
0x54,0x0,0x0,0x0,0x0,0x0,0x0,0x0,
0xb4,0x0,0x0,0x0,0x9f,0x3,0xd0,0x0,
0x0,0x0,0x0,0x0,0xb4,0x0,0x0,0x0,
0x0,0x0,0x0,0x0,0xb4,0x0,0x0,0x0,
0x0,0x0,0x0,0x0,0x54,0x0,0x0,0x0,
0x0,0x0,0x2,0x0,0x4,0x0,0x0,0x0,
0x0,0x0,0x0,0x0,0xa2,0x3,0x50,0x1,
0xa2,0x3,0x30,0x2,0x3f,0x0,0x0,0x0,
0x0,0x0,0x2,0x0,0xf,0x0,0x0,0x0,
0x0,0x0,0x0,0x0,0xa1,0x3,0x50,0x1,
0xa1,0x3,0x20,0x2,0x58,0x0,0x0,0x0,
0x0,0x0,0x7,0x0,0xbc,0x0,0x0,0x0,
0x0,0x0,0x0,0x0,0xa0,0x3,0x50,0x1,
0xa0,0x3,0xd0,0x1,0x3c,0x0,0x0,0x0,
0x0,0x0,0x7,0x0,0xbb,0x0,0x0,0x0,
0x0,0x0,0x0,0x0,0x9f,0x3,0x50,0x1,
0x9f,0x3,0xc0,0x1,0x0,0x0,0x0,0x0,
0x0,0x0,0x0,0x0,0x0,0x0,0x0,0x0,
0x0,0x0,0xff,0xff,0xff,0xff,0xff,0xff,
0x0,0x0,0x0,0x0,0x54,0x0,0x0,0x0,
0x54,0x0,0x0,0x0,0x54,0x0,0x0,0x0,
0x0,0x0,0x0,0x0,0x54,0x0,0x0,0x0,
0x54,0x0,0x0,0x0,0x0,0x0,0x7,0x0,
0x54,0x0,0x0,0x0,0x0,0x0,0x0,0x0,
0xfc,0x0,0x0,0x0,0xa3,0x3,0xd0,0x0,
0x0,0x0,0x0,0x0,0xfc,0x0,0x0,0x0,
0x0,0x0,0x0,0x0,0xfc,0x0,0x0,0x0,
0x0,0x0,0x0,0x0,0x4d,0x0,0x0,0x0,
0x0,0x0,0x1,0x0,0x1,0x0,0x0,0x0,
0x0,0x0,0x0,0x0,0xaf,0x3,0x20,0x1,
0xaf,0x3,0x80,0x1,0x6d,0x0,0x0,0x0,
0x0,0x0,0x3,0x0,0x0,0x0,0x0,0x0,
0x6e,0x0,0x0,0x0,0xae,0x3,0x20,0x1,
0xae,0x3,0xa0,0x1,0x6b,0x0,0x0,0x0,
0x0,0x0,0x7,0x0,0xbf,0x0,0x0,0x0,
0x0,0x0,0x0,0x0,0xad,0x3,0x20,0x1,
0xad,0x3,0xa0,0x1,0x6a,0x0,0x0,0x0,
0x0,0x0,0x1,0x0,0x0,0x0,0x0,0x0,
0x0,0x0,0x0,0x0,0xac,0x3,0x20,0x1,
0xac,0x3,0xa0,0x1,0x66,0x0,0x0,0x0,
0x0,0x0,0x7,0x0,0xbe,0x0,0x0,0x0,
0x0,0x0,0x0,0x0,0xaa,0x3,0x20,0x1,
0xaa,0x3,0x20,0x2,0x60,0x0,0x0,0x0,
0x0,0x0,0x7,0x0,0xbd,0x0,0x0,0x0,
0x0,0x0,0x0,0x0,0xa7,0x3,0x20,0x1,
0xa7,0x3,0x50,0x2,0x4c,0x0,0x0,0x0,
0x0,0x0,0x2,0x0,0x10,0x0,0x0,0x0,
0x0,0x0,0x0,0x0,0xa3,0x3,0x20,0x1,
0xa3,0x3,0xd0,0x1,0x0,0x0,0x0,0x0,
0x17,0x0,0x0,0x0,0x0,0x0,0x0,0x0,
0x0,0x0,0xff,0xff,0xff,0xff,0xff,0xff,
0x0,0x0,0x0,0x0,0x54,0x0,0x0,0x0,
0x54,0x0,0x0,0x0,0x54,0x0,0x0,0x0,
0x0,0x0,0x0,0x0,0x54,0x0,0x0,0x0,
0x54,0x0,0x0,0x0,0x0,0x0,0x9,0x0,
0x54,0x0,0x0,0x0,0x0,0x0,0x0,0x0,
0x2c,0x1,0x0,0x0,0xb3,0x3,0x90,0x0,
0x0,0x0,0x0,0x0,0x2c,0x1,0x0,0x0,
0x0,0x0,0x0,0x0,0x2c,0x1,0x0,0x0,
0x0,0x0,0x0,0x0,0x16,0x0,0x0,0x0,
0x0,0x0,0x2,0x0,0x2,0x0,0x0,0x0,
0x0,0x0,0x0,0x0,0xbf,0x3,0xd0,0x0,
0xbf,0x3,0xf0,0x0,0x1f,0x0,0x0,0x0,
0x0,0x0,0x7,0x0,0xc0,0x0,0x0,0x0,
0x0,0x0,0x0,0x0,0xbe,0x3,0xd0,0x0,
0xbe,0x3,0x70,0x1,0x73,0x0,0x0,0x0,
0x0,0x0,0x1,0x0,0x0,0x0,0x0,0x0,
0x0,0x0,0x0,0x0,0xbd,0x3,0xd0,0x0,
0xbd,0x3,0x30,0x1,0x19,0x0,0x0,0x0,
0x0,0x0,0x3,0x0,0x0,0x0,0x0,0x0,
0x72,0x0,0x0,0x0,0xbc,0x3,0xd0,0x0,
0xbc,0x3,0x50,0x1,0x8,0x0,0x0,0x0,
0x0,0x0,0x1,0x0,0x1,0x0,0x0,0x0,
0x0,0x0,0x0,0x0,0xb7,0x3,0xd0,0x0,
0xb7,0x3,0x60,0x1,0x21,0x0,0x0,0x0,
0x0,0x0,0x2,0x0,0x2,0x0,0x0,0x0,
0x0,0x0,0x0,0x0,0xb6,0x3,0xd0,0x0,
0xb6,0x3,0x60,0x1,0x1e,0x0,0x0,0x0,
0x0,0x0,0x2,0x0,0x11,0x0,0x0,0x0,
0x0,0x0,0x0,0x0,0xb5,0x3,0xd0,0x0,
0xb5,0x3,0x50,0x1,0x1d,0x0,0x0,0x0,
0x0,0x0,0x2,0x0,0x11,0x0,0x0,0x0,
0x0,0x0,0x0,0x0,0xb4,0x3,0xd0,0x0,
0xb4,0x3,0x40,0x1,0x12,0x0,0x0,0x0,
0x0,0x0,0xa,0x0,0xb7,0x0,0x0,0x0,
0x0,0x0,0x0,0x0,0xb8,0x3,0xd0,0x0,
0xb8,0x3,0x50,0x1,0x0,0x0,0x0,0x0,
0x0,0x0,0x0,0x0,0x0,0x0,0x0,0x0,
0x0,0x0,0xff,0xff,0xff,0xff,0xff,0xff,
0x0,0x0,0x0,0x0,0x54,0x0,0x0,0x0,
0x54,0x0,0x0,0x0,0x54,0x0,0x0,0x0,
0x0,0x0,0x0,0x0,0x54,0x0,0x0,0x0,
0x54,0x0,0x0,0x0,0x0,0x0,0x4,0x0,
0x54,0x0,0x0,0x0,0x0,0x0,0x0,0x0,
0xb4,0x0,0x0,0x0,0xb8,0x3,0xd0,0x0,
0x0,0x0,0x0,0x0,0xb4,0x0,0x0,0x0,
0x0,0x0,0x0,0x0,0xb4,0x0,0x0,0x0,
0x0,0x0,0x0,0x0,0x3e,0x0,0x0,0x0,
0x0,0x0,0x2,0x0,0x13,0x0,0x0,0x0,
0x0,0x0,0x0,0x0,0xbb,0x3,0x50,0x1,
0xbb,0x3,0x0,0x2,0x53,0x0,0x0,0x0,
0x0,0x0,0x2,0x0,0x12,0x0,0x0,0x0,
0x0,0x0,0x0,0x0,0xba,0x3,0x50,0x1,
0xba,0x3,0x10,0x2,0x3a,0x0,0x0,0x0,
0x0,0x0,0x7,0x0,0xc2,0x0,0x0,0x0,
0x0,0x0,0x0,0x0,0xb9,0x3,0x50,0x1,
0xb9,0x3,0xa0,0x1,0x70,0x0,0x0,0x0,
0x0,0x0,0x7,0x0,0xc1,0x0,0x0,0x0,
0x0,0x0,0x0,0x0,0xb8,0x3,0x50,0x1,
0xb8,0x3,0xb0,0x1,0x0,0x0,0x0,0x0,
0x10,0x0,0x0,0x0,0x0,0x0,0x0,0x0,
0x0,0x0,0xff,0xff,0xff,0xff,0xff,0xff,
0x0,0x0,0x0,0x0,0x54,0x0,0x0,0x0,
0x54,0x0,0x0,0x0,0x54,0x0,0x0,0x0,
0x0,0x0,0x0,0x0,0x54,0x0,0x0,0x0,
0x54,0x0,0x0,0x0,0x0,0x0,0x7,0x0,
0x54,0x0,0x0,0x0,0x0,0x0,0x0,0x0,
0xfc,0x0,0x0,0x0,0xc2,0x3,0x90,0x0,
0x0,0x0,0x0,0x0,0xfc,0x0,0x0,0x0,
0x0,0x0,0x0,0x0,0xfc,0x0,0x0,0x0,
0x0,0x0,0x0,0x0,0x16,0x0,0x0,0x0,
0x0,0x0,0x2,0x0,0x1a,0x0,0x0,0x0,
0x0,0x0,0x0,0x0,0xcc,0x3,0xd0,0x0,
0xcc,0x3,0x0,0x1,0xd,0x0,0x0,0x0,
0x0,0x0,0x3,0x0,0x0,0x0,0x0,0x0,
0xcb,0x0,0x0,0x0,0xc7,0x3,0xd0,0x0,
0xc7,0x3,0x40,0x1,0x21,0x0,0x0,0x0,
0x0,0x0,0x2,0x0,0x17,0x0,0x0,0x0,
0x0,0x0,0x0,0x0,0xc6,0x3,0xd0,0x0,
0xc6,0x3,0x60,0x1,0x1e,0x0,0x0,0x0,
0x0,0x0,0x2,0x0,0xe,0x0,0x0,0x0,
0x0,0x0,0x0,0x0,0xc5,0x3,0xd0,0x0,
0xc5,0x3,0x50,0x1,0x1d,0x0,0x0,0x0,
0x0,0x0,0x2,0x0,0x15,0x0,0x0,0x0,
0x0,0x0,0x0,0x0,0xc4,0x3,0xd0,0x0,
0xc4,0x3,0x40,0x1,0x44,0x0,0x0,0x0,
0x0,0x0,0x2,0x0,0x14,0x0,0x0,0x0,
0x0,0x0,0x0,0x0,0xc3,0x3,0xd0,0x0,
0xc3,0x3,0x0,0x1,0x12,0x0,0x0,0x0,
0x0,0x0,0xa,0x0,0xb9,0x0,0x0,0x0,
0x0,0x0,0x0,0x0,0xc8,0x3,0xd0,0x0,
0xc8,0x3,0x50,0x1,0x0,0x0,0x0,0x0,
0x0,0x0,0x0,0x0,0x0,0x0,0x0,0x0,
0x0,0x0,0xff,0xff,0xff,0xff,0xff,0xff,
0x0,0x0,0x0,0x0,0x54,0x0,0x0,0x0,
0x54,0x0,0x0,0x0,0x54,0x0,0x0,0x0,
0x0,0x0,0x0,0x0,0x54,0x0,0x0,0x0,
0x54,0x0,0x0,0x0,0x0,0x0,0x4,0x0,
0x54,0x0,0x0,0x0,0x0,0x0,0x0,0x0,
0xb4,0x0,0x0,0x0,0xc8,0x3,0xd0,0x0,
0x0,0x0,0x0,0x0,0xb4,0x0,0x0,0x0,
0x0,0x0,0x0,0x0,0xb4,0x0,0x0,0x0,
0x0,0x0,0x0,0x0,0x3e,0x0,0x0,0x0,
0x0,0x0,0x2,0x0,0x19,0x0,0x0,0x0,
0x0,0x0,0x0,0x0,0xcb,0x3,0x50,0x1,
0xcb,0x3,0x0,0x2,0x3f,0x0,0x0,0x0,
0x0,0x0,0x2,0x0,0x18,0x0,0x0,0x0,
0x0,0x0,0x0,0x0,0xca,0x3,0x50,0x1,
0xca,0x3,0x20,0x2,0x3a,0x0,0x0,0x0,
0x0,0x0,0x7,0x0,0xc4,0x0,0x0,0x0,
0x0,0x0,0x0,0x0,0xc9,0x3,0x50,0x1,
0xc9,0x3,0xa0,0x1,0x3c,0x0,0x0,0x0,
0x0,0x0,0x7,0x0,0xc3,0x0,0x0,0x0,
0x0,0x0,0x0,0x0,0xc8,0x3,0x50,0x1,
0xc8,0x3,0xc0,0x1,0x0,0x0,0x0,0x0,
0x10,0x0,0x0,0x0,0x0,0x0,0x0,0x0,
0x0,0x0,0xff,0xff,0xff,0xff,0xff,0xff,
0x0,0x0,0x0,0x0,0x54,0x0,0x0,0x0,
0x54,0x0,0x0,0x0,0x54,0x0,0x0,0x0,
0x0,0x0,0x0,0x0,0x54,0x0,0x0,0x0,
0x54,0x0,0x0,0x0,0x0,0x0,0x7,0x0,
0x54,0x0,0x0,0x0,0x0,0x0,0x0,0x0,
0xfc,0x0,0x0,0x0,0xce,0x3,0x90,0x0,
0x0,0x0,0x0,0x0,0xfc,0x0,0x0,0x0,
0x0,0x0,0x0,0x0,0xfc,0x0,0x0,0x0,
0x0,0x0,0x0,0x0,0x16,0x0,0x0,0x0,
0x0,0x0,0x2,0x0,0x1a,0x0,0x0,0x0,
0x0,0x0,0x0,0x0,0xd5,0x3,0xd0,0x0,
0xd5,0x3,0x0,0x1,0xd,0x0,0x0,0x0,
0x0,0x0,0x3,0x0,0x0,0x0,0x0,0x0,
0xcc,0x0,0x0,0x0,0xd4,0x3,0xd0,0x0,
0xd4,0x3,0x40,0x1,0x21,0x0,0x0,0x0,
0x0,0x0,0x2,0x0,0x2f,0x0,0x0,0x0,
0x0,0x0,0x0,0x0,0xd3,0x3,0xd0,0x0,
0xd3,0x3,0x60,0x1,0x1e,0x0,0x0,0x0,
0x0,0x0,0x2,0x0,0x2e,0x0,0x0,0x0,
0x0,0x0,0x0,0x0,0xd2,0x3,0xd0,0x0,
0xd2,0x3,0x50,0x1,0x1d,0x0,0x0,0x0,
0x0,0x0,0x2,0x0,0x2d,0x0,0x0,0x0,
0x0,0x0,0x0,0x0,0xd1,0x3,0xd0,0x0,
0xd1,0x3,0x40,0x1,0x45,0x0,0x0,0x0,
0x0,0x0,0x2,0x0,0x2b,0x0,0x0,0x0,
0x0,0x0,0x0,0x0,0xd0,0x3,0xd0,0x0,
0xd0,0x3,0x0,0x1,0x44,0x0,0x0,0x0,
0x0,0x0,0x2,0x0,0x2c,0x0,0x0,0x0,
0x0,0x0,0x0,0x0,0xcf,0x3,0xd0,0x0,
0xcf,0x3,0x0,0x1,0x0,0x0,0x0,0x0,
0x48,0x0,0x0,0x0,0x0,0x0,0x0,0x0,
0x0,0x0,0xff,0xff,0xff,0xff,0xff,0xff,
0x0,0x0,0x0,0x0,0x54,0x0,0x0,0x0,
0x54,0x0,0x0,0x0,0x54,0x0,0x0,0x0,
0x0,0x0,0x0,0x0,0x54,0x0,0x0,0x0,
0x54,0x0,0x0,0x0,0x0,0x0,0xa,0x0,
0x54,0x0,0x0,0x0,0x0,0x0,0x0,0x0,
0x44,0x1,0x0,0x0,0xd7,0x3,0x90,0x0,
0x0,0x0,0x0,0x0,0x44,0x1,0x0,0x0,
0x0,0x0,0x0,0x0,0x44,0x1,0x0,0x0,
0x0,0x0,0x0,0x0,0x5c,0x0,0x0,0x0,
0x0,0x0,0x7,0x0,0xc6,0x0,0x0,0x0,
0x0,0x0,0x0,0x0,0xe3,0x3,0xd0,0x0,
0xe3,0x3,0x0,0x2,0x5a,0x0,0x0,0x0,
0x0,0x0,0x7,0x0,0xc5,0x0,0x0,0x0,
0x0,0x0,0x0,0x0,0xe2,0x3,0xd0,0x0,
0xe2,0x3,0x20,0x2,0x49,0x0,0x0,0x0,
0x0,0x0,0x5,0x0,0x1,0x0,0x0,0x0,
0x0,0x0,0x0,0x0,0xdc,0x3,0xd0,0x0,
0xdc,0x3,0x30,0x1,0xd,0x0,0x0,0x0,
0x0,0x0,0x3,0x0,0x0,0x0,0x0,0x0,
0xcd,0x0,0x0,0x0,0xdb,0x3,0xd0,0x0,
0xdb,0x3,0x40,0x1,0x1e,0x0,0x0,0x0,
0x0,0x0,0x2,0x0,0x24,0x0,0x0,0x0,
0x0,0x0,0x0,0x0,0xda,0x3,0xd0,0x0,
0xda,0x3,0x50,0x1,0x1d,0x0,0x0,0x0,
0x0,0x0,0x2,0x0,0x31,0x0,0x0,0x0,
0x0,0x0,0x0,0x0,0xd9,0x3,0xd0,0x0,
0xd9,0x3,0x40,0x1,0x44,0x0,0x0,0x0,
0x0,0x0,0x2,0x0,0x30,0x0,0x0,0x0,
0x0,0x0,0x0,0x0,0xd8,0x3,0xd0,0x0,
0xd8,0x3,0x0,0x1,0xcf,0x0,0x0,0x0,
0x0,0x0,0xa,0x0,0xbe,0x0,0x0,0x0,
0x0,0x0,0x0,0x0,0xe4,0x3,0xd0,0x0,
0xe4,0x3,0x30,0x1,0x4b,0x0,0x0,0x0,
0x0,0x0,0xa,0x0,0xbd,0x0,0x0,0x0,
0x0,0x0,0x0,0x0,0xe1,0x3,0xd0,0x0,
0xe1,0x3,0x20,0x1,0x12,0x0,0x0,0x0,
0x0,0x0,0xa,0x0,0xbc,0x0,0x0,0x0,
0x0,0x0,0x0,0x0,0xdd,0x3,0xd0,0x0,
0xdd,0x3,0x50,0x1,0x0,0x0,0x0,0x0,
0x0,0x0,0x0,0x0,0x0,0x0,0x0,0x0,
0x0,0x0,0xff,0xff,0xff,0xff,0xff,0xff,
0x0,0x0,0x0,0x0,0x54,0x0,0x0,0x0,
0x54,0x0,0x0,0x0,0x54,0x0,0x0,0x0,
0x0,0x0,0x0,0x0,0x54,0x0,0x0,0x0,
0x54,0x0,0x0,0x0,0x0,0x0,0x4,0x0,
0x54,0x0,0x0,0x0,0x0,0x0,0x0,0x0,
0xb4,0x0,0x0,0x0,0xdd,0x3,0xd0,0x0,
0x0,0x0,0x0,0x0,0xb4,0x0,0x0,0x0,
0x0,0x0,0x0,0x0,0xb4,0x0,0x0,0x0,
0x0,0x0,0x0,0x0,0x3e,0x0,0x0,0x0,
0x0,0x0,0x2,0x0,0x33,0x0,0x0,0x0,
0x0,0x0,0x0,0x0,0xe0,0x3,0x50,0x1,
0xe0,0x3,0x0,0x2,0x3f,0x0,0x0,0x0,
0x0,0x0,0x2,0x0,0x32,0x0,0x0,0x0,
0x0,0x0,0x0,0x0,0xdf,0x3,0x50,0x1,
0xdf,0x3,0x20,0x2,0x3a,0x0,0x0,0x0,
0x0,0x0,0x7,0x0,0xc8,0x0,0x0,0x0,
0x0,0x0,0x0,0x0,0xde,0x3,0x50,0x1,
0xde,0x3,0xa0,0x1,0x3c,0x0,0x0,0x0,
0x0,0x0,0x7,0x0,0xc7,0x0,0x0,0x0,
0x0,0x0,0x0,0x0,0xdd,0x3,0x50,0x1,
0xdd,0x3,0xc0,0x1,0x0,0x0,0x0,0x0,
0x0,0x0,0x0,0x0,0x0,0x0,0x0,0x0,
0x0,0x0,0xff,0xff,0xff,0xff,0xff,0xff,
0x0,0x0,0x0,0x0,0x54,0x0,0x0,0x0,
0x54,0x0,0x0,0x0,0x54,0x0,0x0,0x0,
0x0,0x0,0x0,0x0,0x54,0x0,0x0,0x0,
0x54,0x0,0x0,0x0,0x0,0x0,0x4,0x0,
0x54,0x0,0x0,0x0,0x0,0x0,0x0,0x0,
0xb4,0x0,0x0,0x0,0xe1,0x3,0xd0,0x0,
0x0,0x0,0x0,0x0,0xb4,0x0,0x0,0x0,
0x0,0x0,0x0,0x0,0xb4,0x0,0x0,0x0,
0x0,0x0,0x0,0x0,0x6d,0x0,0x0,0x0,
0x0,0x0,0x3,0x0,0x0,0x0,0x0,0x0,
0x6e,0x0,0x0,0x0,0xe7,0x3,0x20,0x1,
0xe7,0x3,0xa0,0x1,0x4d,0x0,0x0,0x0,
0x0,0x0,0x1,0x0,0x1,0x0,0x0,0x0,
0x0,0x0,0x0,0x0,0xe6,0x3,0x20,0x1,
0xe6,0x3,0x80,0x1,0xd1,0x0,0x0,0x0,
0x0,0x0,0x3,0x0,0x0,0x0,0x0,0x0,
0xd2,0x0,0x0,0x0,0xe5,0x3,0x20,0x1,
0xe5,0x3,0xd0,0x1,0x4c,0x0,0x0,0x0,
0x0,0x0,0x2,0x0,0x34,0x0,0x0,0x0,
0x0,0x0,0x0,0x0,0xe1,0x3,0x20,0x1,
0xe1,0x3,0xd0,0x1,0x0,0x0,0x0,0x0,
0x0,0x0,0x0,0x0,0x0,0x0,0x0,0x0,
0x0,0x0,0xff,0xff,0xff,0xff,0xff,0xff,
0x0,0x0,0x0,0x0,0x54,0x0,0x0,0x0,
0x54,0x0,0x0,0x0,0x54,0x0,0x0,0x0,
0x0,0x0,0x0,0x0,0x54,0x0,0x0,0x0,
0x54,0x0,0x0,0x0,0x0,0x0,0x1,0x0,
0x54,0x0,0x0,0x0,0x0,0x0,0x0,0x0,
0x6c,0x0,0x0,0x0,0xe4,0x3,0xd0,0x0,
0x0,0x0,0x0,0x0,0x6c,0x0,0x0,0x0,
0x0,0x0,0x0,0x0,0x6c,0x0,0x0,0x0,
0x0,0x0,0x0,0x0,0xd0,0x0,0x0,0x0,
0x0,0x0,0x1,0x0,0x0,0x0,0x0,0x0,
0x0,0x0,0x0,0x0,0xe4,0x3,0x30,0x1,
0xe4,0x3,0xc0,0x1,0x0,0x0,0x0,0x0,
0x10,0x0,0x0,0x0,0x0,0x0,0x0,0x0,
0x0,0x0,0xff,0xff,0xff,0xff,0xff,0xff,
0x0,0x0,0x0,0x0,0x54,0x0,0x0,0x0,
0x54,0x0,0x0,0x0,0x54,0x0,0x0,0x0,
0x0,0x0,0x0,0x0,0x54,0x0,0x0,0x0,
0x54,0x0,0x0,0x0,0x0,0x0,0x7,0x0,
0x54,0x0,0x0,0x0,0x0,0x0,0x0,0x0,
0xfc,0x0,0x0,0x0,0xe9,0x3,0x90,0x0,
0x0,0x0,0x0,0x0,0xfc,0x0,0x0,0x0,
0x0,0x0,0x0,0x0,0xfc,0x0,0x0,0x0,
0x0,0x0,0x0,0x0,0x16,0x0,0x0,0x0,
0x0,0x0,0x2,0x0,0x1d,0x0,0x0,0x0,
0x0,0x0,0x0,0x0,0xf0,0x3,0xd0,0x0,
0xf0,0x3,0x0,0x1,0xd,0x0,0x0,0x0,
0x0,0x0,0x3,0x0,0x0,0x0,0x0,0x0,
0xcc,0x0,0x0,0x0,0xef,0x3,0xd0,0x0,
0xef,0x3,0x40,0x1,0x21,0x0,0x0,0x0,
0x0,0x0,0x2,0x0,0x2f,0x0,0x0,0x0,
0x0,0x0,0x0,0x0,0xee,0x3,0xd0,0x0,
0xee,0x3,0x60,0x1,0x1e,0x0,0x0,0x0,
0x0,0x0,0x2,0x0,0x2e,0x0,0x0,0x0,
0x0,0x0,0x0,0x0,0xed,0x3,0xd0,0x0,
0xed,0x3,0x50,0x1,0x1d,0x0,0x0,0x0,
0x0,0x0,0x2,0x0,0x2d,0x0,0x0,0x0,
0x0,0x0,0x0,0x0,0xec,0x3,0xd0,0x0,
0xec,0x3,0x40,0x1,0x45,0x0,0x0,0x0,
0x0,0x0,0x2,0x0,0x35,0x0,0x0,0x0,
0x0,0x0,0x0,0x0,0xeb,0x3,0xd0,0x0,
0xeb,0x3,0x0,0x1,0x44,0x0,0x0,0x0,
0x0,0x0,0x2,0x0,0x4,0x0,0x0,0x0,
0x0,0x0,0x0,0x0,0xea,0x3,0xd0,0x0,
0xea,0x3,0x0,0x1,0x0,0x0,0x0,0x0,
0x48,0x0,0x0,0x0,0x0,0x0,0x0,0x0,
0x0,0x0,0xff,0xff,0xff,0xff,0xff,0xff,
0x0,0x0,0x0,0x0,0x54,0x0,0x0,0x0,
0x54,0x0,0x0,0x0,0x54,0x0,0x0,0x0,
0x0,0x0,0x0,0x0,0x54,0x0,0x0,0x0,
0x54,0x0,0x0,0x0,0x0,0x0,0xb,0x0,
0x54,0x0,0x0,0x0,0x0,0x0,0x0,0x0,
0x5c,0x1,0x0,0x0,0xf2,0x3,0x90,0x0,
0x0,0x0,0x0,0x0,0x5c,0x1,0x0,0x0,
0x0,0x0,0x0,0x0,0x5c,0x1,0x0,0x0,
0x0,0x0,0x0,0x0,0x5c,0x0,0x0,0x0,
0x0,0x0,0x7,0x0,0xca,0x0,0x0,0x0,
0x0,0x0,0x0,0x0,0xff,0x3,0xd0,0x0,
0xff,0x3,0x0,0x2,0x5a,0x0,0x0,0x0,
0x0,0x0,0x7,0x0,0xc9,0x0,0x0,0x0,
0x0,0x0,0x0,0x0,0xfe,0x3,0xd0,0x0,
0xfe,0x3,0x20,0x2,0x49,0x0,0x0,0x0,
0x0,0x0,0x5,0x0,0x2,0x0,0x0,0x0,
0x0,0x0,0x0,0x0,0xf8,0x3,0xd0,0x0,
0xf8,0x3,0x30,0x1,0xd,0x0,0x0,0x0,
0x0,0x0,0x3,0x0,0x0,0x0,0x0,0x0,
0xcd,0x0,0x0,0x0,0xf7,0x3,0xd0,0x0,
0xf7,0x3,0x40,0x1,0x1e,0x0,0x0,0x0,
0x0,0x0,0x2,0x0,0x24,0x0,0x0,0x0,
0x0,0x0,0x0,0x0,0xf6,0x3,0xd0,0x0,
0xf6,0x3,0x50,0x1,0x1d,0x0,0x0,0x0,
0x0,0x0,0x2,0x0,0x31,0x0,0x0,0x0,
0x0,0x0,0x0,0x0,0xf5,0x3,0xd0,0x0,
0xf5,0x3,0x40,0x1,0x16,0x0,0x0,0x0,
0x0,0x0,0x2,0x0,0x36,0x0,0x0,0x0,
0x0,0x0,0x0,0x0,0xf4,0x3,0xd0,0x0,
0xf4,0x3,0x0,0x1,0x44,0x0,0x0,0x0,
0x0,0x0,0x2,0x0,0x9,0x0,0x0,0x0,
0x0,0x0,0x0,0x0,0xf3,0x3,0xd0,0x0,
0xf3,0x3,0x0,0x1,0xcf,0x0,0x0,0x0,
0x0,0x0,0xa,0x0,0xc3,0x0,0x0,0x0,
0x0,0x0,0x0,0x0,0x0,0x4,0xd0,0x0,
0x0,0x4,0x30,0x1,0x4b,0x0,0x0,0x0,
0x0,0x0,0xa,0x0,0xc2,0x0,0x0,0x0,
0x0,0x0,0x0,0x0,0xfd,0x3,0xd0,0x0,
0xfd,0x3,0x20,0x1,0x12,0x0,0x0,0x0,
0x0,0x0,0xa,0x0,0xc1,0x0,0x0,0x0,
0x0,0x0,0x0,0x0,0xf9,0x3,0xd0,0x0,
0xf9,0x3,0x50,0x1,0x0,0x0,0x0,0x0,
0x0,0x0,0x0,0x0,0x0,0x0,0x0,0x0,
0x0,0x0,0xff,0xff,0xff,0xff,0xff,0xff,
0x0,0x0,0x0,0x0,0x54,0x0,0x0,0x0,
0x54,0x0,0x0,0x0,0x54,0x0,0x0,0x0,
0x0,0x0,0x0,0x0,0x54,0x0,0x0,0x0,
0x54,0x0,0x0,0x0,0x0,0x0,0x4,0x0,
0x54,0x0,0x0,0x0,0x0,0x0,0x0,0x0,
0xb4,0x0,0x0,0x0,0xf9,0x3,0xd0,0x0,
0x0,0x0,0x0,0x0,0xb4,0x0,0x0,0x0,
0x0,0x0,0x0,0x0,0xb4,0x0,0x0,0x0,
0x0,0x0,0x0,0x0,0x3e,0x0,0x0,0x0,
0x0,0x0,0x2,0x0,0x37,0x0,0x0,0x0,
0x0,0x0,0x0,0x0,0xfc,0x3,0x50,0x1,
0xfc,0x3,0x0,0x2,0x53,0x0,0x0,0x0,
0x0,0x0,0x2,0x0,0x33,0x0,0x0,0x0,
0x0,0x0,0x0,0x0,0xfb,0x3,0x50,0x1,
0xfb,0x3,0x10,0x2,0x3a,0x0,0x0,0x0,
0x0,0x0,0x7,0x0,0xcc,0x0,0x0,0x0,
0x0,0x0,0x0,0x0,0xfa,0x3,0x50,0x1,
0xfa,0x3,0xa0,0x1,0x70,0x0,0x0,0x0,
0x0,0x0,0x7,0x0,0xcb,0x0,0x0,0x0,
0x0,0x0,0x0,0x0,0xf9,0x3,0x50,0x1,
0xf9,0x3,0xb0,0x1,0x0,0x0,0x0,0x0,
0x0,0x0,0x0,0x0,0x0,0x0,0x0,0x0,
0x0,0x0,0xff,0xff,0xff,0xff,0xff,0xff,
0x0,0x0,0x0,0x0,0x54,0x0,0x0,0x0,
0x54,0x0,0x0,0x0,0x54,0x0,0x0,0x0,
0x0,0x0,0x0,0x0,0x54,0x0,0x0,0x0,
0x54,0x0,0x0,0x0,0x0,0x0,0x4,0x0,
0x54,0x0,0x0,0x0,0x0,0x0,0x0,0x0,
0xb4,0x0,0x0,0x0,0xfd,0x3,0xd0,0x0,
0x0,0x0,0x0,0x0,0xb4,0x0,0x0,0x0,
0x0,0x0,0x0,0x0,0xb4,0x0,0x0,0x0,
0x0,0x0,0x0,0x0,0x6d,0x0,0x0,0x0,
0x0,0x0,0x3,0x0,0x0,0x0,0x0,0x0,
0x6e,0x0,0x0,0x0,0x3,0x4,0x20,0x1,
0x3,0x4,0xa0,0x1,0x4d,0x0,0x0,0x0,
0x0,0x0,0x1,0x0,0x1,0x0,0x0,0x0,
0x0,0x0,0x0,0x0,0x2,0x4,0x20,0x1,
0x2,0x4,0x80,0x1,0xd1,0x0,0x0,0x0,
0x0,0x0,0x3,0x0,0x0,0x0,0x0,0x0,
0xd2,0x0,0x0,0x0,0x1,0x4,0x20,0x1,
0x1,0x4,0xd0,0x1,0x4c,0x0,0x0,0x0,
0x0,0x0,0x2,0x0,0x34,0x0,0x0,0x0,
0x0,0x0,0x0,0x0,0xfd,0x3,0x20,0x1,
0xfd,0x3,0xd0,0x1,0x0,0x0,0x0,0x0,
0x0,0x0,0x0,0x0,0x0,0x0,0x0,0x0,
0x0,0x0,0xff,0xff,0xff,0xff,0xff,0xff,
0x0,0x0,0x0,0x0,0x54,0x0,0x0,0x0,
0x54,0x0,0x0,0x0,0x54,0x0,0x0,0x0,
0x0,0x0,0x0,0x0,0x54,0x0,0x0,0x0,
0x54,0x0,0x0,0x0,0x0,0x0,0x1,0x0,
0x54,0x0,0x0,0x0,0x0,0x0,0x0,0x0,
0x6c,0x0,0x0,0x0,0x0,0x4,0xd0,0x0,
0x0,0x0,0x0,0x0,0x6c,0x0,0x0,0x0,
0x0,0x0,0x0,0x0,0x6c,0x0,0x0,0x0,
0x0,0x0,0x0,0x0,0xd0,0x0,0x0,0x0,
0x0,0x0,0x1,0x0,0x0,0x0,0x0,0x0,
0x0,0x0,0x0,0x0,0x0,0x4,0x30,0x1,
0x0,0x4,0xc0,0x1,0x0,0x0,0x0,0x0,
0x46,0x0,0x0,0x0,0x0,0x0,0x0,0x0,
0x0,0x0,0xff,0xff,0xff,0xff,0xff,0xff,
0x0,0x0,0x0,0x0,0x54,0x0,0x0,0x0,
0x54,0x0,0x0,0x0,0x54,0x0,0x0,0x0,
0x0,0x0,0x0,0x0,0x54,0x0,0x0,0x0,
0x54,0x0,0x0,0x0,0x0,0x0,0x4,0x0,
0x54,0x0,0x0,0x0,0x0,0x0,0x0,0x0,
0xb4,0x0,0x0,0x0,0x7,0x4,0x90,0x0,
0x0,0x0,0x0,0x0,0xb4,0x0,0x0,0x0,
0x0,0x0,0x0,0x0,0xb4,0x0,0x0,0x0,
0x0,0x0,0x0,0x0,0x47,0x0,0x0,0x0,
0x0,0x0,0x2,0x0,0x1e,0x0,0x0,0x0,
0x0,0x0,0x0,0x0,0xb,0x4,0xd0,0x0,
0xb,0x4,0x60,0x1,0x0,0x0,0x0,0x0,
0x0,0x0,0x8,0x0,0xc6,0x0,0x0,0x0,
0x0,0x0,0x0,0x0,0xe,0x4,0xd0,0x0,
0xe,0x4,0xd0,0x0,0x0,0x0,0x0,0x0,
0x0,0x0,0x8,0x0,0xcd,0x0,0x0,0x0,
0x0,0x0,0x0,0x0,0x3f,0x4,0xd0,0x0,
0x3f,0x4,0xd0,0x0,0x12,0x0,0x0,0x0,
0x0,0x0,0xa,0x0,0xc5,0x0,0x0,0x0,
0x0,0x0,0x0,0x0,0x8,0x4,0xd0,0x0,
0x8,0x4,0x50,0x1,0x0,0x0,0x0,0x0,
0x0,0x0,0x0,0x0,0x0,0x0,0x0,0x0,
0x0,0x0,0xff,0xff,0xff,0xff,0xff,0xff,
0x0,0x0,0x0,0x0,0x54,0x0,0x0,0x0,
0x54,0x0,0x0,0x0,0x54,0x0,0x0,0x0,
0x0,0x0,0x0,0x0,0x54,0x0,0x0,0x0,
0x54,0x0,0x0,0x0,0x0,0x0,0x3,0x0,
0x54,0x0,0x0,0x0,0x0,0x0,0x0,0x0,
0x9c,0x0,0x0,0x0,0x8,0x4,0xd0,0x0,
0x0,0x0,0x0,0x0,0x9c,0x0,0x0,0x0,
0x0,0x0,0x0,0x0,0x9c,0x0,0x0,0x0,
0x0,0x0,0x0,0x0,0x3e,0x0,0x0,0x0,
0x0,0x0,0x2,0x0,0x5,0x0,0x0,0x0,
0x0,0x0,0x0,0x0,0xa,0x4,0x50,0x1,
0xa,0x4,0x0,0x2,0x3a,0x0,0x0,0x0,
0x0,0x0,0x7,0x0,0xce,0x0,0x0,0x0,
0x0,0x0,0x0,0x0,0x9,0x4,0x50,0x1,
0x9,0x4,0xa0,0x1,0x78,0x0,0x0,0x0,
0x0,0x0,0x7,0x0,0xcd,0x0,0x0,0x0,
0x0,0x0,0x0,0x0,0x8,0x4,0x50,0x1,
0x8,0x4,0x70,0x2,0x0,0x0,0x0,0x0,
0x92,0x0,0x0,0x0,0x0,0x0,0x0,0x0,
0x0,0x0,0xff,0xff,0xff,0xff,0xff,0xff,
0x1,0x0,0x0,0x0,0x54,0x0,0x0,0x0,
0x58,0x0,0x0,0x0,0x58,0x0,0x0,0x0,
0x0,0x0,0x0,0x0,0x58,0x0,0x0,0x0,
0x58,0x0,0x0,0x0,0x0,0x0,0x5,0x0,
0x58,0x0,0x0,0x0,0x0,0x0,0x0,0x0,
0xd0,0x0,0x0,0x0,0xe,0x4,0xd0,0x0,
0x0,0x0,0x0,0x0,0xd0,0x0,0x0,0x0,
0x0,0x0,0x0,0x0,0xd0,0x0,0x0,0x0,
0x0,0x0,0x0,0x0,0xcf,0x0,0x0,0x0,
0x47,0x0,0x0,0x0,0x0,0x0,0x2,0x0,
0x38,0x0,0x0,0x0,0x0,0x0,0x0,0x0,
0xf,0x4,0x10,0x1,0xf,0x4,0xa0,0x1,
0x0,0x0,0x0,0x0,0x0,0x0,0x8,0x0,
0xc8,0x0,0x0,0x0,0x0,0x0,0x0,0x0,
0x12,0x4,0x10,0x1,0x12,0x4,0x10,0x1,
0x0,0x0,0x0,0x0,0x0,0x0,0x8,0x0,
0xca,0x0,0x0,0x0,0x0,0x0,0x0,0x0,
0x19,0x4,0x10,0x1,0x19,0x4,0x10,0x1,
0x0,0x0,0x0,0x0,0x0,0x0,0x8,0x0,
0xcc,0x0,0x0,0x0,0x0,0x0,0x0,0x0,
0x21,0x4,0x10,0x1,0x21,0x4,0x10,0x1,
0x12,0x0,0x0,0x0,0x0,0x0,0xa,0x0,
0xc7,0x0,0x0,0x0,0x0,0x0,0x0,0x0,
0x10,0x4,0x10,0x1,0x10,0x4,0x90,0x1,
0x0,0x0,0x0,0x0,0x0,0x0,0x0,0x0,
0x0,0x0,0xff,0xff,0xff,0xff,0xff,0xff,
0x0,0x0,0x0,0x0,0x54,0x0,0x0,0x0,
0x54,0x0,0x0,0x0,0x54,0x0,0x0,0x0,
0x0,0x0,0x0,0x0,0x54,0x0,0x0,0x0,
0x54,0x0,0x0,0x0,0x0,0x0,0x1,0x0,
0x54,0x0,0x0,0x0,0x0,0x0,0x0,0x0,
0x6c,0x0,0x0,0x0,0x10,0x4,0x10,0x1,
0x0,0x0,0x0,0x0,0x6c,0x0,0x0,0x0,
0x0,0x0,0x0,0x0,0x6c,0x0,0x0,0x0,
0x0,0x0,0x0,0x0,0x78,0x0,0x0,0x0,
0x0,0x0,0x7,0x0,0xd0,0x0,0x0,0x0,
0x0,0x0,0x0,0x0,0x10,0x4,0x90,0x1,
0x10,0x4,0xb0,0x2,0x0,0x0,0x0,0x0,
0x90,0x0,0x0,0x0,0x0,0x0,0x0,0x0,
0x0,0x0,0xff,0xff,0xff,0xff,0xff,0xff,
0x0,0x0,0x0,0x0,0x54,0x0,0x0,0x0,
0x54,0x0,0x0,0x0,0x54,0x0,0x0,0x0,
0x0,0x0,0x0,0x0,0x54,0x0,0x0,0x0,
0x54,0x0,0x0,0x0,0x0,0x0,0x3,0x0,
0x54,0x0,0x0,0x0,0x0,0x0,0x0,0x0,
0x9c,0x0,0x0,0x0,0x12,0x4,0x10,0x1,
0x0,0x0,0x0,0x0,0x9c,0x0,0x0,0x0,
0x0,0x0,0x0,0x0,0x9c,0x0,0x0,0x0,
0x0,0x0,0x0,0x0,0xd,0x0,0x0,0x0,
0x0,0x0,0x3,0x0,0x0,0x0,0x0,0x0,
0xa1,0x0,0x0,0x0,0x16,0x4,0x50,0x1,
0x16,0x4,0xc0,0x1,0x49,0x0,0x0,0x0,
0x0,0x0,0x3,0x0,0x0,0x0,0x0,0x0,
0xd4,0x0,0x0,0x0,0x13,0x4,0x50,0x1,
0x13,0x4,0xb0,0x1,0x4b,0x0,0x0,0x0,
0x0,0x0,0xa,0x0,0xc9,0x0,0x0,0x0,
0x0,0x0,0x0,0x0,0x14,0x4,0x50,0x1,
0x14,0x4,0xa0,0x1,0x0,0x0,0x0,0x0,
0x0,0x0,0x0,0x0,0x0,0x0,0x0,0x0,
0x0,0x0,0xff,0xff,0xff,0xff,0xff,0xff,
0x0,0x0,0x0,0x0,0x54,0x0,0x0,0x0,
0x54,0x0,0x0,0x0,0x54,0x0,0x0,0x0,
0x0,0x0,0x0,0x0,0x54,0x0,0x0,0x0,
0x54,0x0,0x0,0x0,0x0,0x0,0x2,0x0,
0x54,0x0,0x0,0x0,0x0,0x0,0x0,0x0,
0x84,0x0,0x0,0x0,0x14,0x4,0x50,0x1,
0x0,0x0,0x0,0x0,0x84,0x0,0x0,0x0,
0x0,0x0,0x0,0x0,0x84,0x0,0x0,0x0,
0x0,0x0,0x0,0x0,0x4d,0x0,0x0,0x0,
0x0,0x0,0x1,0x0,0x1,0x0,0x0,0x0,
0x0,0x0,0x0,0x0,0x15,0x4,0xa0,0x1,
0x15,0x4,0x0,0x2,0xb7,0x0,0x0,0x0,
0x0,0x0,0x2,0x0,0xa,0x0,0x0,0x0,
0x0,0x0,0x0,0x0,0x14,0x4,0xa0,0x1,
0x14,0x4,0x50,0x2,0x0,0x0,0x0,0x0,
0x90,0x0,0x0,0x0,0xd5,0x0,0x0,0x0,
0x0,0x0,0xff,0xff,0xff,0xff,0xff,0xff,
0x0,0x0,0x0,0x0,0x54,0x0,0x0,0x0,
0x54,0x0,0x0,0x0,0x54,0x0,0x0,0x0,
0x0,0x0,0x0,0x0,0x54,0x0,0x0,0x0,
0x54,0x0,0x0,0x0,0x0,0x0,0x3,0x0,
0x54,0x0,0x0,0x0,0x0,0x0,0x0,0x0,
0x9c,0x0,0x0,0x0,0x19,0x4,0x10,0x1,
0x1a,0x4,0x50,0x1,0x9c,0x0,0x0,0x0,
0x0,0x0,0x0,0x0,0x9c,0x0,0x0,0x0,
0x0,0x0,0x0,0x0,0xd,0x0,0x0,0x0,
0x0,0x0,0x3,0x0,0x0,0x0,0x0,0x0,
0xd7,0x0,0x0,0x0,0x1e,0x4,0x50,0x1,
0x1e,0x4,0xc0,0x1,0x49,0x0,0x0,0x0,
0x0,0x0,0x3,0x0,0x0,0x0,0x0,0x0,
0xd6,0x0,0x0,0x0,0x1b,0x4,0x50,0x1,
0x1b,0x4,0xb0,0x1,0x4b,0x0,0x0,0x0,
0x0,0x0,0xa,0x0,0xcb,0x0,0x0,0x0,
0x0,0x0,0x0,0x0,0x1c,0x4,0x50,0x1,
0x1c,0x4,0xa0,0x1,0x0,0x0,0x0,0x0,
0x0,0x0,0x0,0x0,0x0,0x0,0x0,0x0,
0x0,0x0,0xff,0xff,0xff,0xff,0xff,0xff,
0x0,0x0,0x0,0x0,0x54,0x0,0x0,0x0,
0x54,0x0,0x0,0x0,0x54,0x0,0x0,0x0,
0x0,0x0,0x0,0x0,0x54,0x0,0x0,0x0,
0x54,0x0,0x0,0x0,0x0,0x0,0x2,0x0,
0x54,0x0,0x0,0x0,0x0,0x0,0x0,0x0,
0x84,0x0,0x0,0x0,0x1c,0x4,0x50,0x1,
0x0,0x0,0x0,0x0,0x84,0x0,0x0,0x0,
0x0,0x0,0x0,0x0,0x84,0x0,0x0,0x0,
0x0,0x0,0x0,0x0,0x4d,0x0,0x0,0x0,
0x0,0x0,0x1,0x0,0x1,0x0,0x0,0x0,
0x0,0x0,0x0,0x0,0x1d,0x4,0xa0,0x1,
0x1d,0x4,0x0,0x2,0xb7,0x0,0x0,0x0,
0x0,0x0,0x2,0x0,0xa,0x0,0x0,0x0,
0x0,0x0,0x0,0x0,0x1c,0x4,0xa0,0x1,
0x1c,0x4,0x50,0x2,0x0,0x0,0x0,0x0,
0x82,0x0,0x0,0x0,0x0,0x0,0x0,0x0,
0x0,0x0,0xff,0xff,0xff,0xff,0xff,0xff,
0x0,0x0,0x0,0x0,0x54,0x0,0x0,0x0,
0x54,0x0,0x0,0x0,0x54,0x0,0x0,0x0,
0x0,0x0,0x0,0x0,0x54,0x0,0x0,0x0,
0x54,0x0,0x0,0x0,0x0,0x0,0x2,0x0,
0x54,0x0,0x0,0x0,0x0,0x0,0x0,0x0,
0x84,0x0,0x0,0x0,0x21,0x4,0x10,0x1,
0x0,0x0,0x0,0x0,0x84,0x0,0x0,0x0,
0x0,0x0,0x0,0x0,0x84,0x0,0x0,0x0,
0x0,0x0,0x0,0x0,0xd8,0x0,0x0,0x0,
0x0,0x2,0x7,0x0,0xd2,0x0,0x0,0x0,
0x0,0x0,0x0,0x0,0x24,0x4,0x50,0x1,
0x24,0x4,0x80,0x2,0x2b,0x0,0x0,0x0,
0x0,0x0,0x7,0x0,0xd1,0x0,0x0,0x0,
0x0,0x0,0x0,0x0,0x22,0x4,0x50,0x1,
0x22,0x4,0xd0,0x1,0x0,0x0,0x0,0x0,
0x46,0x0,0x0,0x0,0x0,0x0,0x0,0x0,
0x0,0x0,0xff,0xff,0xff,0xff,0xff,0xff,
0x0,0x0,0x0,0x0,0x54,0x0,0x0,0x0,
0x54,0x0,0x0,0x0,0x54,0x0,0x0,0x0,
0x0,0x0,0x0,0x0,0x54,0x0,0x0,0x0,
0x54,0x0,0x0,0x0,0x0,0x0,0x4,0x0,
0x54,0x0,0x0,0x0,0x0,0x0,0x0,0x0,
0xb4,0x0,0x0,0x0,0x3f,0x4,0xd0,0x0,
0x0,0x0,0x0,0x0,0xb4,0x0,0x0,0x0,
0x0,0x0,0x0,0x0,0xb4,0x0,0x0,0x0,
0x0,0x0,0x0,0x0,0x47,0x0,0x0,0x0,
0x0,0x0,0x2,0x0,0x38,0x0,0x0,0x0,
0x0,0x0,0x0,0x0,0x40,0x4,0x10,0x1,
0x40,0x4,0xa0,0x1,0x0,0x0,0x0,0x0,
0x0,0x0,0x8,0x0,0xcf,0x0,0x0,0x0,
0x0,0x0,0x0,0x0,0x43,0x4,0x10,0x1,
0x43,0x4,0x10,0x1,0x0,0x0,0x0,0x0,
0x0,0x0,0x8,0x0,0xd7,0x0,0x0,0x0,
0x0,0x0,0x0,0x0,0x7e,0x4,0x10,0x1,
0x7e,0x4,0x10,0x1,0x12,0x0,0x0,0x0,
0x0,0x0,0xa,0x0,0xce,0x0,0x0,0x0,
0x0,0x0,0x0,0x0,0x41,0x4,0x10,0x1,
0x41,0x4,0x90,0x1,0x0,0x0,0x0,0x0,
0x0,0x0,0x0,0x0,0x0,0x0,0x0,0x0,
0x0,0x0,0xff,0xff,0xff,0xff,0xff,0xff,
0x0,0x0,0x0,0x0,0x54,0x0,0x0,0x0,
0x54,0x0,0x0,0x0,0x54,0x0,0x0,0x0,
0x0,0x0,0x0,0x0,0x54,0x0,0x0,0x0,
0x54,0x0,0x0,0x0,0x0,0x0,0x1,0x0,
0x54,0x0,0x0,0x0,0x0,0x0,0x0,0x0,
0x6c,0x0,0x0,0x0,0x41,0x4,0x10,0x1,
0x0,0x0,0x0,0x0,0x6c,0x0,0x0,0x0,
0x0,0x0,0x0,0x0,0x6c,0x0,0x0,0x0,
0x0,0x0,0x0,0x0,0x78,0x0,0x0,0x0,
0x0,0x0,0x7,0x0,0xd4,0x0,0x0,0x0,
0x0,0x0,0x0,0x0,0x41,0x4,0x90,0x1,
0x41,0x4,0xb0,0x2,0x0,0x0,0x0,0x0,
0x92,0x0,0x0,0x0,0x0,0x0,0x0,0x0,
0x0,0x0,0xff,0xff,0xff,0xff,0xff,0xff,
0x0,0x0,0x0,0x0,0x54,0x0,0x0,0x0,
0x54,0x0,0x0,0x0,0x54,0x0,0x0,0x0,
0x0,0x0,0x0,0x0,0x54,0x0,0x0,0x0,
0x54,0x0,0x0,0x0,0x0,0x0,0x6,0x0,
0x54,0x0,0x0,0x0,0x0,0x0,0x0,0x0,
0xe4,0x0,0x0,0x0,0x43,0x4,0x10,0x1,
0x0,0x0,0x0,0x0,0xe4,0x0,0x0,0x0,
0x0,0x0,0x0,0x0,0xe4,0x0,0x0,0x0,
0x0,0x0,0x0,0x0,0x47,0x0,0x0,0x0,
0x0,0x0,0x2,0x0,0x38,0x0,0x0,0x0,
0x0,0x0,0x0,0x0,0x44,0x4,0x50,0x1,
0x44,0x4,0xe0,0x1,0x0,0x0,0x0,0x0,
0x0,0x0,0x8,0x0,0xd1,0x0,0x0,0x0,
0x0,0x0,0x0,0x0,0x47,0x4,0x50,0x1,
0x47,0x4,0x50,0x1,0x0,0x0,0x0,0x0,
0x0,0x0,0x8,0x0,0xd3,0x0,0x0,0x0,
0x0,0x0,0x0,0x0,0x4e,0x4,0x50,0x1,
0x4e,0x4,0x50,0x1,0x0,0x0,0x0,0x0,
0x0,0x0,0x8,0x0,0xd5,0x0,0x0,0x0,
0x0,0x0,0x0,0x0,0x55,0x4,0x50,0x1,
0x55,0x4,0x50,0x1,0x0,0x0,0x0,0x0,
0x0,0x0,0x8,0x0,0xd6,0x0,0x0,0x0,
0x0,0x0,0x0,0x0,0x5c,0x4,0x50,0x1,
0x5c,0x4,0x50,0x1,0x12,0x0,0x0,0x0,
0x0,0x0,0xa,0x0,0xd0,0x0,0x0,0x0,
0x0,0x0,0x0,0x0,0x45,0x4,0x50,0x1,
0x45,0x4,0xd0,0x1,0x0,0x0,0x0,0x0,
0x0,0x0,0x0,0x0,0x0,0x0,0x0,0x0,
0x0,0x0,0xff,0xff,0xff,0xff,0xff,0xff,
0x0,0x0,0x0,0x0,0x54,0x0,0x0,0x0,
0x54,0x0,0x0,0x0,0x54,0x0,0x0,0x0,
0x0,0x0,0x0,0x0,0x54,0x0,0x0,0x0,
0x54,0x0,0x0,0x0,0x0,0x0,0x1,0x0,
0x54,0x0,0x0,0x0,0x0,0x0,0x0,0x0,
0x6c,0x0,0x0,0x0,0x45,0x4,0x50,0x1,
0x0,0x0,0x0,0x0,0x6c,0x0,0x0,0x0,
0x0,0x0,0x0,0x0,0x6c,0x0,0x0,0x0,
0x0,0x0,0x0,0x0,0x78,0x0,0x0,0x0,
0x0,0x0,0x7,0x0,0xd5,0x0,0x0,0x0,
0x0,0x0,0x0,0x0,0x45,0x4,0xd0,0x1,
0x45,0x4,0xf0,0x2,0x0,0x0,0x0,0x0,
0x90,0x0,0x0,0x0,0x0,0x0,0x0,0x0,
0x0,0x0,0xff,0xff,0xff,0xff,0xff,0xff,
0x0,0x0,0x0,0x0,0x54,0x0,0x0,0x0,
0x54,0x0,0x0,0x0,0x54,0x0,0x0,0x0,
0x0,0x0,0x0,0x0,0x54,0x0,0x0,0x0,
0x54,0x0,0x0,0x0,0x0,0x0,0x3,0x0,
0x54,0x0,0x0,0x0,0x0,0x0,0x0,0x0,
0x9c,0x0,0x0,0x0,0x47,0x4,0x50,0x1,
0x0,0x0,0x0,0x0,0x9c,0x0,0x0,0x0,
0x0,0x0,0x0,0x0,0x9c,0x0,0x0,0x0,
0x0,0x0,0x0,0x0,0xd,0x0,0x0,0x0,
0x0,0x0,0x3,0x0,0x0,0x0,0x0,0x0,
0xa1,0x0,0x0,0x0,0x4b,0x4,0x90,0x1,
0x4b,0x4,0x0,0x2,0x49,0x0,0x0,0x0,
0x0,0x0,0x3,0x0,0x0,0x0,0x0,0x0,
0xdc,0x0,0x0,0x0,0x48,0x4,0x90,0x1,
0x48,0x4,0xf0,0x1,0x4b,0x0,0x0,0x0,
0x0,0x0,0xa,0x0,0xd2,0x0,0x0,0x0,
0x0,0x0,0x0,0x0,0x49,0x4,0x90,0x1,
0x49,0x4,0xe0,0x1,0x0,0x0,0x0,0x0,
0x0,0x0,0x0,0x0,0x0,0x0,0x0,0x0,
0x0,0x0,0xff,0xff,0xff,0xff,0xff,0xff,
0x0,0x0,0x0,0x0,0x54,0x0,0x0,0x0,
0x54,0x0,0x0,0x0,0x54,0x0,0x0,0x0,
0x0,0x0,0x0,0x0,0x54,0x0,0x0,0x0,
0x54,0x0,0x0,0x0,0x0,0x0,0x2,0x0,
0x54,0x0,0x0,0x0,0x0,0x0,0x0,0x0,
0x84,0x0,0x0,0x0,0x49,0x4,0x90,0x1,
0x0,0x0,0x0,0x0,0x84,0x0,0x0,0x0,
0x0,0x0,0x0,0x0,0x84,0x0,0x0,0x0,
0x0,0x0,0x0,0x0,0x4d,0x0,0x0,0x0,
0x0,0x0,0x1,0x0,0x1,0x0,0x0,0x0,
0x0,0x0,0x0,0x0,0x4a,0x4,0xe0,0x1,
0x4a,0x4,0x40,0x2,0xb7,0x0,0x0,0x0,
0x0,0x0,0x2,0x0,0x39,0x0,0x0,0x0,
0x0,0x0,0x0,0x0,0x49,0x4,0xe0,0x1,
0x49,0x4,0x90,0x2,0x0,0x0,0x0,0x0,
0x90,0x0,0x0,0x0,0xdd,0x0,0x0,0x0,
0x0,0x0,0xff,0xff,0xff,0xff,0xff,0xff,
0x0,0x0,0x0,0x0,0x54,0x0,0x0,0x0,
0x54,0x0,0x0,0x0,0x54,0x0,0x0,0x0,
0x0,0x0,0x0,0x0,0x54,0x0,0x0,0x0,
0x54,0x0,0x0,0x0,0x0,0x0,0x2,0x0,
0x54,0x0,0x0,0x0,0x0,0x0,0x0,0x0,
0x84,0x0,0x0,0x0,0x4e,0x4,0x50,0x1,
0x4f,0x4,0x90,0x1,0x84,0x0,0x0,0x0,
0x0,0x0,0x0,0x0,0x84,0x0,0x0,0x0,
0x0,0x0,0x0,0x0,0x49,0x0,0x0,0x0,
0x0,0x0,0x3,0x0,0x0,0x0,0x0,0x0,
0xde,0x0,0x0,0x0,0x50,0x4,0x90,0x1,
0x50,0x4,0xf0,0x1,0x4b,0x0,0x0,0x0,
0x0,0x0,0xa,0x0,0xd4,0x0,0x0,0x0,
0x0,0x0,0x0,0x0,0x51,0x4,0x90,0x1,
0x51,0x4,0xe0,0x1,0x0,0x0,0x0,0x0,
0x0,0x0,0x0,0x0,0x0,0x0,0x0,0x0,
0x0,0x0,0xff,0xff,0xff,0xff,0xff,0xff,
0x0,0x0,0x0,0x0,0x54,0x0,0x0,0x0,
0x54,0x0,0x0,0x0,0x54,0x0,0x0,0x0,
0x0,0x0,0x0,0x0,0x54,0x0,0x0,0x0,
0x54,0x0,0x0,0x0,0x0,0x0,0x2,0x0,
0x54,0x0,0x0,0x0,0x0,0x0,0x0,0x0,
0x84,0x0,0x0,0x0,0x51,0x4,0x90,0x1,
0x0,0x0,0x0,0x0,0x84,0x0,0x0,0x0,
0x0,0x0,0x0,0x0,0x84,0x0,0x0,0x0,
0x0,0x0,0x0,0x0,0x4d,0x0,0x0,0x0,
0x0,0x0,0x1,0x0,0x1,0x0,0x0,0x0,
0x0,0x0,0x0,0x0,0x52,0x4,0xe0,0x1,
0x52,0x4,0x40,0x2,0xb7,0x0,0x0,0x0,
0x0,0x0,0x2,0x0,0x39,0x0,0x0,0x0,
0x0,0x0,0x0,0x0,0x51,0x4,0xe0,0x1,
0x51,0x4,0x90,0x2,0x0,0x0,0x0,0x0,
0x22,0x0,0x0,0x0,0xdf,0x0,0x0,0x0,
0x0,0x0,0xff,0xff,0xff,0xff,0xff,0xff,
0x0,0x0,0x0,0x0,0x54,0x0,0x0,0x0,
0x54,0x0,0x0,0x0,0x54,0x0,0x0,0x0,
0x0,0x0,0x0,0x0,0x54,0x0,0x0,0x0,
0x54,0x0,0x0,0x0,0x0,0x0,0x3,0x0,
0x54,0x0,0x0,0x0,0x0,0x0,0x0,0x0,
0x9c,0x0,0x0,0x0,0x55,0x4,0x50,0x1,
0x56,0x4,0x90,0x1,0x9c,0x0,0x0,0x0,
0x0,0x0,0x0,0x0,0x9c,0x0,0x0,0x0,
0x0,0x0,0x0,0x0,0x25,0x0,0x0,0x0,
0x0,0x0,0x1,0x0,0x1,0x0,0x0,0x0,
0x0,0x0,0x0,0x0,0x59,0x4,0x90,0x1,
0x59,0x4,0x10,0x2,0x24,0x0,0x0,0x0,
0x0,0x0,0x1,0x0,0x1,0x0,0x0,0x0,
0x0,0x0,0x0,0x0,0x58,0x4,0x90,0x1,
0x58,0x4,0x20,0x2,0x23,0x0,0x0,0x0,
0x0,0x0,0x2,0x0,0x0,0x0,0x0,0x0,
0x0,0x0,0x0,0x0,0x57,0x4,0x90,0x1,
0x57,0x4,0x30,0x2,0x0,0x0,0x0,0x0,
0x82,0x0,0x0,0x0,0x0,0x0,0x0,0x0,
0x0,0x0,0xff,0xff,0xff,0xff,0xff,0xff,
0x0,0x0,0x0,0x0,0x54,0x0,0x0,0x0,
0x54,0x0,0x0,0x0,0x54,0x0,0x0,0x0,
0x0,0x0,0x0,0x0,0x54,0x0,0x0,0x0,
0x54,0x0,0x0,0x0,0x0,0x0,0x2,0x0,
0x54,0x0,0x0,0x0,0x0,0x0,0x0,0x0,
0x84,0x0,0x0,0x0,0x5c,0x4,0x50,0x1,
0x0,0x0,0x0,0x0,0x84,0x0,0x0,0x0,
0x0,0x0,0x0,0x0,0x84,0x0,0x0,0x0,
0x0,0x0,0x0,0x0,0xd8,0x0,0x0,0x0,
0x0,0x2,0x7,0x0,0xd7,0x0,0x0,0x0,
0x0,0x0,0x0,0x0,0x5f,0x4,0x90,0x1,
0x5f,0x4,0xc0,0x2,0x2b,0x0,0x0,0x0,
0x0,0x0,0x7,0x0,0xd6,0x0,0x0,0x0,
0x0,0x0,0x0,0x0,0x5d,0x4,0x90,0x1,
0x5d,0x4,0x10,0x2,0x0,0x0,0x0,0x0,
0x10,0x0,0x0,0x0,0x0,0x0,0x0,0x0,
0x0,0x0,0xff,0xff,0xff,0xff,0xff,0xff,
0x0,0x0,0x0,0x0,0x54,0x0,0x0,0x0,
0x54,0x0,0x0,0x0,0x54,0x0,0x0,0x0,
0x0,0x0,0x0,0x0,0x54,0x0,0x0,0x0,
0x54,0x0,0x0,0x0,0x0,0x0,0x5,0x0,
0x54,0x0,0x0,0x0,0x0,0x0,0x0,0x0,
0xcc,0x0,0x0,0x0,0x7e,0x4,0x10,0x1,
0x0,0x0,0x0,0x0,0xcc,0x0,0x0,0x0,
0x0,0x0,0x0,0x0,0xcc,0x0,0x0,0x0,
0x0,0x0,0x0,0x0,0xd,0x0,0x0,0x0,
0x0,0x0,0x3,0x0,0x0,0x0,0x0,0x0,
0x94,0x0,0x0,0x0,0x82,0x4,0x50,0x1,
0x82,0x4,0xc0,0x1,0x7d,0x0,0x0,0x0,
0x0,0x0,0x2,0x0,0x38,0x0,0x0,0x0,
0x0,0x0,0x0,0x0,0x81,0x4,0x50,0x1,
0x81,0x4,0xd0,0x1,0x1e,0x0,0x0,0x0,
0x0,0x0,0x2,0x0,0x26,0x0,0x0,0x0,
0x0,0x0,0x0,0x0,0x80,0x4,0x50,0x1,
0x80,0x4,0xd0,0x1,0x1d,0x0,0x0,0x0,
0x0,0x0,0x2,0x0,0x3a,0x0,0x0,0x0,
0x0,0x0,0x0,0x0,0x7f,0x4,0x50,0x1,
0x7f,0x4,0xc0,0x1,0x0,0x0,0x0,0x0,
0x0,0x0,0x8,0x0,0xd8,0x0,0x0,0x0,
0x0,0x0,0x0,0x0,0x84,0x4,0x50,0x1,
0x84,0x4,0x50,0x1,0x0,0x0,0x0,0x0,
0x10,0x0,0x0,0x0,0xe0,0x0,0x0,0x0,
0x0,0x0,0xff,0xff,0xff,0xff,0xff,0xff,
0x0,0x0,0x0,0x0,0x54,0x0,0x0,0x0,
0x54,0x0,0x0,0x0,0x54,0x0,0x0,0x0,
0x0,0x0,0x0,0x0,0x54,0x0,0x0,0x0,
0x54,0x0,0x0,0x0,0x0,0x0,0x2,0x0,
0x54,0x0,0x0,0x0,0x0,0x0,0x0,0x0,
0x84,0x0,0x0,0x0,0x84,0x4,0x50,0x1,
0x85,0x4,0x90,0x1,0x84,0x0,0x0,0x0,
0x0,0x0,0x0,0x0,0x84,0x0,0x0,0x0,
0x0,0x0,0x0,0x0,0x7d,0x0,0x0,0x0,
0x0,0x0,0x2,0x0,0x38,0x0,0x0,0x0,
0x0,0x0,0x0,0x0,0x87,0x4,0x90,0x1,
0x87,0x4,0x10,0x2,0x1e,0x0,0x0,0x0,
0x0,0x0,0x7,0x0,0xd9,0x0,0x0,0x0,
0x0,0x0,0x0,0x0,0x86,0x4,0x90,0x1,
0x86,0x4,0x10,0x2,0x0,0x0,0x0,0x0,
0xe1,0x0,0x0,0x0,0xe2,0x0,0x0,0x0,
0x0,0x0,0xff,0xff,0xff,0xff,0xff,0xff,
0x0,0x0,0x0,0x0,0x54,0x0,0x0,0x0,
0x54,0x0,0x0,0x0,0x54,0x0,0x0,0x0,
0x0,0x0,0x0,0x0,0x54,0x0,0x0,0x0,
0x54,0x0,0x0,0x0,0x0,0x0,0x3,0x0,
0x54,0x0,0x0,0x0,0x0,0x0,0x0,0x0,
0x9c,0x0,0x0,0x0,0x8e,0x4,0x90,0x0,
0x8f,0x4,0xd0,0x0,0x9c,0x0,0x0,0x0,
0x0,0x0,0x0,0x0,0x9c,0x0,0x0,0x0,
0x0,0x0,0x0,0x0,0x0,0x0,0x0,0x0,
0x0,0x0,0x8,0x0,0xda,0x0,0x0,0x0,
0x0,0x0,0x0,0x0,0x90,0x4,0xd0,0x0,
0x90,0x4,0xd0,0x0,0x0,0x0,0x0,0x0,
0x0,0x0,0x8,0x0,0xdb,0x0,0x0,0x0,
0x0,0x0,0x0,0x0,0x91,0x4,0xd0,0x0,
0x91,0x4,0xd0,0x0,0x0,0x0,0x0,0x0,
0x0,0x0,0x8,0x0,0xdc,0x0,0x0,0x0,
0x0,0x0,0x0,0x0,0x92,0x4,0xd0,0x0,
0x92,0x4,0xd0,0x0,0x0,0x0,0x0,0x0,
0xe3,0x0,0x0,0x0,0x0,0x0,0x0,0x0,
0x0,0x0,0xff,0xff,0xff,0xff,0xff,0xff,
0x0,0x0,0x0,0x0,0x54,0x0,0x0,0x0,
0x54,0x0,0x0,0x0,0x54,0x0,0x0,0x0,
0x0,0x0,0x0,0x0,0x54,0x0,0x0,0x0,
0x54,0x0,0x0,0x0,0x0,0x0,0x1,0x0,
0x54,0x0,0x0,0x0,0x0,0x0,0x0,0x0,
0x6c,0x0,0x0,0x0,0x90,0x4,0xd0,0x0,
0x0,0x0,0x0,0x0,0x6c,0x0,0x0,0x0,
0x0,0x0,0x0,0x0,0x6c,0x0,0x0,0x0,
0x0,0x0,0x0,0x0,0xe4,0x0,0x0,0x0,
0x0,0x0,0x3,0x0,0x0,0x0,0x0,0x0,
0xe5,0x0,0x0,0x0,0x90,0x4,0xb0,0x1,
0x90,0x4,0x10,0x2,0x0,0x0,0x0,0x0,
0xe3,0x0,0x0,0x0,0x0,0x0,0x0,0x0,
0x0,0x0,0xff,0xff,0xff,0xff,0xff,0xff,
0x0,0x0,0x0,0x0,0x54,0x0,0x0,0x0,
0x54,0x0,0x0,0x0,0x54,0x0,0x0,0x0,
0x0,0x0,0x0,0x0,0x54,0x0,0x0,0x0,
0x54,0x0,0x0,0x0,0x0,0x0,0x1,0x0,
0x54,0x0,0x0,0x0,0x0,0x0,0x0,0x0,
0x6c,0x0,0x0,0x0,0x91,0x4,0xd0,0x0,
0x0,0x0,0x0,0x0,0x6c,0x0,0x0,0x0,
0x0,0x0,0x0,0x0,0x6c,0x0,0x0,0x0,
0x0,0x0,0x0,0x0,0xe4,0x0,0x0,0x0,
0x0,0x0,0x3,0x0,0x0,0x0,0x0,0x0,
0xe6,0x0,0x0,0x0,0x91,0x4,0xb0,0x1,
0x91,0x4,0x10,0x2,0x0,0x0,0x0,0x0,
0xe3,0x0,0x0,0x0,0x0,0x0,0x0,0x0,
0x0,0x0,0xff,0xff,0xff,0xff,0xff,0xff,
0x0,0x0,0x0,0x0,0x54,0x0,0x0,0x0,
0x54,0x0,0x0,0x0,0x54,0x0,0x0,0x0,
0x0,0x0,0x0,0x0,0x54,0x0,0x0,0x0,
0x54,0x0,0x0,0x0,0x0,0x0,0x1,0x0,
0x54,0x0,0x0,0x0,0x0,0x0,0x0,0x0,
0x6c,0x0,0x0,0x0,0x92,0x4,0xd0,0x0,
0x0,0x0,0x0,0x0,0x6c,0x0,0x0,0x0,
0x0,0x0,0x0,0x0,0x6c,0x0,0x0,0x0,
0x0,0x0,0x0,0x0,0xe4,0x0,0x0,0x0,
0x0,0x0,0x3,0x0,0x0,0x0,0x0,0x0,
0xe7,0x0,0x0,0x0,0x92,0x4,0xb0,0x1,
0x92,0x4,0x10,0x2,0x0,0x0,0x0,0x0,
0xe1,0x0,0x0,0x0,0xe8,0x0,0x0,0x0,
0x0,0x0,0xff,0xff,0xff,0xff,0xff,0xff,
0x0,0x0,0x0,0x0,0x54,0x0,0x0,0x0,
0x54,0x0,0x0,0x0,0x54,0x0,0x0,0x0,
0x0,0x0,0x0,0x0,0x54,0x0,0x0,0x0,
0x54,0x0,0x0,0x0,0x0,0x0,0x3,0x0,
0x54,0x0,0x0,0x0,0x0,0x0,0x0,0x0,
0x9c,0x0,0x0,0x0,0x94,0x4,0x90,0x0,
0x95,0x4,0xd0,0x0,0x9c,0x0,0x0,0x0,
0x0,0x0,0x0,0x0,0x9c,0x0,0x0,0x0,
0x0,0x0,0x0,0x0,0x0,0x0,0x0,0x0,
0x0,0x0,0x8,0x0,0xde,0x0,0x0,0x0,
0x0,0x0,0x0,0x0,0x96,0x4,0xd0,0x0,
0x96,0x4,0xd0,0x0,0x0,0x0,0x0,0x0,
0x0,0x0,0x8,0x0,0xdf,0x0,0x0,0x0,
0x0,0x0,0x0,0x0,0x97,0x4,0xd0,0x0,
0x97,0x4,0xd0,0x0,0x0,0x0,0x0,0x0,
0x0,0x0,0x8,0x0,0xe0,0x0,0x0,0x0,
0x0,0x0,0x0,0x0,0x98,0x4,0xd0,0x0,
0x98,0x4,0xd0,0x0,0x0,0x0,0x0,0x0,
0xe3,0x0,0x0,0x0,0x0,0x0,0x0,0x0,
0x0,0x0,0xff,0xff,0xff,0xff,0xff,0xff,
0x0,0x0,0x0,0x0,0x54,0x0,0x0,0x0,
0x54,0x0,0x0,0x0,0x54,0x0,0x0,0x0,
0x0,0x0,0x0,0x0,0x54,0x0,0x0,0x0,
0x54,0x0,0x0,0x0,0x0,0x0,0x1,0x0,
0x54,0x0,0x0,0x0,0x0,0x0,0x0,0x0,
0x6c,0x0,0x0,0x0,0x96,0x4,0xd0,0x0,
0x0,0x0,0x0,0x0,0x6c,0x0,0x0,0x0,
0x0,0x0,0x0,0x0,0x6c,0x0,0x0,0x0,
0x0,0x0,0x0,0x0,0xe4,0x0,0x0,0x0,
0x0,0x0,0x3,0x0,0x0,0x0,0x0,0x0,
0xe9,0x0,0x0,0x0,0x96,0x4,0xb0,0x1,
0x96,0x4,0x10,0x2,0x0,0x0,0x0,0x0,
0xe3,0x0,0x0,0x0,0x0,0x0,0x0,0x0,
0x0,0x0,0xff,0xff,0xff,0xff,0xff,0xff,
0x0,0x0,0x0,0x0,0x54,0x0,0x0,0x0,
0x54,0x0,0x0,0x0,0x54,0x0,0x0,0x0,
0x0,0x0,0x0,0x0,0x54,0x0,0x0,0x0,
0x54,0x0,0x0,0x0,0x0,0x0,0x1,0x0,
0x54,0x0,0x0,0x0,0x0,0x0,0x0,0x0,
0x6c,0x0,0x0,0x0,0x97,0x4,0xd0,0x0,
0x0,0x0,0x0,0x0,0x6c,0x0,0x0,0x0,
0x0,0x0,0x0,0x0,0x6c,0x0,0x0,0x0,
0x0,0x0,0x0,0x0,0xe4,0x0,0x0,0x0,
0x0,0x0,0x3,0x0,0x0,0x0,0x0,0x0,
0xea,0x0,0x0,0x0,0x97,0x4,0xb0,0x1,
0x97,0x4,0x10,0x2,0x0,0x0,0x0,0x0,
0xe3,0x0,0x0,0x0,0x0,0x0,0x0,0x0,
0x0,0x0,0xff,0xff,0xff,0xff,0xff,0xff,
0x0,0x0,0x0,0x0,0x54,0x0,0x0,0x0,
0x54,0x0,0x0,0x0,0x54,0x0,0x0,0x0,
0x0,0x0,0x0,0x0,0x54,0x0,0x0,0x0,
0x54,0x0,0x0,0x0,0x0,0x0,0x1,0x0,
0x54,0x0,0x0,0x0,0x0,0x0,0x0,0x0,
0x6c,0x0,0x0,0x0,0x98,0x4,0xd0,0x0,
0x0,0x0,0x0,0x0,0x6c,0x0,0x0,0x0,
0x0,0x0,0x0,0x0,0x6c,0x0,0x0,0x0,
0x0,0x0,0x0,0x0,0xe4,0x0,0x0,0x0,
0x0,0x0,0x3,0x0,0x0,0x0,0x0,0x0,
0xeb,0x0,0x0,0x0,0x98,0x4,0xb0,0x1,
0x98,0x4,0x10,0x2,0x0,0x0,0x0,0x0,
0x46,0x0,0x0,0x0,0x0,0x0,0x0,0x0,
0x0,0x0,0xff,0xff,0xff,0xff,0xff,0xff,
0x0,0x0,0x0,0x0,0x54,0x0,0x0,0x0,
0x54,0x0,0x0,0x0,0x54,0x0,0x0,0x0,
0x0,0x0,0x0,0x0,0x54,0x0,0x0,0x0,
0x54,0x0,0x0,0x0,0x0,0x0,0x4,0x0,
0x54,0x0,0x0,0x0,0x0,0x0,0x0,0x0,
0xb4,0x0,0x0,0x0,0x9b,0x4,0x90,0x0,
0x0,0x0,0x0,0x0,0xb4,0x0,0x0,0x0,
0x0,0x0,0x0,0x0,0xb4,0x0,0x0,0x0,
0x0,0x0,0x0,0x0,0x47,0x0,0x0,0x0,
0x0,0x0,0x2,0x0,0x22,0x0,0x0,0x0,
0x0,0x0,0x0,0x0,0xa0,0x4,0xd0,0x0,
0xa0,0x4,0x60,0x1,0x0,0x0,0x0,0x0,
0x0,0x0,0x8,0x0,0xe3,0x0,0x0,0x0,
0x0,0x0,0x0,0x0,0xa3,0x4,0xd0,0x0,
0xa3,0x4,0xd0,0x0,0x0,0x0,0x0,0x0,
0x0,0x0,0x8,0x0,0xea,0x0,0x0,0x0,
0x0,0x0,0x0,0x0,0xc7,0x4,0xd0,0x0,
0xc7,0x4,0xd0,0x0,0x12,0x0,0x0,0x0,
0x0,0x0,0xa,0x0,0xe2,0x0,0x0,0x0,
0x0,0x0,0x0,0x0,0x9c,0x4,0xd0,0x0,
0x9c,0x4,0x50,0x1,0x0,0x0,0x0,0x0,
0x0,0x0,0x0,0x0,0x0,0x0,0x0,0x0,
0x0,0x0,0xff,0xff,0xff,0xff,0xff,0xff,
0x0,0x0,0x0,0x0,0x54,0x0,0x0,0x0,
0x54,0x0,0x0,0x0,0x54,0x0,0x0,0x0,
0x0,0x0,0x0,0x0,0x54,0x0,0x0,0x0,
0x54,0x0,0x0,0x0,0x0,0x0,0x4,0x0,
0x54,0x0,0x0,0x0,0x0,0x0,0x0,0x0,
0xb4,0x0,0x0,0x0,0x9c,0x4,0xd0,0x0,
0x0,0x0,0x0,0x0,0xb4,0x0,0x0,0x0,
0x0,0x0,0x0,0x0,0xb4,0x0,0x0,0x0,
0x0,0x0,0x0,0x0,0x3f,0x0,0x0,0x0,
0x0,0x0,0x2,0x0,0x23,0x0,0x0,0x0,
0x0,0x0,0x0,0x0,0x9f,0x4,0x50,0x1,
0x9f,0x4,0x20,0x2,0x3e,0x0,0x0,0x0,
0x0,0x0,0x2,0x0,0x3b,0x0,0x0,0x0,
0x0,0x0,0x0,0x0,0x9e,0x4,0x50,0x1,
0x9e,0x4,0x0,0x2,0x3c,0x0,0x0,0x0,
0x0,0x0,0x7,0x0,0xdb,0x0,0x0,0x0,
0x0,0x0,0x0,0x0,0x9d,0x4,0x50,0x1,
0x9d,0x4,0xc0,0x1,0x3a,0x0,0x0,0x0,
0x0,0x0,0x7,0x0,0xda,0x0,0x0,0x0,
0x0,0x0,0x0,0x0,0x9c,0x4,0x50,0x1,
0x9c,0x4,0xa0,0x1,0x0,0x0,0x0,0x0,
0x46,0x0,0x0,0x0,0x0,0x0,0x0,0x0,
0x0,0x0,0xff,0xff,0xff,0xff,0xff,0xff,
0x0,0x0,0x0,0x0,0x54,0x0,0x0,0x0,
0x54,0x0,0x0,0x0,0x54,0x0,0x0,0x0,
0x0,0x0,0x0,0x0,0x54,0x0,0x0,0x0,
0x54,0x0,0x0,0x0,0x0,0x0,0x3,0x0,
0x54,0x0,0x0,0x0,0x0,0x0,0x0,0x0,
0x9c,0x0,0x0,0x0,0xa3,0x4,0xd0,0x0,
0x0,0x0,0x0,0x0,0x9c,0x0,0x0,0x0,
0x0,0x0,0x0,0x0,0x9c,0x0,0x0,0x0,
0x0,0x0,0x0,0x0,0x47,0x0,0x0,0x0,
0x0,0x0,0x2,0x0,0x1e,0x0,0x0,0x0,
0x0,0x0,0x0,0x0,0xa4,0x4,0x10,0x1,
0xa4,0x4,0xa0,0x1,0x0,0x0,0x0,0x0,
0x0,0x0,0x8,0x0,0xe4,0x0,0x0,0x0,
0x0,0x0,0x0,0x0,0xa6,0x4,0x10,0x1,
0xa6,0x4,0x10,0x1,0x0,0x0,0x0,0x0,
0x0,0x0,0x8,0x0,0xe6,0x0,0x0,0x0,
0x0,0x0,0x0,0x0,0xaf,0x4,0x10,0x1,
0xaf,0x4,0x10,0x1,0x0,0x0,0x0,0x0,
0x90,0x0,0x0,0x0,0x0,0x0,0x0,0x0,
0x0,0x0,0xff,0xff,0xff,0xff,0xff,0xff,
0x0,0x0,0x0,0x0,0x54,0x0,0x0,0x0,
0x54,0x0,0x0,0x0,0x54,0x0,0x0,0x0,
0x0,0x0,0x0,0x0,0x54,0x0,0x0,0x0,
0x54,0x0,0x0,0x0,0x0,0x0,0x3,0x0,
0x54,0x0,0x0,0x0,0x0,0x0,0x0,0x0,
0x9c,0x0,0x0,0x0,0xa6,0x4,0x10,0x1,
0x0,0x0,0x0,0x0,0x9c,0x0,0x0,0x0,
0x0,0x0,0x0,0x0,0x9c,0x0,0x0,0x0,
0x0,0x0,0x0,0x0,0x5a,0x0,0x0,0x0,
0x0,0x0,0x7,0x0,0xdc,0x0,0x0,0x0,
0x0,0x0,0x0,0x0,0xaa,0x4,0x50,0x1,
0xaa,0x4,0xa0,0x2,0x49,0x0,0x0,0x0,
0x0,0x0,0x3,0x0,0x0,0x0,0x0,0x0,
0xec,0x0,0x0,0x0,0xa7,0x4,0x50,0x1,
0xa7,0x4,0xb0,0x1,0x4b,0x0,0x0,0x0,
0x0,0x0,0xa,0x0,0xe5,0x0,0x0,0x0,
0x0,0x0,0x0,0x0,0xa8,0x4,0x50,0x1,
0xa8,0x4,0xa0,0x1,0x0,0x0,0x0,0x0,
0x0,0x0,0x0,0x0,0x0,0x0,0x0,0x0,
0x0,0x0,0xff,0xff,0xff,0xff,0xff,0xff,
0x0,0x0,0x0,0x0,0x54,0x0,0x0,0x0,
0x54,0x0,0x0,0x0,0x54,0x0,0x0,0x0,
0x0,0x0,0x0,0x0,0x54,0x0,0x0,0x0,
0x54,0x0,0x0,0x0,0x0,0x0,0x4,0x0,
0x54,0x0,0x0,0x0,0x0,0x0,0x0,0x0,
0xb4,0x0,0x0,0x0,0xa8,0x4,0x50,0x1,
0x0,0x0,0x0,0x0,0xb4,0x0,0x0,0x0,
0x0,0x0,0x0,0x0,0xb4,0x0,0x0,0x0,
0x0,0x0,0x0,0x0,0xed,0x0,0x0,0x0,
0x0,0x0,0x1,0x0,0x0,0x0,0x0,0x0,
0x0,0x0,0x0,0x0,0xac,0x4,0xa0,0x1,
0xac,0x4,0x50,0x2,0x6a,0x0,0x0,0x0,
0x0,0x0,0x1,0x0,0x1,0x0,0x0,0x0,
0x0,0x0,0x0,0x0,0xab,0x4,0xa0,0x1,
0xab,0x4,0x20,0x2,0x4d,0x0,0x0,0x0,
0x0,0x0,0x1,0x0,0x1,0x0,0x0,0x0,
0x0,0x0,0x0,0x0,0xa9,0x4,0xa0,0x1,
0xa9,0x4,0x0,0x2,0xb7,0x0,0x0,0x0,
0x0,0x0,0x2,0x0,0xa,0x0,0x0,0x0,
0x0,0x0,0x0,0x0,0xa8,0x4,0xa0,0x1,
0xa8,0x4,0x50,0x2,0x0,0x0,0x0,0x0,
0xee,0x0,0x0,0x0,0xef,0x0,0x0,0x0,
0x0,0x0,0xff,0xff,0xff,0xff,0xff,0xff,
0x0,0x0,0x0,0x0,0x54,0x0,0x0,0x0,
0x54,0x0,0x0,0x0,0x54,0x0,0x0,0x0,
0x0,0x0,0x0,0x0,0x54,0x0,0x0,0x0,
0x54,0x0,0x0,0x0,0x0,0x0,0x6,0x0,
0x54,0x0,0x0,0x0,0x0,0x0,0x0,0x0,
0xe4,0x0,0x0,0x0,0xaf,0x4,0x10,0x1,
0xb0,0x4,0x50,0x1,0xe4,0x0,0x0,0x0,
0x0,0x0,0x0,0x0,0xe4,0x0,0x0,0x0,
0x0,0x0,0x0,0x0,0x7f,0x0,0x0,0x0,
0x0,0x0,0x8,0x0,0xe8,0x0,0x0,0x0,
0x0,0x0,0x0,0x0,0xbb,0x4,0x50,0x1,
0xbb,0x4,0x20,0x2,0x50,0x0,0x0,0x0,
0x0,0x0,0x8,0x0,0xe7,0x0,0x0,0x0,
0x0,0x0,0x0,0x0,0xb6,0x4,0x50,0x1,
0xb6,0x4,0x10,0x2,0xf2,0x0,0x0,0x0,
0x0,0x0,0x3,0x0,0x0,0x0,0x0,0x0,
0xe4,0x0,0x0,0x0,0xb4,0x4,0x50,0x1,
0xb4,0x4,0xf0,0x1,0xf0,0x0,0x0,0x0,
0x0,0x0,0x7,0x0,0xdd,0x0,0x0,0x0,
0x0,0x0,0x0,0x0,0xb3,0x4,0x50,0x1,
0xb3,0x4,0xc0,0x1,0x1e,0x0,0x0,0x0,
0x0,0x0,0x2,0x0,0x24,0x0,0x0,0x0,
0x0,0x0,0x0,0x0,0xb2,0x4,0x50,0x1,
0xb2,0x4,0xd0,0x1,0x1d,0x0,0x0,0x0,
0x0,0x0,0x2,0x0,0x3c,0x0,0x0,0x0,
0x0,0x0,0x0,0x0,0xb1,0x4,0x50,0x1,
0xb1,0x4,0xc0,0x1,0x0,0x0,0x0,0x0,
0x10,0x0,0x0,0x0,0x0,0x0,0x0,0x0,
0x0,0x0,0xff,0xff,0xff,0xff,0xff,0xff,
0x0,0x0,0x0,0x0,0x54,0x0,0x0,0x0,
0x54,0x0,0x0,0x0,0x54,0x0,0x0,0x0,
0x0,0x0,0x0,0x0,0x54,0x0,0x0,0x0,
0x54,0x0,0x0,0x0,0x0,0x0,0x2,0x0,
0x54,0x0,0x0,0x0,0x0,0x0,0x0,0x0,
0x84,0x0,0x0,0x0,0xb6,0x4,0x10,0x2,
0x0,0x0,0x0,0x0,0x84,0x0,0x0,0x0,
0x0,0x0,0x0,0x0,0x84,0x0,0x0,0x0,
0x0,0x0,0x0,0x0,0x7d,0x0,0x0,0x0,
0x0,0x0,0x2,0x0,0x3d,0x0,0x0,0x0,
0x0,0x0,0x0,0x0,0xb8,0x4,0x90,0x1,
0xb8,0x4,0x10,0x2,0xd,0x0,0x0,0x0,
0x0,0x0,0x3,0x0,0x0,0x0,0x0,0x0,
0xf3,0x0,0x0,0x0,0xb7,0x4,0x90,0x1,
0xb7,0x4,0x0,0x2,0x0,0x0,0x0,0x0,
0x48,0x0,0x0,0x0,0x0,0x0,0x0,0x0,
0x0,0x0,0xff,0xff,0xff,0xff,0xff,0xff,
0x0,0x0,0x0,0x0,0x54,0x0,0x0,0x0,
0x54,0x0,0x0,0x0,0x54,0x0,0x0,0x0,
0x0,0x0,0x0,0x0,0x54,0x0,0x0,0x0,
0x54,0x0,0x0,0x0,0x0,0x0,0x5,0x0,
0x54,0x0,0x0,0x0,0x0,0x0,0x0,0x0,
0xcc,0x0,0x0,0x0,0xbb,0x4,0x20,0x2,
0x0,0x0,0x0,0x0,0xcc,0x0,0x0,0x0,
0x0,0x0,0x0,0x0,0xcc,0x0,0x0,0x0,
0x0,0x0,0x0,0x0,0x5a,0x0,0x0,0x0,
0x0,0x0,0x7,0x0,0xe0,0x0,0x0,0x0,
0x0,0x0,0x0,0x0,0xc1,0x4,0x90,0x1,
0xc1,0x4,0xe0,0x2,0x5c,0x0,0x0,0x0,
0x0,0x0,0x7,0x0,0xdf,0x0,0x0,0x0,
0x0,0x0,0x0,0x0,0xc0,0x4,0x90,0x1,
0xc0,0x4,0xc0,0x2,0xd,0x0,0x0,0x0,
0x0,0x0,0x3,0x0,0x0,0x0,0x0,0x0,
0x7e,0x0,0x0,0x0,0xbd,0x4,0x90,0x1,
0xbd,0x4,0x0,0x2,0x49,0x0,0x0,0x0,
0x0,0x0,0x7,0x0,0xde,0x0,0x0,0x0,
0x0,0x0,0x0,0x0,0xbc,0x4,0x90,0x1,
0xbc,0x4,0xf0,0x1,0x4b,0x0,0x0,0x0,
0x0,0x0,0xa,0x0,0xe9,0x0,0x0,0x0,
0x0,0x0,0x0,0x0,0xbe,0x4,0x90,0x1,
0xbe,0x4,0xe0,0x1,0x0,0x0,0x0,0x0,
0x0,0x0,0x0,0x0,0x0,0x0,0x0,0x0,
0x0,0x0,0xff,0xff,0xff,0xff,0xff,0xff,
0x0,0x0,0x0,0x0,0x54,0x0,0x0,0x0,
0x54,0x0,0x0,0x0,0x54,0x0,0x0,0x0,
0x0,0x0,0x0,0x0,0x54,0x0,0x0,0x0,
0x54,0x0,0x0,0x0,0x0,0x0,0x2,0x0,
0x54,0x0,0x0,0x0,0x0,0x0,0x0,0x0,
0x84,0x0,0x0,0x0,0xbe,0x4,0x90,0x1,
0x0,0x0,0x0,0x0,0x84,0x0,0x0,0x0,
0x0,0x0,0x0,0x0,0x84,0x0,0x0,0x0,
0x0,0x0,0x0,0x0,0xb7,0x0,0x0,0x0,
0x0,0x0,0x2,0x0,0x39,0x0,0x0,0x0,
0x0,0x0,0x0,0x0,0xbf,0x4,0xe0,0x1,
0xbf,0x4,0x90,0x2,0x6d,0x0,0x0,0x0,
0x0,0x0,0x3,0x0,0x0,0x0,0x0,0x0,
0x6e,0x0,0x0,0x0,0xbe,0x4,0xe0,0x1,
0xbe,0x4,0x60,0x2,0x0,0x0,0x0,0x0,
0x46,0x0,0x0,0x0,0x0,0x0,0x0,0x0,
0x0,0x0,0xff,0xff,0xff,0xff,0xff,0xff,
0x0,0x0,0x0,0x0,0x54,0x0,0x0,0x0,
0x54,0x0,0x0,0x0,0x54,0x0,0x0,0x0,
0x0,0x0,0x0,0x0,0x54,0x0,0x0,0x0,
0x54,0x0,0x0,0x0,0x0,0x0,0x3,0x0,
0x54,0x0,0x0,0x0,0x0,0x0,0x0,0x0,
0x9c,0x0,0x0,0x0,0xc7,0x4,0xd0,0x0,
0x0,0x0,0x0,0x0,0x9c,0x0,0x0,0x0,
0x0,0x0,0x0,0x0,0x9c,0x0,0x0,0x0,
0x0,0x0,0x0,0x0,0x47,0x0,0x0,0x0,
0x0,0x0,0x2,0x0,0x1e,0x0,0x0,0x0,
0x0,0x0,0x0,0x0,0xc8,0x4,0x10,0x1,
0xc8,0x4,0xa0,0x1,0x0,0x0,0x0,0x0,
0x0,0x0,0x8,0x0,0xeb,0x0,0x0,0x0,
0x0,0x0,0x0,0x0,0xca,0x4,0x10,0x1,
0xca,0x4,0x10,0x1,0x0,0x0,0x0,0x0,
0x0,0x0,0x8,0x0,0xed,0x0,0x0,0x0,
0x0,0x0,0x0,0x0,0xd3,0x4,0x10,0x1,
0xd3,0x4,0x10,0x1,0x0,0x0,0x0,0x0,
0x90,0x0,0x0,0x0,0x0,0x0,0x0,0x0,
0x0,0x0,0xff,0xff,0xff,0xff,0xff,0xff,
0x0,0x0,0x0,0x0,0x54,0x0,0x0,0x0,
0x54,0x0,0x0,0x0,0x54,0x0,0x0,0x0,
0x0,0x0,0x0,0x0,0x54,0x0,0x0,0x0,
0x54,0x0,0x0,0x0,0x0,0x0,0x3,0x0,
0x54,0x0,0x0,0x0,0x0,0x0,0x0,0x0,
0x9c,0x0,0x0,0x0,0xca,0x4,0x10,0x1,
0x0,0x0,0x0,0x0,0x9c,0x0,0x0,0x0,
0x0,0x0,0x0,0x0,0x9c,0x0,0x0,0x0,
0x0,0x0,0x0,0x0,0x5a,0x0,0x0,0x0,
0x0,0x0,0x7,0x0,0xe1,0x0,0x0,0x0,
0x0,0x0,0x0,0x0,0xce,0x4,0x50,0x1,
0xce,0x4,0xa0,0x2,0x49,0x0,0x0,0x0,
0x0,0x0,0x3,0x0,0x0,0x0,0x0,0x0,
0xf4,0x0,0x0,0x0,0xcb,0x4,0x50,0x1,
0xcb,0x4,0xb0,0x1,0x4b,0x0,0x0,0x0,
0x0,0x0,0xa,0x0,0xec,0x0,0x0,0x0,
0x0,0x0,0x0,0x0,0xcc,0x4,0x50,0x1,
0xcc,0x4,0xa0,0x1,0x0,0x0,0x0,0x0,
0x0,0x0,0x0,0x0,0x0,0x0,0x0,0x0,
0x0,0x0,0xff,0xff,0xff,0xff,0xff,0xff,
0x0,0x0,0x0,0x0,0x54,0x0,0x0,0x0,
0x54,0x0,0x0,0x0,0x54,0x0,0x0,0x0,
0x0,0x0,0x0,0x0,0x54,0x0,0x0,0x0,
0x54,0x0,0x0,0x0,0x0,0x0,0x4,0x0,
0x54,0x0,0x0,0x0,0x0,0x0,0x0,0x0,
0xb4,0x0,0x0,0x0,0xcc,0x4,0x50,0x1,
0x0,0x0,0x0,0x0,0xb4,0x0,0x0,0x0,
0x0,0x0,0x0,0x0,0xb4,0x0,0x0,0x0,
0x0,0x0,0x0,0x0,0x6a,0x0,0x0,0x0,
0x0,0x0,0x1,0x0,0x1,0x0,0x0,0x0,
0x0,0x0,0x0,0x0,0xd0,0x4,0xa0,0x1,
0xd0,0x4,0x20,0x2,0xed,0x0,0x0,0x0,
0x0,0x0,0x1,0x0,0x0,0x0,0x0,0x0,
0x0,0x0,0x0,0x0,0xcf,0x4,0xa0,0x1,
0xcf,0x4,0x50,0x2,0x4d,0x0,0x0,0x0,
0x0,0x0,0x1,0x0,0x1,0x0,0x0,0x0,
0x0,0x0,0x0,0x0,0xcd,0x4,0xa0,0x1,
0xcd,0x4,0x0,0x2,0xb7,0x0,0x0,0x0,
0x0,0x0,0x2,0x0,0xa,0x0,0x0,0x0,
0x0,0x0,0x0,0x0,0xcc,0x4,0xa0,0x1,
0xcc,0x4,0x50,0x2,0x0,0x0,0x0,0x0,
0xee,0x0,0x0,0x0,0xf5,0x0,0x0,0x0,
0x0,0x0,0xff,0xff,0xff,0xff,0xff,0xff,
0x0,0x0,0x0,0x0,0x54,0x0,0x0,0x0,
0x54,0x0,0x0,0x0,0x54,0x0,0x0,0x0,
0x0,0x0,0x0,0x0,0x54,0x0,0x0,0x0,
0x54,0x0,0x0,0x0,0x0,0x0,0x6,0x0,
0x54,0x0,0x0,0x0,0x0,0x0,0x0,0x0,
0xe4,0x0,0x0,0x0,0xd3,0x4,0x10,0x1,
0xd4,0x4,0x50,0x1,0xe4,0x0,0x0,0x0,
0x0,0x0,0x0,0x0,0xe4,0x0,0x0,0x0,
0x0,0x0,0x0,0x0,0x7f,0x0,0x0,0x0,
0x0,0x0,0x8,0x0,0xef,0x0,0x0,0x0,
0x0,0x0,0x0,0x0,0xdf,0x4,0x50,0x1,
0xdf,0x4,0x20,0x2,0x50,0x0,0x0,0x0,
0x0,0x0,0x8,0x0,0xee,0x0,0x0,0x0,
0x0,0x0,0x0,0x0,0xda,0x4,0x50,0x1,
0xda,0x4,0x10,0x2,0xf2,0x0,0x0,0x0,
0x0,0x0,0x3,0x0,0x0,0x0,0x0,0x0,
0xe4,0x0,0x0,0x0,0xd8,0x4,0x50,0x1,
0xd8,0x4,0xf0,0x1,0xf0,0x0,0x0,0x0,
0x0,0x0,0x7,0x0,0xe2,0x0,0x0,0x0,
0x0,0x0,0x0,0x0,0xd7,0x4,0x50,0x1,
0xd7,0x4,0xc0,0x1,0x1e,0x0,0x0,0x0,
0x0,0x0,0x2,0x0,0x24,0x0,0x0,0x0,
0x0,0x0,0x0,0x0,0xd6,0x4,0x50,0x1,
0xd6,0x4,0xd0,0x1,0x1d,0x0,0x0,0x0,
0x0,0x0,0x2,0x0,0x3c,0x0,0x0,0x0,
0x0,0x0,0x0,0x0,0xd5,0x4,0x50,0x1,
0xd5,0x4,0xc0,0x1,0x0,0x0,0x0,0x0,
0x10,0x0,0x0,0x0,0x0,0x0,0x0,0x0,
0x0,0x0,0xff,0xff,0xff,0xff,0xff,0xff,
0x0,0x0,0x0,0x0,0x54,0x0,0x0,0x0,
0x54,0x0,0x0,0x0,0x54,0x0,0x0,0x0,
0x0,0x0,0x0,0x0,0x54,0x0,0x0,0x0,
0x54,0x0,0x0,0x0,0x0,0x0,0x2,0x0,
0x54,0x0,0x0,0x0,0x0,0x0,0x0,0x0,
0x84,0x0,0x0,0x0,0xda,0x4,0x10,0x2,
0x0,0x0,0x0,0x0,0x84,0x0,0x0,0x0,
0x0,0x0,0x0,0x0,0x84,0x0,0x0,0x0,
0x0,0x0,0x0,0x0,0x7d,0x0,0x0,0x0,
0x0,0x0,0x2,0x0,0x3d,0x0,0x0,0x0,
0x0,0x0,0x0,0x0,0xdc,0x4,0x90,0x1,
0xdc,0x4,0x10,0x2,0xd,0x0,0x0,0x0,
0x0,0x0,0x3,0x0,0x0,0x0,0x0,0x0,
0xf3,0x0,0x0,0x0,0xdb,0x4,0x90,0x1,
0xdb,0x4,0x0,0x2,0x0,0x0,0x0,0x0,
0x48,0x0,0x0,0x0,0x0,0x0,0x0,0x0,
0x0,0x0,0xff,0xff,0xff,0xff,0xff,0xff,
0x0,0x0,0x0,0x0,0x54,0x0,0x0,0x0,
0x54,0x0,0x0,0x0,0x54,0x0,0x0,0x0,
0x0,0x0,0x0,0x0,0x54,0x0,0x0,0x0,
0x54,0x0,0x0,0x0,0x0,0x0,0x5,0x0,
0x54,0x0,0x0,0x0,0x0,0x0,0x0,0x0,
0xcc,0x0,0x0,0x0,0xdf,0x4,0x20,0x2,
0x0,0x0,0x0,0x0,0xcc,0x0,0x0,0x0,
0x0,0x0,0x0,0x0,0xcc,0x0,0x0,0x0,
0x0,0x0,0x0,0x0,0x5a,0x0,0x0,0x0,
0x0,0x0,0x7,0x0,0xe5,0x0,0x0,0x0,
0x0,0x0,0x0,0x0,0xe5,0x4,0x90,0x1,
0xe5,0x4,0xe0,0x2,0x5c,0x0,0x0,0x0,
0x0,0x0,0x7,0x0,0xe4,0x0,0x0,0x0,
0x0,0x0,0x0,0x0,0xe4,0x4,0x90,0x1,
0xe4,0x4,0xc0,0x2,0xd,0x0,0x0,0x0,
0x0,0x0,0x3,0x0,0x0,0x0,0x0,0x0,
0x7e,0x0,0x0,0x0,0xe1,0x4,0x90,0x1,
0xe1,0x4,0x0,0x2,0x49,0x0,0x0,0x0,
0x0,0x0,0x7,0x0,0xe3,0x0,0x0,0x0,
0x0,0x0,0x0,0x0,0xe0,0x4,0x90,0x1,
0xe0,0x4,0xf0,0x1,0x4b,0x0,0x0,0x0,
0x0,0x0,0xa,0x0,0xf0,0x0,0x0,0x0,
0x0,0x0,0x0,0x0,0xe2,0x4,0x90,0x1,
0xe2,0x4,0xe0,0x1,0x0,0x0,0x0,0x0,
0x0,0x0,0x0,0x0,0x0,0x0,0x0,0x0,
0x0,0x0,0xff,0xff,0xff,0xff,0xff,0xff,
0x0,0x0,0x0,0x0,0x54,0x0,0x0,0x0,
0x54,0x0,0x0,0x0,0x54,0x0,0x0,0x0,
0x0,0x0,0x0,0x0,0x54,0x0,0x0,0x0,
0x54,0x0,0x0,0x0,0x0,0x0,0x2,0x0,
0x54,0x0,0x0,0x0,0x0,0x0,0x0,0x0,
0x84,0x0,0x0,0x0,0xe2,0x4,0x90,0x1,
0x0,0x0,0x0,0x0,0x84,0x0,0x0,0x0,
0x0,0x0,0x0,0x0,0x84,0x0,0x0,0x0,
0x0,0x0,0x0,0x0,0xb7,0x0,0x0,0x0,
0x0,0x0,0x2,0x0,0x39,0x0,0x0,0x0,
0x0,0x0,0x0,0x0,0xe3,0x4,0xe0,0x1,
0xe3,0x4,0x90,0x2,0x6d,0x0,0x0,0x0,
0x0,0x0,0x3,0x0,0x0,0x0,0x0,0x0,
0x6e,0x0,0x0,0x0,0xe2,0x4,0xe0,0x1,
0xe2,0x4,0x60,0x2,0x0,0x0,0x0,0x0,
0x37,0x0,0x0,0x0,0xf6,0x0,0x0,0x0,
0x0,0x0,0xff,0xff,0xff,0xff,0xff,0xff,
0x0,0x0,0x4,0x0,0x54,0x0,0x0,0x0,
0x54,0x0,0x0,0x0,0x84,0x0,0x0,0x0,
0x0,0x0,0x0,0x0,0x84,0x0,0x0,0x0,
0x84,0x0,0x0,0x0,0x0,0x0,0xc,0x0,
0x84,0x0,0x0,0x0,0x0,0x0,0x0,0x0,
0xa4,0x1,0x0,0x0,0xec,0x4,0x90,0x0,
0xed,0x4,0xd0,0x0,0xa4,0x1,0x0,0x0,
0x0,0x0,0x0,0x0,0xa4,0x1,0x0,0x0,
0x0,0x0,0x0,0x0,0xf7,0x0,0x0,0x0,
0x2,0x0,0x0,0x20,0xf2,0x4,0xd0,0x0,
0xf8,0x0,0x0,0x0,0x3,0x0,0x0,0x20,
0xf3,0x4,0xd0,0x0,0xfa,0x0,0x0,0x0,
0x3,0x0,0x0,0x20,0xf4,0x4,0xd0,0x0,
0xfc,0x0,0x0,0x0,0x0,0x0,0x0,0x20,
0xf5,0x4,0xd0,0x0,0xfc,0x0,0x0,0x0,
0x0,0x0,0x7,0x0,0xea,0x0,0x0,0x0,
0x0,0x0,0x0,0x0,0xf5,0x4,0xa0,0x1,
0xf5,0x4,0xe0,0x2,0xfa,0x0,0x0,0x0,
0x0,0x0,0x7,0x0,0xe9,0x0,0x0,0x0,
0x0,0x0,0x0,0x0,0xf4,0x4,0xb0,0x1,
0xf4,0x4,0x90,0x2,0xf8,0x0,0x0,0x0,
0x0,0x0,0x7,0x0,0xe8,0x0,0x0,0x0,
0x0,0x0,0x0,0x0,0xf3,0x4,0xb0,0x1,
0xf3,0x4,0x80,0x2,0xf7,0x0,0x0,0x0,
0x0,0x0,0x1,0x0,0x0,0x0,0x0,0x0,
0x0,0x0,0x0,0x0,0xf2,0x4,0xb0,0x1,
0xf2,0x4,0xa0,0x2,0x16,0x0,0x0,0x0,
0x0,0x0,0x2,0x0,0x2b,0x0,0x0,0x0,
0x0,0x0,0x0,0x0,0xf0,0x4,0xd0,0x0,
0xf0,0x4,0x0,0x1,0x1e,0x0,0x0,0x0,
0x0,0x0,0x7,0x0,0xe7,0x0,0x0,0x0,
0x0,0x0,0x0,0x0,0xef,0x4,0xd0,0x0,
0xef,0x4,0x50,0x1,0x1d,0x0,0x0,0x0,
0x0,0x0,0x7,0x0,0xe6,0x0,0x0,0x0,
0x0,0x0,0x0,0x0,0xee,0x4,0xd0,0x0,
0xee,0x4,0x40,0x1,0x0,0x0,0x0,0x0,
0x0,0x0,0x8,0x0,0xf2,0x0,0x0,0x0,
0x0,0x0,0x0,0x0,0xf7,0x4,0xd0,0x0,
0xf7,0x4,0xd0,0x0,0x0,0x0,0x0,0x0,
0x0,0x0,0x8,0x0,0xf3,0x0,0x0,0x0,
0x0,0x0,0x0,0x0,0xfc,0x4,0xd0,0x0,
0xfc,0x4,0xd0,0x0,0x0,0x0,0x0,0x0,
0x0,0x0,0x8,0x0,0xf4,0x0,0x0,0x0,
0x0,0x0,0x0,0x0,0x2,0x5,0xd0,0x0,
0x2,0x5,0xd0,0x0,0x0,0x0,0x0,0x0,
0x0,0x0,0x8,0x0,0xf6,0x0,0x0,0x0,
0x0,0x0,0x0,0x0,0xb,0x5,0xd0,0x0,
0xb,0x5,0xd0,0x0,0x0,0x0,0x0,0x0,
0x0,0x0,0x8,0x0,0xf7,0x0,0x0,0x0,
0x0,0x0,0x0,0x0,0x15,0x5,0xd0,0x0,
0x15,0x5,0xd0,0x0,0x0,0x0,0x0,0x0,
0xfe,0x0,0x0,0x0,0xff,0x0,0x0,0x0,
0x0,0x0,0xff,0xff,0xff,0xff,0xff,0xff,
0x0,0x0,0x0,0x0,0x54,0x0,0x0,0x0,
0x54,0x0,0x0,0x0,0x54,0x0,0x0,0x0,
0x0,0x0,0x0,0x0,0x54,0x0,0x0,0x0,
0x54,0x0,0x0,0x0,0x0,0x0,0x1,0x0,
0x54,0x0,0x0,0x0,0x0,0x0,0x0,0x0,
0x6c,0x0,0x0,0x0,0xf7,0x4,0xd0,0x0,
0xf8,0x4,0x10,0x1,0x6c,0x0,0x0,0x0,
0x0,0x0,0x0,0x0,0x6c,0x0,0x0,0x0,
0x0,0x0,0x0,0x0,0x0,0x1,0x0,0x0,
0x0,0x0,0x7,0x0,0xeb,0x0,0x0,0x0,
0x0,0x0,0x0,0x0,0xf9,0x4,0x10,0x1,
0xf9,0x4,0x90,0x1,0x0,0x0,0x0,0x0,
0x2,0x1,0x0,0x0,0x3,0x1,0x0,0x0,
0x0,0x0,0xff,0xff,0xff,0xff,0xff,0xff,
0x0,0x0,0x0,0x0,0x54,0x0,0x0,0x0,
0x54,0x0,0x0,0x0,0x54,0x0,0x0,0x0,
0x0,0x0,0x0,0x0,0x54,0x0,0x0,0x0,
0x54,0x0,0x0,0x0,0x0,0x0,0x2,0x0,
0x54,0x0,0x0,0x0,0x0,0x0,0x0,0x0,
0x84,0x0,0x0,0x0,0xfc,0x4,0xd0,0x0,
0xfd,0x4,0x10,0x1,0x84,0x0,0x0,0x0,
0x0,0x0,0x0,0x0,0x84,0x0,0x0,0x0,
0x0,0x0,0x0,0x0,0x5,0x1,0x0,0x0,
0x0,0x0,0x7,0x0,0xed,0x0,0x0,0x0,
0x0,0x0,0x0,0x0,0xff,0x4,0x10,0x1,
0xff,0x4,0xe0,0x1,0xff,0x0,0x0,0x0,
0x0,0x0,0x7,0x0,0xec,0x0,0x0,0x0,
0x0,0x0,0x0,0x0,0xfe,0x4,0x10,0x1,
0xfe,0x4,0x90,0x1,0x0,0x0,0x0,0x0,
0x7,0x1,0x0,0x0,0x8,0x1,0x0,0x0,
0x0,0x0,0xff,0xff,0xff,0xff,0xff,0xff,
0x0,0x0,0x0,0x0,0x54,0x0,0x0,0x0,
0x54,0x0,0x0,0x0,0x54,0x0,0x0,0x0,
0x0,0x0,0x0,0x0,0x54,0x0,0x0,0x0,
0x54,0x0,0x0,0x0,0x0,0x0,0x5,0x0,
0x54,0x0,0x0,0x0,0x0,0x0,0x0,0x0,
0xcc,0x0,0x0,0x0,0x2,0x5,0xd0,0x0,
0x3,0x5,0x10,0x1,0xcc,0x0,0x0,0x0,
0x0,0x0,0x0,0x0,0xcc,0x0,0x0,0x0,
0x0,0x0,0x0,0x0,0x1f,0x0,0x0,0x0,
0x0,0x0,0x7,0x0,0xf1,0x0,0x0,0x0,
0x0,0x0,0x0,0x0,0x8,0x5,0x10,0x1,
0x8,0x5,0xb0,0x1,0x8,0x0,0x0,0x0,
0x0,0x0,0x7,0x0,0xf0,0x0,0x0,0x0,
0x0,0x0,0x0,0x0,0x7,0x5,0x10,0x1,
0x7,0x5,0xa0,0x1,0x1e,0x0,0x0,0x0,
0x0,0x0,0x7,0x0,0xef,0x0,0x0,0x0,
0x0,0x0,0x0,0x0,0x6,0x5,0x10,0x1,
0x6,0x5,0x90,0x1,0x1d,0x0,0x0,0x0,
0x0,0x0,0x7,0x0,0xee,0x0,0x0,0x0,
0x0,0x0,0x0,0x0,0x5,0x5,0x10,0x1,
0x5,0x5,0x80,0x1,0x12,0x0,0x0,0x0,
0x0,0x0,0xa,0x0,0xf5,0x0,0x0,0x0,
0x0,0x0,0x0,0x0,0x4,0x5,0x10,0x1,
0x4,0x5,0x90,0x1,0x0,0x0,0x0,0x0,
0x0,0x0,0x0,0x0,0x0,0x0,0x0,0x0,
0x0,0x0,0xff,0xff,0xff,0xff,0xff,0xff,
0x0,0x0,0x0,0x0,0x54,0x0,0x0,0x0,
0x54,0x0,0x0,0x0,0x54,0x0,0x0,0x0,
0x0,0x0,0x0,0x0,0x54,0x0,0x0,0x0,
0x54,0x0,0x0,0x0,0x0,0x0,0x1,0x0,
0x54,0x0,0x0,0x0,0x0,0x0,0x0,0x0,
0x6c,0x0,0x0,0x0,0x4,0x5,0x10,0x1,
0x0,0x0,0x0,0x0,0x6c,0x0,0x0,0x0,
0x0,0x0,0x0,0x0,0x6c,0x0,0x0,0x0,
0x0,0x0,0x0,0x0,0x1b,0x0,0x0,0x0,
0x0,0x0,0x7,0x0,0xf2,0x0,0x0,0x0,
0x0,0x0,0x0,0x0,0x4,0x5,0x90,0x1,
0x4,0x5,0x30,0x2,0x0,0x0,0x0,0x0,
0x22,0x0,0x0,0x0,0x0,0x0,0x0,0x0,
0x0,0x0,0xff,0xff,0xff,0xff,0xff,0xff,
0x0,0x0,0x0,0x0,0x54,0x0,0x0,0x0,
0x54,0x0,0x0,0x0,0x54,0x0,0x0,0x0,
0x0,0x0,0x0,0x0,0x54,0x0,0x0,0x0,
0x54,0x0,0x0,0x0,0x0,0x0,0x4,0x0,
0x54,0x0,0x0,0x0,0x0,0x0,0x0,0x0,
0xb4,0x0,0x0,0x0,0xb,0x5,0xd0,0x0,
0x0,0x0,0x0,0x0,0xb4,0x0,0x0,0x0,
0x0,0x0,0x0,0x0,0xb4,0x0,0x0,0x0,
0x0,0x0,0x0,0x0,0x26,0x0,0x0,0x0,
0x0,0x0,0x7,0x0,0xf4,0x0,0x0,0x0,
0x0,0x0,0x0,0x0,0xf,0x5,0x10,0x1,
0xf,0x5,0xe0,0x1,0x25,0x0,0x0,0x0,
0x0,0x0,0x1,0x0,0x1,0x0,0x0,0x0,
0x0,0x0,0x0,0x0,0xe,0x5,0x10,0x1,
0xe,0x5,0x90,0x1,0x24,0x0,0x0,0x0,
0x0,0x0,0x7,0x0,0xf3,0x0,0x0,0x0,
0x0,0x0,0x0,0x0,0xd,0x5,0x10,0x1,
0xd,0x5,0xa0,0x1,0x23,0x0,0x0,0x0,
0x0,0x0,0x2,0x0,0x0,0x0,0x0,0x0,
0x0,0x0,0x0,0x0,0xc,0x5,0x10,0x1,
0xc,0x5,0xb0,0x1,0x0,0x0,0x0,0x0,
0x75,0x0,0x0,0x0,0xa,0x1,0x0,0x0,
0x0,0x0,0xff,0xff,0xff,0xff,0xff,0xff,
0x0,0x0,0x0,0x0,0x54,0x0,0x0,0x0,
0x54,0x0,0x0,0x0,0x54,0x0,0x0,0x0,
0x0,0x0,0x0,0x0,0x54,0x0,0x0,0x0,
0x54,0x0,0x0,0x0,0x0,0x0,0x9,0x0,
0x54,0x0,0x0,0x0,0x0,0x0,0x0,0x0,
0x2c,0x1,0x0,0x0,0x15,0x5,0xd0,0x0,
0x16,0x5,0x10,0x1,0x2c,0x1,0x0,0x0,
0x0,0x0,0x0,0x0,0x2c,0x1,0x0,0x0,
0x0,0x0,0x0,0x0,0x80,0x0,0x0,0x0,
0x0,0x0,0x7,0x0,0xf7,0x0,0x0,0x0,
0x0,0x0,0x0,0x0,0x2d,0x5,0x10,0x1,
0x2d,0x5,0xc0,0x1,0x7f,0x0,0x0,0x0,
0x0,0x0,0x8,0x0,0xfa,0x0,0x0,0x0,
0x0,0x0,0x0,0x0,0x25,0x5,0x10,0x1,
0x25,0x5,0xe0,0x1,0x50,0x0,0x0,0x0,
0x0,0x0,0x8,0x0,0xf9,0x0,0x0,0x0,
0x0,0x0,0x0,0x0,0x20,0x5,0x10,0x1,
0x20,0x5,0xd0,0x1,0x49,0x0,0x0,0x0,
0x0,0x0,0x7,0x0,0xf6,0x0,0x0,0x0,
0x0,0x0,0x0,0x0,0x1b,0x5,0x10,0x1,
0x1b,0x5,0x70,0x1,0x45,0x0,0x0,0x0,
0x0,0x0,0x2,0x0,0x3e,0x0,0x0,0x0,
0x0,0x0,0x0,0x0,0x1a,0x5,0x10,0x1,
0x1a,0x5,0x40,0x1,0x44,0x0,0x0,0x0,
0x0,0x0,0x7,0x0,0xf5,0x0,0x0,0x0,
0x0,0x0,0x0,0x0,0x19,0x5,0x10,0x1,
0x19,0x5,0x40,0x1,0x1e,0x0,0x0,0x0,
0x0,0x0,0x2,0x0,0x1c,0x0,0x0,0x0,
0x0,0x0,0x0,0x0,0x18,0x5,0x10,0x1,
0x18,0x5,0x90,0x1,0x1d,0x0,0x0,0x0,
0x0,0x0,0x2,0x0,0x20,0x0,0x0,0x0,
0x0,0x0,0x0,0x0,0x17,0x5,0x10,0x1,
0x17,0x5,0x80,0x1,0x4b,0x0,0x0,0x0,
0x0,0x0,0xa,0x0,0xf8,0x0,0x0,0x0,
0x0,0x0,0x0,0x0,0x1d,0x5,0x10,0x1,
0x1d,0x5,0x60,0x1,0x0,0x0,0x0,0x0,
0x0,0x0,0x0,0x0,0x0,0x0,0x0,0x0,
0x0,0x0,0xff,0xff,0xff,0xff,0xff,0xff,
0x0,0x0,0x0,0x0,0x54,0x0,0x0,0x0,
0x54,0x0,0x0,0x0,0x54,0x0,0x0,0x0,
0x0,0x0,0x0,0x0,0x54,0x0,0x0,0x0,
0x54,0x0,0x0,0x0,0x0,0x0,0x2,0x0,
0x54,0x0,0x0,0x0,0x0,0x0,0x0,0x0,
0x84,0x0,0x0,0x0,0x1d,0x5,0x10,0x1,
0x0,0x0,0x0,0x0,0x84,0x0,0x0,0x0,
0x0,0x0,0x0,0x0,0x84,0x0,0x0,0x0,
0x0,0x0,0x0,0x0,0x4d,0x0,0x0,0x0,
0x0,0x0,0x1,0x0,0x1,0x0,0x0,0x0,
0x0,0x0,0x0,0x0,0x1e,0x5,0x60,0x1,
0x1e,0x5,0xc0,0x1,0xb7,0x0,0x0,0x0,
0x0,0x0,0x2,0x0,0x3f,0x0,0x0,0x0,
0x0,0x0,0x0,0x0,0x1d,0x5,0x60,0x1,
0x1d,0x5,0x10,0x2,0x0,0x0,0x0,0x0,
0x10,0x0,0x0,0x0,0x0,0x0,0x0,0x0,
0x0,0x0,0xff,0xff,0xff,0xff,0xff,0xff,
0x0,0x0,0x0,0x0,0x54,0x0,0x0,0x0,
0x54,0x0,0x0,0x0,0x54,0x0,0x0,0x0,
0x0,0x0,0x0,0x0,0x54,0x0,0x0,0x0,
0x54,0x0,0x0,0x0,0x0,0x0,0x2,0x0,
0x54,0x0,0x0,0x0,0x0,0x0,0x0,0x0,
0x84,0x0,0x0,0x0,0x20,0x5,0xd0,0x1,
0x0,0x0,0x0,0x0,0x84,0x0,0x0,0x0,
0x0,0x0,0x0,0x0,0x84,0x0,0x0,0x0,
0x0,0x0,0x0,0x0,0x7d,0x0,0x0,0x0,
0x0,0x0,0x2,0x0,0x3f,0x0,0x0,0x0,
0x0,0x0,0x0,0x0,0x22,0x5,0x50,0x1,
0x22,0x5,0xd0,0x1,0xd,0x0,0x0,0x0,
0x0,0x0,0x7,0x0,0xf8,0x0,0x0,0x0,
0x0,0x0,0x0,0x0,0x21,0x5,0x50,0x1,
0x21,0x5,0xc0,0x1,0x0,0x0,0x0,0x0,
0x48,0x0,0x0,0x0,0x0,0x0,0x0,0x0,
0x0,0x0,0xff,0xff,0xff,0xff,0xff,0xff,
0x0,0x0,0x0,0x0,0x54,0x0,0x0,0x0,
0x54,0x0,0x0,0x0,0x54,0x0,0x0,0x0,
0x0,0x0,0x0,0x0,0x54,0x0,0x0,0x0,
0x54,0x0,0x0,0x0,0x0,0x0,0x5,0x0,
0x54,0x0,0x0,0x0,0x0,0x0,0x0,0x0,
0xcc,0x0,0x0,0x0,0x25,0x5,0xe0,0x1,
0x0,0x0,0x0,0x0,0xcc,0x0,0x0,0x0,
0x0,0x0,0x0,0x0,0xcc,0x0,0x0,0x0,
0x0,0x0,0x0,0x0,0x5c,0x0,0x0,0x0,
0x0,0x0,0x7,0x0,0xfc,0x0,0x0,0x0,
0x0,0x0,0x0,0x0,0x2a,0x5,0x50,0x1,
0x2a,0x5,0x80,0x2,0x5a,0x0,0x0,0x0,
0x0,0x0,0x7,0x0,0xfb,0x0,0x0,0x0,
0x0,0x0,0x0,0x0,0x29,0x5,0x50,0x1,
0x29,0x5,0xa0,0x2,0x4b,0x0,0x0,0x0,
0x0,0x0,0x7,0x0,0xfa,0x0,0x0,0x0,
0x0,0x0,0x0,0x0,0x28,0x5,0x50,0x1,
0x28,0x5,0xb0,0x1,0xd,0x0,0x0,0x0,
0x0,0x0,0x3,0x0,0x0,0x0,0x0,0x0,
0x7e,0x0,0x0,0x0,0x27,0x5,0x50,0x1,
0x27,0x5,0xc0,0x1,0x49,0x0,0x0,0x0,
0x0,0x0,0x7,0x0,0xf9,0x0,0x0,0x0,
0x0,0x0,0x0,0x0,0x26,0x5,0x50,0x1,
0x26,0x5,0xb0,0x1,0x0,0x0,0x0,0x0,
0x75,0x0,0x0,0x0,0x0,0x0,0x0,0x0,
0x0,0x0,0xff,0xff,0xff,0xff,0xff,0xff,
0x0,0x0,0x0,0x0,0x54,0x0,0x0,0x0,
0x54,0x0,0x0,0x0,0x54,0x0,0x0,0x0,
0x0,0x0,0x0,0x0,0x54,0x0,0x0,0x0,
0x54,0x0,0x0,0x0,0x0,0x0,0x8,0x0,
0x54,0x0,0x0,0x0,0x0,0x0,0x0,0x0,
0x14,0x1,0x0,0x0,0x34,0x5,0x50,0x0,
0x0,0x0,0x0,0x0,0x14,0x1,0x0,0x0,
0x0,0x0,0x0,0x0,0x14,0x1,0x0,0x0,
0x0,0x0,0x0,0x0,0x80,0x0,0x0,0x0,
0x0,0x0,0x7,0x0,0xfd,0x0,0x0,0x0,
0x0,0x0,0x0,0x0,0x50,0x5,0x90,0x0,
0x50,0x5,0x40,0x1,0x7f,0x0,0x0,0x0,
0x0,0x0,0x8,0x0,0xff,0x0,0x0,0x0,
0x0,0x0,0x0,0x0,0x46,0x5,0x90,0x0,
0x46,0x5,0x60,0x1,0x50,0x0,0x0,0x0,
0x0,0x0,0x8,0x0,0xfe,0x0,0x0,0x0,
0x0,0x0,0x0,0x0,0x41,0x5,0x90,0x0,
0x41,0x5,0x50,0x1,0x1e,0x0,0x0,0x0,
0x0,0x0,0x2,0x0,0xe,0x0,0x0,0x0,
0x0,0x0,0x0,0x0,0x37,0x5,0x90,0x0,
0x37,0x5,0x10,0x1,0x1d,0x0,0x0,0x0,
0x0,0x0,0x2,0x0,0x20,0x0,0x0,0x0,
0x0,0x0,0x0,0x0,0x36,0x5,0x90,0x0,
0x36,0x5,0x0,0x1,0x49,0x0,0x0,0x0,
0x0,0x0,0x3,0x0,0x0,0x0,0x0,0x0,
0xc,0x1,0x0,0x0,0x35,0x5,0x90,0x0,
0x35,0x5,0xf0,0x0,0x12,0x0,0x0,0x0,
0x0,0x0,0xa,0x0,0xfd,0x0,0x0,0x0,
0x0,0x0,0x0,0x0,0x3c,0x5,0x90,0x0,
0x3c,0x5,0x10,0x1,0x4b,0x0,0x0,0x0,
0x0,0x0,0xa,0x0,0xfc,0x0,0x0,0x0,
0x0,0x0,0x0,0x0,0x38,0x5,0x90,0x0,
0x38,0x5,0xe0,0x0,0x0,0x0,0x0,0x0,
0x0,0x0,0x0,0x0,0x0,0x0,0x0,0x0,
0x0,0x0,0xff,0xff,0xff,0xff,0xff,0xff,
0x0,0x0,0x0,0x0,0x54,0x0,0x0,0x0,
0x54,0x0,0x0,0x0,0x54,0x0,0x0,0x0,
0x0,0x0,0x0,0x0,0x54,0x0,0x0,0x0,
0x54,0x0,0x0,0x0,0x0,0x0,0x3,0x0,
0x54,0x0,0x0,0x0,0x0,0x0,0x0,0x0,
0x9c,0x0,0x0,0x0,0x38,0x5,0x90,0x0,
0x0,0x0,0x0,0x0,0x9c,0x0,0x0,0x0,
0x0,0x0,0x0,0x0,0x9c,0x0,0x0,0x0,
0x0,0x0,0x0,0x0,0x6d,0x0,0x0,0x0,
0x0,0x0,0x3,0x0,0x0,0x0,0x0,0x0,
0x6e,0x0,0x0,0x0,0x3a,0x5,0xe0,0x0,
0x3a,0x5,0x60,0x1,0xb7,0x0,0x0,0x0,
0x0,0x0,0x2,0x0,0x40,0x0,0x0,0x0,
0x0,0x0,0x0,0x0,0x39,0x5,0xe0,0x0,
0x39,0x5,0x90,0x1,0x4d,0x0,0x0,0x0,
0x0,0x0,0x1,0x0,0x1,0x0,0x0,0x0,
0x0,0x0,0x0,0x0,0x38,0x5,0xe0,0x0,
0x38,0x5,0x40,0x1,0x0,0x0,0x0,0x0,
0x0,0x0,0x0,0x0,0x0,0x0,0x0,0x0,
0x0,0x0,0xff,0xff,0xff,0xff,0xff,0xff,
0x0,0x0,0x0,0x0,0x54,0x0,0x0,0x0,
0x54,0x0,0x0,0x0,0x54,0x0,0x0,0x0,
0x0,0x0,0x0,0x0,0x54,0x0,0x0,0x0,
0x54,0x0,0x0,0x0,0x0,0x0,0x4,0x0,
0x54,0x0,0x0,0x0,0x0,0x0,0x0,0x0,
0xb4,0x0,0x0,0x0,0x3c,0x5,0x90,0x0,
0x0,0x0,0x0,0x0,0xb4,0x0,0x0,0x0,
0x0,0x0,0x0,0x0,0xb4,0x0,0x0,0x0,
0x0,0x0,0x0,0x0,0x3e,0x0,0x0,0x0,
0x0,0x0,0x2,0x0,0x41,0x0,0x0,0x0,
0x0,0x0,0x0,0x0,0x3f,0x5,0x10,0x1,
0x3f,0x5,0xc0,0x1,0x3f,0x0,0x0,0x0,
0x0,0x0,0x2,0x0,0x31,0x0,0x0,0x0,
0x0,0x0,0x0,0x0,0x3e,0x5,0x10,0x1,
0x3e,0x5,0xe0,0x1,0x3a,0x0,0x0,0x0,
0x0,0x0,0x7,0x0,0xff,0x0,0x0,0x0,
0x0,0x0,0x0,0x0,0x3d,0x5,0x10,0x1,
0x3d,0x5,0x60,0x1,0x3c,0x0,0x0,0x0,
0x0,0x0,0x7,0x0,0xfe,0x0,0x0,0x0,
0x0,0x0,0x0,0x0,0x3c,0x5,0x10,0x1,
0x3c,0x5,0x80,0x1,0x0,0x0,0x0,0x0,
0x10,0x0,0x0,0x0,0x0,0x0,0x0,0x0,
0x0,0x0,0xff,0xff,0xff,0xff,0xff,0xff,
0x0,0x0,0x0,0x0,0x54,0x0,0x0,0x0,
0x54,0x0,0x0,0x0,0x54,0x0,0x0,0x0,
0x0,0x0,0x0,0x0,0x54,0x0,0x0,0x0,
0x54,0x0,0x0,0x0,0x0,0x0,0x2,0x0,
0x54,0x0,0x0,0x0,0x0,0x0,0x0,0x0,
0x84,0x0,0x0,0x0,0x41,0x5,0x50,0x1,
0x0,0x0,0x0,0x0,0x84,0x0,0x0,0x0,
0x0,0x0,0x0,0x0,0x84,0x0,0x0,0x0,
0x0,0x0,0x0,0x0,0x7d,0x0,0x0,0x0,
0x0,0x0,0x2,0x0,0x1e,0x0,0x0,0x0,
0x0,0x0,0x0,0x0,0x43,0x5,0xd0,0x0,
0x43,0x5,0x50,0x1,0xd,0x0,0x0,0x0,
0x0,0x0,0x3,0x0,0x0,0x0,0x0,0x0,
0xd,0x1,0x0,0x0,0x42,0x5,0xd0,0x0,
0x42,0x5,0x40,0x1,0x0,0x0,0x0,0x0,
0x48,0x0,0x0,0x0,0x0,0x0,0x0,0x0,
0x0,0x0,0xff,0xff,0xff,0xff,0xff,0xff,
0x0,0x0,0x0,0x0,0x54,0x0,0x0,0x0,
0x54,0x0,0x0,0x0,0x54,0x0,0x0,0x0,
0x0,0x0,0x0,0x0,0x54,0x0,0x0,0x0,
0x54,0x0,0x0,0x0,0x0,0x0,0x5,0x0,
0x54,0x0,0x0,0x0,0x0,0x0,0x0,0x0,
0xcc,0x0,0x0,0x0,0x46,0x5,0x60,0x1,
0x0,0x0,0x0,0x0,0xcc,0x0,0x0,0x0,
0x0,0x0,0x0,0x0,0xcc,0x0,0x0,0x0,
0x0,0x0,0x0,0x0,0x5c,0x0,0x0,0x0,
0x0,0x0,0x7,0x0,0x1,0x1,0x0,0x0,
0x0,0x0,0x0,0x0,0x4d,0x5,0xd0,0x0,
0x4d,0x5,0x0,0x2,0x5a,0x0,0x0,0x0,
0x0,0x0,0x7,0x0,0x0,0x1,0x0,0x0,
0x0,0x0,0x0,0x0,0x4c,0x5,0xd0,0x0,
0x4c,0x5,0x20,0x2,0xd,0x0,0x0,0x0,
0x0,0x0,0x3,0x0,0x0,0x0,0x0,0x0,
0x7e,0x0,0x0,0x0,0x4b,0x5,0xd0,0x0,
0x4b,0x5,0x40,0x1,0x49,0x0,0x0,0x0,
0x0,0x0,0x3,0x0,0x0,0x0,0x0,0x0,
0xc,0x1,0x0,0x0,0x47,0x5,0xd0,0x0,
0x47,0x5,0x30,0x1,0x4b,0x0,0x0,0x0,
0x0,0x0,0xa,0x0,0x0,0x1,0x0,0x0,
0x0,0x0,0x0,0x0,0x48,0x5,0xd0,0x0,
0x48,0x5,0x20,0x1,0x0,0x0,0x0,0x0,
0x0,0x0,0x0,0x0,0x0,0x0,0x0,0x0,
0x0,0x0,0xff,0xff,0xff,0xff,0xff,0xff,
0x0,0x0,0x0,0x0,0x54,0x0,0x0,0x0,
0x54,0x0,0x0,0x0,0x54,0x0,0x0,0x0,
0x0,0x0,0x0,0x0,0x54,0x0,0x0,0x0,
0x54,0x0,0x0,0x0,0x0,0x0,0x3,0x0,
0x54,0x0,0x0,0x0,0x0,0x0,0x0,0x0,
0x9c,0x0,0x0,0x0,0x48,0x5,0xd0,0x0,
0x0,0x0,0x0,0x0,0x9c,0x0,0x0,0x0,
0x0,0x0,0x0,0x0,0x9c,0x0,0x0,0x0,
0x0,0x0,0x0,0x0,0x6d,0x0,0x0,0x0,
0x0,0x0,0x3,0x0,0x0,0x0,0x0,0x0,
0x6e,0x0,0x0,0x0,0x4a,0x5,0x20,0x1,
0x4a,0x5,0xa0,0x1,0xb7,0x0,0x0,0x0,
0x0,0x0,0x2,0x0,0x3f,0x0,0x0,0x0,
0x0,0x0,0x0,0x0,0x49,0x5,0x20,0x1,
0x49,0x5,0xd0,0x1,0x4d,0x0,0x0,0x0,
0x0,0x0,0x1,0x0,0x1,0x0,0x0,0x0,
0x0,0x0,0x0,0x0,0x48,0x5,0x20,0x1,
0x48,0x5,0x80,0x1,0x0,0x0,0x0,0x0,
0x75,0x0,0x0,0x0,0x0,0x0,0x0,0x0,
0x0,0x0,0xff,0xff,0xff,0xff,0xff,0xff,
0x0,0x0,0x0,0x0,0x54,0x0,0x0,0x0,
0x54,0x0,0x0,0x0,0x54,0x0,0x0,0x0,
0x0,0x0,0x0,0x0,0x54,0x0,0x0,0x0,
0x54,0x0,0x0,0x0,0x0,0x0,0x8,0x0,
0x54,0x0,0x0,0x0,0x0,0x0,0x0,0x0,
0x14,0x1,0x0,0x0,0x56,0x5,0x50,0x0,
0x0,0x0,0x0,0x0,0x14,0x1,0x0,0x0,
0x0,0x0,0x0,0x0,0x14,0x1,0x0,0x0,
0x0,0x0,0x0,0x0,0x80,0x0,0x0,0x0,
0x0,0x0,0x7,0x0,0x2,0x1,0x0,0x0,
0x0,0x0,0x0,0x0,0x6f,0x5,0x90,0x0,
0x6f,0x5,0x40,0x1,0x7f,0x0,0x0,0x0,
0x0,0x0,0x8,0x0,0x5,0x1,0x0,0x0,
0x0,0x0,0x0,0x0,0x65,0x5,0x90,0x0,
0x65,0x5,0x60,0x1,0x50,0x0,0x0,0x0,
0x0,0x0,0x8,0x0,0x4,0x1,0x0,0x0,
0x0,0x0,0x0,0x0,0x60,0x5,0x90,0x0,
0x60,0x5,0x50,0x1,0x1e,0x0,0x0,0x0,
0x0,0x0,0x2,0x0,0x24,0x0,0x0,0x0,
0x0,0x0,0x0,0x0,0x59,0x5,0x90,0x0,
0x59,0x5,0x10,0x1,0x1d,0x0,0x0,0x0,
0x0,0x0,0x2,0x0,0x3c,0x0,0x0,0x0,
0x0,0x0,0x0,0x0,0x58,0x5,0x90,0x0,
0x58,0x5,0x0,0x1,0x49,0x0,0x0,0x0,
0x0,0x0,0x3,0x0,0x0,0x0,0x0,0x0,
0xe,0x1,0x0,0x0,0x57,0x5,0x90,0x0,
0x57,0x5,0xf0,0x0,0x4b,0x0,0x0,0x0,
0x0,0x0,0xa,0x0,0x3,0x1,0x0,0x0,
0x0,0x0,0x0,0x0,0x5d,0x5,0x90,0x0,
0x5d,0x5,0xe0,0x0,0x12,0x0,0x0,0x0,
0x0,0x0,0xa,0x0,0x2,0x1,0x0,0x0,
0x0,0x0,0x0,0x0,0x5a,0x5,0x90,0x0,
0x5a,0x5,0x10,0x1,0x0,0x0,0x0,0x0,
0x0,0x0,0x0,0x0,0x0,0x0,0x0,0x0,
0x0,0x0,0xff,0xff,0xff,0xff,0xff,0xff,
0x0,0x0,0x0,0x0,0x54,0x0,0x0,0x0,
0x54,0x0,0x0,0x0,0x54,0x0,0x0,0x0,
0x0,0x0,0x0,0x0,0x54,0x0,0x0,0x0,
0x54,0x0,0x0,0x0,0x0,0x0,0x3,0x0,
0x54,0x0,0x0,0x0,0x0,0x0,0x0,0x0,
0x9c,0x0,0x0,0x0,0x5a,0x5,0x90,0x0,
0x0,0x0,0x0,0x0,0x9c,0x0,0x0,0x0,
0x0,0x0,0x0,0x0,0x9c,0x0,0x0,0x0,
0x0,0x0,0x0,0x0,0x3e,0x0,0x0,0x0,
0x0,0x0,0x2,0x0,0x32,0x0,0x0,0x0,
0x0,0x0,0x0,0x0,0x5c,0x5,0x10,0x1,
0x5c,0x5,0xc0,0x1,0x3a,0x0,0x0,0x0,
0x0,0x0,0x7,0x0,0x4,0x1,0x0,0x0,
0x0,0x0,0x0,0x0,0x5b,0x5,0x10,0x1,
0x5b,0x5,0x60,0x1,0x78,0x0,0x0,0x0,
0x0,0x0,0x7,0x0,0x3,0x1,0x0,0x0,
0x0,0x0,0x0,0x0,0x5a,0x5,0x10,0x1,
0x5a,0x5,0x30,0x2,0x0,0x0,0x0,0x0,
0x0,0x0,0x0,0x0,0x0,0x0,0x0,0x0,
0x0,0x0,0xff,0xff,0xff,0xff,0xff,0xff,
0x0,0x0,0x0,0x0,0x54,0x0,0x0,0x0,
0x54,0x0,0x0,0x0,0x54,0x0,0x0,0x0,
0x0,0x0,0x0,0x0,0x54,0x0,0x0,0x0,
0x54,0x0,0x0,0x0,0x0,0x0,0x2,0x0,
0x54,0x0,0x0,0x0,0x0,0x0,0x0,0x0,
0x84,0x0,0x0,0x0,0x5d,0x5,0x90,0x0,
0x0,0x0,0x0,0x0,0x84,0x0,0x0,0x0,
0x0,0x0,0x0,0x0,0x84,0x0,0x0,0x0,
0x0,0x0,0x0,0x0,0xb7,0x0,0x0,0x0,
0x0,0x0,0x2,0x0,0xa,0x0,0x0,0x0,
0x0,0x0,0x0,0x0,0x5e,0x5,0xe0,0x0,
0x5e,0x5,0x90,0x1,0x4d,0x0,0x0,0x0,
0x0,0x0,0x1,0x0,0x1,0x0,0x0,0x0,
0x0,0x0,0x0,0x0,0x5d,0x5,0xe0,0x0,
0x5d,0x5,0x40,0x1,0x0,0x0,0x0,0x0,
0x10,0x0,0x0,0x0,0x0,0x0,0x0,0x0,
0x0,0x0,0xff,0xff,0xff,0xff,0xff,0xff,
0x0,0x0,0x0,0x0,0x54,0x0,0x0,0x0,
0x54,0x0,0x0,0x0,0x54,0x0,0x0,0x0,
0x0,0x0,0x0,0x0,0x54,0x0,0x0,0x0,
0x54,0x0,0x0,0x0,0x0,0x0,0x2,0x0,
0x54,0x0,0x0,0x0,0x0,0x0,0x0,0x0,
0x84,0x0,0x0,0x0,0x60,0x5,0x50,0x1,
0x0,0x0,0x0,0x0,0x84,0x0,0x0,0x0,
0x0,0x0,0x0,0x0,0x84,0x0,0x0,0x0,
0x0,0x0,0x0,0x0,0x7d,0x0,0x0,0x0,
0x0,0x0,0x2,0x0,0x1e,0x0,0x0,0x0,
0x0,0x0,0x0,0x0,0x62,0x5,0xd0,0x0,
0x62,0x5,0x50,0x1,0xd,0x0,0x0,0x0,
0x0,0x0,0x3,0x0,0x0,0x0,0x0,0x0,
0xf,0x1,0x0,0x0,0x61,0x5,0xd0,0x0,
0x61,0x5,0x40,0x1,0x0,0x0,0x0,0x0,
0x48,0x0,0x0,0x0,0x0,0x0,0x0,0x0,
0x0,0x0,0xff,0xff,0xff,0xff,0xff,0xff,
0x0,0x0,0x0,0x0,0x54,0x0,0x0,0x0,
0x54,0x0,0x0,0x0,0x54,0x0,0x0,0x0,
0x0,0x0,0x0,0x0,0x54,0x0,0x0,0x0,
0x54,0x0,0x0,0x0,0x0,0x0,0x5,0x0,
0x54,0x0,0x0,0x0,0x0,0x0,0x0,0x0,
0xcc,0x0,0x0,0x0,0x65,0x5,0x60,0x1,
0x0,0x0,0x0,0x0,0xcc,0x0,0x0,0x0,
0x0,0x0,0x0,0x0,0xcc,0x0,0x0,0x0,
0x0,0x0,0x0,0x0,0x5c,0x0,0x0,0x0,
0x0,0x0,0x7,0x0,0x7,0x1,0x0,0x0,
0x0,0x0,0x0,0x0,0x6b,0x5,0xd0,0x0,
0x6b,0x5,0x0,0x2,0x5a,0x0,0x0,0x0,
0x0,0x0,0x7,0x0,0x6,0x1,0x0,0x0,
0x0,0x0,0x0,0x0,0x6a,0x5,0xd0,0x0,
0x6a,0x5,0x20,0x2,0xd,0x0,0x0,0x0,
0x0,0x0,0x3,0x0,0x0,0x0,0x0,0x0,
0x7e,0x0,0x0,0x0,0x69,0x5,0xd0,0x0,
0x69,0x5,0x40,0x1,0x49,0x0,0x0,0x0,
0x0,0x0,0x7,0x0,0x5,0x1,0x0,0x0,
0x0,0x0,0x0,0x0,0x66,0x5,0xd0,0x0,
0x66,0x5,0x30,0x1,0x4b,0x0,0x0,0x0,
0x0,0x0,0xa,0x0,0x6,0x1,0x0,0x0,
0x0,0x0,0x0,0x0,0x67,0x5,0xd0,0x0,
0x67,0x5,0x20,0x1,0x0,0x0,0x0,0x0,
0x0,0x0,0x0,0x0,0x0,0x0,0x0,0x0,
0x0,0x0,0xff,0xff,0xff,0xff,0xff,0xff,
0x0,0x0,0x0,0x0,0x54,0x0,0x0,0x0,
0x54,0x0,0x0,0x0,0x54,0x0,0x0,0x0,
0x0,0x0,0x0,0x0,0x54,0x0,0x0,0x0,
0x54,0x0,0x0,0x0,0x0,0x0,0x3,0x0,
0x54,0x0,0x0,0x0,0x0,0x0,0x0,0x0,
0x9c,0x0,0x0,0x0,0x67,0x5,0xd0,0x0,
0x0,0x0,0x0,0x0,0x9c,0x0,0x0,0x0,
0x0,0x0,0x0,0x0,0x9c,0x0,0x0,0x0,
0x0,0x0,0x0,0x0,0x6d,0x0,0x0,0x0,
0x0,0x0,0x3,0x0,0x0,0x0,0x0,0x0,
0x6e,0x0,0x0,0x0,0x6c,0x5,0x20,0x1,
0x6c,0x5,0xa0,0x1,0x4d,0x0,0x0,0x0,
0x0,0x0,0x1,0x0,0x1,0x0,0x0,0x0,
0x0,0x0,0x0,0x0,0x68,0x5,0x20,0x1,
0x68,0x5,0x80,0x1,0x4c,0x0,0x0,0x0,
0x0,0x0,0x2,0x0,0x1d,0x0,0x0,0x0,
0x0,0x0,0x0,0x0,0x67,0x5,0x20,0x1,
0x67,0x5,0xd0,0x1,0x0,0x0,0x0,0x0,
0x92,0x0,0x0,0x0,0x10,0x1,0x0,0x0,
0x0,0x0,0xff,0xff,0xff,0xff,0xff,0xff,
0x2,0x0,0x8,0x0,0x54,0x0,0x0,0x0,
0x5c,0x0,0x0,0x0,0xbc,0x0,0x0,0x0,
0x0,0x0,0x0,0x0,0xbc,0x0,0x0,0x0,
0xbc,0x0,0x0,0x0,0x0,0x0,0xe,0x0,
0xbc,0x0,0x0,0x0,0x0,0x0,0x0,0x0,
0xc,0x2,0x0,0x0,0x76,0x5,0x50,0x0,
0x77,0x5,0x90,0x0,0xc,0x2,0x0,0x0,
0x0,0x0,0x0,0x0,0xc,0x2,0x0,0x0,
0x0,0x0,0x0,0x0,0xe,0x1,0x0,0x0,
0xf,0x1,0x0,0x0,0x11,0x1,0x0,0x0,
0x3,0x0,0x0,0x20,0x78,0x5,0x90,0x0,
0x12,0x1,0x0,0x0,0x3,0x0,0x0,0x20,
0x79,0x5,0x90,0x0,0x14,0x1,0x0,0x0,
0x3,0x0,0x0,0x20,0x7a,0x5,0x90,0x0,
0x16,0x1,0x0,0x0,0x3,0x0,0x0,0x20,
0x7d,0x5,0x90,0x0,0x18,0x1,0x0,0x0,
0x3,0x0,0x0,0x20,0x7e,0x5,0x90,0x0,
0x1a,0x1,0x0,0x0,0x3,0x0,0x0,0x20,
0x7f,0x5,0x90,0x0,0x1b,0x1,0x0,0x0,
0x3,0x0,0x0,0x20,0x82,0x5,0x90,0x0,
0x1e,0x1,0x0,0x0,0x3,0x0,0x0,0x20,
0x83,0x5,0x90,0x0,0x18,0x1,0x0,0x0,
0x4,0x0,0x8,0x0,0x10,0x1,0x0,0x0,
0x0,0x0,0x0,0x0,0xcb,0x5,0xc0,0x1,
0xcb,0x5,0x90,0x0,0x16,0x1,0x0,0x0,
0x4,0x0,0x8,0x0,0xf,0x1,0x0,0x0,
0x0,0x0,0x0,0x0,0xc6,0x5,0xc0,0x1,
0xc6,0x5,0x90,0x0,0x47,0x0,0x0,0x0,
0x0,0x0,0x2,0x0,0x22,0x0,0x0,0x0,
0x0,0x0,0x0,0x0,0x93,0x5,0x90,0x0,
0x93,0x5,0x20,0x1,0x1e,0x1,0x0,0x0,
0x0,0x0,0x7,0x0,0xd,0x1,0x0,0x0,
0x1d,0x1,0x0,0x0,0x83,0x5,0x70,0x1,
0x83,0x5,0x0,0x2,0x1b,0x1,0x0,0x0,
0x0,0x0,0x7,0x0,0xc,0x1,0x0,0x0,
0x1d,0x1,0x0,0x0,0x82,0x5,0x70,0x1,
0x82,0x5,0x0,0x2,0x1a,0x1,0x0,0x0,
0x0,0x0,0x2,0x0,0x4,0x0,0x0,0x0,
0x0,0x0,0x0,0x0,0x7f,0x5,0x70,0x1,
0x7f,0x5,0x60,0x2,0x18,0x1,0x0,0x0,
0x0,0x0,0x7,0x0,0xb,0x1,0x0,0x0,
0x0,0x0,0x0,0x0,0x7e,0x5,0x70,0x1,
0x7e,0x5,0xf0,0x1,0x16,0x1,0x0,0x0,
0x0,0x0,0x7,0x0,0xa,0x1,0x0,0x0,
0x0,0x0,0x0,0x0,0x7d,0x5,0x70,0x1,
0x7d,0x5,0xf0,0x1,0x14,0x1,0x0,0x0,
0x0,0x0,0x7,0x0,0x9,0x1,0x0,0x0,
0x0,0x0,0x0,0x0,0x7a,0x5,0x70,0x1,
0x7a,0x5,0x20,0x2,0x12,0x1,0x0,0x0,
0x0,0x0,0x7,0x0,0x8,0x1,0x0,0x0,
0x0,0x0,0x0,0x0,0x79,0x5,0x70,0x1,
0x79,0x5,0x10,0x2,0x11,0x1,0x0,0x0,
0x0,0x0,0x2,0x0,0x2b,0x0,0x0,0x0,
0x0,0x0,0x0,0x0,0x78,0x5,0x70,0x1,
0x78,0x5,0x10,0x2,0x0,0x0,0x0,0x0,
0x0,0x0,0x8,0x0,0x9,0x1,0x0,0x0,
0x0,0x0,0x0,0x0,0x95,0x5,0x90,0x0,
0x95,0x5,0x90,0x0,0x0,0x0,0x0,0x0,
0x0,0x0,0x8,0x0,0x11,0x1,0x0,0x0,
0x0,0x0,0x0,0x0,0xd0,0x5,0x90,0x0,
0xd0,0x5,0x90,0x0,0x12,0x0,0x0,0x0,
0x0,0x0,0xa,0x0,0x8,0x1,0x0,0x0,
0x0,0x0,0x0,0x0,0x8e,0x5,0x90,0x0,
0x8e,0x5,0x10,0x1,0x0,0x0,0x0,0x0,
0x0,0x0,0x0,0x0,0x0,0x0,0x0,0x0,
0x0,0x0,0xff,0xff,0xff,0xff,0xff,0xff,
0x0,0x0,0x0,0x0,0x54,0x0,0x0,0x0,
0x54,0x0,0x0,0x0,0x54,0x0,0x0,0x0,
0x0,0x0,0x0,0x0,0x54,0x0,0x0,0x0,
0x54,0x0,0x0,0x0,0x0,0x0,0x5,0x0,
0x54,0x0,0x0,0x0,0x0,0x0,0x0,0x0,
0xcc,0x0,0x0,0x0,0x8e,0x5,0x90,0x0,
0x0,0x0,0x0,0x0,0xcc,0x0,0x0,0x0,
0x0,0x0,0x0,0x0,0xcc,0x0,0x0,0x0,
0x0,0x0,0x0,0x0,0x3f,0x0,0x0,0x0,
0x0,0x0,0x2,0x0,0x1c,0x0,0x0,0x0,
0x0,0x0,0x0,0x0,0x92,0x5,0x10,0x1,
0x92,0x5,0xe0,0x1,0x3e,0x0,0x0,0x0,
0x0,0x0,0x2,0x0,0x7,0x0,0x0,0x0,
0x0,0x0,0x0,0x0,0x91,0x5,0x10,0x1,
0x91,0x5,0xc0,0x1,0x3c,0x0,0x0,0x0,
0x0,0x0,0x7,0x0,0x12,0x1,0x0,0x0,
0x0,0x0,0x0,0x0,0x90,0x5,0x10,0x1,
0x90,0x5,0x80,0x1,0x3a,0x0,0x0,0x0,
0x0,0x0,0x7,0x0,0x11,0x1,0x0,0x0,
0x0,0x0,0x0,0x0,0x8f,0x5,0x10,0x1,
0x8f,0x5,0x60,0x1,0x78,0x0,0x0,0x0,
0x0,0x0,0x7,0x0,0x10,0x1,0x0,0x0,
0x0,0x0,0x0,0x0,0x8e,0x5,0x10,0x1,
0x8e,0x5,0x30,0x2,0x0,0x0,0x0,0x0,
0x10,0x0,0x0,0x0,0x22,0x1,0x0,0x0,
0x0,0x0,0xff,0xff,0xff,0xff,0xff,0xff,
0x0,0x0,0x0,0x0,0x54,0x0,0x0,0x0,
0x54,0x0,0x0,0x0,0x54,0x0,0x0,0x0,
0x0,0x0,0x0,0x0,0x54,0x0,0x0,0x0,
0x54,0x0,0x0,0x0,0x0,0x0,0x6,0x0,
0x54,0x0,0x0,0x0,0x0,0x0,0x0,0x0,
0xe4,0x0,0x0,0x0,0x95,0x5,0x90,0x0,
0x96,0x5,0xd0,0x0,0xe4,0x0,0x0,0x0,
0x0,0x0,0x0,0x0,0xe4,0x0,0x0,0x0,
0x0,0x0,0x0,0x0,0xd,0x0,0x0,0x0,
0x0,0x0,0x3,0x0,0x0,0x0,0x0,0x0,
0xe,0x0,0x0,0x0,0x99,0x5,0xd0,0x0,
0x99,0x5,0x40,0x1,0x1e,0x0,0x0,0x0,
0x0,0x0,0x2,0x0,0x42,0x0,0x0,0x0,
0x0,0x0,0x0,0x0,0x98,0x5,0xd0,0x0,
0x98,0x5,0x50,0x1,0x1d,0x0,0x0,0x0,
0x0,0x0,0x2,0x0,0x1,0x0,0x0,0x0,
0x0,0x0,0x0,0x0,0x97,0x5,0xd0,0x0,
0x97,0x5,0x40,0x1,0x0,0x0,0x0,0x0,
0x0,0x0,0x8,0x0,0xa,0x1,0x0,0x0,
0x0,0x0,0x0,0x0,0x9b,0x5,0xd0,0x0,
0x9b,0x5,0xd0,0x0,0x0,0x0,0x0,0x0,
0x0,0x0,0x8,0x0,0xc,0x1,0x0,0x0,
0x0,0x0,0x0,0x0,0xa1,0x5,0xd0,0x0,
0xa1,0x5,0xd0,0x0,0x0,0x0,0x0,0x0,
0x0,0x0,0x8,0x0,0xe,0x1,0x0,0x0,
0x0,0x0,0x0,0x0,0xb8,0x5,0xd0,0x0,
0xb8,0x5,0xd0,0x0,0x0,0x0,0x0,0x0,
0x17,0x0,0x0,0x0,0x23,0x1,0x0,0x0,
0x0,0x0,0xff,0xff,0xff,0xff,0xff,0xff,
0x0,0x0,0x0,0x0,0x54,0x0,0x0,0x0,
0x54,0x0,0x0,0x0,0x54,0x0,0x0,0x0,
0x0,0x0,0x0,0x0,0x54,0x0,0x0,0x0,
0x54,0x0,0x0,0x0,0x0,0x0,0x2,0x0,
0x54,0x0,0x0,0x0,0x0,0x0,0x0,0x0,
0x84,0x0,0x0,0x0,0x9b,0x5,0xd0,0x0,
0x9c,0x5,0x10,0x1,0x84,0x0,0x0,0x0,
0x0,0x0,0x0,0x0,0x84,0x0,0x0,0x0,
0x0,0x0,0x0,0x0,0x19,0x0,0x0,0x0,
0x0,0x0,0x3,0x0,0x0,0x0,0x0,0x0,
0x24,0x1,0x0,0x0,0x9e,0x5,0x10,0x1,
0x9e,0x5,0x90,0x1,0x12,0x0,0x0,0x0,
0x0,0x0,0xa,0x0,0xb,0x1,0x0,0x0,
0x0,0x0,0x0,0x0,0x9d,0x5,0x10,0x1,
0x9d,0x5,0x90,0x1,0x0,0x0,0x0,0x0,
0x0,0x0,0x0,0x0,0x0,0x0,0x0,0x0,
0x0,0x0,0xff,0xff,0xff,0xff,0xff,0xff,
0x0,0x0,0x0,0x0,0x54,0x0,0x0,0x0,
0x54,0x0,0x0,0x0,0x54,0x0,0x0,0x0,
0x0,0x0,0x0,0x0,0x54,0x0,0x0,0x0,
0x54,0x0,0x0,0x0,0x0,0x0,0x1,0x0,
0x54,0x0,0x0,0x0,0x0,0x0,0x0,0x0,
0x6c,0x0,0x0,0x0,0x9d,0x5,0x10,0x1,
0x0,0x0,0x0,0x0,0x6c,0x0,0x0,0x0,
0x0,0x0,0x0,0x0,0x6c,0x0,0x0,0x0,
0x0,0x0,0x0,0x0,0x13,0x0,0x0,0x0,
0x0,0x0,0x7,0x0,0x13,0x1,0x0,0x0,
0x0,0x0,0x0,0x0,0x9d,0x5,0x90,0x1,
0x9d,0x5,0xf0,0x1,0x0,0x0,0x0,0x0,
0x25,0x1,0x0,0x0,0x26,0x1,0x0,0x0,
0x0,0x0,0xff,0xff,0xff,0xff,0xff,0xff,
0x0,0x0,0x1,0x0,0x54,0x0,0x0,0x0,
0x54,0x0,0x0,0x0,0x60,0x0,0x0,0x0,
0x0,0x0,0x0,0x0,0x60,0x0,0x0,0x0,
0x60,0x0,0x0,0x0,0x0,0x0,0x3,0x0,
0x60,0x0,0x0,0x0,0x0,0x0,0x0,0x0,
0xa8,0x0,0x0,0x0,0xa1,0x5,0xd0,0x0,
0xa2,0x5,0x10,0x1,0xa8,0x0,0x0,0x0,
0x0,0x0,0x0,0x0,0xa8,0x0,0x0,0x0,
0x0,0x0,0x0,0x0,0x27,0x1,0x0,0x0,
0x0,0x0,0x0,0x20,0xa4,0x5,0x10,0x1,
0x29,0x1,0x0,0x0,0x0,0x0,0x7,0x0,
0x15,0x1,0x0,0x0,0x0,0x0,0x0,0x0,
0xa6,0x5,0x10,0x1,0xa6,0x5,0xa0,0x1,
0x27,0x1,0x0,0x0,0x0,0x0,0x7,0x0,
0x14,0x1,0x0,0x0,0x0,0x0,0x0,0x0,
0xa4,0x5,0xe0,0x1,0xa4,0x5,0xa0,0x2,
0x12,0x0,0x0,0x0,0x0,0x0,0xa,0x0,
0xd,0x1,0x0,0x0,0x0,0x0,0x0,0x0,
0xa3,0x5,0x10,0x1,0xa3,0x5,0x90,0x1,
0x0,0x0,0x0,0x0,0x0,0x0,0x0,0x0,
0x0,0x0,0xff,0xff,0xff,0xff,0xff,0xff,
0x0,0x0,0x0,0x0,0x54,0x0,0x0,0x0,
0x54,0x0,0x0,0x0,0x54,0x0,0x0,0x0,
0x0,0x0,0x0,0x0,0x54,0x0,0x0,0x0,
0x54,0x0,0x0,0x0,0x0,0x0,0x1,0x0,
0x54,0x0,0x0,0x0,0x0,0x0,0x0,0x0,
0x6c,0x0,0x0,0x0,0xa3,0x5,0x10,0x1,
0x0,0x0,0x0,0x0,0x6c,0x0,0x0,0x0,
0x0,0x0,0x0,0x0,0x6c,0x0,0x0,0x0,
0x0,0x0,0x0,0x0,0x13,0x0,0x0,0x0,
0x0,0x0,0x7,0x0,0x16,0x1,0x0,0x0,
0x0,0x0,0x0,0x0,0xa3,0x5,0x90,0x1,
0xa3,0x5,0xf0,0x1,0x0,0x0,0x0,0x0,
0x17,0x0,0x0,0x0,0x2b,0x1,0x0,0x0,
0x0,0x0,0xff,0xff,0xff,0xff,0xff,0xff,
0x0,0x0,0x0,0x0,0x54,0x0,0x0,0x0,
0x54,0x0,0x0,0x0,0x54,0x0,0x0,0x0,
0x0,0x0,0x0,0x0,0x54,0x0,0x0,0x0,
0x54,0x0,0x0,0x0,0x0,0x0,0x9,0x0,
0x54,0x0,0x0,0x0,0x0,0x0,0x0,0x0,
0x2c,0x1,0x0,0x0,0xb8,0x5,0xd0,0x0,
0xb9,0x5,0x10,0x1,0x2c,0x1,0x0,0x0,
0x0,0x0,0x0,0x0,0x2c,0x1,0x0,0x0,
0x0,0x0,0x0,0x0,0x52,0x0,0x0,0x0,
0x0,0x0,0x1,0x0,0x1,0x0,0x0,0x0,
0x0,0x0,0x0,0x0,0xc2,0x5,0x10,0x1,
0xc2,0x5,0xf0,0x1,0x87,0x0,0x0,0x0,
0x0,0x0,0x1,0x0,0x1,0x0,0x0,0x0,
0x0,0x0,0x0,0x0,0xc1,0x5,0x10,0x1,
0xc1,0x5,0x90,0x1,0x2f,0x1,0x0,0x0,
0x0,0x0,0x7,0x0,0x1a,0x1,0x0,0x0,
0x0,0x0,0x0,0x0,0xc0,0x5,0x10,0x1,
0xc0,0x5,0x20,0x2,0x2d,0x1,0x0,0x0,
0x0,0x0,0x7,0x0,0x19,0x1,0x0,0x0,
0x0,0x0,0x0,0x0,0xbf,0x5,0x10,0x1,
0xbf,0x5,0xb0,0x1,0x45,0x0,0x0,0x0,
0x0,0x0,0x7,0x0,0x18,0x1,0x0,0x0,
0x0,0x0,0x0,0x0,0xbe,0x5,0x10,0x1,
0xbe,0x5,0x40,0x1,0x44,0x0,0x0,0x0,
0x0,0x0,0x7,0x0,0x17,0x1,0x0,0x0,
0x0,0x0,0x0,0x0,0xbd,0x5,0x10,0x1,
0xbd,0x5,0x40,0x1,0x1e,0x0,0x0,0x0,
0x0,0x0,0x2,0x0,0x24,0x0,0x0,0x0,
0x0,0x0,0x0,0x0,0xbc,0x5,0x10,0x1,
0xbc,0x5,0x90,0x1,0x1d,0x0,0x0,0x0,
0x0,0x0,0x2,0x0,0x24,0x0,0x0,0x0,
0x0,0x0,0x0,0x0,0xbb,0x5,0x10,0x1,
0xbb,0x5,0x80,0x1,0x19,0x0,0x0,0x0,
0x0,0x0,0x3,0x0,0x0,0x0,0x0,0x0,
0x2c,0x1,0x0,0x0,0xba,0x5,0x10,0x1,
0xba,0x5,0x90,0x1,0x0,0x0,0x0,0x0,
0x31,0x1,0x0,0x0,0x32,0x1,0x0,0x0,
0x0,0x0,0xff,0xff,0xff,0xff,0xff,0xff,
0x0,0x0,0x0,0x0,0x54,0x0,0x0,0x0,
0x54,0x0,0x0,0x0,0x54,0x0,0x0,0x0,
0x0,0x0,0x0,0x0,0x54,0x0,0x0,0x0,
0x54,0x0,0x0,0x0,0x0,0x0,0x1,0x0,
0x54,0x0,0x0,0x0,0x0,0x0,0x0,0x0,
0x6c,0x0,0x0,0x0,0xc6,0x5,0x90,0x0,
0xc7,0x5,0xd0,0x0,0x6c,0x0,0x0,0x0,
0x0,0x0,0x0,0x0,0x6c,0x0,0x0,0x0,
0x0,0x0,0x0,0x0,0x30,0x0,0x0,0x0,
0x0,0x0,0x2,0x0,0x3a,0x0,0x0,0x0,
0x0,0x0,0x0,0x0,0xc8,0x5,0xd0,0x0,
0xc8,0x5,0x70,0x1,0x0,0x0,0x0,0x0,
0x31,0x1,0x0,0x0,0x33,0x1,0x0,0x0,
0x0,0x0,0xff,0xff,0xff,0xff,0xff,0xff,
0x0,0x0,0x0,0x0,0x54,0x0,0x0,0x0,
0x54,0x0,0x0,0x0,0x54,0x0,0x0,0x0,
0x0,0x0,0x0,0x0,0x54,0x0,0x0,0x0,
0x54,0x0,0x0,0x0,0x0,0x0,0x1,0x0,
0x54,0x0,0x0,0x0,0x0,0x0,0x0,0x0,
0x6c,0x0,0x0,0x0,0xcb,0x5,0x90,0x0,
0xcc,0x5,0xd0,0x0,0x6c,0x0,0x0,0x0,
0x0,0x0,0x0,0x0,0x6c,0x0,0x0,0x0,
0x0,0x0,0x0,0x0,0x30,0x0,0x0,0x0,
0x0,0x0,0x2,0x0,0x3a,0x0,0x0,0x0,
0x0,0x0,0x0,0x0,0xcd,0x5,0xd0,0x0,
0xcd,0x5,0x70,0x1,0x0,0x0,0x0,0x0,
0x82,0x0,0x0,0x0,0x0,0x0,0x0,0x0,
0x0,0x0,0xff,0xff,0xff,0xff,0xff,0xff,
0x2,0x0,0x0,0x0,0x54,0x0,0x0,0x0,
0x5c,0x0,0x0,0x0,0x5c,0x0,0x0,0x0,
0x0,0x0,0x0,0x0,0x5c,0x0,0x0,0x0,
0x5c,0x0,0x0,0x0,0x0,0x0,0x1,0x0,
0x5c,0x0,0x0,0x0,0x0,0x0,0x0,0x0,
0x74,0x0,0x0,0x0,0xd0,0x5,0x90,0x0,
0x0,0x0,0x0,0x0,0x74,0x0,0x0,0x0,
0x0,0x0,0x0,0x0,0x74,0x0,0x0,0x0,
0x0,0x0,0x0,0x0,0x1c,0x1,0x0,0x0,
0x1d,0x1,0x0,0x0,0x2b,0x0,0x0,0x0,
0x0,0x0,0x7,0x0,0x1b,0x1,0x0,0x0,
0x0,0x0,0x0,0x0,0xd1,0x5,0xd0,0x0,
0xd1,0x5,0x50,0x1,0x0,0x0,0x0,0x0,
0x75,0x0,0x0,0x0,0x0,0x0,0x0,0x0,
0x0,0x0,0xff,0xff,0xff,0xff,0xff,0xff,
0x0,0x0,0x0,0x0,0x54,0x0,0x0,0x0,
0x54,0x0,0x0,0x0,0x54,0x0,0x0,0x0,
0x0,0x0,0x0,0x0,0x54,0x0,0x0,0x0,
0x54,0x0,0x0,0x0,0x0,0x0,0x9,0x0,
0x54,0x0,0x0,0x0,0x0,0x0,0x0,0x0,
0x2c,0x1,0x0,0x0,0xf8,0x5,0x50,0x0,
0x0,0x0,0x0,0x0,0x2c,0x1,0x0,0x0,
0x0,0x0,0x0,0x0,0x2c,0x1,0x0,0x0,
0x0,0x0,0x0,0x0,0x80,0x0,0x0,0x0,
0x0,0x0,0x7,0x0,0x20,0x1,0x0,0x0,
0x0,0x0,0x0,0x0,0x14,0x6,0x90,0x0,
0x14,0x6,0x40,0x1,0x7f,0x0,0x0,0x0,
0x0,0x0,0x8,0x0,0x16,0x1,0x0,0x0,
0x0,0x0,0x0,0x0,0xa,0x6,0x90,0x0,
0xa,0x6,0x60,0x1,0x50,0x0,0x0,0x0,
0x0,0x0,0x8,0x0,0x15,0x1,0x0,0x0,
0x0,0x0,0x0,0x0,0x5,0x6,0x90,0x0,
0x5,0x6,0x50,0x1,0xb8,0x0,0x0,0x0,
0x0,0x0,0x7,0x0,0x1f,0x1,0x0,0x0,
0x0,0x0,0x0,0x0,0x3,0x6,0x90,0x0,
0x3,0x6,0x20,0x1,0x1e,0x0,0x0,0x0,
0x0,0x0,0x2,0x0,0x24,0x0,0x0,0x0,
0x0,0x0,0x0,0x0,0xfb,0x5,0x90,0x0,
0xfb,0x5,0x10,0x1,0x1d,0x0,0x0,0x0,
0x0,0x0,0x2,0x0,0x23,0x0,0x0,0x0,
0x0,0x0,0x0,0x0,0xfa,0x5,0x90,0x0,
0xfa,0x5,0x0,0x1,0x49,0x0,0x0,0x0,
0x0,0x0,0x3,0x0,0x0,0x0,0x0,0x0,
0xb6,0x0,0x0,0x0,0xf9,0x5,0x90,0x0,
0xf9,0x5,0xf0,0x0,0x4b,0x0,0x0,0x0,
0x0,0x0,0xa,0x0,0x14,0x1,0x0,0x0,
0x0,0x0,0x0,0x0,0x0,0x6,0x90,0x0,
0x0,0x6,0xe0,0x0,0x12,0x0,0x0,0x0,
0x0,0x0,0xa,0x0,0x13,0x1,0x0,0x0,
0x0,0x0,0x0,0x0,0xfc,0x5,0x90,0x0,
0xfc,0x5,0x10,0x1,0x0,0x0,0x0,0x0,
0x0,0x0,0x0,0x0,0x0,0x0,0x0,0x0,
0x0,0x0,0xff,0xff,0xff,0xff,0xff,0xff,
0x0,0x0,0x0,0x0,0x54,0x0,0x0,0x0,
0x54,0x0,0x0,0x0,0x54,0x0,0x0,0x0,
0x0,0x0,0x0,0x0,0x54,0x0,0x0,0x0,
0x54,0x0,0x0,0x0,0x0,0x0,0x4,0x0,
0x54,0x0,0x0,0x0,0x0,0x0,0x0,0x0,
0xb4,0x0,0x0,0x0,0xfc,0x5,0x90,0x0,
0x0,0x0,0x0,0x0,0xb4,0x0,0x0,0x0,
0x0,0x0,0x0,0x0,0xb4,0x0,0x0,0x0,
0x0,0x0,0x0,0x0,0x54,0x0,0x0,0x0,
0x0,0x0,0x2,0x0,0x5,0x0,0x0,0x0,
0x0,0x0,0x0,0x0,0xff,0x5,0x10,0x1,
0xff,0x5,0xf0,0x1,0x53,0x0,0x0,0x0,
0x0,0x0,0x2,0x0,0x5,0x0,0x0,0x0,
0x0,0x0,0x0,0x0,0xfe,0x5,0x10,0x1,
0xfe,0x5,0xd0,0x1,0x58,0x0,0x0,0x0,
0x0,0x0,0x7,0x0,0x22,0x1,0x0,0x0,
0x0,0x0,0x0,0x0,0xfd,0x5,0x10,0x1,
0xfd,0x5,0x90,0x1,0x70,0x0,0x0,0x0,
0x0,0x0,0x7,0x0,0x21,0x1,0x0,0x0,
0x0,0x0,0x0,0x0,0xfc,0x5,0x10,0x1,
0xfc,0x5,0x70,0x1,0x0,0x0,0x0,0x0,
0x0,0x0,0x0,0x0,0x0,0x0,0x0,0x0,
0x0,0x0,0xff,0xff,0xff,0xff,0xff,0xff,
0x0,0x0,0x0,0x0,0x54,0x0,0x0,0x0,
0x54,0x0,0x0,0x0,0x54,0x0,0x0,0x0,
0x0,0x0,0x0,0x0,0x54,0x0,0x0,0x0,
0x54,0x0,0x0,0x0,0x0,0x0,0x3,0x0,
0x54,0x0,0x0,0x0,0x0,0x0,0x0,0x0,
0x9c,0x0,0x0,0x0,0x0,0x6,0x90,0x0,
0x0,0x0,0x0,0x0,0x9c,0x0,0x0,0x0,
0x0,0x0,0x0,0x0,0x9c,0x0,0x0,0x0,
0x0,0x0,0x0,0x0,0x6d,0x0,0x0,0x0,
0x0,0x0,0x3,0x0,0x0,0x0,0x0,0x0,
0x6e,0x0,0x0,0x0,0x2,0x6,0xe0,0x0,
0x2,0x6,0x60,0x1,0xb7,0x0,0x0,0x0,
0x0,0x0,0x2,0x0,0x1e,0x0,0x0,0x0,
0x0,0x0,0x0,0x0,0x1,0x6,0xe0,0x0,
0x1,0x6,0x90,0x1,0x4d,0x0,0x0,0x0,
0x0,0x0,0x1,0x0,0x0,0x0,0x0,0x0,
0x0,0x0,0x0,0x0,0x0,0x6,0xe0,0x0,
0x0,0x6,0x40,0x1,0x0,0x0,0x0,0x0,
0x10,0x0,0x0,0x0,0x0,0x0,0x0,0x0,
0x0,0x0,0xff,0xff,0xff,0xff,0xff,0xff,
0x0,0x0,0x0,0x0,0x54,0x0,0x0,0x0,
0x54,0x0,0x0,0x0,0x54,0x0,0x0,0x0,
0x0,0x0,0x0,0x0,0x54,0x0,0x0,0x0,
0x54,0x0,0x0,0x0,0x0,0x0,0x2,0x0,
0x54,0x0,0x0,0x0,0x0,0x0,0x0,0x0,
0x84,0x0,0x0,0x0,0x5,0x6,0x50,0x1,
0x0,0x0,0x0,0x0,0x84,0x0,0x0,0x0,
0x0,0x0,0x0,0x0,0x84,0x0,0x0,0x0,
0x0,0x0,0x0,0x0,0x7d,0x0,0x0,0x0,
0x0,0x0,0x2,0x0,0x1e,0x0,0x0,0x0,
0x0,0x0,0x0,0x0,0x7,0x6,0xd0,0x0,
0x7,0x6,0x50,0x1,0xd,0x0,0x0,0x0,
0x0,0x0,0x3,0x0,0x0,0x0,0x0,0x0,
0x86,0x0,0x0,0x0,0x6,0x6,0xd0,0x0,
0x6,0x6,0x40,0x1,0x0,0x0,0x0,0x0,
0x48,0x0,0x0,0x0,0x0,0x0,0x0,0x0,
0x0,0x0,0xff,0xff,0xff,0xff,0xff,0xff,
0x0,0x0,0x0,0x0,0x54,0x0,0x0,0x0,
0x54,0x0,0x0,0x0,0x54,0x0,0x0,0x0,
0x0,0x0,0x0,0x0,0x54,0x0,0x0,0x0,
0x54,0x0,0x0,0x0,0x0,0x0,0x6,0x0,
0x54,0x0,0x0,0x0,0x0,0x0,0x0,0x0,
0xe4,0x0,0x0,0x0,0xa,0x6,0x60,0x1,
0x0,0x0,0x0,0x0,0xe4,0x0,0x0,0x0,
0x0,0x0,0x0,0x0,0xe4,0x0,0x0,0x0,
0x0,0x0,0x0,0x0,0xd,0x0,0x0,0x0,
0x0,0x0,0x3,0x0,0x0,0x0,0x0,0x0,
0x7e,0x0,0x0,0x0,0x10,0x6,0xd0,0x0,
0x10,0x6,0x40,0x1,0x5c,0x0,0x0,0x0,
0x0,0x0,0x7,0x0,0x25,0x1,0x0,0x0,
0x0,0x0,0x0,0x0,0xe,0x6,0xd0,0x0,
0xe,0x6,0x0,0x2,0x5a,0x0,0x0,0x0,
0x0,0x0,0x7,0x0,0x24,0x1,0x0,0x0,
0x0,0x0,0x0,0x0,0xd,0x6,0xd0,0x0,
0xd,0x6,0x20,0x2,0x49,0x0,0x0,0x0,
0x0,0x0,0x7,0x0,0x23,0x1,0x0,0x0,
0x0,0x0,0x0,0x0,0xb,0x6,0xd0,0x0,
0xb,0x6,0x30,0x1,0x12,0x0,0x0,0x0,
0x0,0x0,0xa,0x0,0x18,0x1,0x0,0x0,
0x0,0x0,0x0,0x0,0x11,0x6,0xd0,0x0,
0x11,0x6,0x50,0x1,0x4b,0x0,0x0,0x0,
0x0,0x0,0xa,0x0,0x17,0x1,0x0,0x0,
0x0,0x0,0x0,0x0,0xc,0x6,0xd0,0x0,
0xc,0x6,0x20,0x1,0x0,0x0,0x0,0x0,
0x0,0x0,0x0,0x0,0x0,0x0,0x0,0x0,
0x0,0x0,0xff,0xff,0xff,0xff,0xff,0xff,
0x0,0x0,0x0,0x0,0x54,0x0,0x0,0x0,
0x54,0x0,0x0,0x0,0x54,0x0,0x0,0x0,
0x0,0x0,0x0,0x0,0x54,0x0,0x0,0x0,
0x54,0x0,0x0,0x0,0x0,0x0,0x2,0x0,
0x54,0x0,0x0,0x0,0x0,0x0,0x0,0x0,
0x84,0x0,0x0,0x0,0xc,0x6,0xd0,0x0,
0x0,0x0,0x0,0x0,0x84,0x0,0x0,0x0,
0x0,0x0,0x0,0x0,0x84,0x0,0x0,0x0,
0x0,0x0,0x0,0x0,0x4d,0x0,0x0,0x0,
0x0,0x0,0x1,0x0,0x1,0x0,0x0,0x0,
0x0,0x0,0x0,0x0,0xf,0x6,0x20,0x1,
0xf,0x6,0x80,0x1,0x4c,0x0,0x0,0x0,
0x0,0x0,0x2,0x0,0x29,0x0,0x0,0x0,
0x0,0x0,0x0,0x0,0xc,0x6,0x20,0x1,
0xc,0x6,0xd0,0x1,0x0,0x0,0x0,0x0,
0x0,0x0,0x0,0x0,0x0,0x0,0x0,0x0,
0x0,0x0,0xff,0xff,0xff,0xff,0xff,0xff,
0x0,0x0,0x0,0x0,0x54,0x0,0x0,0x0,
0x54,0x0,0x0,0x0,0x54,0x0,0x0,0x0,
0x0,0x0,0x0,0x0,0x54,0x0,0x0,0x0,
0x54,0x0,0x0,0x0,0x0,0x0,0x1,0x0,
0x54,0x0,0x0,0x0,0x0,0x0,0x0,0x0,
0x6c,0x0,0x0,0x0,0x11,0x6,0xd0,0x0,
0x0,0x0,0x0,0x0,0x6c,0x0,0x0,0x0,
0x0,0x0,0x0,0x0,0x6c,0x0,0x0,0x0,
0x0,0x0,0x0,0x0,0x1b,0x0,0x0,0x0,
0x0,0x0,0x7,0x0,0x26,0x1,0x0,0x0,
0x0,0x0,0x0,0x0,0x11,0x6,0x50,0x1,
0x11,0x6,0xf0,0x1,0x0,0x0,0x0,0x0,
0x37,0x0,0x0,0x0,0x37,0x1,0x0,0x0,
0x0,0x0,0xff,0xff,0xff,0xff,0xff,0xff,
0x0,0x0,0x0,0x0,0x54,0x0,0x0,0x0,
0x54,0x0,0x0,0x0,0x54,0x0,0x0,0x0,
0x0,0x0,0x0,0x0,0x54,0x0,0x0,0x0,
0x54,0x0,0x0,0x0,0x0,0x0,0x11,0x0,
0x54,0x0,0x0,0x0,0x0,0x0,0x0,0x0,
0xec,0x1,0x0,0x0,0x1c,0x6,0x10,0x0,
0x1d,0x6,0x50,0x0,0xec,0x1,0x0,0x0,
0x0,0x0,0x0,0x0,0xec,0x1,0x0,0x0,
0x0,0x0,0x0,0x0,0x8,0x0,0x0,0x0,
0x0,0x0,0x1,0x0,0x0,0x0,0x0,0x0,
0x0,0x0,0x0,0x0,0x1e,0x6,0x50,0x0,
0x1e,0x6,0xe0,0x0,0x0,0x0,0x0,0x0,
0x0,0x0,0x8,0x0,0x1b,0x1,0x0,0x0,
0x0,0x0,0x0,0x0,0x22,0x6,0x50,0x0,
0x22,0x6,0x50,0x0,0x0,0x0,0x0,0x0,
0x0,0x0,0x8,0x0,0x25,0x1,0x0,0x0,
0x0,0x0,0x0,0x0,0x52,0x6,0x50,0x0,
0x52,0x6,0x50,0x0,0x0,0x0,0x0,0x0,
0x0,0x0,0x8,0x0,0x28,0x1,0x0,0x0,
0x0,0x0,0x0,0x0,0x6d,0x6,0x50,0x0,
0x6d,0x6,0x50,0x0,0x0,0x0,0x0,0x0,
0x0,0x0,0x8,0x0,0x2a,0x1,0x0,0x0,
0x0,0x0,0x0,0x0,0x7c,0x6,0x50,0x0,
0x7c,0x6,0x50,0x0,0x0,0x0,0x0,0x0,
0x0,0x0,0x8,0x0,0x2c,0x1,0x0,0x0,
0x0,0x0,0x0,0x0,0x88,0x6,0x50,0x0,
0x88,0x6,0x50,0x0,0x0,0x0,0x0,0x0,
0x0,0x0,0x8,0x0,0x2d,0x1,0x0,0x0,
0x0,0x0,0x0,0x0,0x91,0x6,0x50,0x0,
0x91,0x6,0x50,0x0,0x0,0x0,0x0,0x0,
0x0,0x0,0x8,0x0,0x31,0x1,0x0,0x0,
0x0,0x0,0x0,0x0,0xa3,0x6,0x50,0x0,
0xa3,0x6,0x50,0x0,0x0,0x0,0x0,0x0,
0x0,0x0,0x8,0x0,0x32,0x1,0x0,0x0,
0x0,0x0,0x0,0x0,0xac,0x6,0x50,0x0,
0xac,0x6,0x50,0x0,0x0,0x0,0x0,0x0,
0x0,0x0,0x8,0x0,0x35,0x1,0x0,0x0,
0x0,0x0,0x0,0x0,0xbd,0x6,0x50,0x0,
0xbd,0x6,0x50,0x0,0x0,0x0,0x0,0x0,
0x0,0x0,0x8,0x0,0x36,0x1,0x0,0x0,
0x0,0x0,0x0,0x0,0xc6,0x6,0x50,0x0,
0xc6,0x6,0x50,0x0,0x0,0x0,0x0,0x0,
0x0,0x0,0x8,0x0,0x3a,0x1,0x0,0x0,
0x0,0x0,0x0,0x0,0xdb,0x6,0x50,0x0,
0xdb,0x6,0x50,0x0,0x0,0x0,0x0,0x0,
0x0,0x0,0x8,0x0,0x55,0x1,0x0,0x0,
0x0,0x0,0x0,0x0,0x81,0x7,0x50,0x0,
0x81,0x7,0x50,0x0,0x0,0x0,0x0,0x0,
0x0,0x0,0x8,0x0,0x7b,0x1,0x0,0x0,
0x0,0x0,0x0,0x0,0x5f,0x8,0x50,0x0,
0x5f,0x8,0x50,0x0,0x0,0x0,0x0,0x0,
0x0,0x0,0x8,0x0,0x89,0x1,0x0,0x0,
0x0,0x0,0x0,0x0,0xc3,0x8,0x50,0x0,
0xc3,0x8,0x50,0x0,0x0,0x0,0x0,0x0,
0x0,0x0,0x8,0x0,0x94,0x1,0x0,0x0,
0x0,0x0,0x0,0x0,0x3e,0x9,0x50,0x0,
0x3e,0x9,0x50,0x0,0x12,0x0,0x0,0x0,
0x0,0x0,0xa,0x0,0x1a,0x1,0x0,0x0,
0x0,0x0,0x0,0x0,0x1f,0x6,0x50,0x0,
0x1f,0x6,0xd0,0x0,0x0,0x0,0x0,0x0,
0x0,0x0,0x0,0x0,0x0,0x0,0x0,0x0,
0x0,0x0,0xff,0xff,0xff,0xff,0xff,0xff,
0x0,0x0,0x0,0x0,0x54,0x0,0x0,0x0,
0x54,0x0,0x0,0x0,0x54,0x0,0x0,0x0,
0x0,0x0,0x0,0x0,0x54,0x0,0x0,0x0,
0x54,0x0,0x0,0x0,0x0,0x0,0x1,0x0,
0x54,0x0,0x0,0x0,0x0,0x0,0x0,0x0,
0x6c,0x0,0x0,0x0,0x1f,0x6,0x50,0x0,
0x0,0x0,0x0,0x0,0x6c,0x0,0x0,0x0,
0x0,0x0,0x0,0x0,0x6c,0x0,0x0,0x0,
0x0,0x0,0x0,0x0,0x13,0x0,0x0,0x0,
0x0,0x0,0x7,0x0,0x27,0x1,0x0,0x0,
0x0,0x0,0x0,0x0,0x1f,0x6,0xd0,0x0,
0x1f,0x6,0x30,0x1,0x0,0x0,0x0,0x0,
0x37,0x0,0x0,0x0,0x0,0x0,0x0,0x0,
0x0,0x0,0xff,0xff,0xff,0xff,0xff,0xff,
0x0,0x0,0x2,0x0,0x54,0x0,0x0,0x0,
0x54,0x0,0x0,0x0,0x6c,0x0,0x0,0x0,
0x0,0x0,0x0,0x0,0x6c,0x0,0x0,0x0,
0x6c,0x0,0x0,0x0,0x0,0x0,0x5,0x0,
0x6c,0x0,0x0,0x0,0x0,0x0,0x0,0x0,
0xe4,0x0,0x0,0x0,0x22,0x6,0x50,0x0,
0x0,0x0,0x0,0x0,0xe4,0x0,0x0,0x0,
0x0,0x0,0x0,0x0,0xe4,0x0,0x0,0x0,
0x0,0x0,0x0,0x0,0x40,0x0,0x0,0x0,
0x4,0x0,0x0,0x20,0x28,0x6,0x90,0x0,
0x42,0x0,0x0,0x0,0x4,0x0,0x0,0x20,
0x29,0x6,0x90,0x0,0x42,0x0,0x0,0x0,
0x0,0x0,0x7,0x0,0x29,0x1,0x0,0x0,
0x0,0x0,0x0,0x0,0x29,0x6,0x90,0x1,
0x29,0x6,0x60,0x2,0x40,0x0,0x0,0x0,
0x0,0x0,0x7,0x0,0x28,0x1,0x0,0x0,
0x0,0x0,0x0,0x0,0x28,0x6,0x90,0x1,
0x28,0x6,0x60,0x2,0x0,0x0,0x0,0x0,
0x0,0x0,0x8,0x0,0x1d,0x1,0x0,0x0,
0x0,0x0,0x0,0x0,0x2b,0x6,0x90,0x0,
0x2b,0x6,0x90,0x0,0x0,0x0,0x0,0x0,
0x0,0x0,0x8,0x0,0x1e,0x1,0x0,0x0,
0x0,0x0,0x0,0x0,0x35,0x6,0x90,0x0,
0x35,0x6,0x90,0x0,0x12,0x0,0x0,0x0,
0x0,0x0,0xa,0x0,0x1c,0x1,0x0,0x0,
0x0,0x0,0x0,0x0,0x23,0x6,0x90,0x0,
0x23,0x6,0x10,0x1,0x0,0x0,0x0,0x0,
0x0,0x0,0x0,0x0,0x0,0x0,0x0,0x0,
0x0,0x0,0xff,0xff,0xff,0xff,0xff,0xff,
0x0,0x0,0x0,0x0,0x54,0x0,0x0,0x0,
0x54,0x0,0x0,0x0,0x54,0x0,0x0,0x0,
0x0,0x0,0x0,0x0,0x54,0x0,0x0,0x0,
0x54,0x0,0x0,0x0,0x0,0x0,0x4,0x0,
0x54,0x0,0x0,0x0,0x0,0x0,0x0,0x0,
0xb4,0x0,0x0,0x0,0x23,0x6,0x90,0x0,
0x0,0x0,0x0,0x0,0xb4,0x0,0x0,0x0,
0x0,0x0,0x0,0x0,0xb4,0x0,0x0,0x0,
0x0,0x0,0x0,0x0,0x3f,0x0,0x0,0x0,
0x0,0x0,0x2,0x0,0x5,0x0,0x0,0x0,
0x0,0x0,0x0,0x0,0x26,0x6,0x10,0x1,
0x26,0x6,0xe0,0x1,0x3e,0x0,0x0,0x0,
0x0,0x0,0x2,0x0,0x5,0x0,0x0,0x0,
0x0,0x0,0x0,0x0,0x25,0x6,0x10,0x1,
0x25,0x6,0xc0,0x1,0x3c,0x0,0x0,0x0,
0x0,0x0,0x7,0x0,0x2b,0x1,0x0,0x0,
0x0,0x0,0x0,0x0,0x24,0x6,0x10,0x1,
0x24,0x6,0x80,0x1,0x3a,0x0,0x0,0x0,
0x0,0x0,0x7,0x0,0x2a,0x1,0x0,0x0,
0x0,0x0,0x0,0x0,0x23,0x6,0x10,0x1,
0x23,0x6,0x60,0x1,0x0,0x0,0x0,0x0,
0x22,0x0,0x0,0x0,0x0,0x0,0x0,0x0,
0x0,0x0,0xff,0xff,0xff,0xff,0xff,0xff,
0x0,0x0,0x0,0x0,0x54,0x0,0x0,0x0,
0x54,0x0,0x0,0x0,0x54,0x0,0x0,0x0,
0x0,0x0,0x0,0x0,0x54,0x0,0x0,0x0,
0x54,0x0,0x0,0x0,0x0,0x0,0x4,0x0,
0x54,0x0,0x0,0x0,0x0,0x0,0x0,0x0,
0xb4,0x0,0x0,0x0,0x2b,0x6,0x90,0x0,
0x0,0x0,0x0,0x0,0xb4,0x0,0x0,0x0,
0x0,0x0,0x0,0x0,0xb4,0x0,0x0,0x0,
0x0,0x0,0x0,0x0,0x26,0x0,0x0,0x0,
0x0,0x0,0x7,0x0,0x2c,0x1,0x0,0x0,
0x0,0x0,0x0,0x0,0x2f,0x6,0xd0,0x0,
0x2f,0x6,0xa0,0x1,0x25,0x0,0x0,0x0,
0x0,0x0,0x1,0x0,0x1,0x0,0x0,0x0,
0x0,0x0,0x0,0x0,0x2e,0x6,0xd0,0x0,
0x2e,0x6,0x50,0x1,0x24,0x0,0x0,0x0,
0x0,0x0,0x1,0x0,0x1,0x0,0x0,0x0,
0x0,0x0,0x0,0x0,0x2d,0x6,0xd0,0x0,
0x2d,0x6,0x60,0x1,0x23,0x0,0x0,0x0,
0x0,0x0,0x2,0x0,0x0,0x0,0x0,0x0,
0x0,0x0,0x0,0x0,0x2c,0x6,0xd0,0x0,
0x2c,0x6,0x70,0x1,0x0,0x0,0x0,0x0,
0x10,0x0,0x0,0x0,0x0,0x0,0x0,0x0,
0x0,0x0,0xff,0xff,0xff,0xff,0xff,0xff,
0x0,0x0,0x0,0x0,0x54,0x0,0x0,0x0,
0x54,0x0,0x0,0x0,0x54,0x0,0x0,0x0,
0x0,0x0,0x0,0x0,0x54,0x0,0x0,0x0,
0x54,0x0,0x0,0x0,0x0,0x0,0x6,0x0,
0x54,0x0,0x0,0x0,0x0,0x0,0x0,0x0,
0xe4,0x0,0x0,0x0,0x35,0x6,0x90,0x0,
0x0,0x0,0x0,0x0,0xe4,0x0,0x0,0x0,
0x0,0x0,0x0,0x0,0xe4,0x0,0x0,0x0,
0x0,0x0,0x0,0x0,0xd,0x0,0x0,0x0,
0x0,0x0,0x3,0x0,0x0,0x0,0x0,0x0,
0xe,0x0,0x0,0x0,0x3a,0x6,0xd0,0x0,
0x3a,0x6,0x40,0x1,0x1e,0x0,0x0,0x0,
0x0,0x0,0x2,0x0,0x8,0x0,0x0,0x0,
0x0,0x0,0x0,0x0,0x39,0x6,0xd0,0x0,
0x39,0x6,0x50,0x1,0x1d,0x0,0x0,0x0,
0x0,0x0,0x2,0x0,0x7,0x0,0x0,0x0,
0x0,0x0,0x0,0x0,0x38,0x6,0xd0,0x0,
0x38,0x6,0x40,0x1,0x45,0x0,0x0,0x0,
0x0,0x0,0x2,0x0,0x4,0x0,0x0,0x0,
0x0,0x0,0x0,0x0,0x37,0x6,0xd0,0x0,
0x37,0x6,0x0,0x1,0x44,0x0,0x0,0x0,
0x0,0x0,0x2,0x0,0x6,0x0,0x0,0x0,
0x0,0x0,0x0,0x0,0x36,0x6,0xd0,0x0,
0x36,0x6,0x0,0x1,0x0,0x0,0x0,0x0,
0x0,0x0,0x8,0x0,0x1f,0x1,0x0,0x0,
0x0,0x0,0x0,0x0,0x3c,0x6,0xd0,0x0,
0x3c,0x6,0xd0,0x0,0x0,0x0,0x0,0x0,
0x46,0x0,0x0,0x0,0x0,0x0,0x0,0x0,
0x0,0x0,0xff,0xff,0xff,0xff,0xff,0xff,
0x0,0x0,0x0,0x0,0x54,0x0,0x0,0x0,
0x54,0x0,0x0,0x0,0x54,0x0,0x0,0x0,
0x0,0x0,0x0,0x0,0x54,0x0,0x0,0x0,
0x54,0x0,0x0,0x0,0x0,0x0,0x4,0x0,
0x54,0x0,0x0,0x0,0x0,0x0,0x0,0x0,
0xb4,0x0,0x0,0x0,0x3c,0x6,0xd0,0x0,
0x0,0x0,0x0,0x0,0xb4,0x0,0x0,0x0,
0x0,0x0,0x0,0x0,0xb4,0x0,0x0,0x0,
0x0,0x0,0x0,0x0,0x47,0x0,0x0,0x0,
0x0,0x0,0x2,0x0,0x9,0x0,0x0,0x0,
0x0,0x0,0x0,0x0,0x3e,0x6,0x10,0x1,
0x3e,0x6,0xa0,0x1,0x0,0x0,0x0,0x0,
0x0,0x0,0x8,0x0,0x21,0x1,0x0,0x0,
0x0,0x0,0x0,0x0,0x40,0x6,0x10,0x1,
0x40,0x6,0x10,0x1,0x0,0x0,0x0,0x0,
0x0,0x0,0x8,0x0,0x23,0x1,0x0,0x0,
0x0,0x0,0x0,0x0,0x47,0x6,0x10,0x1,
0x47,0x6,0x10,0x1,0x12,0x0,0x0,0x0,
0x0,0x0,0xa,0x0,0x20,0x1,0x0,0x0,
0x0,0x0,0x0,0x0,0x3d,0x6,0x10,0x1,
0x3d,0x6,0x90,0x1,0x0,0x0,0x0,0x0,
0x0,0x0,0x0,0x0,0x0,0x0,0x0,0x0,
0x0,0x0,0xff,0xff,0xff,0xff,0xff,0xff,
0x0,0x0,0x0,0x0,0x54,0x0,0x0,0x0,
0x54,0x0,0x0,0x0,0x54,0x0,0x0,0x0,
0x0,0x0,0x0,0x0,0x54,0x0,0x0,0x0,
0x54,0x0,0x0,0x0,0x0,0x0,0x1,0x0,
0x54,0x0,0x0,0x0,0x0,0x0,0x0,0x0,
0x6c,0x0,0x0,0x0,0x3d,0x6,0x10,0x1,
0x0,0x0,0x0,0x0,0x6c,0x0,0x0,0x0,
0x0,0x0,0x0,0x0,0x6c,0x0,0x0,0x0,
0x0,0x0,0x0,0x0,0x1b,0x0,0x0,0x0,
0x0,0x0,0x7,0x0,0x2d,0x1,0x0,0x0,
0x0,0x0,0x0,0x0,0x3d,0x6,0x90,0x1,
0x3d,0x6,0x30,0x2,0x0,0x0,0x0,0x0,
0x48,0x0,0x0,0x0,0x0,0x0,0x0,0x0,
0x0,0x0,0xff,0xff,0xff,0xff,0xff,0xff,
0x0,0x0,0x0,0x0,0x54,0x0,0x0,0x0,
0x54,0x0,0x0,0x0,0x54,0x0,0x0,0x0,
0x0,0x0,0x0,0x0,0x54,0x0,0x0,0x0,
0x54,0x0,0x0,0x0,0x0,0x0,0x3,0x0,
0x54,0x0,0x0,0x0,0x0,0x0,0x0,0x0,
0x9c,0x0,0x0,0x0,0x40,0x6,0x10,0x1,
0x0,0x0,0x0,0x0,0x9c,0x0,0x0,0x0,
0x0,0x0,0x0,0x0,0x9c,0x0,0x0,0x0,
0x0,0x0,0x0,0x0,0xd,0x0,0x0,0x0,
0x0,0x0,0x3,0x0,0x0,0x0,0x0,0x0,
0x4e,0x0,0x0,0x0,0x44,0x6,0x50,0x1,
0x44,0x6,0xc0,0x1,0x49,0x0,0x0,0x0,
0x0,0x0,0x7,0x0,0x2e,0x1,0x0,0x0,
0x0,0x0,0x0,0x0,0x41,0x6,0x50,0x1,
0x41,0x6,0xb0,0x1,0x4b,0x0,0x0,0x0,
0x0,0x0,0xa,0x0,0x22,0x1,0x0,0x0,
0x0,0x0,0x0,0x0,0x42,0x6,0x50,0x1,
0x42,0x6,0xa0,0x1,0x0,0x0,0x0,0x0,
0x0,0x0,0x0,0x0,0x0,0x0,0x0,0x0,
0x0,0x0,0xff,0xff,0xff,0xff,0xff,0xff,
0x0,0x0,0x0,0x0,0x54,0x0,0x0,0x0,
0x54,0x0,0x0,0x0,0x54,0x0,0x0,0x0,
0x0,0x0,0x0,0x0,0x54,0x0,0x0,0x0,
0x54,0x0,0x0,0x0,0x0,0x0,0x2,0x0,
0x54,0x0,0x0,0x0,0x0,0x0,0x0,0x0,
0x84,0x0,0x0,0x0,0x42,0x6,0x50,0x1,
0x0,0x0,0x0,0x0,0x84,0x0,0x0,0x0,
0x0,0x0,0x0,0x0,0x84,0x0,0x0,0x0,
0x0,0x0,0x0,0x0,0x4d,0x0,0x0,0x0,
0x0,0x0,0x1,0x0,0x1,0x0,0x0,0x0,
0x0,0x0,0x0,0x0,0x43,0x6,0xa0,0x1,
0x43,0x6,0x0,0x2,0x4c,0x0,0x0,0x0,
0x0,0x0,0x2,0x0,0xa,0x0,0x0,0x0,
0x0,0x0,0x0,0x0,0x42,0x6,0xa0,0x1,
0x42,0x6,0x50,0x2,0x0,0x0,0x0,0x0,
0x48,0x0,0x0,0x0,0x0,0x0,0x0,0x0,
0x0,0x0,0xff,0xff,0xff,0xff,0xff,0xff,
0x0,0x0,0x0,0x0,0x54,0x0,0x0,0x0,
0x54,0x0,0x0,0x0,0x54,0x0,0x0,0x0,
0x0,0x0,0x0,0x0,0x54,0x0,0x0,0x0,
0x54,0x0,0x0,0x0,0x0,0x0,0x3,0x0,
0x54,0x0,0x0,0x0,0x0,0x0,0x0,0x0,
0x9c,0x0,0x0,0x0,0x47,0x6,0x10,0x1,
0x0,0x0,0x0,0x0,0x9c,0x0,0x0,0x0,
0x0,0x0,0x0,0x0,0x9c,0x0,0x0,0x0,
0x0,0x0,0x0,0x0,0xd,0x0,0x0,0x0,
0x0,0x0,0x3,0x0,0x0,0x0,0x0,0x0,
0x4f,0x0,0x0,0x0,0x4b,0x6,0x50,0x1,
0x4b,0x6,0xc0,0x1,0x49,0x0,0x0,0x0,
0x0,0x0,0x7,0x0,0x2f,0x1,0x0,0x0,
0x0,0x0,0x0,0x0,0x48,0x6,0x50,0x1,
0x48,0x6,0xb0,0x1,0x4b,0x0,0x0,0x0,
0x0,0x0,0xa,0x0,0x24,0x1,0x0,0x0,
0x0,0x0,0x0,0x0,0x49,0x6,0x50,0x1,
0x49,0x6,0xa0,0x1,0x0,0x0,0x0,0x0,
0x0,0x0,0x0,0x0,0x0,0x0,0x0,0x0,
0x0,0x0,0xff,0xff,0xff,0xff,0xff,0xff,
0x0,0x0,0x0,0x0,0x54,0x0,0x0,0x0,
0x54,0x0,0x0,0x0,0x54,0x0,0x0,0x0,
0x0,0x0,0x0,0x0,0x54,0x0,0x0,0x0,
0x54,0x0,0x0,0x0,0x0,0x0,0x2,0x0,
0x54,0x0,0x0,0x0,0x0,0x0,0x0,0x0,
0x84,0x0,0x0,0x0,0x49,0x6,0x50,0x1,
0x0,0x0,0x0,0x0,0x84,0x0,0x0,0x0,
0x0,0x0,0x0,0x0,0x84,0x0,0x0,0x0,
0x0,0x0,0x0,0x0,0x4d,0x0,0x0,0x0,
0x0,0x0,0x1,0x0,0x1,0x0,0x0,0x0,
0x0,0x0,0x0,0x0,0x4a,0x6,0xa0,0x1,
0x4a,0x6,0x0,0x2,0x4c,0x0,0x0,0x0,
0x0,0x0,0x2,0x0,0x5,0x0,0x0,0x0,
0x0,0x0,0x0,0x0,0x49,0x6,0xa0,0x1,
0x49,0x6,0x50,0x2,0x0,0x0,0x0,0x0,
0x48,0x0,0x0,0x0,0x0,0x0,0x0,0x0,
0x0,0x0,0xff,0xff,0xff,0xff,0xff,0xff,
0x0,0x0,0x0,0x0,0x54,0x0,0x0,0x0,
0x54,0x0,0x0,0x0,0x54,0x0,0x0,0x0,
0x0,0x0,0x0,0x0,0x54,0x0,0x0,0x0,
0x54,0x0,0x0,0x0,0x0,0x0,0xf,0x0,
0x54,0x0,0x0,0x0,0x0,0x0,0x0,0x0,
0xbc,0x1,0x0,0x0,0x52,0x6,0x50,0x0,
0x0,0x0,0x0,0x0,0xbc,0x1,0x0,0x0,
0x0,0x0,0x0,0x0,0xbc,0x1,0x0,0x0,
0x0,0x0,0x0,0x0,0xd,0x0,0x0,0x0,
0x0,0x0,0x3,0x0,0x0,0x0,0x0,0x0,
0x6f,0x0,0x0,0x0,0x6a,0x6,0x90,0x0,
0x6a,0x6,0x0,0x1,0x68,0x0,0x0,0x0,
0x0,0x0,0x7,0x0,0x35,0x1,0x0,0x0,
0x0,0x0,0x0,0x0,0x65,0x6,0x90,0x0,
0x65,0x6,0x50,0x1,0x64,0x0,0x0,0x0,
0x0,0x0,0x7,0x0,0x34,0x1,0x0,0x0,
0x0,0x0,0x0,0x0,0x63,0x6,0x90,0x0,
0x63,0x6,0x0,0x1,0x62,0x0,0x0,0x0,
0x0,0x0,0x3,0x0,0x0,0x0,0x0,0x0,
0x63,0x0,0x0,0x0,0x62,0x6,0x90,0x0,
0x62,0x6,0x50,0x1,0x5e,0x0,0x0,0x0,
0x0,0x0,0x7,0x0,0x33,0x1,0x0,0x0,
0x0,0x0,0x0,0x0,0x60,0x6,0x90,0x0,
0x60,0x6,0x30,0x1,0x5c,0x0,0x0,0x0,
0x0,0x0,0x7,0x0,0x32,0x1,0x0,0x0,
0x0,0x0,0x0,0x0,0x5f,0x6,0x90,0x0,
0x5f,0x6,0xc0,0x1,0x5a,0x0,0x0,0x0,
0x0,0x0,0x7,0x0,0x31,0x1,0x0,0x0,
0x0,0x0,0x0,0x0,0x5e,0x6,0x90,0x0,
0x5e,0x6,0xe0,0x1,0x56,0x0,0x0,0x0,
0x0,0x0,0x7,0x0,0x30,0x1,0x0,0x0,
0x0,0x0,0x0,0x0,0x58,0x6,0x90,0x0,
0x58,0x6,0x0,0x1,0x49,0x0,0x0,0x0,
0x0,0x0,0x3,0x0,0x0,0x0,0x0,0x0,
0x38,0x1,0x0,0x0,0x57,0x6,0x90,0x0,
0x57,0x6,0xf0,0x0,0x1e,0x0,0x0,0x0,
0x0,0x0,0x2,0x0,0xe,0x0,0x0,0x0,
0x0,0x0,0x0,0x0,0x56,0x6,0x90,0x0,
0x56,0x6,0x10,0x1,0x1d,0x0,0x0,0x0,
0x0,0x0,0x2,0x0,0xd,0x0,0x0,0x0,
0x0,0x0,0x0,0x0,0x55,0x6,0x90,0x0,
0x55,0x6,0x0,0x1,0x45,0x0,0x0,0x0,
0x0,0x0,0x2,0x0,0xc,0x0,0x0,0x0,
0x0,0x0,0x0,0x0,0x54,0x6,0x90,0x0,
0x54,0x6,0xc0,0x0,0x44,0x0,0x0,0x0,
0x0,0x0,0x2,0x0,0xb,0x0,0x0,0x0,
0x0,0x0,0x0,0x0,0x53,0x6,0x90,0x0,
0x53,0x6,0xc0,0x0,0x4b,0x0,0x0,0x0,
0x0,0x0,0xa,0x0,0x27,0x1,0x0,0x0,
0x0,0x0,0x0,0x0,0x5d,0x6,0x90,0x0,
0x5d,0x6,0xe0,0x0,0x12,0x0,0x0,0x0,
0x0,0x0,0xa,0x0,0x26,0x1,0x0,0x0,
0x0,0x0,0x0,0x0,0x59,0x6,0x90,0x0,
0x59,0x6,0x10,0x1,0x0,0x0,0x0,0x0,
0x0,0x0,0x0,0x0,0x0,0x0,0x0,0x0,
0x0,0x0,0xff,0xff,0xff,0xff,0xff,0xff,
0x0,0x0,0x0,0x0,0x54,0x0,0x0,0x0,
0x54,0x0,0x0,0x0,0x54,0x0,0x0,0x0,
0x0,0x0,0x0,0x0,0x54,0x0,0x0,0x0,
0x54,0x0,0x0,0x0,0x0,0x0,0x4,0x0,
0x54,0x0,0x0,0x0,0x0,0x0,0x0,0x0,
0xb4,0x0,0x0,0x0,0x59,0x6,0x90,0x0,
0x0,0x0,0x0,0x0,0xb4,0x0,0x0,0x0,
0x0,0x0,0x0,0x0,0xb4,0x0,0x0,0x0,
0x0,0x0,0x0,0x0,0x54,0x0,0x0,0x0,
0x0,0x0,0x2,0x0,0x4,0x0,0x0,0x0,
0x0,0x0,0x0,0x0,0x5c,0x6,0x10,0x1,
0x5c,0x6,0xf0,0x1,0x3f,0x0,0x0,0x0,
0x0,0x0,0x2,0x0,0xf,0x0,0x0,0x0,
0x0,0x0,0x0,0x0,0x5b,0x6,0x10,0x1,
0x5b,0x6,0xe0,0x1,0x58,0x0,0x0,0x0,
0x0,0x0,0x7,0x0,0x37,0x1,0x0,0x0,
0x0,0x0,0x0,0x0,0x5a,0x6,0x10,0x1,
0x5a,0x6,0x90,0x1,0x3c,0x0,0x0,0x0,
0x0,0x0,0x7,0x0,0x36,0x1,0x0,0x0,
0x0,0x0,0x0,0x0,0x59,0x6,0x10,0x1,
0x59,0x6,0x80,0x1,0x0,0x0,0x0,0x0,
0x0,0x0,0x0,0x0,0x0,0x0,0x0,0x0,
0x0,0x0,0xff,0xff,0xff,0xff,0xff,0xff,
0x0,0x0,0x0,0x0,0x54,0x0,0x0,0x0,
0x54,0x0,0x0,0x0,0x54,0x0,0x0,0x0,
0x0,0x0,0x0,0x0,0x54,0x0,0x0,0x0,
0x54,0x0,0x0,0x0,0x0,0x0,0x7,0x0,
0x54,0x0,0x0,0x0,0x0,0x0,0x0,0x0,
0xfc,0x0,0x0,0x0,0x5d,0x6,0x90,0x0,
0x0,0x0,0x0,0x0,0xfc,0x0,0x0,0x0,
0x0,0x0,0x0,0x0,0xfc,0x0,0x0,0x0,
0x0,0x0,0x0,0x0,0x4d,0x0,0x0,0x0,
0x0,0x0,0x1,0x0,0x1,0x0,0x0,0x0,
0x0,0x0,0x0,0x0,0x69,0x6,0xe0,0x0,
0x69,0x6,0x40,0x1,0x6d,0x0,0x0,0x0,
0x0,0x0,0x3,0x0,0x0,0x0,0x0,0x0,
0x6e,0x0,0x0,0x0,0x68,0x6,0xe0,0x0,
0x68,0x6,0x60,0x1,0x6b,0x0,0x0,0x0,
0x0,0x0,0x7,0x0,0x3a,0x1,0x0,0x0,
0x0,0x0,0x0,0x0,0x67,0x6,0xe0,0x0,
0x67,0x6,0x60,0x1,0x6a,0x0,0x0,0x0,
0x0,0x0,0x1,0x0,0x0,0x0,0x0,0x0,
0x0,0x0,0x0,0x0,0x66,0x6,0xe0,0x0,
0x66,0x6,0x60,0x1,0x66,0x0,0x0,0x0,
0x0,0x0,0x7,0x0,0x39,0x1,0x0,0x0,
0x0,0x0,0x0,0x0,0x64,0x6,0xe0,0x0,
0x64,0x6,0xe0,0x1,0x60,0x0,0x0,0x0,
0x0,0x0,0x7,0x0,0x38,0x1,0x0,0x0,
0x0,0x0,0x0,0x0,0x61,0x6,0xe0,0x0,
0x61,0x6,0x10,0x2,0x4c,0x0,0x0,0x0,
0x0,0x0,0x2,0x0,0x10,0x0,0x0,0x0,
0x0,0x0,0x0,0x0,0x5d,0x6,0xe0,0x0,
0x5d,0x6,0x90,0x1,0x0,0x0,0x0,0x0,
0x17,0x0,0x0,0x0,0x0,0x0,0x0,0x0,
0x0,0x0,0xff,0xff,0xff,0xff,0xff,0xff,
0x0,0x0,0x0,0x0,0x54,0x0,0x0,0x0,
0x54,0x0,0x0,0x0,0x54,0x0,0x0,0x0,
0x0,0x0,0x0,0x0,0x54,0x0,0x0,0x0,
0x54,0x0,0x0,0x0,0x0,0x0,0x9,0x0,
0x54,0x0,0x0,0x0,0x0,0x0,0x0,0x0,
0x2c,0x1,0x0,0x0,0x6d,0x6,0x50,0x0,
0x0,0x0,0x0,0x0,0x2c,0x1,0x0,0x0,
0x0,0x0,0x0,0x0,0x2c,0x1,0x0,0x0,
0x0,0x0,0x0,0x0,0x16,0x0,0x0,0x0,
0x0,0x0,0x2,0x0,0x2,0x0,0x0,0x0,
0x0,0x0,0x0,0x0,0x79,0x6,0x90,0x0,
0x79,0x6,0xb0,0x0,0x1f,0x0,0x0,0x0,
0x0,0x0,0x7,0x0,0x3b,0x1,0x0,0x0,
0x0,0x0,0x0,0x0,0x78,0x6,0x90,0x0,
0x78,0x6,0x30,0x1,0x73,0x0,0x0,0x0,
0x0,0x0,0x1,0x0,0x0,0x0,0x0,0x0,
0x0,0x0,0x0,0x0,0x77,0x6,0x90,0x0,
0x77,0x6,0xf0,0x0,0x19,0x0,0x0,0x0,
0x0,0x0,0x3,0x0,0x0,0x0,0x0,0x0,
0x72,0x0,0x0,0x0,0x76,0x6,0x90,0x0,
0x76,0x6,0x10,0x1,0x8,0x0,0x0,0x0,
0x0,0x0,0x1,0x0,0x1,0x0,0x0,0x0,
0x0,0x0,0x0,0x0,0x71,0x6,0x90,0x0,
0x71,0x6,0x20,0x1,0x21,0x0,0x0,0x0,
0x0,0x0,0x2,0x0,0x2,0x0,0x0,0x0,
0x0,0x0,0x0,0x0,0x70,0x6,0x90,0x0,
0x70,0x6,0x20,0x1,0x1e,0x0,0x0,0x0,
0x0,0x0,0x2,0x0,0x11,0x0,0x0,0x0,
0x0,0x0,0x0,0x0,0x6f,0x6,0x90,0x0,
0x6f,0x6,0x10,0x1,0x1d,0x0,0x0,0x0,
0x0,0x0,0x2,0x0,0x11,0x0,0x0,0x0,
0x0,0x0,0x0,0x0,0x6e,0x6,0x90,0x0,
0x6e,0x6,0x0,0x1,0x12,0x0,0x0,0x0,
0x0,0x0,0xa,0x0,0x29,0x1,0x0,0x0,
0x0,0x0,0x0,0x0,0x72,0x6,0x90,0x0,
0x72,0x6,0x10,0x1,0x0,0x0,0x0,0x0,
0x0,0x0,0x0,0x0,0x0,0x0,0x0,0x0,
0x0,0x0,0xff,0xff,0xff,0xff,0xff,0xff,
0x0,0x0,0x0,0x0,0x54,0x0,0x0,0x0,
0x54,0x0,0x0,0x0,0x54,0x0,0x0,0x0,
0x0,0x0,0x0,0x0,0x54,0x0,0x0,0x0,
0x54,0x0,0x0,0x0,0x0,0x0,0x4,0x0,
0x54,0x0,0x0,0x0,0x0,0x0,0x0,0x0,
0xb4,0x0,0x0,0x0,0x72,0x6,0x90,0x0,
0x0,0x0,0x0,0x0,0xb4,0x0,0x0,0x0,
0x0,0x0,0x0,0x0,0xb4,0x0,0x0,0x0,
0x0,0x0,0x0,0x0,0x3e,0x0,0x0,0x0,
0x0,0x0,0x2,0x0,0x13,0x0,0x0,0x0,
0x0,0x0,0x0,0x0,0x75,0x6,0x10,0x1,
0x75,0x6,0xc0,0x1,0x53,0x0,0x0,0x0,
0x0,0x0,0x2,0x0,0x12,0x0,0x0,0x0,
0x0,0x0,0x0,0x0,0x74,0x6,0x10,0x1,
0x74,0x6,0xd0,0x1,0x3a,0x0,0x0,0x0,
0x0,0x0,0x7,0x0,0x3d,0x1,0x0,0x0,
0x0,0x0,0x0,0x0,0x73,0x6,0x10,0x1,
0x73,0x6,0x60,0x1,0x70,0x0,0x0,0x0,
0x0,0x0,0x7,0x0,0x3c,0x1,0x0,0x0,
0x0,0x0,0x0,0x0,0x72,0x6,0x10,0x1,
0x72,0x6,0x70,0x1,0x0,0x0,0x0,0x0,
0x10,0x0,0x0,0x0,0x0,0x0,0x0,0x0,
0x0,0x0,0xff,0xff,0xff,0xff,0xff,0xff,
0x0,0x0,0x0,0x0,0x54,0x0,0x0,0x0,
0x54,0x0,0x0,0x0,0x54,0x0,0x0,0x0,
0x0,0x0,0x0,0x0,0x54,0x0,0x0,0x0,
0x54,0x0,0x0,0x0,0x0,0x0,0x7,0x0,
0x54,0x0,0x0,0x0,0x0,0x0,0x0,0x0,
0xfc,0x0,0x0,0x0,0x7c,0x6,0x50,0x0,
0x0,0x0,0x0,0x0,0xfc,0x0,0x0,0x0,
0x0,0x0,0x0,0x0,0xfc,0x0,0x0,0x0,
0x0,0x0,0x0,0x0,0x16,0x0,0x0,0x0,
0x0,0x0,0x2,0x0,0x1a,0x0,0x0,0x0,
0x0,0x0,0x0,0x0,0x86,0x6,0x90,0x0,
0x86,0x6,0xc0,0x0,0xd,0x0,0x0,0x0,
0x0,0x0,0x3,0x0,0x0,0x0,0x0,0x0,
0xcb,0x0,0x0,0x0,0x81,0x6,0x90,0x0,
0x81,0x6,0x0,0x1,0x21,0x0,0x0,0x0,
0x0,0x0,0x2,0x0,0x17,0x0,0x0,0x0,
0x0,0x0,0x0,0x0,0x80,0x6,0x90,0x0,
0x80,0x6,0x20,0x1,0x1e,0x0,0x0,0x0,
0x0,0x0,0x2,0x0,0xe,0x0,0x0,0x0,
0x0,0x0,0x0,0x0,0x7f,0x6,0x90,0x0,
0x7f,0x6,0x10,0x1,0x1d,0x0,0x0,0x0,
0x0,0x0,0x2,0x0,0x15,0x0,0x0,0x0,
0x0,0x0,0x0,0x0,0x7e,0x6,0x90,0x0,
0x7e,0x6,0x0,0x1,0x44,0x0,0x0,0x0,
0x0,0x0,0x2,0x0,0x14,0x0,0x0,0x0,
0x0,0x0,0x0,0x0,0x7d,0x6,0x90,0x0,
0x7d,0x6,0xc0,0x0,0x12,0x0,0x0,0x0,
0x0,0x0,0xa,0x0,0x2b,0x1,0x0,0x0,
0x0,0x0,0x0,0x0,0x82,0x6,0x90,0x0,
0x82,0x6,0x10,0x1,0x0,0x0,0x0,0x0,
0x0,0x0,0x0,0x0,0x0,0x0,0x0,0x0,
0x0,0x0,0xff,0xff,0xff,0xff,0xff,0xff,
0x0,0x0,0x0,0x0,0x54,0x0,0x0,0x0,
0x54,0x0,0x0,0x0,0x54,0x0,0x0,0x0,
0x0,0x0,0x0,0x0,0x54,0x0,0x0,0x0,
0x54,0x0,0x0,0x0,0x0,0x0,0x4,0x0,
0x54,0x0,0x0,0x0,0x0,0x0,0x0,0x0,
0xb4,0x0,0x0,0x0,0x82,0x6,0x90,0x0,
0x0,0x0,0x0,0x0,0xb4,0x0,0x0,0x0,
0x0,0x0,0x0,0x0,0xb4,0x0,0x0,0x0,
0x0,0x0,0x0,0x0,0x3e,0x0,0x0,0x0,
0x0,0x0,0x2,0x0,0x19,0x0,0x0,0x0,
0x0,0x0,0x0,0x0,0x85,0x6,0x10,0x1,
0x85,0x6,0xc0,0x1,0x3f,0x0,0x0,0x0,
0x0,0x0,0x2,0x0,0x18,0x0,0x0,0x0,
0x0,0x0,0x0,0x0,0x84,0x6,0x10,0x1,
0x84,0x6,0xe0,0x1,0x3a,0x0,0x0,0x0,
0x0,0x0,0x7,0x0,0x3f,0x1,0x0,0x0,
0x0,0x0,0x0,0x0,0x83,0x6,0x10,0x1,
0x83,0x6,0x60,0x1,0x3c,0x0,0x0,0x0,
0x0,0x0,0x7,0x0,0x3e,0x1,0x0,0x0,
0x0,0x0,0x0,0x0,0x82,0x6,0x10,0x1,
0x82,0x6,0x80,0x1,0x0,0x0,0x0,0x0,
0x10,0x0,0x0,0x0,0x0,0x0,0x0,0x0,
0x0,0x0,0xff,0xff,0xff,0xff,0xff,0xff,
0x0,0x0,0x0,0x0,0x54,0x0,0x0,0x0,
0x54,0x0,0x0,0x0,0x54,0x0,0x0,0x0,
0x0,0x0,0x0,0x0,0x54,0x0,0x0,0x0,
0x54,0x0,0x0,0x0,0x0,0x0,0x7,0x0,
0x54,0x0,0x0,0x0,0x0,0x0,0x0,0x0,
0xfc,0x0,0x0,0x0,0x88,0x6,0x50,0x0,
0x0,0x0,0x0,0x0,0xfc,0x0,0x0,0x0,
0x0,0x0,0x0,0x0,0xfc,0x0,0x0,0x0,
0x0,0x0,0x0,0x0,0x16,0x0,0x0,0x0,
0x0,0x0,0x2,0x0,0x1a,0x0,0x0,0x0,
0x0,0x0,0x0,0x0,0x8f,0x6,0x90,0x0,
0x8f,0x6,0xc0,0x0,0xd,0x0,0x0,0x0,
0x0,0x0,0x3,0x0,0x0,0x0,0x0,0x0,
0xcc,0x0,0x0,0x0,0x8e,0x6,0x90,0x0,
0x8e,0x6,0x0,0x1,0x21,0x0,0x0,0x0,
0x0,0x0,0x2,0x0,0x2f,0x0,0x0,0x0,
0x0,0x0,0x0,0x0,0x8d,0x6,0x90,0x0,
0x8d,0x6,0x20,0x1,0x1e,0x0,0x0,0x0,
0x0,0x0,0x2,0x0,0x43,0x0,0x0,0x0,
0x0,0x0,0x0,0x0,0x8c,0x6,0x90,0x0,
0x8c,0x6,0x10,0x1,0x1d,0x0,0x0,0x0,
0x0,0x0,0x2,0x0,0x2d,0x0,0x0,0x0,
0x0,0x0,0x0,0x0,0x8b,0x6,0x90,0x0,
0x8b,0x6,0x0,0x1,0x45,0x0,0x0,0x0,
0x0,0x0,0x2,0x0,0x2b,0x0,0x0,0x0,
0x0,0x0,0x0,0x0,0x8a,0x6,0x90,0x0,
0x8a,0x6,0xc0,0x0,0x44,0x0,0x0,0x0,
0x0,0x0,0x2,0x0,0x2c,0x0,0x0,0x0,
0x0,0x0,0x0,0x0,0x89,0x6,0x90,0x0,
0x89,0x6,0xc0,0x0,0x0,0x0,0x0,0x0,
0x48,0x0,0x0,0x0,0x0,0x0,0x0,0x0,
0x0,0x0,0xff,0xff,0xff,0xff,0xff,0xff,
0x0,0x0,0x0,0x0,0x54,0x0,0x0,0x0,
0x54,0x0,0x0,0x0,0x54,0x0,0x0,0x0,
0x0,0x0,0x0,0x0,0x54,0x0,0x0,0x0,
0x54,0x0,0x0,0x0,0x0,0x0,0xa,0x0,
0x54,0x0,0x0,0x0,0x0,0x0,0x0,0x0,
0x44,0x1,0x0,0x0,0x91,0x6,0x50,0x0,
0x0,0x0,0x0,0x0,0x44,0x1,0x0,0x0,
0x0,0x0,0x0,0x0,0x44,0x1,0x0,0x0,
0x0,0x0,0x0,0x0,0x5c,0x0,0x0,0x0,
0x0,0x0,0x7,0x0,0x41,0x1,0x0,0x0,
0x0,0x0,0x0,0x0,0x9d,0x6,0x90,0x0,
0x9d,0x6,0xc0,0x1,0x5a,0x0,0x0,0x0,
0x0,0x0,0x7,0x0,0x40,0x1,0x0,0x0,
0x0,0x0,0x0,0x0,0x9c,0x6,0x90,0x0,
0x9c,0x6,0xe0,0x1,0x49,0x0,0x0,0x0,
0x0,0x0,0x5,0x0,0x3,0x0,0x0,0x0,
0x0,0x0,0x0,0x0,0x96,0x6,0x90,0x0,
0x96,0x6,0xf0,0x0,0xd,0x0,0x0,0x0,
0x0,0x0,0x3,0x0,0x0,0x0,0x0,0x0,
0xcd,0x0,0x0,0x0,0x95,0x6,0x90,0x0,
0x95,0x6,0x0,0x1,0x1e,0x0,0x0,0x0,
0x0,0x0,0x2,0x0,0x24,0x0,0x0,0x0,
0x0,0x0,0x0,0x0,0x94,0x6,0x90,0x0,
0x94,0x6,0x10,0x1,0x1d,0x0,0x0,0x0,
0x0,0x0,0x2,0x0,0x31,0x0,0x0,0x0,
0x0,0x0,0x0,0x0,0x93,0x6,0x90,0x0,
0x93,0x6,0x0,0x1,0x44,0x0,0x0,0x0,
0x0,0x0,0x2,0x0,0x30,0x0,0x0,0x0,
0x0,0x0,0x0,0x0,0x92,0x6,0x90,0x0,
0x92,0x6,0xc0,0x0,0xcf,0x0,0x0,0x0,
0x0,0x0,0xa,0x0,0x30,0x1,0x0,0x0,
0x0,0x0,0x0,0x0,0x9e,0x6,0x90,0x0,
0x9e,0x6,0xf0,0x0,0x4b,0x0,0x0,0x0,
0x0,0x0,0xa,0x0,0x2f,0x1,0x0,0x0,
0x0,0x0,0x0,0x0,0x9b,0x6,0x90,0x0,
0x9b,0x6,0xe0,0x0,0x12,0x0,0x0,0x0,
0x0,0x0,0xa,0x0,0x2e,0x1,0x0,0x0,
0x0,0x0,0x0,0x0,0x97,0x6,0x90,0x0,
0x97,0x6,0x10,0x1,0x0,0x0,0x0,0x0,
0x0,0x0,0x0,0x0,0x0,0x0,0x0,0x0,
0x0,0x0,0xff,0xff,0xff,0xff,0xff,0xff,
0x0,0x0,0x0,0x0,0x54,0x0,0x0,0x0,
0x54,0x0,0x0,0x0,0x54,0x0,0x0,0x0,
0x0,0x0,0x0,0x0,0x54,0x0,0x0,0x0,
0x54,0x0,0x0,0x0,0x0,0x0,0x4,0x0,
0x54,0x0,0x0,0x0,0x0,0x0,0x0,0x0,
0xb4,0x0,0x0,0x0,0x97,0x6,0x90,0x0,
0x0,0x0,0x0,0x0,0xb4,0x0,0x0,0x0,
0x0,0x0,0x0,0x0,0xb4,0x0,0x0,0x0,
0x0,0x0,0x0,0x0,0x3e,0x0,0x0,0x0,
0x0,0x0,0x2,0x0,0x33,0x0,0x0,0x0,
0x0,0x0,0x0,0x0,0x9a,0x6,0x10,0x1,
0x9a,0x6,0xc0,0x1,0x3f,0x0,0x0,0x0,
0x0,0x0,0x2,0x0,0x32,0x0,0x0,0x0,
0x0,0x0,0x0,0x0,0x99,0x6,0x10,0x1,
0x99,0x6,0xe0,0x1,0x3a,0x0,0x0,0x0,
0x0,0x0,0x7,0x0,0x43,0x1,0x0,0x0,
0x0,0x0,0x0,0x0,0x98,0x6,0x10,0x1,
0x98,0x6,0x60,0x1,0x3c,0x0,0x0,0x0,
0x0,0x0,0x7,0x0,0x42,0x1,0x0,0x0,
0x0,0x0,0x0,0x0,0x97,0x6,0x10,0x1,
0x97,0x6,0x80,0x1,0x0,0x0,0x0,0x0,
0x0,0x0,0x0,0x0,0x0,0x0,0x0,0x0,
0x0,0x0,0xff,0xff,0xff,0xff,0xff,0xff,
0x0,0x0,0x0,0x0,0x54,0x0,0x0,0x0,
0x54,0x0,0x0,0x0,0x54,0x0,0x0,0x0,
0x0,0x0,0x0,0x0,0x54,0x0,0x0,0x0,
0x54,0x0,0x0,0x0,0x0,0x0,0x4,0x0,
0x54,0x0,0x0,0x0,0x0,0x0,0x0,0x0,
0xb4,0x0,0x0,0x0,0x9b,0x6,0x90,0x0,
0x0,0x0,0x0,0x0,0xb4,0x0,0x0,0x0,
0x0,0x0,0x0,0x0,0xb4,0x0,0x0,0x0,
0x0,0x0,0x0,0x0,0x6d,0x0,0x0,0x0,
0x0,0x0,0x3,0x0,0x0,0x0,0x0,0x0,
0x6e,0x0,0x0,0x0,0xa1,0x6,0xe0,0x0,
0xa1,0x6,0x60,0x1,0x4d,0x0,0x0,0x0,
0x0,0x0,0x1,0x0,0x1,0x0,0x0,0x0,
0x0,0x0,0x0,0x0,0xa0,0x6,0xe0,0x0,
0xa0,0x6,0x40,0x1,0xd1,0x0,0x0,0x0,
0x0,0x0,0x3,0x0,0x0,0x0,0x0,0x0,
0xd2,0x0,0x0,0x0,0x9f,0x6,0xe0,0x0,
0x9f,0x6,0x90,0x1,0x4c,0x0,0x0,0x0,
0x0,0x0,0x2,0x0,0x34,0x0,0x0,0x0,
0x0,0x0,0x0,0x0,0x9b,0x6,0xe0,0x0,
0x9b,0x6,0x90,0x1,0x0,0x0,0x0,0x0,
0x0,0x0,0x0,0x0,0x0,0x0,0x0,0x0,
0x0,0x0,0xff,0xff,0xff,0xff,0xff,0xff,
0x0,0x0,0x0,0x0,0x54,0x0,0x0,0x0,
0x54,0x0,0x0,0x0,0x54,0x0,0x0,0x0,
0x0,0x0,0x0,0x0,0x54,0x0,0x0,0x0,
0x54,0x0,0x0,0x0,0x0,0x0,0x1,0x0,
0x54,0x0,0x0,0x0,0x0,0x0,0x0,0x0,
0x6c,0x0,0x0,0x0,0x9e,0x6,0x90,0x0,
0x0,0x0,0x0,0x0,0x6c,0x0,0x0,0x0,
0x0,0x0,0x0,0x0,0x6c,0x0,0x0,0x0,
0x0,0x0,0x0,0x0,0xd0,0x0,0x0,0x0,
0x0,0x0,0x1,0x0,0x0,0x0,0x0,0x0,
0x0,0x0,0x0,0x0,0x9e,0x6,0xf0,0x0,
0x9e,0x6,0x80,0x1,0x0,0x0,0x0,0x0,
0x10,0x0,0x0,0x0,0x0,0x0,0x0,0x0,
0x0,0x0,0xff,0xff,0xff,0xff,0xff,0xff,
0x0,0x0,0x0,0x0,0x54,0x0,0x0,0x0,
0x54,0x0,0x0,0x0,0x54,0x0,0x0,0x0,
0x0,0x0,0x0,0x0,0x54,0x0,0x0,0x0,
0x54,0x0,0x0,0x0,0x0,0x0,0x7,0x0,
0x54,0x0,0x0,0x0,0x0,0x0,0x0,0x0,
0xfc,0x0,0x0,0x0,0xa3,0x6,0x50,0x0,
0x0,0x0,0x0,0x0,0xfc,0x0,0x0,0x0,
0x0,0x0,0x0,0x0,0xfc,0x0,0x0,0x0,
0x0,0x0,0x0,0x0,0x16,0x0,0x0,0x0,
0x0,0x0,0x2,0x0,0x1a,0x0,0x0,0x0,
0x0,0x0,0x0,0x0,0xaa,0x6,0x90,0x0,
0xaa,0x6,0xc0,0x0,0xd,0x0,0x0,0x0,
0x0,0x0,0x3,0x0,0x0,0x0,0x0,0x0,
0xcc,0x0,0x0,0x0,0xa9,0x6,0x90,0x0,
0xa9,0x6,0x0,0x1,0x21,0x0,0x0,0x0,
0x0,0x0,0x2,0x0,0x2f,0x0,0x0,0x0,
0x0,0x0,0x0,0x0,0xa8,0x6,0x90,0x0,
0xa8,0x6,0x20,0x1,0x1e,0x0,0x0,0x0,
0x0,0x0,0x2,0x0,0x43,0x0,0x0,0x0,
0x0,0x0,0x0,0x0,0xa7,0x6,0x90,0x0,
0xa7,0x6,0x10,0x1,0x1d,0x0,0x0,0x0,
0x0,0x0,0x2,0x0,0x2d,0x0,0x0,0x0,
0x0,0x0,0x0,0x0,0xa6,0x6,0x90,0x0,
0xa6,0x6,0x0,0x1,0x45,0x0,0x0,0x0,
0x0,0x0,0x2,0x0,0x44,0x0,0x0,0x0,
0x0,0x0,0x0,0x0,0xa5,0x6,0x90,0x0,
0xa5,0x6,0xc0,0x0,0x44,0x0,0x0,0x0,
0x0,0x0,0x2,0x0,0x2c,0x0,0x0,0x0,
0x0,0x0,0x0,0x0,0xa4,0x6,0x90,0x0,
0xa4,0x6,0xc0,0x0,0x0,0x0,0x0,0x0,
0x48,0x0,0x0,0x0,0x0,0x0,0x0,0x0,
0x0,0x0,0xff,0xff,0xff,0xff,0xff,0xff,
0x0,0x0,0x0,0x0,0x54,0x0,0x0,0x0,
0x54,0x0,0x0,0x0,0x54,0x0,0x0,0x0,
0x0,0x0,0x0,0x0,0x54,0x0,0x0,0x0,
0x54,0x0,0x0,0x0,0x0,0x0,0x9,0x0,
0x54,0x0,0x0,0x0,0x0,0x0,0x0,0x0,
0x2c,0x1,0x0,0x0,0xac,0x6,0x50,0x0,
0x0,0x0,0x0,0x0,0x2c,0x1,0x0,0x0,
0x0,0x0,0x0,0x0,0x2c,0x1,0x0,0x0,
0x0,0x0,0x0,0x0,0x5c,0x0,0x0,0x0,
0x0,0x0,0x7,0x0,0x45,0x1,0x0,0x0,
0x0,0x0,0x0,0x0,0xb8,0x6,0x90,0x0,
0xb8,0x6,0xc0,0x1,0x5a,0x0,0x0,0x0,
0x0,0x0,0x7,0x0,0x44,0x1,0x0,0x0,
0x0,0x0,0x0,0x0,0xb7,0x6,0x90,0x0,
0xb7,0x6,0xe0,0x1,0x49,0x0,0x0,0x0,
0x0,0x0,0x5,0x0,0x4,0x0,0x0,0x0,
0x0,0x0,0x0,0x0,0xb1,0x6,0x90,0x0,
0xb1,0x6,0xf0,0x0,0xd,0x0,0x0,0x0,
0x0,0x0,0x3,0x0,0x0,0x0,0x0,0x0,
0xcd,0x0,0x0,0x0,0xb0,0x6,0x90,0x0,
0xb0,0x6,0x0,0x1,0x1e,0x0,0x0,0x0,
0x0,0x0,0x2,0x0,0x24,0x0,0x0,0x0,
0x0,0x0,0x0,0x0,0xaf,0x6,0x90,0x0,
0xaf,0x6,0x10,0x1,0x1d,0x0,0x0,0x0,
0x0,0x0,0x2,0x0,0x31,0x0,0x0,0x0,
0x0,0x0,0x0,0x0,0xae,0x6,0x90,0x0,
0xae,0x6,0x0,0x1,0x44,0x0,0x0,0x0,
0x0,0x0,0x2,0x0,0x45,0x0,0x0,0x0,
0x0,0x0,0x0,0x0,0xad,0x6,0x90,0x0,
0xad,0x6,0xc0,0x0,0x4b,0x0,0x0,0x0,
0x0,0x0,0xa,0x0,0x34,0x1,0x0,0x0,
0x0,0x0,0x0,0x0,0xb6,0x6,0x90,0x0,
0xb6,0x6,0xe0,0x0,0x12,0x0,0x0,0x0,
0x0,0x0,0xa,0x0,0x33,0x1,0x0,0x0,
0x0,0x0,0x0,0x0,0xb2,0x6,0x90,0x0,
0xb2,0x6,0x10,0x1,0x0,0x0,0x0,0x0,
0x0,0x0,0x0,0x0,0x0,0x0,0x0,0x0,
0x0,0x0,0xff,0xff,0xff,0xff,0xff,0xff,
0x0,0x0,0x0,0x0,0x54,0x0,0x0,0x0,
0x54,0x0,0x0,0x0,0x54,0x0,0x0,0x0,
0x0,0x0,0x0,0x0,0x54,0x0,0x0,0x0,
0x54,0x0,0x0,0x0,0x0,0x0,0x4,0x0,
0x54,0x0,0x0,0x0,0x0,0x0,0x0,0x0,
0xb4,0x0,0x0,0x0,0xb2,0x6,0x90,0x0,
0x0,0x0,0x0,0x0,0xb4,0x0,0x0,0x0,
0x0,0x0,0x0,0x0,0xb4,0x0,0x0,0x0,
0x0,0x0,0x0,0x0,0x3e,0x0,0x0,0x0,
0x0,0x0,0x2,0x0,0x47,0x0,0x0,0x0,
0x0,0x0,0x0,0x0,0xb5,0x6,0x10,0x1,
0xb5,0x6,0xc0,0x1,0x3f,0x0,0x0,0x0,
0x0,0x0,0x2,0x0,0x46,0x0,0x0,0x0,
0x0,0x0,0x0,0x0,0xb4,0x6,0x10,0x1,
0xb4,0x6,0xe0,0x1,0x3a,0x0,0x0,0x0,
0x0,0x0,0x7,0x0,0x47,0x1,0x0,0x0,
0x0,0x0,0x0,0x0,0xb3,0x6,0x10,0x1,
0xb3,0x6,0x60,0x1,0x3c,0x0,0x0,0x0,
0x0,0x0,0x7,0x0,0x46,0x1,0x0,0x0,
0x0,0x0,0x0,0x0,0xb2,0x6,0x10,0x1,
0xb2,0x6,0x80,0x1,0x0,0x0,0x0,0x0,
0x0,0x0,0x0,0x0,0x0,0x0,0x0,0x0,
0x0,0x0,0xff,0xff,0xff,0xff,0xff,0xff,
0x0,0x0,0x0,0x0,0x54,0x0,0x0,0x0,
0x54,0x0,0x0,0x0,0x54,0x0,0x0,0x0,
0x0,0x0,0x0,0x0,0x54,0x0,0x0,0x0,
0x54,0x0,0x0,0x0,0x0,0x0,0x4,0x0,
0x54,0x0,0x0,0x0,0x0,0x0,0x0,0x0,
0xb4,0x0,0x0,0x0,0xb6,0x6,0x90,0x0,
0x0,0x0,0x0,0x0,0xb4,0x0,0x0,0x0,
0x0,0x0,0x0,0x0,0xb4,0x0,0x0,0x0,
0x0,0x0,0x0,0x0,0x4d,0x0,0x0,0x0,
0x0,0x0,0x1,0x0,0x1,0x0,0x0,0x0,
0x0,0x0,0x0,0x0,0xbb,0x6,0xe0,0x0,
0xbb,0x6,0x40,0x1,0x6d,0x0,0x0,0x0,
0x0,0x0,0x3,0x0,0x0,0x0,0x0,0x0,
0x6e,0x0,0x0,0x0,0xba,0x6,0xe0,0x0,
0xba,0x6,0x60,0x1,0xd1,0x0,0x0,0x0,
0x0,0x0,0x3,0x0,0x0,0x0,0x0,0x0,
0xd2,0x0,0x0,0x0,0xb9,0x6,0xe0,0x0,
0xb9,0x6,0x90,0x1,0x4c,0x0,0x0,0x0,
0x0,0x0,0x2,0x0,0x34,0x0,0x0,0x0,
0x0,0x0,0x0,0x0,0xb6,0x6,0xe0,0x0,
0xb6,0x6,0x90,0x1,0x0,0x0,0x0,0x0,
0x10,0x0,0x0,0x0,0x0,0x0,0x0,0x0,
0x0,0x0,0xff,0xff,0xff,0xff,0xff,0xff,
0x0,0x0,0x0,0x0,0x54,0x0,0x0,0x0,
0x54,0x0,0x0,0x0,0x54,0x0,0x0,0x0,
0x0,0x0,0x0,0x0,0x54,0x0,0x0,0x0,
0x54,0x0,0x0,0x0,0x0,0x0,0x7,0x0,
0x54,0x0,0x0,0x0,0x0,0x0,0x0,0x0,
0xfc,0x0,0x0,0x0,0xbd,0x6,0x50,0x0,
0x0,0x0,0x0,0x0,0xfc,0x0,0x0,0x0,
0x0,0x0,0x0,0x0,0xfc,0x0,0x0,0x0,
0x0,0x0,0x0,0x0,0x16,0x0,0x0,0x0,
0x0,0x0,0x2,0x0,0x1d,0x0,0x0,0x0,
0x0,0x0,0x0,0x0,0xc4,0x6,0x90,0x0,
0xc4,0x6,0xc0,0x0,0xd,0x0,0x0,0x0,
0x0,0x0,0x3,0x0,0x0,0x0,0x0,0x0,
0xcc,0x0,0x0,0x0,0xc3,0x6,0x90,0x0,
0xc3,0x6,0x0,0x1,0x21,0x0,0x0,0x0,
0x0,0x0,0x2,0x0,0x2f,0x0,0x0,0x0,
0x0,0x0,0x0,0x0,0xc2,0x6,0x90,0x0,
0xc2,0x6,0x20,0x1,0x1e,0x0,0x0,0x0,
0x0,0x0,0x2,0x0,0x2e,0x0,0x0,0x0,
0x0,0x0,0x0,0x0,0xc1,0x6,0x90,0x0,
0xc1,0x6,0x10,0x1,0x1d,0x0,0x0,0x0,
0x0,0x0,0x2,0x0,0x2d,0x0,0x0,0x0,
0x0,0x0,0x0,0x0,0xc0,0x6,0x90,0x0,
0xc0,0x6,0x0,0x1,0x45,0x0,0x0,0x0,
0x0,0x0,0x2,0x0,0x35,0x0,0x0,0x0,
0x0,0x0,0x0,0x0,0xbf,0x6,0x90,0x0,
0xbf,0x6,0xc0,0x0,0x44,0x0,0x0,0x0,
0x0,0x0,0x2,0x0,0x4,0x0,0x0,0x0,
0x0,0x0,0x0,0x0,0xbe,0x6,0x90,0x0,
0xbe,0x6,0xc0,0x0,0x0,0x0,0x0,0x0,
0x48,0x0,0x0,0x0,0x0,0x0,0x0,0x0,
0x0,0x0,0xff,0xff,0xff,0xff,0xff,0xff,
0x0,0x0,0x0,0x0,0x54,0x0,0x0,0x0,
0x54,0x0,0x0,0x0,0x54,0x0,0x0,0x0,
0x0,0x0,0x0,0x0,0x54,0x0,0x0,0x0,
0x54,0x0,0x0,0x0,0x0,0x0,0xb,0x0,
0x54,0x0,0x0,0x0,0x0,0x0,0x0,0x0,
0x5c,0x1,0x0,0x0,0xc6,0x6,0x50,0x0,
0x0,0x0,0x0,0x0,0x5c,0x1,0x0,0x0,
0x0,0x0,0x0,0x0,0x5c,0x1,0x0,0x0,
0x0,0x0,0x0,0x0,0x5c,0x0,0x0,0x0,
0x0,0x0,0x7,0x0,0x49,0x1,0x0,0x0,
0x0,0x0,0x0,0x0,0xd3,0x6,0x90,0x0,
0xd3,0x6,0xc0,0x1,0x5a,0x0,0x0,0x0,
0x0,0x0,0x7,0x0,0x48,0x1,0x0,0x0,
0x0,0x0,0x0,0x0,0xd2,0x6,0x90,0x0,
0xd2,0x6,0xe0,0x1,0x49,0x0,0x0,0x0,
0x0,0x0,0x5,0x0,0x5,0x0,0x0,0x0,
0x0,0x0,0x0,0x0,0xcc,0x6,0x90,0x0,
0xcc,0x6,0xf0,0x0,0xd,0x0,0x0,0x0,
0x0,0x0,0x3,0x0,0x0,0x0,0x0,0x0,
0xcd,0x0,0x0,0x0,0xcb,0x6,0x90,0x0,
0xcb,0x6,0x0,0x1,0x1e,0x0,0x0,0x0,
0x0,0x0,0x2,0x0,0x24,0x0,0x0,0x0,
0x0,0x0,0x0,0x0,0xca,0x6,0x90,0x0,
0xca,0x6,0x10,0x1,0x1d,0x0,0x0,0x0,
0x0,0x0,0x2,0x0,0x31,0x0,0x0,0x0,
0x0,0x0,0x0,0x0,0xc9,0x6,0x90,0x0,
0xc9,0x6,0x0,0x1,0x16,0x0,0x0,0x0,
0x0,0x0,0x2,0x0,0x36,0x0,0x0,0x0,
0x0,0x0,0x0,0x0,0xc8,0x6,0x90,0x0,
0xc8,0x6,0xc0,0x0,0x44,0x0,0x0,0x0,
0x0,0x0,0x2,0x0,0x9,0x0,0x0,0x0,
0x0,0x0,0x0,0x0,0xc7,0x6,0x90,0x0,
0xc7,0x6,0xc0,0x0,0xcf,0x0,0x0,0x0,
0x0,0x0,0xa,0x0,0x39,0x1,0x0,0x0,
0x0,0x0,0x0,0x0,0xd4,0x6,0x90,0x0,
0xd4,0x6,0xf0,0x0,0x4b,0x0,0x0,0x0,
0x0,0x0,0xa,0x0,0x38,0x1,0x0,0x0,
0x0,0x0,0x0,0x0,0xd1,0x6,0x90,0x0,
0xd1,0x6,0xe0,0x0,0x12,0x0,0x0,0x0,
0x0,0x0,0xa,0x0,0x37,0x1,0x0,0x0,
0x0,0x0,0x0,0x0,0xcd,0x6,0x90,0x0,
0xcd,0x6,0x10,0x1,0x0,0x0,0x0,0x0,
0x0,0x0,0x0,0x0,0x0,0x0,0x0,0x0,
0x0,0x0,0xff,0xff,0xff,0xff,0xff,0xff,
0x0,0x0,0x0,0x0,0x54,0x0,0x0,0x0,
0x54,0x0,0x0,0x0,0x54,0x0,0x0,0x0,
0x0,0x0,0x0,0x0,0x54,0x0,0x0,0x0,
0x54,0x0,0x0,0x0,0x0,0x0,0x4,0x0,
0x54,0x0,0x0,0x0,0x0,0x0,0x0,0x0,
0xb4,0x0,0x0,0x0,0xcd,0x6,0x90,0x0,
0x0,0x0,0x0,0x0,0xb4,0x0,0x0,0x0,
0x0,0x0,0x0,0x0,0xb4,0x0,0x0,0x0,
0x0,0x0,0x0,0x0,0x3e,0x0,0x0,0x0,
0x0,0x0,0x2,0x0,0x37,0x0,0x0,0x0,
0x0,0x0,0x0,0x0,0xd0,0x6,0x10,0x1,
0xd0,0x6,0xc0,0x1,0x53,0x0,0x0,0x0,
0x0,0x0,0x2,0x0,0x33,0x0,0x0,0x0,
0x0,0x0,0x0,0x0,0xcf,0x6,0x10,0x1,
0xcf,0x6,0xd0,0x1,0x3a,0x0,0x0,0x0,
0x0,0x0,0x7,0x0,0x4b,0x1,0x0,0x0,
0x0,0x0,0x0,0x0,0xce,0x6,0x10,0x1,
0xce,0x6,0x60,0x1,0x70,0x0,0x0,0x0,
0x0,0x0,0x7,0x0,0x4a,0x1,0x0,0x0,
0x0,0x0,0x0,0x0,0xcd,0x6,0x10,0x1,
0xcd,0x6,0x70,0x1,0x0,0x0,0x0,0x0,
0x0,0x0,0x0,0x0,0x0,0x0,0x0,0x0,
0x0,0x0,0xff,0xff,0xff,0xff,0xff,0xff,
0x0,0x0,0x0,0x0,0x54,0x0,0x0,0x0,
0x54,0x0,0x0,0x0,0x54,0x0,0x0,0x0,
0x0,0x0,0x0,0x0,0x54,0x0,0x0,0x0,
0x54,0x0,0x0,0x0,0x0,0x0,0x4,0x0,
0x54,0x0,0x0,0x0,0x0,0x0,0x0,0x0,
0xb4,0x0,0x0,0x0,0xd1,0x6,0x90,0x0,
0x0,0x0,0x0,0x0,0xb4,0x0,0x0,0x0,
0x0,0x0,0x0,0x0,0xb4,0x0,0x0,0x0,
0x0,0x0,0x0,0x0,0x6d,0x0,0x0,0x0,
0x0,0x0,0x3,0x0,0x0,0x0,0x0,0x0,
0x6e,0x0,0x0,0x0,0xd7,0x6,0xe0,0x0,
0xd7,0x6,0x60,0x1,0x4d,0x0,0x0,0x0,
0x0,0x0,0x1,0x0,0x1,0x0,0x0,0x0,
0x0,0x0,0x0,0x0,0xd6,0x6,0xe0,0x0,
0xd6,0x6,0x40,0x1,0xd1,0x0,0x0,0x0,
0x0,0x0,0x3,0x0,0x0,0x0,0x0,0x0,
0xd2,0x0,0x0,0x0,0xd5,0x6,0xe0,0x0,
0xd5,0x6,0x90,0x1,0x4c,0x0,0x0,0x0,
0x0,0x0,0x2,0x0,0x34,0x0,0x0,0x0,
0x0,0x0,0x0,0x0,0xd1,0x6,0xe0,0x0,
0xd1,0x6,0x90,0x1,0x0,0x0,0x0,0x0,
0x0,0x0,0x0,0x0,0x0,0x0,0x0,0x0,
0x0,0x0,0xff,0xff,0xff,0xff,0xff,0xff,
0x0,0x0,0x0,0x0,0x54,0x0,0x0,0x0,
0x54,0x0,0x0,0x0,0x54,0x0,0x0,0x0,
0x0,0x0,0x0,0x0,0x54,0x0,0x0,0x0,
0x54,0x0,0x0,0x0,0x0,0x0,0x1,0x0,
0x54,0x0,0x0,0x0,0x0,0x0,0x0,0x0,
0x6c,0x0,0x0,0x0,0xd4,0x6,0x90,0x0,
0x0,0x0,0x0,0x0,0x6c,0x0,0x0,0x0,
0x0,0x0,0x0,0x0,0x6c,0x0,0x0,0x0,
0x0,0x0,0x0,0x0,0xd0,0x0,0x0,0x0,
0x0,0x0,0x1,0x0,0x0,0x0,0x0,0x0,
0x0,0x0,0x0,0x0,0xd4,0x6,0xf0,0x0,
0xd4,0x6,0x80,0x1,0x0,0x0,0x0,0x0,
0x46,0x0,0x0,0x0,0x0,0x0,0x0,0x0,
0x0,0x0,0xff,0xff,0xff,0xff,0xff,0xff,
0x0,0x0,0x0,0x0,0x54,0x0,0x0,0x0,
0x54,0x0,0x0,0x0,0x54,0x0,0x0,0x0,
0x0,0x0,0x0,0x0,0x54,0x0,0x0,0x0,
0x54,0x0,0x0,0x0,0x0,0x0,0x4,0x0,
0x54,0x0,0x0,0x0,0x0,0x0,0x0,0x0,
0xb4,0x0,0x0,0x0,0xdb,0x6,0x50,0x0,
0x0,0x0,0x0,0x0,0xb4,0x0,0x0,0x0,
0x0,0x0,0x0,0x0,0xb4,0x0,0x0,0x0,
0x0,0x0,0x0,0x0,0x47,0x0,0x0,0x0,
0x0,0x0,0x2,0x0,0x1e,0x0,0x0,0x0,
0x0,0x0,0x0,0x0,0xdf,0x6,0x90,0x0,
0xdf,0x6,0x20,0x1,0x0,0x0,0x0,0x0,
0x0,0x0,0x8,0x0,0x3c,0x1,0x0,0x0,
0x0,0x0,0x0,0x0,0xe2,0x6,0x90,0x0,
0xe2,0x6,0x90,0x0,0x0,0x0,0x0,0x0,
0x0,0x0,0x8,0x0,0x43,0x1,0x0,0x0,
0x0,0x0,0x0,0x0,0x13,0x7,0x90,0x0,
0x13,0x7,0x90,0x0,0x12,0x0,0x0,0x0,
0x0,0x0,0xa,0x0,0x3b,0x1,0x0,0x0,
0x0,0x0,0x0,0x0,0xdc,0x6,0x90,0x0,
0xdc,0x6,0x10,0x1,0x0,0x0,0x0,0x0,
0x0,0x0,0x0,0x0,0x0,0x0,0x0,0x0,
0x0,0x0,0xff,0xff,0xff,0xff,0xff,0xff,
0x0,0x0,0x0,0x0,0x54,0x0,0x0,0x0,
0x54,0x0,0x0,0x0,0x54,0x0,0x0,0x0,
0x0,0x0,0x0,0x0,0x54,0x0,0x0,0x0,
0x54,0x0,0x0,0x0,0x0,0x0,0x3,0x0,
0x54,0x0,0x0,0x0,0x0,0x0,0x0,0x0,
0x9c,0x0,0x0,0x0,0xdc,0x6,0x90,0x0,
0x0,0x0,0x0,0x0,0x9c,0x0,0x0,0x0,
0x0,0x0,0x0,0x0,0x9c,0x0,0x0,0x0,
0x0,0x0,0x0,0x0,0x3e,0x0,0x0,0x0,
0x0,0x0,0x2,0x0,0x5,0x0,0x0,0x0,
0x0,0x0,0x0,0x0,0xde,0x6,0x10,0x1,
0xde,0x6,0xc0,0x1,0x3a,0x0,0x0,0x0,
0x0,0x0,0x7,0x0,0x4d,0x1,0x0,0x0,
0x0,0x0,0x0,0x0,0xdd,0x6,0x10,0x1,
0xdd,0x6,0x60,0x1,0x78,0x0,0x0,0x0,
0x0,0x0,0x7,0x0,0x4c,0x1,0x0,0x0,
0x0,0x0,0x0,0x0,0xdc,0x6,0x10,0x1,
0xdc,0x6,0x30,0x2,0x0,0x0,0x0,0x0,
0x92,0x0,0x0,0x0,0x0,0x0,0x0,0x0,
0x0,0x0,0xff,0xff,0xff,0xff,0xff,0xff,
0x1,0x0,0x0,0x0,0x54,0x0,0x0,0x0,
0x58,0x0,0x0,0x0,0x58,0x0,0x0,0x0,
0x0,0x0,0x0,0x0,0x58,0x0,0x0,0x0,
0x58,0x0,0x0,0x0,0x0,0x0,0x5,0x0,
0x58,0x0,0x0,0x0,0x0,0x0,0x0,0x0,
0xd0,0x0,0x0,0x0,0xe2,0x6,0x90,0x0,
0x0,0x0,0x0,0x0,0xd0,0x0,0x0,0x0,
0x0,0x0,0x0,0x0,0xd0,0x0,0x0,0x0,
0x0,0x0,0x0,0x0,0x4e,0x1,0x0,0x0,
0x47,0x0,0x0,0x0,0x0,0x0,0x2,0x0,
0x38,0x0,0x0,0x0,0x0,0x0,0x0,0x0,
0xe3,0x6,0xd0,0x0,0xe3,0x6,0x60,0x1,
0x0,0x0,0x0,0x0,0x0,0x0,0x8,0x0,
0x3e,0x1,0x0,0x0,0x0,0x0,0x0,0x0,
0xe6,0x6,0xd0,0x0,0xe6,0x6,0xd0,0x0,
0x0,0x0,0x0,0x0,0x0,0x0,0x8,0x0,
0x40,0x1,0x0,0x0,0x0,0x0,0x0,0x0,
0xed,0x6,0xd0,0x0,0xed,0x6,0xd0,0x0,
0x0,0x0,0x0,0x0,0x0,0x0,0x8,0x0,
0x42,0x1,0x0,0x0,0x0,0x0,0x0,0x0,
0xf5,0x6,0xd0,0x0,0xf5,0x6,0xd0,0x0,
0x12,0x0,0x0,0x0,0x0,0x0,0xa,0x0,
0x3d,0x1,0x0,0x0,0x0,0x0,0x0,0x0,
0xe4,0x6,0xd0,0x0,0xe4,0x6,0x50,0x1,
0x0,0x0,0x0,0x0,0x0,0x0,0x0,0x0,
0x0,0x0,0xff,0xff,0xff,0xff,0xff,0xff,
0x0,0x0,0x0,0x0,0x54,0x0,0x0,0x0,
0x54,0x0,0x0,0x0,0x54,0x0,0x0,0x0,
0x0,0x0,0x0,0x0,0x54,0x0,0x0,0x0,
0x54,0x0,0x0,0x0,0x0,0x0,0x1,0x0,
0x54,0x0,0x0,0x0,0x0,0x0,0x0,0x0,
0x6c,0x0,0x0,0x0,0xe4,0x6,0xd0,0x0,
0x0,0x0,0x0,0x0,0x6c,0x0,0x0,0x0,
0x0,0x0,0x0,0x0,0x6c,0x0,0x0,0x0,
0x0,0x0,0x0,0x0,0x78,0x0,0x0,0x0,
0x0,0x0,0x7,0x0,0x4f,0x1,0x0,0x0,
0x0,0x0,0x0,0x0,0xe4,0x6,0x50,0x1,
0xe4,0x6,0x70,0x2,0x0,0x0,0x0,0x0,
0x90,0x0,0x0,0x0,0x0,0x0,0x0,0x0,
0x0,0x0,0xff,0xff,0xff,0xff,0xff,0xff,
0x0,0x0,0x0,0x0,0x54,0x0,0x0,0x0,
0x54,0x0,0x0,0x0,0x54,0x0,0x0,0x0,
0x0,0x0,0x0,0x0,0x54,0x0,0x0,0x0,
0x54,0x0,0x0,0x0,0x0,0x0,0x3,0x0,
0x54,0x0,0x0,0x0,0x0,0x0,0x0,0x0,
0x9c,0x0,0x0,0x0,0xe6,0x6,0xd0,0x0,
0x0,0x0,0x0,0x0,0x9c,0x0,0x0,0x0,
0x0,0x0,0x0,0x0,0x9c,0x0,0x0,0x0,
0x0,0x0,0x0,0x0,0xd,0x0,0x0,0x0,
0x0,0x0,0x3,0x0,0x0,0x0,0x0,0x0,
0xa1,0x0,0x0,0x0,0xea,0x6,0x10,0x1,
0xea,0x6,0x80,0x1,0x49,0x0,0x0,0x0,
0x0,0x0,0x3,0x0,0x0,0x0,0x0,0x0,
0xd4,0x0,0x0,0x0,0xe7,0x6,0x10,0x1,
0xe7,0x6,0x70,0x1,0x4b,0x0,0x0,0x0,
0x0,0x0,0xa,0x0,0x3f,0x1,0x0,0x0,
0x0,0x0,0x0,0x0,0xe8,0x6,0x10,0x1,
0xe8,0x6,0x60,0x1,0x0,0x0,0x0,0x0,
0x0,0x0,0x0,0x0,0x0,0x0,0x0,0x0,
0x0,0x0,0xff,0xff,0xff,0xff,0xff,0xff,
0x0,0x0,0x0,0x0,0x54,0x0,0x0,0x0,
0x54,0x0,0x0,0x0,0x54,0x0,0x0,0x0,
0x0,0x0,0x0,0x0,0x54,0x0,0x0,0x0,
0x54,0x0,0x0,0x0,0x0,0x0,0x2,0x0,
0x54,0x0,0x0,0x0,0x0,0x0,0x0,0x0,
0x84,0x0,0x0,0x0,0xe8,0x6,0x10,0x1,
0x0,0x0,0x0,0x0,0x84,0x0,0x0,0x0,
0x0,0x0,0x0,0x0,0x84,0x0,0x0,0x0,
0x0,0x0,0x0,0x0,0x4d,0x0,0x0,0x0,
0x0,0x0,0x1,0x0,0x1,0x0,0x0,0x0,
0x0,0x0,0x0,0x0,0xe9,0x6,0x60,0x1,
0xe9,0x6,0xc0,0x1,0xb7,0x0,0x0,0x0,
0x0,0x0,0x2,0x0,0xa,0x0,0x0,0x0,
0x0,0x0,0x0,0x0,0xe8,0x6,0x60,0x1,
0xe8,0x6,0x10,0x2,0x0,0x0,0x0,0x0,
0x90,0x0,0x0,0x0,0x3b,0x1,0x0,0x0,
0x0,0x0,0xff,0xff,0xff,0xff,0xff,0xff,
0x0,0x0,0x0,0x0,0x54,0x0,0x0,0x0,
0x54,0x0,0x0,0x0,0x54,0x0,0x0,0x0,
0x0,0x0,0x0,0x0,0x54,0x0,0x0,0x0,
0x54,0x0,0x0,0x0,0x0,0x0,0x3,0x0,
0x54,0x0,0x0,0x0,0x0,0x0,0x0,0x0,
0x9c,0x0,0x0,0x0,0xed,0x6,0xd0,0x0,
0xee,0x6,0x10,0x1,0x9c,0x0,0x0,0x0,
0x0,0x0,0x0,0x0,0x9c,0x0,0x0,0x0,
0x0,0x0,0x0,0x0,0xd,0x0,0x0,0x0,
0x0,0x0,0x3,0x0,0x0,0x0,0x0,0x0,
0xd7,0x0,0x0,0x0,0xf2,0x6,0x10,0x1,
0xf2,0x6,0x80,0x1,0x49,0x0,0x0,0x0,
0x0,0x0,0x3,0x0,0x0,0x0,0x0,0x0,
0xd6,0x0,0x0,0x0,0xef,0x6,0x10,0x1,
0xef,0x6,0x70,0x1,0x4b,0x0,0x0,0x0,
0x0,0x0,0xa,0x0,0x41,0x1,0x0,0x0,
0x0,0x0,0x0,0x0,0xf0,0x6,0x10,0x1,
0xf0,0x6,0x60,0x1,0x0,0x0,0x0,0x0,
0x0,0x0,0x0,0x0,0x0,0x0,0x0,0x0,
0x0,0x0,0xff,0xff,0xff,0xff,0xff,0xff,
0x0,0x0,0x0,0x0,0x54,0x0,0x0,0x0,
0x54,0x0,0x0,0x0,0x54,0x0,0x0,0x0,
0x0,0x0,0x0,0x0,0x54,0x0,0x0,0x0,
0x54,0x0,0x0,0x0,0x0,0x0,0x2,0x0,
0x54,0x0,0x0,0x0,0x0,0x0,0x0,0x0,
0x84,0x0,0x0,0x0,0xf0,0x6,0x10,0x1,
0x0,0x0,0x0,0x0,0x84,0x0,0x0,0x0,
0x0,0x0,0x0,0x0,0x84,0x0,0x0,0x0,
0x0,0x0,0x0,0x0,0x4d,0x0,0x0,0x0,
0x0,0x0,0x1,0x0,0x1,0x0,0x0,0x0,
0x0,0x0,0x0,0x0,0xf1,0x6,0x60,0x1,
0xf1,0x6,0xc0,0x1,0xb7,0x0,0x0,0x0,
0x0,0x0,0x2,0x0,0xa,0x0,0x0,0x0,
0x0,0x0,0x0,0x0,0xf0,0x6,0x60,0x1,
0xf0,0x6,0x10,0x2,0x0,0x0,0x0,0x0,
0x82,0x0,0x0,0x0,0x0,0x0,0x0,0x0,
0x0,0x0,0xff,0xff,0xff,0xff,0xff,0xff,
0x0,0x0,0x0,0x0,0x54,0x0,0x0,0x0,
0x54,0x0,0x0,0x0,0x54,0x0,0x0,0x0,
0x0,0x0,0x0,0x0,0x54,0x0,0x0,0x0,
0x54,0x0,0x0,0x0,0x0,0x0,0x2,0x0,
0x54,0x0,0x0,0x0,0x0,0x0,0x0,0x0,
0x84,0x0,0x0,0x0,0xf5,0x6,0xd0,0x0,
0x0,0x0,0x0,0x0,0x84,0x0,0x0,0x0,
0x0,0x0,0x0,0x0,0x84,0x0,0x0,0x0,
0x0,0x0,0x0,0x0,0xd8,0x0,0x0,0x0,
0x0,0x2,0x7,0x0,0x51,0x1,0x0,0x0,
0x0,0x0,0x0,0x0,0xf8,0x6,0x10,0x1,
0xf8,0x6,0x40,0x2,0x2b,0x0,0x0,0x0,
0x0,0x0,0x7,0x0,0x50,0x1,0x0,0x0,
0x0,0x0,0x0,0x0,0xf6,0x6,0x10,0x1,
0xf6,0x6,0x90,0x1,0x0,0x0,0x0,0x0,
0x46,0x0,0x0,0x0,0x0,0x0,0x0,0x0,
0x0,0x0,0xff,0xff,0xff,0xff,0xff,0xff,
0x0,0x0,0x0,0x0,0x54,0x0,0x0,0x0,
0x54,0x0,0x0,0x0,0x54,0x0,0x0,0x0,
0x0,0x0,0x0,0x0,0x54,0x0,0x0,0x0,
0x54,0x0,0x0,0x0,0x0,0x0,0x5,0x0,
0x54,0x0,0x0,0x0,0x0,0x0,0x0,0x0,
0xcc,0x0,0x0,0x0,0x13,0x7,0x90,0x0,
0x0,0x0,0x0,0x0,0xcc,0x0,0x0,0x0,
0x0,0x0,0x0,0x0,0xcc,0x0,0x0,0x0,
0x0,0x0,0x0,0x0,0x47,0x0,0x0,0x0,
0x0,0x0,0x2,0x0,0x38,0x0,0x0,0x0,
0x0,0x0,0x0,0x0,0x14,0x7,0xd0,0x0,
0x14,0x7,0x60,0x1,0x0,0x0,0x0,0x0,
0x0,0x0,0x8,0x0,0x45,0x1,0x0,0x0,
0x0,0x0,0x0,0x0,0x17,0x7,0xd0,0x0,
0x17,0x7,0xd0,0x0,0x0,0x0,0x0,0x0,
0x0,0x0,0x8,0x0,0x4d,0x1,0x0,0x0,
0x0,0x0,0x0,0x0,0x51,0x7,0xd0,0x0,
0x51,0x7,0xd0,0x0,0x0,0x0,0x0,0x0,
0x0,0x0,0x8,0x0,0x4f,0x1,0x0,0x0,
0x0,0x0,0x0,0x0,0x5f,0x7,0xd0,0x0,
0x5f,0x7,0xd0,0x0,0x12,0x0,0x0,0x0,
0x0,0x0,0xa,0x0,0x44,0x1,0x0,0x0,
0x0,0x0,0x0,0x0,0x15,0x7,0xd0,0x0,
0x15,0x7,0x50,0x1,0x0,0x0,0x0,0x0,
0x0,0x0,0x0,0x0,0x0,0x0,0x0,0x0,
0x0,0x0,0xff,0xff,0xff,0xff,0xff,0xff,
0x0,0x0,0x0,0x0,0x54,0x0,0x0,0x0,
0x54,0x0,0x0,0x0,0x54,0x0,0x0,0x0,
0x0,0x0,0x0,0x0,0x54,0x0,0x0,0x0,
0x54,0x0,0x0,0x0,0x0,0x0,0x1,0x0,
0x54,0x0,0x0,0x0,0x0,0x0,0x0,0x0,
0x6c,0x0,0x0,0x0,0x15,0x7,0xd0,0x0,
0x0,0x0,0x0,0x0,0x6c,0x0,0x0,0x0,
0x0,0x0,0x0,0x0,0x6c,0x0,0x0,0x0,
0x0,0x0,0x0,0x0,0x78,0x0,0x0,0x0,
0x0,0x0,0x7,0x0,0x53,0x1,0x0,0x0,
0x0,0x0,0x0,0x0,0x15,0x7,0x50,0x1,
0x15,0x7,0x70,0x2,0x0,0x0,0x0,0x0,
0x92,0x0,0x0,0x0,0x0,0x0,0x0,0x0,
0x0,0x0,0xff,0xff,0xff,0xff,0xff,0xff,
0x0,0x0,0x0,0x0,0x54,0x0,0x0,0x0,
0x54,0x0,0x0,0x0,0x54,0x0,0x0,0x0,
0x0,0x0,0x0,0x0,0x54,0x0,0x0,0x0,
0x54,0x0,0x0,0x0,0x0,0x0,0x6,0x0,
0x54,0x0,0x0,0x0,0x0,0x0,0x0,0x0,
0xe4,0x0,0x0,0x0,0x17,0x7,0xd0,0x0,
0x0,0x0,0x0,0x0,0xe4,0x0,0x0,0x0,
0x0,0x0,0x0,0x0,0xe4,0x0,0x0,0x0,
0x0,0x0,0x0,0x0,0x47,0x0,0x0,0x0,
0x0,0x0,0x2,0x0,0x38,0x0,0x0,0x0,
0x0,0x0,0x0,0x0,0x18,0x7,0x10,0x1,
0x18,0x7,0xa0,0x1,0x0,0x0,0x0,0x0,
0x0,0x0,0x8,0x0,0x47,0x1,0x0,0x0,
0x0,0x0,0x0,0x0,0x1b,0x7,0x10,0x1,
0x1b,0x7,0x10,0x1,0x0,0x0,0x0,0x0,
0x0,0x0,0x8,0x0,0x49,0x1,0x0,0x0,
0x0,0x0,0x0,0x0,0x22,0x7,0x10,0x1,
0x22,0x7,0x10,0x1,0x0,0x0,0x0,0x0,
0x0,0x0,0x8,0x0,0x4b,0x1,0x0,0x0,
0x0,0x0,0x0,0x0,0x29,0x7,0x10,0x1,
0x29,0x7,0x10,0x1,0x0,0x0,0x0,0x0,
0x0,0x0,0x8,0x0,0x4c,0x1,0x0,0x0,
0x0,0x0,0x0,0x0,0x2f,0x7,0x10,0x1,
0x2f,0x7,0x10,0x1,0x12,0x0,0x0,0x0,
0x0,0x0,0xa,0x0,0x46,0x1,0x0,0x0,
0x0,0x0,0x0,0x0,0x19,0x7,0x10,0x1,
0x19,0x7,0x90,0x1,0x0,0x0,0x0,0x0,
0x0,0x0,0x0,0x0,0x0,0x0,0x0,0x0,
0x0,0x0,0xff,0xff,0xff,0xff,0xff,0xff,
0x0,0x0,0x0,0x0,0x54,0x0,0x0,0x0,
0x54,0x0,0x0,0x0,0x54,0x0,0x0,0x0,
0x0,0x0,0x0,0x0,0x54,0x0,0x0,0x0,
0x54,0x0,0x0,0x0,0x0,0x0,0x1,0x0,
0x54,0x0,0x0,0x0,0x0,0x0,0x0,0x0,
0x6c,0x0,0x0,0x0,0x19,0x7,0x10,0x1,
0x0,0x0,0x0,0x0,0x6c,0x0,0x0,0x0,
0x0,0x0,0x0,0x0,0x6c,0x0,0x0,0x0,
0x0,0x0,0x0,0x0,0x78,0x0,0x0,0x0,
0x0,0x0,0x7,0x0,0x54,0x1,0x0,0x0,
0x0,0x0,0x0,0x0,0x19,0x7,0x90,0x1,
0x19,0x7,0xb0,0x2,0x0,0x0,0x0,0x0,
0x90,0x0,0x0,0x0,0x0,0x0,0x0,0x0,
0x0,0x0,0xff,0xff,0xff,0xff,0xff,0xff,
0x0,0x0,0x0,0x0,0x54,0x0,0x0,0x0,
0x54,0x0,0x0,0x0,0x54,0x0,0x0,0x0,
0x0,0x0,0x0,0x0,0x54,0x0,0x0,0x0,
0x54,0x0,0x0,0x0,0x0,0x0,0x3,0x0,
0x54,0x0,0x0,0x0,0x0,0x0,0x0,0x0,
0x9c,0x0,0x0,0x0,0x1b,0x7,0x10,0x1,
0x0,0x0,0x0,0x0,0x9c,0x0,0x0,0x0,
0x0,0x0,0x0,0x0,0x9c,0x0,0x0,0x0,
0x0,0x0,0x0,0x0,0xd,0x0,0x0,0x0,
0x0,0x0,0x3,0x0,0x0,0x0,0x0,0x0,
0xa1,0x0,0x0,0x0,0x1f,0x7,0x50,0x1,
0x1f,0x7,0xc0,0x1,0x49,0x0,0x0,0x0,
0x0,0x0,0x3,0x0,0x0,0x0,0x0,0x0,
0xdc,0x0,0x0,0x0,0x1c,0x7,0x50,0x1,
0x1c,0x7,0xb0,0x1,0x4b,0x0,0x0,0x0,
0x0,0x0,0xa,0x0,0x48,0x1,0x0,0x0,
0x0,0x0,0x0,0x0,0x1d,0x7,0x50,0x1,
0x1d,0x7,0xa0,0x1,0x0,0x0,0x0,0x0,
0x0,0x0,0x0,0x0,0x0,0x0,0x0,0x0,
0x0,0x0,0xff,0xff,0xff,0xff,0xff,0xff,
0x0,0x0,0x0,0x0,0x54,0x0,0x0,0x0,
0x54,0x0,0x0,0x0,0x54,0x0,0x0,0x0,
0x0,0x0,0x0,0x0,0x54,0x0,0x0,0x0,
0x54,0x0,0x0,0x0,0x0,0x0,0x2,0x0,
0x54,0x0,0x0,0x0,0x0,0x0,0x0,0x0,
0x84,0x0,0x0,0x0,0x1d,0x7,0x50,0x1,
0x0,0x0,0x0,0x0,0x84,0x0,0x0,0x0,
0x0,0x0,0x0,0x0,0x84,0x0,0x0,0x0,
0x0,0x0,0x0,0x0,0x4d,0x0,0x0,0x0,
0x0,0x0,0x1,0x0,0x1,0x0,0x0,0x0,
0x0,0x0,0x0,0x0,0x1e,0x7,0xa0,0x1,
0x1e,0x7,0x0,0x2,0xb7,0x0,0x0,0x0,
0x0,0x0,0x2,0x0,0x39,0x0,0x0,0x0,
0x0,0x0,0x0,0x0,0x1d,0x7,0xa0,0x1,
0x1d,0x7,0x50,0x2,0x0,0x0,0x0,0x0,
0x90,0x0,0x0,0x0,0x3c,0x1,0x0,0x0,
0x0,0x0,0xff,0xff,0xff,0xff,0xff,0xff,
0x0,0x0,0x0,0x0,0x54,0x0,0x0,0x0,
0x54,0x0,0x0,0x0,0x54,0x0,0x0,0x0,
0x0,0x0,0x0,0x0,0x54,0x0,0x0,0x0,
0x54,0x0,0x0,0x0,0x0,0x0,0x2,0x0,
0x54,0x0,0x0,0x0,0x0,0x0,0x0,0x0,
0x84,0x0,0x0,0x0,0x22,0x7,0x10,0x1,
0x23,0x7,0x50,0x1,0x84,0x0,0x0,0x0,
0x0,0x0,0x0,0x0,0x84,0x0,0x0,0x0,
0x0,0x0,0x0,0x0,0x49,0x0,0x0,0x0,
0x0,0x0,0x3,0x0,0x0,0x0,0x0,0x0,
0xde,0x0,0x0,0x0,0x24,0x7,0x50,0x1,
0x24,0x7,0xb0,0x1,0x4b,0x0,0x0,0x0,
0x0,0x0,0xa,0x0,0x4a,0x1,0x0,0x0,
0x0,0x0,0x0,0x0,0x25,0x7,0x50,0x1,
0x25,0x7,0xa0,0x1,0x0,0x0,0x0,0x0,
0x0,0x0,0x0,0x0,0x0,0x0,0x0,0x0,
0x0,0x0,0xff,0xff,0xff,0xff,0xff,0xff,
0x0,0x0,0x0,0x0,0x54,0x0,0x0,0x0,
0x54,0x0,0x0,0x0,0x54,0x0,0x0,0x0,
0x0,0x0,0x0,0x0,0x54,0x0,0x0,0x0,
0x54,0x0,0x0,0x0,0x0,0x0,0x2,0x0,
0x54,0x0,0x0,0x0,0x0,0x0,0x0,0x0,
0x84,0x0,0x0,0x0,0x25,0x7,0x50,0x1,
0x0,0x0,0x0,0x0,0x84,0x0,0x0,0x0,
0x0,0x0,0x0,0x0,0x84,0x0,0x0,0x0,
0x0,0x0,0x0,0x0,0x4d,0x0,0x0,0x0,
0x0,0x0,0x1,0x0,0x1,0x0,0x0,0x0,
0x0,0x0,0x0,0x0,0x26,0x7,0xa0,0x1,
0x26,0x7,0x0,0x2,0xb7,0x0,0x0,0x0,
0x0,0x0,0x2,0x0,0x39,0x0,0x0,0x0,
0x0,0x0,0x0,0x0,0x25,0x7,0xa0,0x1,
0x25,0x7,0x50,0x2,0x0,0x0,0x0,0x0,
0x22,0x0,0x0,0x0,0x3d,0x1,0x0,0x0,
0x0,0x0,0xff,0xff,0xff,0xff,0xff,0xff,
0x0,0x0,0x0,0x0,0x54,0x0,0x0,0x0,
0x54,0x0,0x0,0x0,0x54,0x0,0x0,0x0,
0x0,0x0,0x0,0x0,0x54,0x0,0x0,0x0,
0x54,0x0,0x0,0x0,0x0,0x0,0x3,0x0,
0x54,0x0,0x0,0x0,0x0,0x0,0x0,0x0,
0x9c,0x0,0x0,0x0,0x29,0x7,0x10,0x1,
0x2a,0x7,0x50,0x1,0x9c,0x0,0x0,0x0,
0x0,0x0,0x0,0x0,0x9c,0x0,0x0,0x0,
0x0,0x0,0x0,0x0,0x25,0x0,0x0,0x0,
0x0,0x0,0x1,0x0,0x1,0x0,0x0,0x0,
0x0,0x0,0x0,0x0,0x2d,0x7,0x50,0x1,
0x2d,0x7,0xd0,0x1,0x24,0x0,0x0,0x0,
0x0,0x0,0x1,0x0,0x1,0x0,0x0,0x0,
0x0,0x0,0x0,0x0,0x2c,0x7,0x50,0x1,
0x2c,0x7,0xe0,0x1,0x23,0x0,0x0,0x0,
0x0,0x0,0x2,0x0,0x0,0x0,0x0,0x0,
0x0,0x0,0x0,0x0,0x2b,0x7,0x50,0x1,
0x2b,0x7,0xf0,0x1,0x0,0x0,0x0,0x0,
0x82,0x0,0x0,0x0,0x0,0x0,0x0,0x0,
0x0,0x0,0xff,0xff,0xff,0xff,0xff,0xff,
0x0,0x0,0x0,0x0,0x54,0x0,0x0,0x0,
0x54,0x0,0x0,0x0,0x54,0x0,0x0,0x0,
0x0,0x0,0x0,0x0,0x54,0x0,0x0,0x0,
0x54,0x0,0x0,0x0,0x0,0x0,0x2,0x0,
0x54,0x0,0x0,0x0,0x0,0x0,0x0,0x0,
0x84,0x0,0x0,0x0,0x2f,0x7,0x10,0x1,
0x0,0x0,0x0,0x0,0x84,0x0,0x0,0x0,
0x0,0x0,0x0,0x0,0x84,0x0,0x0,0x0,
0x0,0x0,0x0,0x0,0xd8,0x0,0x0,0x0,
0x0,0x2,0x7,0x0,0x56,0x1,0x0,0x0,
0x0,0x0,0x0,0x0,0x32,0x7,0x50,0x1,
0x32,0x7,0x80,0x2,0x2b,0x0,0x0,0x0,
0x0,0x0,0x7,0x0,0x55,0x1,0x0,0x0,
0x0,0x0,0x0,0x0,0x30,0x7,0x50,0x1,
0x30,0x7,0xd0,0x1,0x0,0x0,0x0,0x0,
0x10,0x0,0x0,0x0,0x0,0x0,0x0,0x0,
0x0,0x0,0xff,0xff,0xff,0xff,0xff,0xff,
0x0,0x0,0x0,0x0,0x54,0x0,0x0,0x0,
0x54,0x0,0x0,0x0,0x54,0x0,0x0,0x0,
0x0,0x0,0x0,0x0,0x54,0x0,0x0,0x0,
0x54,0x0,0x0,0x0,0x0,0x0,0x5,0x0,
0x54,0x0,0x0,0x0,0x0,0x0,0x0,0x0,
0xcc,0x0,0x0,0x0,0x51,0x7,0xd0,0x0,
0x0,0x0,0x0,0x0,0xcc,0x0,0x0,0x0,
0x0,0x0,0x0,0x0,0xcc,0x0,0x0,0x0,
0x0,0x0,0x0,0x0,0xd,0x0,0x0,0x0,
0x0,0x0,0x3,0x0,0x0,0x0,0x0,0x0,
0x94,0x0,0x0,0x0,0x55,0x7,0x10,0x1,
0x55,0x7,0x80,0x1,0x7d,0x0,0x0,0x0,
0x0,0x0,0x2,0x0,0x38,0x0,0x0,0x0,
0x0,0x0,0x0,0x0,0x54,0x7,0x10,0x1,
0x54,0x7,0x90,0x1,0x1e,0x0,0x0,0x0,
0x0,0x0,0x2,0x0,0x26,0x0,0x0,0x0,
0x0,0x0,0x0,0x0,0x53,0x7,0x10,0x1,
0x53,0x7,0x90,0x1,0x1d,0x0,0x0,0x0,
0x0,0x0,0x2,0x0,0x3a,0x0,0x0,0x0,
0x0,0x0,0x0,0x0,0x52,0x7,0x10,0x1,
0x52,0x7,0x80,0x1,0x0,0x0,0x0,0x0,
0x0,0x0,0x8,0x0,0x4e,0x1,0x0,0x0,
0x0,0x0,0x0,0x0,0x57,0x7,0x10,0x1,
0x57,0x7,0x10,0x1,0x0,0x0,0x0,0x0,
0x10,0x0,0x0,0x0,0x3e,0x1,0x0,0x0,
0x0,0x0,0xff,0xff,0xff,0xff,0xff,0xff,
0x0,0x0,0x0,0x0,0x54,0x0,0x0,0x0,
0x54,0x0,0x0,0x0,0x54,0x0,0x0,0x0,
0x0,0x0,0x0,0x0,0x54,0x0,0x0,0x0,
0x54,0x0,0x0,0x0,0x0,0x0,0x2,0x0,
0x54,0x0,0x0,0x0,0x0,0x0,0x0,0x0,
0x84,0x0,0x0,0x0,0x57,0x7,0x10,0x1,
0x58,0x7,0x50,0x1,0x84,0x0,0x0,0x0,
0x0,0x0,0x0,0x0,0x84,0x0,0x0,0x0,
0x0,0x0,0x0,0x0,0x7d,0x0,0x0,0x0,
0x0,0x0,0x2,0x0,0x38,0x0,0x0,0x0,
0x0,0x0,0x0,0x0,0x5a,0x7,0x50,0x1,
0x5a,0x7,0xd0,0x1,0x1e,0x0,0x0,0x0,
0x0,0x0,0x7,0x0,0x58,0x1,0x0,0x0,
0x0,0x0,0x0,0x0,0x59,0x7,0x50,0x1,
0x59,0x7,0xd0,0x1,0x0,0x0,0x0,0x0,
0x75,0x0,0x0,0x0,0x3f,0x1,0x0,0x0,
0x0,0x0,0xff,0xff,0xff,0xff,0xff,0xff,
0x0,0x0,0x0,0x0,0x54,0x0,0x0,0x0,
0x54,0x0,0x0,0x0,0x54,0x0,0x0,0x0,
0x0,0x0,0x0,0x0,0x54,0x0,0x0,0x0,
0x54,0x0,0x0,0x0,0x0,0x0,0x9,0x0,
0x54,0x0,0x0,0x0,0x0,0x0,0x0,0x0,
0x2c,0x1,0x0,0x0,0x5f,0x7,0xd0,0x0,
0x60,0x7,0x10,0x1,0x2c,0x1,0x0,0x0,
0x0,0x0,0x0,0x0,0x2c,0x1,0x0,0x0,
0x0,0x0,0x0,0x0,0x80,0x0,0x0,0x0,
0x0,0x0,0x7,0x0,0x5a,0x1,0x0,0x0,
0x0,0x0,0x0,0x0,0x78,0x7,0x10,0x1,
0x78,0x7,0xc0,0x1,0x7f,0x0,0x0,0x0,
0x0,0x0,0x8,0x0,0x53,0x1,0x0,0x0,
0x0,0x0,0x0,0x0,0x6f,0x7,0x10,0x1,
0x6f,0x7,0xe0,0x1,0x50,0x0,0x0,0x0,
0x0,0x0,0x8,0x0,0x52,0x1,0x0,0x0,
0x0,0x0,0x0,0x0,0x6a,0x7,0x10,0x1,
0x6a,0x7,0xd0,0x1,0x1e,0x0,0x0,0x0,
0x0,0x0,0x2,0x0,0x24,0x0,0x0,0x0,
0x0,0x0,0x0,0x0,0x64,0x7,0x10,0x1,
0x64,0x7,0x90,0x1,0x1d,0x0,0x0,0x0,
0x0,0x0,0x2,0x0,0x31,0x0,0x0,0x0,
0x0,0x0,0x0,0x0,0x63,0x7,0x10,0x1,
0x63,0x7,0x80,0x1,0x41,0x1,0x0,0x0,
0x0,0x0,0x7,0x0,0x59,0x1,0x0,0x0,
0x0,0x0,0x0,0x0,0x62,0x7,0x10,0x1,
0x62,0x7,0xe0,0x1,0x49,0x0,0x0,0x0,
0x0,0x0,0x3,0x0,0x0,0x0,0x0,0x0,
0x40,0x1,0x0,0x0,0x61,0x7,0x10,0x1,
0x61,0x7,0x70,0x1,0x4b,0x0,0x0,0x0,
0x0,0x0,0xa,0x0,0x51,0x1,0x0,0x0,
0x0,0x0,0x0,0x0,0x66,0x7,0x10,0x1,
0x66,0x7,0x60,0x1,0x12,0x0,0x0,0x0,
0x0,0x0,0xa,0x0,0x50,0x1,0x0,0x0,
0x0,0x0,0x0,0x0,0x65,0x7,0x10,0x1,
0x65,0x7,0x90,0x1,0x0,0x0,0x0,0x0,
0x0,0x0,0x0,0x0,0x0,0x0,0x0,0x0,
0x0,0x0,0xff,0xff,0xff,0xff,0xff,0xff,
0x0,0x0,0x0,0x0,0x54,0x0,0x0,0x0,
0x54,0x0,0x0,0x0,0x54,0x0,0x0,0x0,
0x0,0x0,0x0,0x0,0x54,0x0,0x0,0x0,
0x54,0x0,0x0,0x0,0x0,0x0,0x1,0x0,
0x54,0x0,0x0,0x0,0x0,0x0,0x0,0x0,
0x6c,0x0,0x0,0x0,0x65,0x7,0x10,0x1,
0x0,0x0,0x0,0x0,0x6c,0x0,0x0,0x0,
0x0,0x0,0x0,0x0,0x6c,0x0,0x0,0x0,
0x0,0x0,0x0,0x0,0x78,0x0,0x0,0x0,
0x0,0x0,0x7,0x0,0x5b,0x1,0x0,0x0,
0x0,0x0,0x0,0x0,0x65,0x7,0x90,0x1,
0x65,0x7,0xb0,0x2,0x0,0x0,0x0,0x0,
0x0,0x0,0x0,0x0,0x0,0x0,0x0,0x0,
0x0,0x0,0xff,0xff,0xff,0xff,0xff,0xff,
0x0,0x0,0x0,0x0,0x54,0x0,0x0,0x0,
0x54,0x0,0x0,0x0,0x54,0x0,0x0,0x0,
0x0,0x0,0x0,0x0,0x54,0x0,0x0,0x0,
0x54,0x0,0x0,0x0,0x0,0x0,0x3,0x0,
0x54,0x0,0x0,0x0,0x0,0x0,0x0,0x0,
0x9c,0x0,0x0,0x0,0x66,0x7,0x10,0x1,
0x0,0x0,0x0,0x0,0x9c,0x0,0x0,0x0,
0x0,0x0,0x0,0x0,0x9c,0x0,0x0,0x0,
0x0,0x0,0x0,0x0,0x6d,0x0,0x0,0x0,
0x0,0x0,0x3,0x0,0x0,0x0,0x0,0x0,
0x6e,0x0,0x0,0x0,0x68,0x7,0x60,0x1,
0x68,0x7,0xe0,0x1,0xb7,0x0,0x0,0x0,
0x0,0x0,0x2,0x0,0x39,0x0,0x0,0x0,
0x0,0x0,0x0,0x0,0x67,0x7,0x60,0x1,
0x67,0x7,0x10,0x2,0x4d,0x0,0x0,0x0,
0x0,0x0,0x1,0x0,0x1,0x0,0x0,0x0,
0x0,0x0,0x0,0x0,0x66,0x7,0x60,0x1,
0x66,0x7,0xc0,0x1,0x0,0x0,0x0,0x0,
0x10,0x0,0x0,0x0,0x0,0x0,0x0,0x0,
0x0,0x0,0xff,0xff,0xff,0xff,0xff,0xff,
0x0,0x0,0x0,0x0,0x54,0x0,0x0,0x0,
0x54,0x0,0x0,0x0,0x54,0x0,0x0,0x0,
0x0,0x0,0x0,0x0,0x54,0x0,0x0,0x0,
0x54,0x0,0x0,0x0,0x0,0x0,0x2,0x0,
0x54,0x0,0x0,0x0,0x0,0x0,0x0,0x0,
0x84,0x0,0x0,0x0,0x6a,0x7,0xd0,0x1,
0x0,0x0,0x0,0x0,0x84,0x0,0x0,0x0,
0x0,0x0,0x0,0x0,0x84,0x0,0x0,0x0,
0x0,0x0,0x0,0x0,0x7d,0x0,0x0,0x0,
0x0,0x0,0x2,0x0,0x1e,0x0,0x0,0x0,
0x0,0x0,0x0,0x0,0x6c,0x7,0x50,0x1,
0x6c,0x7,0xd0,0x1,0xd,0x0,0x0,0x0,
0x0,0x0,0x3,0x0,0x0,0x0,0x0,0x0,
0xd7,0x0,0x0,0x0,0x6b,0x7,0x50,0x1,
0x6b,0x7,0xc0,0x1,0x0,0x0,0x0,0x0,
0x48,0x0,0x0,0x0,0x0,0x0,0x0,0x0,
0x0,0x0,0xff,0xff,0xff,0xff,0xff,0xff,
0x0,0x0,0x0,0x0,0x54,0x0,0x0,0x0,
0x54,0x0,0x0,0x0,0x54,0x0,0x0,0x0,
0x0,0x0,0x0,0x0,0x54,0x0,0x0,0x0,
0x54,0x0,0x0,0x0,0x0,0x0,0x5,0x0,
0x54,0x0,0x0,0x0,0x0,0x0,0x0,0x0,
0xcc,0x0,0x0,0x0,0x6f,0x7,0xe0,0x1,
0x0,0x0,0x0,0x0,0xcc,0x0,0x0,0x0,
0x0,0x0,0x0,0x0,0xcc,0x0,0x0,0x0,
0x0,0x0,0x0,0x0,0xd,0x0,0x0,0x0,
0x0,0x0,0x3,0x0,0x0,0x0,0x0,0x0,
0x7e,0x0,0x0,0x0,0x75,0x7,0x50,0x1,
0x75,0x7,0xc0,0x1,0x5c,0x0,0x0,0x0,
0x0,0x0,0x7,0x0,0x5e,0x1,0x0,0x0,
0x0,0x0,0x0,0x0,0x73,0x7,0x50,0x1,
0x73,0x7,0x80,0x2,0x5a,0x0,0x0,0x0,
0x0,0x0,0x7,0x0,0x5d,0x1,0x0,0x0,
0x0,0x0,0x0,0x0,0x72,0x7,0x50,0x1,
0x72,0x7,0xa0,0x2,0x49,0x0,0x0,0x0,
0x0,0x0,0x7,0x0,0x5c,0x1,0x0,0x0,
0x0,0x0,0x0,0x0,0x70,0x7,0x50,0x1,
0x70,0x7,0xb0,0x1,0x4b,0x0,0x0,0x0,
0x0,0x0,0xa,0x0,0x54,0x1,0x0,0x0,
0x0,0x0,0x0,0x0,0x71,0x7,0x50,0x1,
0x71,0x7,0xa0,0x1,0x0,0x0,0x0,0x0,
0x0,0x0,0x0,0x0,0x0,0x0,0x0,0x0,
0x0,0x0,0xff,0xff,0xff,0xff,0xff,0xff,
0x0,0x0,0x0,0x0,0x54,0x0,0x0,0x0,
0x54,0x0,0x0,0x0,0x54,0x0,0x0,0x0,
0x0,0x0,0x0,0x0,0x54,0x0,0x0,0x0,
0x54,0x0,0x0,0x0,0x0,0x0,0x2,0x0,
0x54,0x0,0x0,0x0,0x0,0x0,0x0,0x0,
0x84,0x0,0x0,0x0,0x71,0x7,0x50,0x1,
0x0,0x0,0x0,0x0,0x84,0x0,0x0,0x0,
0x0,0x0,0x0,0x0,0x84,0x0,0x0,0x0,
0x0,0x0,0x0,0x0,0x4d,0x0,0x0,0x0,
0x0,0x0,0x1,0x0,0x1,0x0,0x0,0x0,
0x0,0x0,0x0,0x0,0x74,0x7,0xa0,0x1,
0x74,0x7,0x0,0x2,0x4c,0x0,0x0,0x0,
0x0,0x0,0x2,0x0,0xa,0x0,0x0,0x0,
0x0,0x0,0x0,0x0,0x71,0x7,0xa0,0x1,
0x71,0x7,0x50,0x2,0x0,0x0,0x0,0x0,
0x37,0x0,0x0,0x0,0x43,0x1,0x0,0x0,
0x0,0x0,0xff,0xff,0xff,0xff,0xff,0xff,
0x0,0x0,0x3,0x0,0x54,0x0,0x0,0x0,
0x54,0x0,0x0,0x0,0x78,0x0,0x0,0x0,
0x0,0x0,0x0,0x0,0x78,0x0,0x0,0x0,
0x78,0x0,0x0,0x0,0x0,0x0,0x7,0x0,
0x78,0x0,0x0,0x0,0x0,0x0,0x0,0x0,
0x20,0x1,0x0,0x0,0x81,0x7,0x50,0x0,
0x82,0x7,0x90,0x0,0x20,0x1,0x0,0x0,
0x0,0x0,0x0,0x0,0x20,0x1,0x0,0x0,
0x0,0x0,0x0,0x0,0x44,0x1,0x0,0x0,
0x1,0x0,0x0,0x20,0x86,0x7,0x90,0x0,
0x45,0x1,0x0,0x0,0x1,0x0,0x0,0x20,
0x87,0x7,0x90,0x0,0x47,0x0,0x0,0x0,
0x1,0x0,0x0,0x20,0x88,0x7,0x90,0x0,
0x47,0x0,0x0,0x0,0x0,0x0,0x2,0x0,
0x26,0x0,0x0,0x0,0x0,0x0,0x0,0x0,
0x88,0x7,0x60,0x1,0x88,0x7,0xf0,0x1,
0x45,0x1,0x0,0x0,0x0,0x0,0x2,0x0,
0x8,0x0,0x0,0x0,0x0,0x0,0x0,0x0,
0x87,0x7,0x60,0x1,0x87,0x7,0x0,0x2,
0x44,0x1,0x0,0x0,0x0,0x0,0x2,0x0,
0x8,0x0,0x0,0x0,0x0,0x0,0x0,0x0,
0x86,0x7,0x60,0x1,0x86,0x7,0x20,0x2,
0x1e,0x0,0x0,0x0,0x0,0x0,0x7,0x0,
0x60,0x1,0x0,0x0,0x0,0x0,0x0,0x0,
0x84,0x7,0x90,0x0,0x84,0x7,0x10,0x1,
0x1d,0x0,0x0,0x0,0x0,0x0,0x7,0x0,
0x5f,0x1,0x0,0x0,0x0,0x0,0x0,0x0,
0x83,0x7,0x90,0x0,0x83,0x7,0x0,0x1,
0x0,0x0,0x0,0x0,0x0,0x0,0x8,0x0,
0x56,0x1,0x0,0x0,0x0,0x0,0x0,0x0,
0x8a,0x7,0x90,0x0,0x8a,0x7,0x90,0x0,
0x0,0x0,0x0,0x0,0x0,0x0,0x8,0x0,
0x58,0x1,0x0,0x0,0x0,0x0,0x0,0x0,
0xd5,0x7,0x90,0x0,0xd5,0x7,0x90,0x0,
0x46,0x1,0x0,0x0,0x47,0x1,0x0,0x0,
0x0,0x0,0xff,0xff,0xff,0xff,0xff,0xff,
0x0,0x0,0x0,0x0,0x54,0x0,0x0,0x0,
0x54,0x0,0x0,0x0,0x54,0x0,0x0,0x0,
0x0,0x0,0x0,0x0,0x54,0x0,0x0,0x0,
0x54,0x0,0x0,0x0,0x0,0x0,0x3,0x0,
0x54,0x0,0x0,0x0,0x0,0x0,0x0,0x0,
0x9c,0x0,0x0,0x0,0x8a,0x7,0x90,0x0,
0x8b,0x7,0xd0,0x0,0x9c,0x0,0x0,0x0,
0x0,0x0,0x0,0x0,0x9c,0x0,0x0,0x0,
0x0,0x0,0x0,0x0,0x49,0x1,0x0,0x0,
0x0,0x0,0x7,0x0,0x61,0x1,0x0,0x0,
0x0,0x0,0x0,0x0,0x8e,0x7,0xd0,0x0,
0x8e,0x7,0xf0,0x1,0x48,0x1,0x0,0x0,
0x0,0x0,0x1,0x0,0x1,0x0,0x0,0x0,
0x0,0x0,0x0,0x0,0x8c,0x7,0xd0,0x0,
0x8c,0x7,0x40,0x1,0xa7,0x0,0x0,0x0,
0x0,0x0,0x9,0x0,0x57,0x1,0x0,0x0,
0x0,0x0,0x0,0x0,0x92,0x7,0xd0,0x0,
0x92,0x7,0x20,0x1,0x0,0x0,0x0,0x0,
0x0,0x0,0x0,0x0,0x0,0x0,0x0,0x0,
0x0,0x0,0xff,0xff,0xff,0xff,0xff,0xff,
0x0,0x0,0x0,0x0,0x54,0x0,0x0,0x0,
0x54,0x0,0x0,0x0,0x54,0x0,0x0,0x0,
0x0,0x0,0x0,0x0,0x54,0x0,0x0,0x0,
0x54,0x0,0x0,0x0,0x0,0x0,0x1,0x0,
0x54,0x0,0x0,0x0,0x0,0x0,0x0,0x0,
0x6c,0x0,0x0,0x0,0x92,0x7,0xd0,0x0,
0x0,0x0,0x0,0x0,0x6c,0x0,0x0,0x0,
0x0,0x0,0x0,0x0,0x6c,0x0,0x0,0x0,
0x0,0x0,0x0,0x0,0x4b,0x1,0x0,0x0,
0x0,0x2,0x7,0x0,0x62,0x1,0x0,0x0,
0x0,0x0,0x0,0x0,0x92,0x7,0x20,0x1,
0x92,0x7,0xe0,0x1,0x0,0x0,0x0,0x0,
0x46,0x0,0x0,0x0,0x4d,0x1,0x0,0x0,
0x0,0x0,0xff,0xff,0xff,0xff,0xff,0xff,
0x0,0x0,0x0,0x0,0x54,0x0,0x0,0x0,
0x54,0x0,0x0,0x0,0x54,0x0,0x0,0x0,
0x0,0x0,0x0,0x0,0x54,0x0,0x0,0x0,
0x54,0x0,0x0,0x0,0x0,0x0,0x5,0x0,
0x54,0x0,0x0,0x0,0x0,0x0,0x0,0x0,
0xcc,0x0,0x0,0x0,0xd5,0x7,0x90,0x0,
0xd6,0x7,0xd0,0x0,0xcc,0x0,0x0,0x0,
0x0,0x0,0x0,0x0,0xcc,0x0,0x0,0x0,
0x0,0x0,0x0,0x0,0x47,0x0,0x0,0x0,
0x0,0x0,0x7,0x0,0x64,0x1,0x0,0x0,
0x0,0x0,0x0,0x0,0xd7,0x7,0xd0,0x0,
0xd7,0x7,0x60,0x1,0x0,0x0,0x0,0x0,
0x0,0x0,0x8,0x0,0x59,0x1,0x0,0x0,
0x0,0x0,0x0,0x0,0xda,0x7,0xd0,0x0,
0xda,0x7,0xd0,0x0,0x0,0x0,0x0,0x0,
0x0,0x0,0x8,0x0,0x63,0x1,0x0,0x0,
0x0,0x0,0x0,0x0,0xff,0x7,0xd0,0x0,
0xff,0x7,0xd0,0x0,0x0,0x0,0x0,0x0,
0x0,0x0,0x8,0x0,0x70,0x1,0x0,0x0,
0x0,0x0,0x0,0x0,0x34,0x8,0xd0,0x0,
0x34,0x8,0xd0,0x0,0x12,0x0,0x0,0x0,
0x0,0x0,0xa,0x0,0x7a,0x1,0x0,0x0,
0x0,0x0,0x0,0x0,0x57,0x8,0xd0,0x0,
0x57,0x8,0x50,0x1,0x0,0x0,0x0,0x0,
0x92,0x0,0x0,0x0,0x0,0x0,0x0,0x0,
0x0,0x0,0xff,0xff,0xff,0xff,0xff,0xff,
0x0,0x0,0x0,0x0,0x54,0x0,0x0,0x0,
0x54,0x0,0x0,0x0,0x54,0x0,0x0,0x0,
0x0,0x0,0x0,0x0,0x54,0x0,0x0,0x0,
0x54,0x0,0x0,0x0,0x0,0x0,0x4,0x0,
0x54,0x0,0x0,0x0,0x0,0x0,0x0,0x0,
0xb4,0x0,0x0,0x0,0xda,0x7,0xd0,0x0,
0x0,0x0,0x0,0x0,0xb4,0x0,0x0,0x0,
0x0,0x0,0x0,0x0,0xb4,0x0,0x0,0x0,
0x0,0x0,0x0,0x0,0x47,0x0,0x0,0x0,
0x0,0x0,0x7,0x0,0x65,0x1,0x0,0x0,
0x0,0x0,0x0,0x0,0xdb,0x7,0x10,0x1,
0xdb,0x7,0xa0,0x1,0x0,0x0,0x0,0x0,
0x0,0x0,0x8,0x0,0x5a,0x1,0x0,0x0,
0x0,0x0,0x0,0x0,0xdc,0x7,0x10,0x1,
0xdc,0x7,0x10,0x1,0x0,0x0,0x0,0x0,
0x0,0x0,0x8,0x0,0x5d,0x1,0x0,0x0,
0x0,0x0,0x0,0x0,0xe7,0x7,0x10,0x1,
0xe7,0x7,0x10,0x1,0x0,0x0,0x0,0x0,
0x0,0x0,0x8,0x0,0x60,0x1,0x0,0x0,
0x0,0x0,0x0,0x0,0xf2,0x7,0x10,0x1,
0xf2,0x7,0x10,0x1,0x0,0x0,0x0,0x0,
0x75,0x0,0x0,0x0,0x0,0x0,0x0,0x0,
0x0,0x0,0xff,0xff,0xff,0xff,0xff,0xff,
0x0,0x0,0x0,0x0,0x54,0x0,0x0,0x0,
0x54,0x0,0x0,0x0,0x54,0x0,0x0,0x0,
0x0,0x0,0x0,0x0,0x54,0x0,0x0,0x0,
0x54,0x0,0x0,0x0,0x0,0x0,0x6,0x0,
0x54,0x0,0x0,0x0,0x0,0x0,0x0,0x0,
0xe4,0x0,0x0,0x0,0xdc,0x7,0x10,0x1,
0x0,0x0,0x0,0x0,0xe4,0x0,0x0,0x0,
0x0,0x0,0x0,0x0,0xe4,0x0,0x0,0x0,
0x0,0x0,0x0,0x0,0x50,0x0,0x0,0x0,
0x0,0x0,0x8,0x0,0x5c,0x1,0x0,0x0,
0x0,0x0,0x0,0x0,0xe4,0x7,0x50,0x1,
0xe4,0x7,0x10,0x2,0x80,0x0,0x0,0x0,
0x0,0x0,0x7,0x0,0x68,0x1,0x0,0x0,
0x0,0x0,0x0,0x0,0xe1,0x7,0x50,0x1,
0xe1,0x7,0x0,0x2,0x1e,0x0,0x0,0x0,
0x0,0x0,0x7,0x0,0x67,0x1,0x0,0x0,
0x0,0x0,0x0,0x0,0xdf,0x7,0x50,0x1,
0xdf,0x7,0xd0,0x1,0x1d,0x0,0x0,0x0,
0x0,0x0,0x7,0x0,0x66,0x1,0x0,0x0,
0x0,0x0,0x0,0x0,0xde,0x7,0x50,0x1,
0xde,0x7,0xc0,0x1,0x49,0x0,0x0,0x0,
0x0,0x0,0x3,0x0,0x0,0x0,0x0,0x0,
0x4f,0x1,0x0,0x0,0xdd,0x7,0x50,0x1,
0xdd,0x7,0xb0,0x1,0x4b,0x0,0x0,0x0,
0x0,0x0,0xa,0x0,0x5b,0x1,0x0,0x0,
0x0,0x0,0x0,0x0,0xe0,0x7,0x50,0x1,
0xe0,0x7,0xa0,0x1,0x0,0x0,0x0,0x0,
0x0,0x0,0x0,0x0,0x0,0x0,0x0,0x0,
0x0,0x0,0xff,0xff,0xff,0xff,0xff,0xff,
0x0,0x0,0x0,0x0,0x54,0x0,0x0,0x0,
0x54,0x0,0x0,0x0,0x54,0x0,0x0,0x0,
0x0,0x0,0x0,0x0,0x54,0x0,0x0,0x0,
0x54,0x0,0x0,0x0,0x0,0x0,0x1,0x0,
0x54,0x0,0x0,0x0,0x0,0x0,0x0,0x0,
0x6c,0x0,0x0,0x0,0xe0,0x7,0x50,0x1,
0x0,0x0,0x0,0x0,0x6c,0x0,0x0,0x0,
0x0,0x0,0x0,0x0,0x6c,0x0,0x0,0x0,
0x0,0x0,0x0,0x0,0xb7,0x0,0x0,0x0,
0x0,0x0,0x2,0x0,0x1d,0x0,0x0,0x0,
0x0,0x0,0x0,0x0,0xe0,0x7,0xa0,0x1,
0xe0,0x7,0x50,0x2,0x0,0x0,0x0,0x0,
0x10,0x0,0x0,0x0,0x0,0x0,0x0,0x0,
0x0,0x0,0xff,0xff,0xff,0xff,0xff,0xff,
0x0,0x0,0x0,0x0,0x54,0x0,0x0,0x0,
0x54,0x0,0x0,0x0,0x54,0x0,0x0,0x0,
0x0,0x0,0x0,0x0,0x54,0x0,0x0,0x0,
0x54,0x0,0x0,0x0,0x0,0x0,0x2,0x0,
0x54,0x0,0x0,0x0,0x0,0x0,0x0,0x0,
0x84,0x0,0x0,0x0,0xe4,0x7,0x10,0x2,
0x0,0x0,0x0,0x0,0x84,0x0,0x0,0x0,
0x0,0x0,0x0,0x0,0x84,0x0,0x0,0x0,
0x0,0x0,0x0,0x0,0x7d,0x0,0x0,0x0,
0x0,0x0,0x2,0x0,0x1e,0x0,0x0,0x0,
0x0,0x0,0x0,0x0,0xe4,0x7,0xf0,0x3,
0xe4,0x7,0x70,0x4,0xd,0x0,0x0,0x0,
0x0,0x0,0x3,0x0,0x0,0x0,0x0,0x0,
0xbe,0x0,0x0,0x0,0xe4,0x7,0xd0,0x2,
0xe4,0x7,0x40,0x3,0x0,0x0,0x0,0x0,
0x75,0x0,0x0,0x0,0x0,0x0,0x0,0x0,
0x0,0x0,0xff,0xff,0xff,0xff,0xff,0xff,
0x0,0x0,0x0,0x0,0x54,0x0,0x0,0x0,
0x54,0x0,0x0,0x0,0x54,0x0,0x0,0x0,
0x0,0x0,0x0,0x0,0x54,0x0,0x0,0x0,
0x54,0x0,0x0,0x0,0x0,0x0,0x6,0x0,
0x54,0x0,0x0,0x0,0x0,0x0,0x0,0x0,
0xe4,0x0,0x0,0x0,0xe7,0x7,0x10,0x1,
0x0,0x0,0x0,0x0,0xe4,0x0,0x0,0x0,
0x0,0x0,0x0,0x0,0xe4,0x0,0x0,0x0,
0x0,0x0,0x0,0x0,0x50,0x0,0x0,0x0,
0x0,0x0,0x8,0x0,0x5f,0x1,0x0,0x0,
0x0,0x0,0x0,0x0,0xef,0x7,0x50,0x1,
0xef,0x7,0x10,0x2,0x80,0x0,0x0,0x0,
0x0,0x0,0x7,0x0,0x6b,0x1,0x0,0x0,
0x0,0x0,0x0,0x0,0xec,0x7,0x50,0x1,
0xec,0x7,0x0,0x2,0x1e,0x0,0x0,0x0,
0x0,0x0,0x7,0x0,0x6a,0x1,0x0,0x0,
0x0,0x0,0x0,0x0,0xea,0x7,0x50,0x1,
0xea,0x7,0xd0,0x1,0x1d,0x0,0x0,0x0,
0x0,0x0,0x7,0x0,0x69,0x1,0x0,0x0,
0x0,0x0,0x0,0x0,0xe9,0x7,0x50,0x1,
0xe9,0x7,0xc0,0x1,0x49,0x0,0x0,0x0,
0x0,0x0,0x3,0x0,0x0,0x0,0x0,0x0,
0x50,0x1,0x0,0x0,0xe8,0x7,0x50,0x1,
0xe8,0x7,0xb0,0x1,0x4b,0x0,0x0,0x0,
0x0,0x0,0xa,0x0,0x5e,0x1,0x0,0x0,
0x0,0x0,0x0,0x0,0xeb,0x7,0x50,0x1,
0xeb,0x7,0xa0,0x1,0x0,0x0,0x0,0x0,
0x0,0x0,0x0,0x0,0x0,0x0,0x0,0x0,
0x0,0x0,0xff,0xff,0xff,0xff,0xff,0xff,
0x0,0x0,0x0,0x0,0x54,0x0,0x0,0x0,
0x54,0x0,0x0,0x0,0x54,0x0,0x0,0x0,
0x0,0x0,0x0,0x0,0x54,0x0,0x0,0x0,
0x54,0x0,0x0,0x0,0x0,0x0,0x1,0x0,
0x54,0x0,0x0,0x0,0x0,0x0,0x0,0x0,
0x6c,0x0,0x0,0x0,0xeb,0x7,0x50,0x1,
0x0,0x0,0x0,0x0,0x6c,0x0,0x0,0x0,
0x0,0x0,0x0,0x0,0x6c,0x0,0x0,0x0,
0x0,0x0,0x0,0x0,0xb7,0x0,0x0,0x0,
0x0,0x0,0x2,0x0,0x1d,0x0,0x0,0x0,
0x0,0x0,0x0,0x0,0xeb,0x7,0xa0,0x1,
0xeb,0x7,0x50,0x2,0x0,0x0,0x0,0x0,
0x10,0x0,0x0,0x0,0x0,0x0,0x0,0x0,
0x0,0x0,0xff,0xff,0xff,0xff,0xff,0xff,
0x0,0x0,0x0,0x0,0x54,0x0,0x0,0x0,
0x54,0x0,0x0,0x0,0x54,0x0,0x0,0x0,
0x0,0x0,0x0,0x0,0x54,0x0,0x0,0x0,
0x54,0x0,0x0,0x0,0x0,0x0,0x2,0x0,
0x54,0x0,0x0,0x0,0x0,0x0,0x0,0x0,
0x84,0x0,0x0,0x0,0xef,0x7,0x10,0x2,
0x0,0x0,0x0,0x0,0x84,0x0,0x0,0x0,
0x0,0x0,0x0,0x0,0x84,0x0,0x0,0x0,
0x0,0x0,0x0,0x0,0x7d,0x0,0x0,0x0,
0x0,0x0,0x2,0x0,0x1e,0x0,0x0,0x0,
0x0,0x0,0x0,0x0,0xef,0x7,0xf0,0x3,
0xef,0x7,0x70,0x4,0xd,0x0,0x0,0x0,
0x0,0x0,0x3,0x0,0x0,0x0,0x0,0x0,
0xbe,0x0,0x0,0x0,0xef,0x7,0xd0,0x2,
0xef,0x7,0x40,0x3,0x0,0x0,0x0,0x0,
0x75,0x0,0x0,0x0,0x0,0x0,0x0,0x0,
0x0,0x0,0xff,0xff,0xff,0xff,0xff,0xff,
0x0,0x0,0x0,0x0,0x54,0x0,0x0,0x0,
0x54,0x0,0x0,0x0,0x54,0x0,0x0,0x0,
0x0,0x0,0x0,0x0,0x54,0x0,0x0,0x0,
0x54,0x0,0x0,0x0,0x0,0x0,0x6,0x0,
0x54,0x0,0x0,0x0,0x0,0x0,0x0,0x0,
0xe4,0x0,0x0,0x0,0xf2,0x7,0x10,0x1,
0x0,0x0,0x0,0x0,0xe4,0x0,0x0,0x0,
0x0,0x0,0x0,0x0,0xe4,0x0,0x0,0x0,
0x0,0x0,0x0,0x0,0x50,0x0,0x0,0x0,
0x0,0x0,0x8,0x0,0x62,0x1,0x0,0x0,
0x0,0x0,0x0,0x0,0xfa,0x7,0x50,0x1,
0xfa,0x7,0x10,0x2,0x80,0x0,0x0,0x0,
0x0,0x0,0x7,0x0,0x6e,0x1,0x0,0x0,
0x0,0x0,0x0,0x0,0xf7,0x7,0x50,0x1,
0xf7,0x7,0x0,0x2,0x1e,0x0,0x0,0x0,
0x0,0x0,0x7,0x0,0x6d,0x1,0x0,0x0,
0x0,0x0,0x0,0x0,0xf5,0x7,0x50,0x1,
0xf5,0x7,0xd0,0x1,0x1d,0x0,0x0,0x0,
0x0,0x0,0x7,0x0,0x6c,0x1,0x0,0x0,
0x0,0x0,0x0,0x0,0xf4,0x7,0x50,0x1,
0xf4,0x7,0xc0,0x1,0x49,0x0,0x0,0x0,
0x0,0x0,0x3,0x0,0x0,0x0,0x0,0x0,
0x51,0x1,0x0,0x0,0xf3,0x7,0x50,0x1,
0xf3,0x7,0xb0,0x1,0x4b,0x0,0x0,0x0,
0x0,0x0,0xa,0x0,0x61,0x1,0x0,0x0,
0x0,0x0,0x0,0x0,0xf6,0x7,0x50,0x1,
0xf6,0x7,0xa0,0x1,0x0,0x0,0x0,0x0,
0x0,0x0,0x0,0x0,0x0,0x0,0x0,0x0,
0x0,0x0,0xff,0xff,0xff,0xff,0xff,0xff,
0x0,0x0,0x0,0x0,0x54,0x0,0x0,0x0,
0x54,0x0,0x0,0x0,0x54,0x0,0x0,0x0,
0x0,0x0,0x0,0x0,0x54,0x0,0x0,0x0,
0x54,0x0,0x0,0x0,0x0,0x0,0x1,0x0,
0x54,0x0,0x0,0x0,0x0,0x0,0x0,0x0,
0x6c,0x0,0x0,0x0,0xf6,0x7,0x50,0x1,
0x0,0x0,0x0,0x0,0x6c,0x0,0x0,0x0,
0x0,0x0,0x0,0x0,0x6c,0x0,0x0,0x0,
0x0,0x0,0x0,0x0,0xb7,0x0,0x0,0x0,
0x0,0x0,0x2,0x0,0x1d,0x0,0x0,0x0,
0x0,0x0,0x0,0x0,0xf6,0x7,0xa0,0x1,
0xf6,0x7,0x50,0x2,0x0,0x0,0x0,0x0,
0x10,0x0,0x0,0x0,0x0,0x0,0x0,0x0,
0x0,0x0,0xff,0xff,0xff,0xff,0xff,0xff,
0x0,0x0,0x0,0x0,0x54,0x0,0x0,0x0,
0x54,0x0,0x0,0x0,0x54,0x0,0x0,0x0,
0x0,0x0,0x0,0x0,0x54,0x0,0x0,0x0,
0x54,0x0,0x0,0x0,0x0,0x0,0x2,0x0,
0x54,0x0,0x0,0x0,0x0,0x0,0x0,0x0,
0x84,0x0,0x0,0x0,0xfa,0x7,0x10,0x2,
0x0,0x0,0x0,0x0,0x84,0x0,0x0,0x0,
0x0,0x0,0x0,0x0,0x84,0x0,0x0,0x0,
0x0,0x0,0x0,0x0,0x7d,0x0,0x0,0x0,
0x0,0x0,0x2,0x0,0x1e,0x0,0x0,0x0,
0x0,0x0,0x0,0x0,0xfa,0x7,0xf0,0x3,
0xfa,0x7,0x70,0x4,0xd,0x0,0x0,0x0,
0x0,0x0,0x3,0x0,0x0,0x0,0x0,0x0,
0xbe,0x0,0x0,0x0,0xfa,0x7,0xd0,0x2,
0xfa,0x7,0x40,0x3,0x0,0x0,0x0,0x0,
0x92,0x0,0x0,0x0,0x0,0x0,0x0,0x0,
0x0,0x0,0xff,0xff,0xff,0xff,0xff,0xff,
0x0,0x0,0x0,0x0,0x54,0x0,0x0,0x0,
0x54,0x0,0x0,0x0,0x54,0x0,0x0,0x0,
0x0,0x0,0x0,0x0,0x54,0x0,0x0,0x0,
0x54,0x0,0x0,0x0,0x0,0x0,0x4,0x0,
0x54,0x0,0x0,0x0,0x0,0x0,0x0,0x0,
0xb4,0x0,0x0,0x0,0xff,0x7,0xd0,0x0,
0x0,0x0,0x0,0x0,0xb4,0x0,0x0,0x0,
0x0,0x0,0x0,0x0,0xb4,0x0,0x0,0x0,
0x0,0x0,0x0,0x0,0x47,0x0,0x0,0x0,
0x0,0x0,0x7,0x0,0x6f,0x1,0x0,0x0,
0x0,0x0,0x0,0x0,0x0,0x8,0x10,0x1,
0x0,0x8,0xa0,0x1,0x0,0x0,0x0,0x0,
0x0,0x0,0x8,0x0,0x64,0x1,0x0,0x0,
0x0,0x0,0x0,0x0,0x1,0x8,0x10,0x1,
0x1,0x8,0x10,0x1,0x0,0x0,0x0,0x0,
0x0,0x0,0x8,0x0,0x67,0x1,0x0,0x0,
0x0,0x0,0x0,0x0,0xc,0x8,0x10,0x1,
0xc,0x8,0x10,0x1,0x0,0x0,0x0,0x0,
0x0,0x0,0x8,0x0,0x6d,0x1,0x0,0x0,
0x0,0x0,0x0,0x0,0x27,0x8,0x10,0x1,
0x27,0x8,0x10,0x1,0x0,0x0,0x0,0x0,
0x75,0x0,0x0,0x0,0x0,0x0,0x0,0x0,
0x0,0x0,0xff,0xff,0xff,0xff,0xff,0xff,
0x0,0x0,0x0,0x0,0x54,0x0,0x0,0x0,
0x54,0x0,0x0,0x0,0x54,0x0,0x0,0x0,
0x0,0x0,0x0,0x0,0x54,0x0,0x0,0x0,
0x54,0x0,0x0,0x0,0x0,0x0,0x6,0x0,
0x54,0x0,0x0,0x0,0x0,0x0,0x0,0x0,
0xe4,0x0,0x0,0x0,0x1,0x8,0x10,0x1,
0x0,0x0,0x0,0x0,0xe4,0x0,0x0,0x0,
0x0,0x0,0x0,0x0,0xe4,0x0,0x0,0x0,
0x0,0x0,0x0,0x0,0x50,0x0,0x0,0x0,
0x0,0x0,0x8,0x0,0x66,0x1,0x0,0x0,
0x0,0x0,0x0,0x0,0x9,0x8,0x50,0x1,
0x9,0x8,0x10,0x2,0x80,0x0,0x0,0x0,
0x0,0x0,0x7,0x0,0x72,0x1,0x0,0x0,
0x0,0x0,0x0,0x0,0x6,0x8,0x50,0x1,
0x6,0x8,0x0,0x2,0x1e,0x0,0x0,0x0,
0x0,0x0,0x7,0x0,0x71,0x1,0x0,0x0,
0x0,0x0,0x0,0x0,0x4,0x8,0x50,0x1,
0x4,0x8,0xd0,0x1,0x1d,0x0,0x0,0x0,
0x0,0x0,0x7,0x0,0x70,0x1,0x0,0x0,
0x0,0x0,0x0,0x0,0x3,0x8,0x50,0x1,
0x3,0x8,0xc0,0x1,0x49,0x0,0x0,0x0,
0x0,0x0,0x3,0x0,0x0,0x0,0x0,0x0,
0x52,0x1,0x0,0x0,0x2,0x8,0x50,0x1,
0x2,0x8,0xb0,0x1,0x4b,0x0,0x0,0x0,
0x0,0x0,0xa,0x0,0x65,0x1,0x0,0x0,
0x0,0x0,0x0,0x0,0x5,0x8,0x50,0x1,
0x5,0x8,0xa0,0x1,0x0,0x0,0x0,0x0,
0x0,0x0,0x0,0x0,0x0,0x0,0x0,0x0,
0x0,0x0,0xff,0xff,0xff,0xff,0xff,0xff,
0x0,0x0,0x0,0x0,0x54,0x0,0x0,0x0,
0x54,0x0,0x0,0x0,0x54,0x0,0x0,0x0,
0x0,0x0,0x0,0x0,0x54,0x0,0x0,0x0,
0x54,0x0,0x0,0x0,0x0,0x0,0x1,0x0,
0x54,0x0,0x0,0x0,0x0,0x0,0x0,0x0,
0x6c,0x0,0x0,0x0,0x5,0x8,0x50,0x1,
0x0,0x0,0x0,0x0,0x6c,0x0,0x0,0x0,
0x0,0x0,0x0,0x0,0x6c,0x0,0x0,0x0,
0x0,0x0,0x0,0x0,0xb7,0x0,0x0,0x0,
0x0,0x0,0x2,0x0,0x1d,0x0,0x0,0x0,
0x0,0x0,0x0,0x0,0x5,0x8,0xa0,0x1,
0x5,0x8,0x50,0x2,0x0,0x0,0x0,0x0,
0x10,0x0,0x0,0x0,0x0,0x0,0x0,0x0,
0x0,0x0,0xff,0xff,0xff,0xff,0xff,0xff,
0x0,0x0,0x0,0x0,0x54,0x0,0x0,0x0,
0x54,0x0,0x0,0x0,0x54,0x0,0x0,0x0,
0x0,0x0,0x0,0x0,0x54,0x0,0x0,0x0,
0x54,0x0,0x0,0x0,0x0,0x0,0x2,0x0,
0x54,0x0,0x0,0x0,0x0,0x0,0x0,0x0,
0x84,0x0,0x0,0x0,0x9,0x8,0x10,0x2,
0x0,0x0,0x0,0x0,0x84,0x0,0x0,0x0,
0x0,0x0,0x0,0x0,0x84,0x0,0x0,0x0,
0x0,0x0,0x0,0x0,0x7d,0x0,0x0,0x0,
0x0,0x0,0x2,0x0,0x1e,0x0,0x0,0x0,
0x0,0x0,0x0,0x0,0x9,0x8,0xf0,0x3,
0x9,0x8,0x70,0x4,0xd,0x0,0x0,0x0,
0x0,0x0,0x3,0x0,0x0,0x0,0x0,0x0,
0xbe,0x0,0x0,0x0,0x9,0x8,0xd0,0x2,
0x9,0x8,0x40,0x3,0x0,0x0,0x0,0x0,
0x75,0x0,0x0,0x0,0x0,0x0,0x0,0x0,
0x0,0x0,0xff,0xff,0xff,0xff,0xff,0xff,
0x0,0x0,0x0,0x0,0x54,0x0,0x0,0x0,
0x54,0x0,0x0,0x0,0x54,0x0,0x0,0x0,
0x0,0x0,0x0,0x0,0x54,0x0,0x0,0x0,
0x54,0x0,0x0,0x0,0x0,0x0,0x7,0x0,
0x54,0x0,0x0,0x0,0x0,0x0,0x0,0x0,
0xfc,0x0,0x0,0x0,0xc,0x8,0x10,0x1,
0x0,0x0,0x0,0x0,0xfc,0x0,0x0,0x0,
0x0,0x0,0x0,0x0,0xfc,0x0,0x0,0x0,
0x0,0x0,0x0,0x0,0x7f,0x0,0x0,0x0,
0x0,0x0,0x8,0x0,0x6a,0x1,0x0,0x0,
0x0,0x0,0x0,0x0,0x1c,0x8,0x50,0x1,
0x1c,0x8,0x20,0x2,0x50,0x0,0x0,0x0,
0x0,0x0,0x8,0x0,0x69,0x1,0x0,0x0,
0x0,0x0,0x0,0x0,0x17,0x8,0x50,0x1,
0x17,0x8,0x10,0x2,0x80,0x0,0x0,0x0,
0x0,0x0,0x7,0x0,0x75,0x1,0x0,0x0,
0x0,0x0,0x0,0x0,0x11,0x8,0x50,0x1,
0x11,0x8,0x0,0x2,0x1e,0x0,0x0,0x0,
0x0,0x0,0x7,0x0,0x74,0x1,0x0,0x0,
0x0,0x0,0x0,0x0,0xf,0x8,0x50,0x1,
0xf,0x8,0xd0,0x1,0x1d,0x0,0x0,0x0,
0x0,0x0,0x7,0x0,0x73,0x1,0x0,0x0,
0x0,0x0,0x0,0x0,0xe,0x8,0x50,0x1,
0xe,0x8,0xc0,0x1,0x49,0x0,0x0,0x0,
0x0,0x0,0x3,0x0,0x0,0x0,0x0,0x0,
0x53,0x1,0x0,0x0,0xd,0x8,0x50,0x1,
0xd,0x8,0xb0,0x1,0x4b,0x0,0x0,0x0,
0x0,0x0,0xa,0x0,0x68,0x1,0x0,0x0,
0x0,0x0,0x0,0x0,0x10,0x8,0x50,0x1,
0x10,0x8,0xa0,0x1,0x0,0x0,0x0,0x0,
0x0,0x0,0x0,0x0,0x0,0x0,0x0,0x0,
0x0,0x0,0xff,0xff,0xff,0xff,0xff,0xff,
0x0,0x0,0x0,0x0,0x54,0x0,0x0,0x0,
0x54,0x0,0x0,0x0,0x54,0x0,0x0,0x0,
0x0,0x0,0x0,0x0,0x54,0x0,0x0,0x0,
0x54,0x0,0x0,0x0,0x0,0x0,0x1,0x0,
0x54,0x0,0x0,0x0,0x0,0x0,0x0,0x0,
0x6c,0x0,0x0,0x0,0x10,0x8,0x50,0x1,
0x0,0x0,0x0,0x0,0x6c,0x0,0x0,0x0,
0x0,0x0,0x0,0x0,0x6c,0x0,0x0,0x0,
0x0,0x0,0x0,0x0,0xb7,0x0,0x0,0x0,
0x0,0x0,0x2,0x0,0xa,0x0,0x0,0x0,
0x0,0x0,0x0,0x0,0x10,0x8,0xa0,0x1,
0x10,0x8,0x50,0x2,0x0,0x0,0x0,0x0,
0x10,0x0,0x0,0x0,0x0,0x0,0x0,0x0,
0x0,0x0,0xff,0xff,0xff,0xff,0xff,0xff,
0x0,0x0,0x0,0x0,0x54,0x0,0x0,0x0,
0x54,0x0,0x0,0x0,0x54,0x0,0x0,0x0,
0x0,0x0,0x0,0x0,0x54,0x0,0x0,0x0,
0x54,0x0,0x0,0x0,0x0,0x0,0x2,0x0,
0x54,0x0,0x0,0x0,0x0,0x0,0x0,0x0,
0x84,0x0,0x0,0x0,0x17,0x8,0x10,0x2,
0x0,0x0,0x0,0x0,0x84,0x0,0x0,0x0,
0x0,0x0,0x0,0x0,0x84,0x0,0x0,0x0,
0x0,0x0,0x0,0x0,0x7d,0x0,0x0,0x0,
0x0,0x0,0x2,0x0,0x1e,0x0,0x0,0x0,
0x0,0x0,0x0,0x0,0x19,0x8,0x90,0x1,
0x19,0x8,0x10,0x2,0xd,0x0,0x0,0x0,
0x0,0x0,0x3,0x0,0x0,0x0,0x0,0x0,
0xd,0x1,0x0,0x0,0x18,0x8,0x90,0x1,
0x18,0x8,0x0,0x2,0x0,0x0,0x0,0x0,
0x48,0x0,0x0,0x0,0x0,0x0,0x0,0x0,
0x0,0x0,0xff,0xff,0xff,0xff,0xff,0xff,
0x0,0x0,0x0,0x0,0x54,0x0,0x0,0x0,
0x54,0x0,0x0,0x0,0x54,0x0,0x0,0x0,
0x0,0x0,0x0,0x0,0x54,0x0,0x0,0x0,
0x54,0x0,0x0,0x0,0x0,0x0,0x6,0x0,
0x54,0x0,0x0,0x0,0x0,0x0,0x0,0x0,
0xe4,0x0,0x0,0x0,0x1c,0x8,0x20,0x2,
0x0,0x0,0x0,0x0,0xe4,0x0,0x0,0x0,
0x0,0x0,0x0,0x0,0xe4,0x0,0x0,0x0,
0x0,0x0,0x0,0x0,0x5c,0x0,0x0,0x0,
0x0,0x0,0x7,0x0,0x77,0x1,0x0,0x0,
0x0,0x0,0x0,0x0,0x22,0x8,0x90,0x1,
0x22,0x8,0xc0,0x2,0x5a,0x0,0x0,0x0,
0x0,0x0,0x7,0x0,0x76,0x1,0x0,0x0,
0x0,0x0,0x0,0x0,0x21,0x8,0x90,0x1,
0x21,0x8,0xe0,0x2,0xd,0x0,0x0,0x0,
0x0,0x0,0x3,0x0,0x0,0x0,0x0,0x0,
0x7e,0x0,0x0,0x0,0x1f,0x8,0x90,0x1,
0x1f,0x8,0x0,0x2,0x49,0x0,0x0,0x0,
0x0,0x0,0x3,0x0,0x0,0x0,0x0,0x0,
0x53,0x1,0x0,0x0,0x1d,0x8,0x90,0x1,
0x1d,0x8,0xf0,0x1,0x12,0x0,0x0,0x0,
0x0,0x0,0xa,0x0,0x6c,0x1,0x0,0x0,
0x0,0x0,0x0,0x0,0x23,0x8,0x90,0x1,
0x23,0x8,0x10,0x2,0x4b,0x0,0x0,0x0,
0x0,0x0,0xa,0x0,0x6b,0x1,0x0,0x0,
0x0,0x0,0x0,0x0,0x1e,0x8,0x90,0x1,
0x1e,0x8,0xe0,0x1,0x0,0x0,0x0,0x0,
0x0,0x0,0x0,0x0,0x0,0x0,0x0,0x0,
0x0,0x0,0xff,0xff,0xff,0xff,0xff,0xff,
0x0,0x0,0x0,0x0,0x54,0x0,0x0,0x0,
0x54,0x0,0x0,0x0,0x54,0x0,0x0,0x0,
0x0,0x0,0x0,0x0,0x54,0x0,0x0,0x0,
0x54,0x0,0x0,0x0,0x0,0x0,0x2,0x0,
0x54,0x0,0x0,0x0,0x0,0x0,0x0,0x0,
0x84,0x0,0x0,0x0,0x1e,0x8,0x90,0x1,
0x0,0x0,0x0,0x0,0x84,0x0,0x0,0x0,
0x0,0x0,0x0,0x0,0x84,0x0,0x0,0x0,
0x0,0x0,0x0,0x0,0x4d,0x0,0x0,0x0,
0x0,0x0,0x1,0x0,0x1,0x0,0x0,0x0,
0x0,0x0,0x0,0x0,0x20,0x8,0xe0,0x1,
0x20,0x8,0x40,0x2,0xb7,0x0,0x0,0x0,
0x0,0x0,0x2,0x0,0xa,0x0,0x0,0x0,
0x0,0x0,0x0,0x0,0x1e,0x8,0xe0,0x1,
0x1e,0x8,0x90,0x2,0x0,0x0,0x0,0x0,
0x0,0x0,0x0,0x0,0x0,0x0,0x0,0x0,
0x0,0x0,0xff,0xff,0xff,0xff,0xff,0xff,
0x0,0x0,0x0,0x0,0x54,0x0,0x0,0x0,
0x54,0x0,0x0,0x0,0x54,0x0,0x0,0x0,
0x0,0x0,0x0,0x0,0x54,0x0,0x0,0x0,
0x54,0x0,0x0,0x0,0x0,0x0,0x1,0x0,
0x54,0x0,0x0,0x0,0x0,0x0,0x0,0x0,
0x6c,0x0,0x0,0x0,0x23,0x8,0x90,0x1,
0x0,0x0,0x0,0x0,0x6c,0x0,0x0,0x0,
0x0,0x0,0x0,0x0,0x6c,0x0,0x0,0x0,
0x0,0x0,0x0,0x0,0x13,0x0,0x0,0x0,
0x0,0x0,0x7,0x0,0x78,0x1,0x0,0x0,
0x0,0x0,0x0,0x0,0x23,0x8,0x10,0x2,
0x23,0x8,0x70,0x2,0x0,0x0,0x0,0x0,
0x75,0x0,0x0,0x0,0x0,0x0,0x0,0x0,
0x0,0x0,0xff,0xff,0xff,0xff,0xff,0xff,
0x0,0x0,0x0,0x0,0x54,0x0,0x0,0x0,
0x54,0x0,0x0,0x0,0x54,0x0,0x0,0x0,
0x0,0x0,0x0,0x0,0x54,0x0,0x0,0x0,
0x54,0x0,0x0,0x0,0x0,0x0,0x6,0x0,
0x54,0x0,0x0,0x0,0x0,0x0,0x0,0x0,
0xe4,0x0,0x0,0x0,0x27,0x8,0x10,0x1,
0x0,0x0,0x0,0x0,0xe4,0x0,0x0,0x0,
0x0,0x0,0x0,0x0,0xe4,0x0,0x0,0x0,
0x0,0x0,0x0,0x0,0x50,0x0,0x0,0x0,
0x0,0x0,0x8,0x0,0x6f,0x1,0x0,0x0,
0x0,0x0,0x0,0x0,0x2f,0x8,0x50,0x1,
0x2f,0x8,0x10,0x2,0x80,0x0,0x0,0x0,
0x0,0x0,0x7,0x0,0x7b,0x1,0x0,0x0,
0x0,0x0,0x0,0x0,0x2c,0x8,0x50,0x1,
0x2c,0x8,0x0,0x2,0x1e,0x0,0x0,0x0,
0x0,0x0,0x7,0x0,0x7a,0x1,0x0,0x0,
0x0,0x0,0x0,0x0,0x2a,0x8,0x50,0x1,
0x2a,0x8,0xd0,0x1,0x1d,0x0,0x0,0x0,
0x0,0x0,0x7,0x0,0x79,0x1,0x0,0x0,
0x0,0x0,0x0,0x0,0x29,0x8,0x50,0x1,
0x29,0x8,0xc0,0x1,0x49,0x0,0x0,0x0,
0x0,0x0,0x3,0x0,0x0,0x0,0x0,0x0,
0x54,0x1,0x0,0x0,0x28,0x8,0x50,0x1,
0x28,0x8,0xb0,0x1,0x4b,0x0,0x0,0x0,
0x0,0x0,0xa,0x0,0x6e,0x1,0x0,0x0,
0x0,0x0,0x0,0x0,0x2b,0x8,0x50,0x1,
0x2b,0x8,0xa0,0x1,0x0,0x0,0x0,0x0,
0x0,0x0,0x0,0x0,0x0,0x0,0x0,0x0,
0x0,0x0,0xff,0xff,0xff,0xff,0xff,0xff,
0x0,0x0,0x0,0x0,0x54,0x0,0x0,0x0,
0x54,0x0,0x0,0x0,0x54,0x0,0x0,0x0,
0x0,0x0,0x0,0x0,0x54,0x0,0x0,0x0,
0x54,0x0,0x0,0x0,0x0,0x0,0x1,0x0,
0x54,0x0,0x0,0x0,0x0,0x0,0x0,0x0,
0x6c,0x0,0x0,0x0,0x2b,0x8,0x50,0x1,
0x0,0x0,0x0,0x0,0x6c,0x0,0x0,0x0,
0x0,0x0,0x0,0x0,0x6c,0x0,0x0,0x0,
0x0,0x0,0x0,0x0,0xb7,0x0,0x0,0x0,
0x0,0x0,0x2,0x0,0x1d,0x0,0x0,0x0,
0x0,0x0,0x0,0x0,0x2b,0x8,0xa0,0x1,
0x2b,0x8,0x50,0x2,0x0,0x0,0x0,0x0,
0x10,0x0,0x0,0x0,0x0,0x0,0x0,0x0,
0x0,0x0,0xff,0xff,0xff,0xff,0xff,0xff,
0x0,0x0,0x0,0x0,0x54,0x0,0x0,0x0,
0x54,0x0,0x0,0x0,0x54,0x0,0x0,0x0,
0x0,0x0,0x0,0x0,0x54,0x0,0x0,0x0,
0x54,0x0,0x0,0x0,0x0,0x0,0x2,0x0,
0x54,0x0,0x0,0x0,0x0,0x0,0x0,0x0,
0x84,0x0,0x0,0x0,0x2f,0x8,0x10,0x2,
0x0,0x0,0x0,0x0,0x84,0x0,0x0,0x0,
0x0,0x0,0x0,0x0,0x84,0x0,0x0,0x0,
0x0,0x0,0x0,0x0,0x7d,0x0,0x0,0x0,
0x0,0x0,0x2,0x0,0x1e,0x0,0x0,0x0,
0x0,0x0,0x0,0x0,0x2f,0x8,0xf0,0x3,
0x2f,0x8,0x70,0x4,0xd,0x0,0x0,0x0,
0x0,0x0,0x3,0x0,0x0,0x0,0x0,0x0,
0xbe,0x0,0x0,0x0,0x2f,0x8,0xd0,0x2,
0x2f,0x8,0x40,0x3,0x0,0x0,0x0,0x0,
0x92,0x0,0x0,0x0,0x0,0x0,0x0,0x0,
0x0,0x0,0xff,0xff,0xff,0xff,0xff,0xff,
0x0,0x0,0x0,0x0,0x54,0x0,0x0,0x0,
0x54,0x0,0x0,0x0,0x54,0x0,0x0,0x0,
0x0,0x0,0x0,0x0,0x54,0x0,0x0,0x0,
0x54,0x0,0x0,0x0,0x0,0x0,0x4,0x0,
0x54,0x0,0x0,0x0,0x0,0x0,0x0,0x0,
0xb4,0x0,0x0,0x0,0x34,0x8,0xd0,0x0,
0x0,0x0,0x0,0x0,0xb4,0x0,0x0,0x0,
0x0,0x0,0x0,0x0,0xb4,0x0,0x0,0x0,
0x0,0x0,0x0,0x0,0x47,0x0,0x0,0x0,
0x0,0x0,0x7,0x0,0x7c,0x1,0x0,0x0,
0x0,0x0,0x0,0x0,0x35,0x8,0x10,0x1,
0x35,0x8,0xa0,0x1,0x0,0x0,0x0,0x0,
0x0,0x0,0x8,0x0,0x71,0x1,0x0,0x0,
0x0,0x0,0x0,0x0,0x36,0x8,0x10,0x1,
0x36,0x8,0x10,0x1,0x0,0x0,0x0,0x0,
0x0,0x0,0x8,0x0,0x74,0x1,0x0,0x0,
0x0,0x0,0x0,0x0,0x41,0x8,0x10,0x1,
0x41,0x8,0x10,0x1,0x0,0x0,0x0,0x0,
0x0,0x0,0x8,0x0,0x77,0x1,0x0,0x0,
0x0,0x0,0x0,0x0,0x4c,0x8,0x10,0x1,
0x4c,0x8,0x10,0x1,0x0,0x0,0x0,0x0,
0x75,0x0,0x0,0x0,0x0,0x0,0x0,0x0,
0x0,0x0,0xff,0xff,0xff,0xff,0xff,0xff,
0x0,0x0,0x0,0x0,0x54,0x0,0x0,0x0,
0x54,0x0,0x0,0x0,0x54,0x0,0x0,0x0,
0x0,0x0,0x0,0x0,0x54,0x0,0x0,0x0,
0x54,0x0,0x0,0x0,0x0,0x0,0x6,0x0,
0x54,0x0,0x0,0x0,0x0,0x0,0x0,0x0,
0xe4,0x0,0x0,0x0,0x36,0x8,0x10,0x1,
0x0,0x0,0x0,0x0,0xe4,0x0,0x0,0x0,
0x0,0x0,0x0,0x0,0xe4,0x0,0x0,0x0,
0x0,0x0,0x0,0x0,0x50,0x0,0x0,0x0,
0x0,0x0,0x8,0x0,0x73,0x1,0x0,0x0,
0x0,0x0,0x0,0x0,0x3e,0x8,0x50,0x1,
0x3e,0x8,0x10,0x2,0x80,0x0,0x0,0x0,
0x0,0x0,0x7,0x0,0x7f,0x1,0x0,0x0,
0x0,0x0,0x0,0x0,0x3b,0x8,0x50,0x1,
0x3b,0x8,0x0,0x2,0x1e,0x0,0x0,0x0,
0x0,0x0,0x7,0x0,0x7e,0x1,0x0,0x0,
0x0,0x0,0x0,0x0,0x39,0x8,0x50,0x1,
0x39,0x8,0xd0,0x1,0x1d,0x0,0x0,0x0,
0x0,0x0,0x7,0x0,0x7d,0x1,0x0,0x0,
0x0,0x0,0x0,0x0,0x38,0x8,0x50,0x1,
0x38,0x8,0xc0,0x1,0x49,0x0,0x0,0x0,
0x0,0x0,0x3,0x0,0x0,0x0,0x0,0x0,
0x55,0x1,0x0,0x0,0x37,0x8,0x50,0x1,
0x37,0x8,0xb0,0x1,0x4b,0x0,0x0,0x0,
0x0,0x0,0xa,0x0,0x72,0x1,0x0,0x0,
0x0,0x0,0x0,0x0,0x3a,0x8,0x50,0x1,
0x3a,0x8,0xa0,0x1,0x0,0x0,0x0,0x0,
0x0,0x0,0x0,0x0,0x0,0x0,0x0,0x0,
0x0,0x0,0xff,0xff,0xff,0xff,0xff,0xff,
0x0,0x0,0x0,0x0,0x54,0x0,0x0,0x0,
0x54,0x0,0x0,0x0,0x54,0x0,0x0,0x0,
0x0,0x0,0x0,0x0,0x54,0x0,0x0,0x0,
0x54,0x0,0x0,0x0,0x0,0x0,0x1,0x0,
0x54,0x0,0x0,0x0,0x0,0x0,0x0,0x0,
0x6c,0x0,0x0,0x0,0x3a,0x8,0x50,0x1,
0x0,0x0,0x0,0x0,0x6c,0x0,0x0,0x0,
0x0,0x0,0x0,0x0,0x6c,0x0,0x0,0x0,
0x0,0x0,0x0,0x0,0xb7,0x0,0x0,0x0,
0x0,0x0,0x2,0x0,0x1d,0x0,0x0,0x0,
0x0,0x0,0x0,0x0,0x3a,0x8,0xa0,0x1,
0x3a,0x8,0x50,0x2,0x0,0x0,0x0,0x0,
0x10,0x0,0x0,0x0,0x0,0x0,0x0,0x0,
0x0,0x0,0xff,0xff,0xff,0xff,0xff,0xff,
0x0,0x0,0x0,0x0,0x54,0x0,0x0,0x0,
0x54,0x0,0x0,0x0,0x54,0x0,0x0,0x0,
0x0,0x0,0x0,0x0,0x54,0x0,0x0,0x0,
0x54,0x0,0x0,0x0,0x0,0x0,0x2,0x0,
0x54,0x0,0x0,0x0,0x0,0x0,0x0,0x0,
0x84,0x0,0x0,0x0,0x3e,0x8,0x10,0x2,
0x0,0x0,0x0,0x0,0x84,0x0,0x0,0x0,
0x0,0x0,0x0,0x0,0x84,0x0,0x0,0x0,
0x0,0x0,0x0,0x0,0x7d,0x0,0x0,0x0,
0x0,0x0,0x2,0x0,0x1e,0x0,0x0,0x0,
0x0,0x0,0x0,0x0,0x3e,0x8,0xf0,0x3,
0x3e,0x8,0x70,0x4,0xd,0x0,0x0,0x0,
0x0,0x0,0x3,0x0,0x0,0x0,0x0,0x0,
0xbe,0x0,0x0,0x0,0x3e,0x8,0xd0,0x2,
0x3e,0x8,0x40,0x3,0x0,0x0,0x0,0x0,
0x75,0x0,0x0,0x0,0x0,0x0,0x0,0x0,
0x0,0x0,0xff,0xff,0xff,0xff,0xff,0xff,
0x0,0x0,0x0,0x0,0x54,0x0,0x0,0x0,
0x54,0x0,0x0,0x0,0x54,0x0,0x0,0x0,
0x0,0x0,0x0,0x0,0x54,0x0,0x0,0x0,
0x54,0x0,0x0,0x0,0x0,0x0,0x6,0x0,
0x54,0x0,0x0,0x0,0x0,0x0,0x0,0x0,
0xe4,0x0,0x0,0x0,0x41,0x8,0x10,0x1,
0x0,0x0,0x0,0x0,0xe4,0x0,0x0,0x0,
0x0,0x0,0x0,0x0,0xe4,0x0,0x0,0x0,
0x0,0x0,0x0,0x0,0x50,0x0,0x0,0x0,
0x0,0x0,0x8,0x0,0x76,0x1,0x0,0x0,
0x0,0x0,0x0,0x0,0x49,0x8,0x50,0x1,
0x49,0x8,0x10,0x2,0x80,0x0,0x0,0x0,
0x0,0x0,0x7,0x0,0x82,0x1,0x0,0x0,
0x0,0x0,0x0,0x0,0x46,0x8,0x50,0x1,
0x46,0x8,0x0,0x2,0x1e,0x0,0x0,0x0,
0x0,0x0,0x7,0x0,0x81,0x1,0x0,0x0,
0x0,0x0,0x0,0x0,0x44,0x8,0x50,0x1,
0x44,0x8,0xd0,0x1,0x1d,0x0,0x0,0x0,
0x0,0x0,0x7,0x0,0x80,0x1,0x0,0x0,
0x0,0x0,0x0,0x0,0x43,0x8,0x50,0x1,
0x43,0x8,0xc0,0x1,0x49,0x0,0x0,0x0,
0x0,0x0,0x3,0x0,0x0,0x0,0x0,0x0,
0x56,0x1,0x0,0x0,0x42,0x8,0x50,0x1,
0x42,0x8,0xb0,0x1,0x4b,0x0,0x0,0x0,
0x0,0x0,0xa,0x0,0x75,0x1,0x0,0x0,
0x0,0x0,0x0,0x0,0x45,0x8,0x50,0x1,
0x45,0x8,0xa0,0x1,0x0,0x0,0x0,0x0,
0x0,0x0,0x0,0x0,0x0,0x0,0x0,0x0,
0x0,0x0,0xff,0xff,0xff,0xff,0xff,0xff,
0x0,0x0,0x0,0x0,0x54,0x0,0x0,0x0,
0x54,0x0,0x0,0x0,0x54,0x0,0x0,0x0,
0x0,0x0,0x0,0x0,0x54,0x0,0x0,0x0,
0x54,0x0,0x0,0x0,0x0,0x0,0x1,0x0,
0x54,0x0,0x0,0x0,0x0,0x0,0x0,0x0,
0x6c,0x0,0x0,0x0,0x45,0x8,0x50,0x1,
0x0,0x0,0x0,0x0,0x6c,0x0,0x0,0x0,
0x0,0x0,0x0,0x0,0x6c,0x0,0x0,0x0,
0x0,0x0,0x0,0x0,0xb7,0x0,0x0,0x0,
0x0,0x0,0x2,0x0,0x1d,0x0,0x0,0x0,
0x0,0x0,0x0,0x0,0x45,0x8,0xa0,0x1,
0x45,0x8,0x50,0x2,0x0,0x0,0x0,0x0,
0x10,0x0,0x0,0x0,0x0,0x0,0x0,0x0,
0x0,0x0,0xff,0xff,0xff,0xff,0xff,0xff,
0x0,0x0,0x0,0x0,0x54,0x0,0x0,0x0,
0x54,0x0,0x0,0x0,0x54,0x0,0x0,0x0,
0x0,0x0,0x0,0x0,0x54,0x0,0x0,0x0,
0x54,0x0,0x0,0x0,0x0,0x0,0x2,0x0,
0x54,0x0,0x0,0x0,0x0,0x0,0x0,0x0,
0x84,0x0,0x0,0x0,0x49,0x8,0x10,0x2,
0x0,0x0,0x0,0x0,0x84,0x0,0x0,0x0,
0x0,0x0,0x0,0x0,0x84,0x0,0x0,0x0,
0x0,0x0,0x0,0x0,0x7d,0x0,0x0,0x0,
0x0,0x0,0x2,0x0,0x1e,0x0,0x0,0x0,
0x0,0x0,0x0,0x0,0x49,0x8,0xf0,0x3,
0x49,0x8,0x70,0x4,0xd,0x0,0x0,0x0,
0x0,0x0,0x3,0x0,0x0,0x0,0x0,0x0,
0xbe,0x0,0x0,0x0,0x49,0x8,0xd0,0x2,
0x49,0x8,0x40,0x3,0x0,0x0,0x0,0x0,
0x75,0x0,0x0,0x0,0x0,0x0,0x0,0x0,
0x0,0x0,0xff,0xff,0xff,0xff,0xff,0xff,
0x0,0x0,0x0,0x0,0x54,0x0,0x0,0x0,
0x54,0x0,0x0,0x0,0x54,0x0,0x0,0x0,
0x0,0x0,0x0,0x0,0x54,0x0,0x0,0x0,
0x54,0x0,0x0,0x0,0x0,0x0,0x6,0x0,
0x54,0x0,0x0,0x0,0x0,0x0,0x0,0x0,
0xe4,0x0,0x0,0x0,0x4c,0x8,0x10,0x1,
0x0,0x0,0x0,0x0,0xe4,0x0,0x0,0x0,
0x0,0x0,0x0,0x0,0xe4,0x0,0x0,0x0,
0x0,0x0,0x0,0x0,0x50,0x0,0x0,0x0,
0x0,0x0,0x8,0x0,0x79,0x1,0x0,0x0,
0x0,0x0,0x0,0x0,0x54,0x8,0x50,0x1,
0x54,0x8,0x10,0x2,0x80,0x0,0x0,0x0,
0x0,0x0,0x7,0x0,0x85,0x1,0x0,0x0,
0x0,0x0,0x0,0x0,0x51,0x8,0x50,0x1,
0x51,0x8,0x0,0x2,0x1e,0x0,0x0,0x0,
0x0,0x0,0x7,0x0,0x84,0x1,0x0,0x0,
0x0,0x0,0x0,0x0,0x4f,0x8,0x50,0x1,
0x4f,0x8,0xd0,0x1,0x1d,0x0,0x0,0x0,
0x0,0x0,0x7,0x0,0x83,0x1,0x0,0x0,
0x0,0x0,0x0,0x0,0x4e,0x8,0x50,0x1,
0x4e,0x8,0xc0,0x1,0x49,0x0,0x0,0x0,
0x0,0x0,0x3,0x0,0x0,0x0,0x0,0x0,
0x57,0x1,0x0,0x0,0x4d,0x8,0x50,0x1,
0x4d,0x8,0xb0,0x1,0x4b,0x0,0x0,0x0,
0x0,0x0,0xa,0x0,0x78,0x1,0x0,0x0,
0x0,0x0,0x0,0x0,0x50,0x8,0x50,0x1,
0x50,0x8,0xa0,0x1,0x0,0x0,0x0,0x0,
0x0,0x0,0x0,0x0,0x0,0x0,0x0,0x0,
0x0,0x0,0xff,0xff,0xff,0xff,0xff,0xff,
0x0,0x0,0x0,0x0,0x54,0x0,0x0,0x0,
0x54,0x0,0x0,0x0,0x54,0x0,0x0,0x0,
0x0,0x0,0x0,0x0,0x54,0x0,0x0,0x0,
0x54,0x0,0x0,0x0,0x0,0x0,0x1,0x0,
0x54,0x0,0x0,0x0,0x0,0x0,0x0,0x0,
0x6c,0x0,0x0,0x0,0x50,0x8,0x50,0x1,
0x0,0x0,0x0,0x0,0x6c,0x0,0x0,0x0,
0x0,0x0,0x0,0x0,0x6c,0x0,0x0,0x0,
0x0,0x0,0x0,0x0,0xb7,0x0,0x0,0x0,
0x0,0x0,0x2,0x0,0x1d,0x0,0x0,0x0,
0x0,0x0,0x0,0x0,0x50,0x8,0xa0,0x1,
0x50,0x8,0x50,0x2,0x0,0x0,0x0,0x0,
0x10,0x0,0x0,0x0,0x0,0x0,0x0,0x0,
0x0,0x0,0xff,0xff,0xff,0xff,0xff,0xff,
0x0,0x0,0x0,0x0,0x54,0x0,0x0,0x0,
0x54,0x0,0x0,0x0,0x54,0x0,0x0,0x0,
0x0,0x0,0x0,0x0,0x54,0x0,0x0,0x0,
0x54,0x0,0x0,0x0,0x0,0x0,0x2,0x0,
0x54,0x0,0x0,0x0,0x0,0x0,0x0,0x0,
0x84,0x0,0x0,0x0,0x54,0x8,0x10,0x2,
0x0,0x0,0x0,0x0,0x84,0x0,0x0,0x0,
0x0,0x0,0x0,0x0,0x84,0x0,0x0,0x0,
0x0,0x0,0x0,0x0,0x7d,0x0,0x0,0x0,
0x0,0x0,0x2,0x0,0x1e,0x0,0x0,0x0,
0x0,0x0,0x0,0x0,0x54,0x8,0xf0,0x3,
0x54,0x8,0x70,0x4,0xd,0x0,0x0,0x0,
0x0,0x0,0x3,0x0,0x0,0x0,0x0,0x0,
0xbe,0x0,0x0,0x0,0x54,0x8,0xd0,0x2,
0x54,0x8,0x40,0x3,0x0,0x0,0x0,0x0,
0x0,0x0,0x0,0x0,0x0,0x0,0x0,0x0,
0x0,0x0,0xff,0xff,0xff,0xff,0xff,0xff,
0x0,0x0,0x0,0x0,0x54,0x0,0x0,0x0,
0x54,0x0,0x0,0x0,0x54,0x0,0x0,0x0,
0x0,0x0,0x0,0x0,0x54,0x0,0x0,0x0,
0x54,0x0,0x0,0x0,0x0,0x0,0x4,0x0,
0x54,0x0,0x0,0x0,0x0,0x0,0x0,0x0,
0xb4,0x0,0x0,0x0,0x57,0x8,0xd0,0x0,
0x0,0x0,0x0,0x0,0xb4,0x0,0x0,0x0,
0x0,0x0,0x0,0x0,0xb4,0x0,0x0,0x0,
0x0,0x0,0x0,0x0,0x3e,0x0,0x0,0x0,
0x0,0x0,0x2,0x0,0x3b,0x0,0x0,0x0,
0x0,0x0,0x0,0x0,0x5a,0x8,0x50,0x1,
0x5a,0x8,0x0,0x2,0x3f,0x0,0x0,0x0,
0x0,0x0,0x2,0x0,0x22,0x0,0x0,0x0,
0x0,0x0,0x0,0x0,0x59,0x8,0x50,0x1,
0x59,0x8,0x20,0x2,0x3a,0x0,0x0,0x0,
0x0,0x0,0x7,0x0,0x87,0x1,0x0,0x0,
0x0,0x0,0x0,0x0,0x58,0x8,0x50,0x1,
0x58,0x8,0xa0,0x1,0x3c,0x0,0x0,0x0,
0x0,0x0,0x7,0x0,0x86,0x1,0x0,0x0,
0x0,0x0,0x0,0x0,0x57,0x8,0x50,0x1,
0x57,0x8,0xc0,0x1,0x0,0x0,0x0,0x0,
0x37,0x0,0x0,0x0,0x58,0x1,0x0,0x0,
0x0,0x0,0xff,0xff,0xff,0xff,0xff,0xff,
0x0,0x0,0x3,0x0,0x54,0x0,0x0,0x0,
0x54,0x0,0x0,0x0,0x78,0x0,0x0,0x0,
0x0,0x0,0x0,0x0,0x78,0x0,0x0,0x0,
0x78,0x0,0x0,0x0,0x0,0x0,0x7,0x0,
0x78,0x0,0x0,0x0,0x0,0x0,0x0,0x0,
0x20,0x1,0x0,0x0,0x5f,0x8,0x50,0x0,
0x60,0x8,0x90,0x0,0x20,0x1,0x0,0x0,
0x0,0x0,0x0,0x0,0x20,0x1,0x0,0x0,
0x0,0x0,0x0,0x0,0x59,0x1,0x0,0x0,
0x1,0x0,0x0,0x20,0x63,0x8,0x90,0x0,
0x5a,0x1,0x0,0x0,0x1,0x0,0x0,0x20,
0x64,0x8,0x90,0x0,0x5b,0x1,0x0,0x0,
0x1,0x0,0x0,0x20,0x65,0x8,0x90,0x0,
0x5b,0x1,0x0,0x0,0x0,0x0,0x2,0x0,
0x1e,0x0,0x0,0x0,0x0,0x0,0x0,0x0,
0x65,0x8,0x60,0x1,0x65,0x8,0x40,0x2,
0x5a,0x1,0x0,0x0,0x0,0x0,0x2,0x0,
0x1c,0x0,0x0,0x0,0x0,0x0,0x0,0x0,
0x64,0x8,0x60,0x1,0x64,0x8,0x40,0x2,
0x59,0x1,0x0,0x0,0x0,0x0,0x2,0x0,
0x48,0x0,0x0,0x0,0x0,0x0,0x0,0x0,
0x63,0x8,0x60,0x1,0x63,0x8,0x30,0x2,
0x0,0x0,0x0,0x0,0x0,0x0,0x8,0x0,
0x7d,0x1,0x0,0x0,0x0,0x0,0x0,0x0,
0x68,0x8,0x90,0x0,0x68,0x8,0x90,0x0,
0x0,0x0,0x0,0x0,0x0,0x0,0x8,0x0,
0x81,0x1,0x0,0x0,0x0,0x0,0x0,0x0,
0x87,0x8,0x90,0x0,0x87,0x8,0x90,0x0,
0x0,0x0,0x0,0x0,0x0,0x0,0x8,0x0,
0x85,0x1,0x0,0x0,0x0,0x0,0x0,0x0,
0xa4,0x8,0x90,0x0,0xa4,0x8,0x90,0x0,
0x12,0x0,0x0,0x0,0x0,0x0,0xa,0x0,
0x7c,0x1,0x0,0x0,0x0,0x0,0x0,0x0,
0x61,0x8,0x90,0x0,0x61,0x8,0x10,0x1,
0x0,0x0,0x0,0x0,0x0,0x0,0x0,0x0,
0x0,0x0,0xff,0xff,0xff,0xff,0xff,0xff,
0x0,0x0,0x0,0x0,0x54,0x0,0x0,0x0,
0x54,0x0,0x0,0x0,0x54,0x0,0x0,0x0,
0x0,0x0,0x0,0x0,0x54,0x0,0x0,0x0,
0x54,0x0,0x0,0x0,0x0,0x0,0x1,0x0,
0x54,0x0,0x0,0x0,0x0,0x0,0x0,0x0,
0x6c,0x0,0x0,0x0,0x61,0x8,0x90,0x0,
0x0,0x0,0x0,0x0,0x6c,0x0,0x0,0x0,
0x0,0x0,0x0,0x0,0x6c,0x0,0x0,0x0,
0x0,0x0,0x0,0x0,0x13,0x0,0x0,0x0,
0x0,0x0,0x7,0x0,0x88,0x1,0x0,0x0,
0x0,0x0,0x0,0x0,0x61,0x8,0x10,0x1,
0x61,0x8,0x70,0x1,0x0,0x0,0x0,0x0,
0x75,0x0,0x0,0x0,0x5c,0x1,0x0,0x0,
0x0,0x0,0xff,0xff,0xff,0xff,0xff,0xff,
0x0,0x0,0x0,0x0,0x54,0x0,0x0,0x0,
0x54,0x0,0x0,0x0,0x54,0x0,0x0,0x0,
0x0,0x0,0x0,0x0,0x54,0x0,0x0,0x0,
0x54,0x0,0x0,0x0,0x0,0x0,0x8,0x0,
0x54,0x0,0x0,0x0,0x0,0x0,0x0,0x0,
0x14,0x1,0x0,0x0,0x68,0x8,0x90,0x0,
0x69,0x8,0xd0,0x0,0x14,0x1,0x0,0x0,
0x0,0x0,0x0,0x0,0x14,0x1,0x0,0x0,
0x0,0x0,0x0,0x0,0x50,0x0,0x0,0x0,
0x0,0x0,0x8,0x0,0x80,0x1,0x0,0x0,
0x0,0x0,0x0,0x0,0x80,0x8,0xd0,0x0,
0x80,0x8,0x90,0x1,0x80,0x0,0x0,0x0,
0x0,0x0,0x7,0x0,0x8b,0x1,0x0,0x0,
0x0,0x0,0x0,0x0,0x75,0x8,0xd0,0x0,
0x75,0x8,0x80,0x1,0x1e,0x0,0x0,0x0,
0x0,0x0,0x7,0x0,0x8a,0x1,0x0,0x0,
0x0,0x0,0x0,0x0,0x6d,0x8,0xd0,0x0,
0x6d,0x8,0x50,0x1,0x41,0x1,0x0,0x0,
0x0,0x0,0x7,0x0,0x89,0x1,0x0,0x0,
0x0,0x0,0x0,0x0,0x6c,0x8,0xd0,0x0,
0x6c,0x8,0xa0,0x1,0x49,0x0,0x0,0x0,
0x0,0x0,0x3,0x0,0x0,0x0,0x0,0x0,
0x5d,0x1,0x0,0x0,0x6b,0x8,0xd0,0x0,
0x6b,0x8,0x30,0x1,0x1d,0x0,0x0,0x0,
0x0,0x0,0x2,0x0,0x2b,0x0,0x0,0x0,
0x0,0x0,0x0,0x0,0x6a,0x8,0xd0,0x0,
0x6a,0x8,0x40,0x1,0x12,0x0,0x0,0x0,
0x0,0x0,0xa,0x0,0x7f,0x1,0x0,0x0,
0x0,0x0,0x0,0x0,0x6f,0x8,0xd0,0x0,
0x6f,0x8,0x50,0x1,0x4b,0x0,0x0,0x0,
0x0,0x0,0xa,0x0,0x7e,0x1,0x0,0x0,
0x0,0x0,0x0,0x0,0x6e,0x8,0xd0,0x0,
0x6e,0x8,0x20,0x1,0x0,0x0,0x0,0x0,
0x0,0x0,0x0,0x0,0x0,0x0,0x0,0x0,
0x0,0x0,0xff,0xff,0xff,0xff,0xff,0xff,
0x0,0x0,0x0,0x0,0x54,0x0,0x0,0x0,
0x54,0x0,0x0,0x0,0x54,0x0,0x0,0x0,
0x0,0x0,0x0,0x0,0x54,0x0,0x0,0x0,
0x54,0x0,0x0,0x0,0x0,0x0,0x3,0x0,
0x54,0x0,0x0,0x0,0x0,0x0,0x0,0x0,
0x9c,0x0,0x0,0x0,0x6e,0x8,0xd0,0x0,
0x0,0x0,0x0,0x0,0x9c,0x0,0x0,0x0,
0x0,0x0,0x0,0x0,0x9c,0x0,0x0,0x0,
0x0,0x0,0x0,0x0,0x6d,0x0,0x0,0x0,
0x0,0x0,0x3,0x0,0x0,0x0,0x0,0x0,
0x6e,0x0,0x0,0x0,0x74,0x8,0x20,0x1,
0x74,0x8,0xa0,0x1,0x4d,0x0,0x0,0x0,
0x0,0x0,0x1,0x0,0x0,0x0,0x0,0x0,
0x0,0x0,0x0,0x0,0x73,0x8,0x20,0x1,
0x73,0x8,0x80,0x1,0xb7,0x0,0x0,0x0,
0x0,0x0,0x2,0x0,0xa,0x0,0x0,0x0,
0x0,0x0,0x0,0x0,0x6e,0x8,0x20,0x1,
0x6e,0x8,0xd0,0x1,0x0,0x0,0x0,0x0,
0x0,0x0,0x0,0x0,0x0,0x0,0x0,0x0,
0x0,0x0,0xff,0xff,0xff,0xff,0xff,0xff,
0x0,0x0,0x0,0x0,0x54,0x0,0x0,0x0,
0x54,0x0,0x0,0x0,0x54,0x0,0x0,0x0,
0x0,0x0,0x0,0x0,0x54,0x0,0x0,0x0,
0x54,0x0,0x0,0x0,0x0,0x0,0x4,0x0,
0x54,0x0,0x0,0x0,0x0,0x0,0x0,0x0,
0xb4,0x0,0x0,0x0,0x6f,0x8,0xd0,0x0,
0x0,0x0,0x0,0x0,0xb4,0x0,0x0,0x0,
0x0,0x0,0x0,0x0,0xb4,0x0,0x0,0x0,
0x0,0x0,0x0,0x0,0x3e,0x0,0x0,0x0,
0x0,0x0,0x2,0x0,0x49,0x0,0x0,0x0,
0x0,0x0,0x0,0x0,0x72,0x8,0x50,0x1,
0x72,0x8,0x0,0x2,0x3f,0x0,0x0,0x0,
0x0,0x0,0x2,0x0,0x20,0x0,0x0,0x0,
0x0,0x0,0x0,0x0,0x71,0x8,0x50,0x1,
0x71,0x8,0x20,0x2,0x3a,0x0,0x0,0x0,
0x0,0x0,0x7,0x0,0x8d,0x1,0x0,0x0,
0x0,0x0,0x0,0x0,0x70,0x8,0x50,0x1,
0x70,0x8,0xa0,0x1,0x3c,0x0,0x0,0x0,
0x0,0x0,0x7,0x0,0x8c,0x1,0x0,0x0,
0x0,0x0,0x0,0x0,0x6f,0x8,0x50,0x1,
0x6f,0x8,0xc0,0x1,0x0,0x0,0x0,0x0,
0x10,0x0,0x0,0x0,0x0,0x0,0x0,0x0,
0x0,0x0,0xff,0xff,0xff,0xff,0xff,0xff,
0x0,0x0,0x0,0x0,0x54,0x0,0x0,0x0,
0x54,0x0,0x0,0x0,0x54,0x0,0x0,0x0,
0x0,0x0,0x0,0x0,0x54,0x0,0x0,0x0,
0x54,0x0,0x0,0x0,0x0,0x0,0x2,0x0,
0x54,0x0,0x0,0x0,0x0,0x0,0x0,0x0,
0x84,0x0,0x0,0x0,0x80,0x8,0x90,0x1,
0x0,0x0,0x0,0x0,0x84,0x0,0x0,0x0,
0x0,0x0,0x0,0x0,0x84,0x0,0x0,0x0,
0x0,0x0,0x0,0x0,0x7d,0x0,0x0,0x0,
0x0,0x0,0x7,0x0,0x8e,0x1,0x0,0x0,
0x0,0x0,0x0,0x0,0x82,0x8,0x10,0x1,
0x82,0x8,0x90,0x1,0xd,0x0,0x0,0x0,
0x0,0x0,0x3,0x0,0x0,0x0,0x0,0x0,
0xbe,0x0,0x0,0x0,0x81,0x8,0x10,0x1,
0x81,0x8,0x80,0x1,0x0,0x0,0x0,0x0,
0x75,0x0,0x0,0x0,0x5e,0x1,0x0,0x0,
0x0,0x0,0xff,0xff,0xff,0xff,0xff,0xff,
0x0,0x0,0x0,0x0,0x54,0x0,0x0,0x0,
0x54,0x0,0x0,0x0,0x54,0x0,0x0,0x0,
0x0,0x0,0x0,0x0,0x54,0x0,0x0,0x0,
0x54,0x0,0x0,0x0,0x0,0x0,0x8,0x0,
0x54,0x0,0x0,0x0,0x0,0x0,0x0,0x0,
0x14,0x1,0x0,0x0,0x87,0x8,0x90,0x0,
0x88,0x8,0xd0,0x0,0x14,0x1,0x0,0x0,
0x0,0x0,0x0,0x0,0x14,0x1,0x0,0x0,
0x0,0x0,0x0,0x0,0x50,0x0,0x0,0x0,
0x0,0x0,0x8,0x0,0x84,0x1,0x0,0x0,
0x0,0x0,0x0,0x0,0x9e,0x8,0xd0,0x0,
0x9e,0x8,0x90,0x1,0x80,0x0,0x0,0x0,
0x0,0x0,0x7,0x0,0x91,0x1,0x0,0x0,
0x0,0x0,0x0,0x0,0x93,0x8,0xd0,0x0,
0x93,0x8,0x80,0x1,0x1e,0x0,0x0,0x0,
0x0,0x0,0x7,0x0,0x90,0x1,0x0,0x0,
0x0,0x0,0x0,0x0,0x8c,0x8,0xd0,0x0,
0x8c,0x8,0x50,0x1,0x41,0x1,0x0,0x0,
0x0,0x0,0x7,0x0,0x8f,0x1,0x0,0x0,
0x0,0x0,0x0,0x0,0x8b,0x8,0xd0,0x0,
0x8b,0x8,0xa0,0x1,0x49,0x0,0x0,0x0,
0x0,0x0,0x3,0x0,0x0,0x0,0x0,0x0,
0x5f,0x1,0x0,0x0,0x8a,0x8,0xd0,0x0,
0x8a,0x8,0x30,0x1,0x1d,0x0,0x0,0x0,
0x0,0x0,0x2,0x0,0x2b,0x0,0x0,0x0,
0x0,0x0,0x0,0x0,0x89,0x8,0xd0,0x0,
0x89,0x8,0x40,0x1,0x12,0x0,0x0,0x0,
0x0,0x0,0xa,0x0,0x83,0x1,0x0,0x0,
0x0,0x0,0x0,0x0,0x8e,0x8,0xd0,0x0,
0x8e,0x8,0x50,0x1,0x4b,0x0,0x0,0x0,
0x0,0x0,0xa,0x0,0x82,0x1,0x0,0x0,
0x0,0x0,0x0,0x0,0x8d,0x8,0xd0,0x0,
0x8d,0x8,0x20,0x1,0x0,0x0,0x0,0x0,
0x0,0x0,0x0,0x0,0x0,0x0,0x0,0x0,
0x0,0x0,0xff,0xff,0xff,0xff,0xff,0xff,
0x0,0x0,0x0,0x0,0x54,0x0,0x0,0x0,
0x54,0x0,0x0,0x0,0x54,0x0,0x0,0x0,
0x0,0x0,0x0,0x0,0x54,0x0,0x0,0x0,
0x54,0x0,0x0,0x0,0x0,0x0,0x2,0x0,
0x54,0x0,0x0,0x0,0x0,0x0,0x0,0x0,
0x84,0x0,0x0,0x0,0x8d,0x8,0xd0,0x0,
0x0,0x0,0x0,0x0,0x84,0x0,0x0,0x0,
0x0,0x0,0x0,0x0,0x84,0x0,0x0,0x0,
0x0,0x0,0x0,0x0,0x6d,0x0,0x0,0x0,
0x0,0x0,0x3,0x0,0x0,0x0,0x0,0x0,
0x6e,0x0,0x0,0x0,0x92,0x8,0x20,0x1,
0x92,0x8,0xa0,0x1,0xb7,0x0,0x0,0x0,
0x0,0x0,0x2,0x0,0xa,0x0,0x0,0x0,
0x0,0x0,0x0,0x0,0x8d,0x8,0x20,0x1,
0x8d,0x8,0xd0,0x1,0x0,0x0,0x0,0x0,
0x0,0x0,0x0,0x0,0x0,0x0,0x0,0x0,
0x0,0x0,0xff,0xff,0xff,0xff,0xff,0xff,
0x0,0x0,0x0,0x0,0x54,0x0,0x0,0x0,
0x54,0x0,0x0,0x0,0x54,0x0,0x0,0x0,
0x0,0x0,0x0,0x0,0x54,0x0,0x0,0x0,
0x54,0x0,0x0,0x0,0x0,0x0,0x4,0x0,
0x54,0x0,0x0,0x0,0x0,0x0,0x0,0x0,
0xb4,0x0,0x0,0x0,0x8e,0x8,0xd0,0x0,
0x0,0x0,0x0,0x0,0xb4,0x0,0x0,0x0,
0x0,0x0,0x0,0x0,0xb4,0x0,0x0,0x0,
0x0,0x0,0x0,0x0,0x3e,0x0,0x0,0x0,
0x0,0x0,0x2,0x0,0x49,0x0,0x0,0x0,
0x0,0x0,0x0,0x0,0x91,0x8,0x50,0x1,
0x91,0x8,0x0,0x2,0x53,0x0,0x0,0x0,
0x0,0x0,0x2,0x0,0x4a,0x0,0x0,0x0,
0x0,0x0,0x0,0x0,0x90,0x8,0x50,0x1,
0x90,0x8,0x10,0x2,0x3a,0x0,0x0,0x0,
0x0,0x0,0x7,0x0,0x93,0x1,0x0,0x0,
0x0,0x0,0x0,0x0,0x8f,0x8,0x50,0x1,
0x8f,0x8,0xa0,0x1,0x70,0x0,0x0,0x0,
0x0,0x0,0x7,0x0,0x92,0x1,0x0,0x0,
0x0,0x0,0x0,0x0,0x8e,0x8,0x50,0x1,
0x8e,0x8,0xb0,0x1,0x0,0x0,0x0,0x0,
0x10,0x0,0x0,0x0,0x0,0x0,0x0,0x0,
0x0,0x0,0xff,0xff,0xff,0xff,0xff,0xff,
0x0,0x0,0x0,0x0,0x54,0x0,0x0,0x0,
0x54,0x0,0x0,0x0,0x54,0x0,0x0,0x0,
0x0,0x0,0x0,0x0,0x54,0x0,0x0,0x0,
0x54,0x0,0x0,0x0,0x0,0x0,0x2,0x0,
0x54,0x0,0x0,0x0,0x0,0x0,0x0,0x0,
0x84,0x0,0x0,0x0,0x9e,0x8,0x90,0x1,
0x0,0x0,0x0,0x0,0x84,0x0,0x0,0x0,
0x0,0x0,0x0,0x0,0x84,0x0,0x0,0x0,
0x0,0x0,0x0,0x0,0x7d,0x0,0x0,0x0,
0x0,0x0,0x7,0x0,0x94,0x1,0x0,0x0,
0x0,0x0,0x0,0x0,0xa0,0x8,0x10,0x1,
0xa0,0x8,0x90,0x1,0xd,0x0,0x0,0x0,
0x0,0x0,0x3,0x0,0x0,0x0,0x0,0x0,
0xbe,0x0,0x0,0x0,0x9f,0x8,0x10,0x1,
0x9f,0x8,0x80,0x1,0x0,0x0,0x0,0x0,
0x75,0x0,0x0,0x0,0x60,0x1,0x0,0x0,
0x0,0x0,0xff,0xff,0xff,0xff,0xff,0xff,
0x0,0x0,0x0,0x0,0x54,0x0,0x0,0x0,
0x54,0x0,0x0,0x0,0x54,0x0,0x0,0x0,
0x0,0x0,0x0,0x0,0x54,0x0,0x0,0x0,
0x54,0x0,0x0,0x0,0x0,0x0,0x8,0x0,
0x54,0x0,0x0,0x0,0x0,0x0,0x0,0x0,
0x14,0x1,0x0,0x0,0xa4,0x8,0x90,0x0,
0xa5,0x8,0xd0,0x0,0x14,0x1,0x0,0x0,
0x0,0x0,0x0,0x0,0x14,0x1,0x0,0x0,
0x0,0x0,0x0,0x0,0x50,0x0,0x0,0x0,
0x0,0x0,0x8,0x0,0x88,0x1,0x0,0x0,
0x0,0x0,0x0,0x0,0xbb,0x8,0xd0,0x0,
0xbb,0x8,0x90,0x1,0x80,0x0,0x0,0x0,
0x0,0x0,0x7,0x0,0x97,0x1,0x0,0x0,
0x0,0x0,0x0,0x0,0xb0,0x8,0xd0,0x0,
0xb0,0x8,0x80,0x1,0x1e,0x0,0x0,0x0,
0x0,0x0,0x7,0x0,0x96,0x1,0x0,0x0,
0x0,0x0,0x0,0x0,0xa9,0x8,0xd0,0x0,
0xa9,0x8,0x50,0x1,0x41,0x1,0x0,0x0,
0x0,0x0,0x7,0x0,0x95,0x1,0x0,0x0,
0x0,0x0,0x0,0x0,0xa8,0x8,0xd0,0x0,
0xa8,0x8,0xa0,0x1,0x49,0x0,0x0,0x0,
0x0,0x0,0x3,0x0,0x0,0x0,0x0,0x0,
0x61,0x1,0x0,0x0,0xa7,0x8,0xd0,0x0,
0xa7,0x8,0x30,0x1,0x1d,0x0,0x0,0x0,
0x0,0x0,0x2,0x0,0x2b,0x0,0x0,0x0,
0x0,0x0,0x0,0x0,0xa6,0x8,0xd0,0x0,
0xa6,0x8,0x40,0x1,0x12,0x0,0x0,0x0,
0x0,0x0,0xa,0x0,0x87,0x1,0x0,0x0,
0x0,0x0,0x0,0x0,0xab,0x8,0xd0,0x0,
0xab,0x8,0x50,0x1,0x4b,0x0,0x0,0x0,
0x0,0x0,0xa,0x0,0x86,0x1,0x0,0x0,
0x0,0x0,0x0,0x0,0xaa,0x8,0xd0,0x0,
0xaa,0x8,0x20,0x1,0x0,0x0,0x0,0x0,
0x0,0x0,0x0,0x0,0x0,0x0,0x0,0x0,
0x0,0x0,0xff,0xff,0xff,0xff,0xff,0xff,
0x0,0x0,0x0,0x0,0x54,0x0,0x0,0x0,
0x54,0x0,0x0,0x0,0x54,0x0,0x0,0x0,
0x0,0x0,0x0,0x0,0x54,0x0,0x0,0x0,
0x54,0x0,0x0,0x0,0x0,0x0,0x2,0x0,
0x54,0x0,0x0,0x0,0x0,0x0,0x0,0x0,
0x84,0x0,0x0,0x0,0xaa,0x8,0xd0,0x0,
0x0,0x0,0x0,0x0,0x84,0x0,0x0,0x0,
0x0,0x0,0x0,0x0,0x84,0x0,0x0,0x0,
0x0,0x0,0x0,0x0,0x6d,0x0,0x0,0x0,
0x0,0x0,0x3,0x0,0x0,0x0,0x0,0x0,
0x6e,0x0,0x0,0x0,0xaf,0x8,0x20,0x1,
0xaf,0x8,0xa0,0x1,0xb7,0x0,0x0,0x0,
0x0,0x0,0x2,0x0,0xa,0x0,0x0,0x0,
0x0,0x0,0x0,0x0,0xaa,0x8,0x20,0x1,
0xaa,0x8,0xd0,0x1,0x0,0x0,0x0,0x0,
0x0,0x0,0x0,0x0,0x0,0x0,0x0,0x0,
0x0,0x0,0xff,0xff,0xff,0xff,0xff,0xff,
0x0,0x0,0x0,0x0,0x54,0x0,0x0,0x0,
0x54,0x0,0x0,0x0,0x54,0x0,0x0,0x0,
0x0,0x0,0x0,0x0,0x54,0x0,0x0,0x0,
0x54,0x0,0x0,0x0,0x0,0x0,0x4,0x0,
0x54,0x0,0x0,0x0,0x0,0x0,0x0,0x0,
0xb4,0x0,0x0,0x0,0xab,0x8,0xd0,0x0,
0x0,0x0,0x0,0x0,0xb4,0x0,0x0,0x0,
0x0,0x0,0x0,0x0,0xb4,0x0,0x0,0x0,
0x0,0x0,0x0,0x0,0x3e,0x0,0x0,0x0,
0x0,0x0,0x2,0x0,0x4c,0x0,0x0,0x0,
0x0,0x0,0x0,0x0,0xae,0x8,0x50,0x1,
0xae,0x8,0x0,0x2,0x53,0x0,0x0,0x0,
0x0,0x0,0x2,0x0,0x4b,0x0,0x0,0x0,
0x0,0x0,0x0,0x0,0xad,0x8,0x50,0x1,
0xad,0x8,0x10,0x2,0x3a,0x0,0x0,0x0,
0x0,0x0,0x7,0x0,0x99,0x1,0x0,0x0,
0x0,0x0,0x0,0x0,0xac,0x8,0x50,0x1,
0xac,0x8,0xa0,0x1,0x70,0x0,0x0,0x0,
0x0,0x0,0x7,0x0,0x98,0x1,0x0,0x0,
0x0,0x0,0x0,0x0,0xab,0x8,0x50,0x1,
0xab,0x8,0xb0,0x1,0x0,0x0,0x0,0x0,
0x10,0x0,0x0,0x0,0x0,0x0,0x0,0x0,
0x0,0x0,0xff,0xff,0xff,0xff,0xff,0xff,
0x0,0x0,0x0,0x0,0x54,0x0,0x0,0x0,
0x54,0x0,0x0,0x0,0x54,0x0,0x0,0x0,
0x0,0x0,0x0,0x0,0x54,0x0,0x0,0x0,
0x54,0x0,0x0,0x0,0x0,0x0,0x2,0x0,
0x54,0x0,0x0,0x0,0x0,0x0,0x0,0x0,
0x84,0x0,0x0,0x0,0xbb,0x8,0x90,0x1,
0x0,0x0,0x0,0x0,0x84,0x0,0x0,0x0,
0x0,0x0,0x0,0x0,0x84,0x0,0x0,0x0,
0x0,0x0,0x0,0x0,0x7d,0x0,0x0,0x0,
0x0,0x0,0x7,0x0,0x9a,0x1,0x0,0x0,
0x0,0x0,0x0,0x0,0xbd,0x8,0x10,0x1,
0xbd,0x8,0x90,0x1,0xd,0x0,0x0,0x0,
0x0,0x0,0x3,0x0,0x0,0x0,0x0,0x0,
0xbe,0x0,0x0,0x0,0xbc,0x8,0x10,0x1,
0xbc,0x8,0x80,0x1,0x0,0x0,0x0,0x0,
0x92,0x0,0x0,0x0,0x0,0x0,0x0,0x0,
0x0,0x0,0xff,0xff,0xff,0xff,0xff,0xff,
0x2,0x0,0x8,0x0,0x54,0x0,0x0,0x0,
0x5c,0x0,0x0,0x0,0xbc,0x0,0x0,0x0,
0x0,0x0,0x0,0x0,0xbc,0x0,0x0,0x0,
0xbc,0x0,0x0,0x0,0x0,0x0,0xe,0x0,
0xbc,0x0,0x0,0x0,0x0,0x0,0x0,0x0,
0xc,0x2,0x0,0x0,0xc3,0x8,0x50,0x0,
0x0,0x0,0x0,0x0,0xc,0x2,0x0,0x0,
0x0,0x0,0x0,0x0,0xc,0x2,0x0,0x0,
0x0,0x0,0x0,0x0,0xa1,0x1,0x0,0x0,
0xa2,0x1,0x0,0x0,0x11,0x1,0x0,0x0,
0x3,0x0,0x0,0x20,0xc4,0x8,0x90,0x0,
0x12,0x1,0x0,0x0,0x3,0x0,0x0,0x20,
0xc5,0x8,0x90,0x0,0x14,0x1,0x0,0x0,
0x3,0x0,0x0,0x20,0xc6,0x8,0x90,0x0,
0x16,0x1,0x0,0x0,0x3,0x0,0x0,0x20,
0xc9,0x8,0x90,0x0,0x18,0x1,0x0,0x0,
0x3,0x0,0x0,0x20,0xca,0x8,0x90,0x0,
0x1a,0x1,0x0,0x0,0x3,0x0,0x0,0x20,
0xcb,0x8,0x90,0x0,0x1b,0x1,0x0,0x0,
0x3,0x0,0x0,0x20,0xce,0x8,0x90,0x0,
0x1e,0x1,0x0,0x0,0x3,0x0,0x0,0x20,
0xcf,0x8,0x90,0x0,0x18,0x1,0x0,0x0,
0x4,0x0,0x8,0x0,0x92,0x1,0x0,0x0,
0x0,0x0,0x0,0x0,0x12,0x9,0xc0,0x1,
0x12,0x9,0x90,0x0,0x16,0x1,0x0,0x0,
0x4,0x0,0x8,0x0,0x91,0x1,0x0,0x0,
0x0,0x0,0x0,0x0,0xe,0x9,0xc0,0x1,
0xe,0x9,0x90,0x0,0x47,0x0,0x0,0x0,
0x0,0x0,0x2,0x0,0x22,0x0,0x0,0x0,
0x0,0x0,0x0,0x0,0xdf,0x8,0x90,0x0,
0xdf,0x8,0x20,0x1,0x1e,0x1,0x0,0x0,
0x0,0x0,0x7,0x0,0xa0,0x1,0x0,0x0,
0x1d,0x1,0x0,0x0,0xcf,0x8,0x70,0x1,
0xcf,0x8,0x0,0x2,0x1b,0x1,0x0,0x0,
0x0,0x0,0x7,0x0,0x9f,0x1,0x0,0x0,
0x1d,0x1,0x0,0x0,0xce,0x8,0x70,0x1,
0xce,0x8,0x0,0x2,0x1a,0x1,0x0,0x0,
0x0,0x0,0x2,0x0,0x4,0x0,0x0,0x0,
0x0,0x0,0x0,0x0,0xcb,0x8,0x70,0x1,
0xcb,0x8,0x60,0x2,0x18,0x1,0x0,0x0,
0x0,0x0,0x7,0x0,0x9e,0x1,0x0,0x0,
0x0,0x0,0x0,0x0,0xca,0x8,0x70,0x1,
0xca,0x8,0xf0,0x1,0x16,0x1,0x0,0x0,
0x0,0x0,0x7,0x0,0x9d,0x1,0x0,0x0,
0x0,0x0,0x0,0x0,0xc9,0x8,0x70,0x1,
0xc9,0x8,0xf0,0x1,0x14,0x1,0x0,0x0,
0x0,0x0,0x7,0x0,0x9c,0x1,0x0,0x0,
0x0,0x0,0x0,0x0,0xc6,0x8,0x70,0x1,
0xc6,0x8,0x20,0x2,0x12,0x1,0x0,0x0,
0x0,0x0,0x7,0x0,0x9b,0x1,0x0,0x0,
0x0,0x0,0x0,0x0,0xc5,0x8,0x70,0x1,
0xc5,0x8,0x10,0x2,0x11,0x1,0x0,0x0,
0x0,0x0,0x2,0x0,0x2b,0x0,0x0,0x0,
0x0,0x0,0x0,0x0,0xc4,0x8,0x70,0x1,
0xc4,0x8,0x10,0x2,0x0,0x0,0x0,0x0,
0x0,0x0,0x8,0x0,0x8b,0x1,0x0,0x0,
0x0,0x0,0x0,0x0,0xe1,0x8,0x90,0x0,
0xe1,0x8,0x90,0x0,0x0,0x0,0x0,0x0,
0x0,0x0,0x8,0x0,0x93,0x1,0x0,0x0,
0x0,0x0,0x0,0x0,0x16,0x9,0x90,0x0,
0x16,0x9,0x90,0x0,0x12,0x0,0x0,0x0,
0x0,0x0,0xa,0x0,0x8a,0x1,0x0,0x0,
0x0,0x0,0x0,0x0,0xda,0x8,0x90,0x0,
0xda,0x8,0x10,0x1,0x0,0x0,0x0,0x0,
0x0,0x0,0x0,0x0,0x0,0x0,0x0,0x0,
0x0,0x0,0xff,0xff,0xff,0xff,0xff,0xff,
0x0,0x0,0x0,0x0,0x54,0x0,0x0,0x0,
0x54,0x0,0x0,0x0,0x54,0x0,0x0,0x0,
0x0,0x0,0x0,0x0,0x54,0x0,0x0,0x0,
0x54,0x0,0x0,0x0,0x0,0x0,0x5,0x0,
0x54,0x0,0x0,0x0,0x0,0x0,0x0,0x0,
0xcc,0x0,0x0,0x0,0xda,0x8,0x90,0x0,
0x0,0x0,0x0,0x0,0xcc,0x0,0x0,0x0,
0x0,0x0,0x0,0x0,0xcc,0x0,0x0,0x0,
0x0,0x0,0x0,0x0,0x3f,0x0,0x0,0x0,
0x0,0x0,0x2,0x0,0x1c,0x0,0x0,0x0,
0x0,0x0,0x0,0x0,0xde,0x8,0x10,0x1,
0xde,0x8,0xe0,0x1,0x3e,0x0,0x0,0x0,
0x0,0x0,0x2,0x0,0x7,0x0,0x0,0x0,
0x0,0x0,0x0,0x0,0xdd,0x8,0x10,0x1,
0xdd,0x8,0xc0,0x1,0x3c,0x0,0x0,0x0,
0x0,0x0,0x7,0x0,0xa5,0x1,0x0,0x0,
0x0,0x0,0x0,0x0,0xdc,0x8,0x10,0x1,
0xdc,0x8,0x80,0x1,0x3a,0x0,0x0,0x0,
0x0,0x0,0x7,0x0,0xa4,0x1,0x0,0x0,
0x0,0x0,0x0,0x0,0xdb,0x8,0x10,0x1,
0xdb,0x8,0x60,0x1,0x78,0x0,0x0,0x0,
0x0,0x0,0x7,0x0,0xa3,0x1,0x0,0x0,
0x0,0x0,0x0,0x0,0xda,0x8,0x10,0x1,
0xda,0x8,0x30,0x2,0x0,0x0,0x0,0x0,
0x10,0x0,0x0,0x0,0x0,0x0,0x0,0x0,
0x0,0x0,0xff,0xff,0xff,0xff,0xff,0xff,
0x0,0x0,0x0,0x0,0x54,0x0,0x0,0x0,
0x54,0x0,0x0,0x0,0x54,0x0,0x0,0x0,
0x0,0x0,0x0,0x0,0x54,0x0,0x0,0x0,
0x54,0x0,0x0,0x0,0x0,0x0,0x6,0x0,
0x54,0x0,0x0,0x0,0x0,0x0,0x0,0x0,
0xe4,0x0,0x0,0x0,0xe1,0x8,0x90,0x0,
0x0,0x0,0x0,0x0,0xe4,0x0,0x0,0x0,
0x0,0x0,0x0,0x0,0xe4,0x0,0x0,0x0,
0x0,0x0,0x0,0x0,0xd,0x0,0x0,0x0,
0x0,0x0,0x3,0x0,0x0,0x0,0x0,0x0,
0xe,0x0,0x0,0x0,0xe4,0x8,0xd0,0x0,
0xe4,0x8,0x40,0x1,0x1e,0x0,0x0,0x0,
0x0,0x0,0x2,0x0,0x42,0x0,0x0,0x0,
0x0,0x0,0x0,0x0,0xe3,0x8,0xd0,0x0,
0xe3,0x8,0x50,0x1,0x1d,0x0,0x0,0x0,
0x0,0x0,0x2,0x0,0x1,0x0,0x0,0x0,
0x0,0x0,0x0,0x0,0xe2,0x8,0xd0,0x0,
0xe2,0x8,0x40,0x1,0x0,0x0,0x0,0x0,
0x0,0x0,0x8,0x0,0x8c,0x1,0x0,0x0,
0x0,0x0,0x0,0x0,0xe6,0x8,0xd0,0x0,
0xe6,0x8,0xd0,0x0,0x0,0x0,0x0,0x0,
0x0,0x0,0x8,0x0,0x8e,0x1,0x0,0x0,
0x0,0x0,0x0,0x0,0xeb,0x8,0xd0,0x0,
0xeb,0x8,0xd0,0x0,0x0,0x0,0x0,0x0,
0x0,0x0,0x8,0x0,0x90,0x1,0x0,0x0,
0x0,0x0,0x0,0x0,0x1,0x9,0xd0,0x0,
0x1,0x9,0xd0,0x0,0x0,0x0,0x0,0x0,
0x17,0x0,0x0,0x0,0x0,0x0,0x0,0x0,
0x0,0x0,0xff,0xff,0xff,0xff,0xff,0xff,
0x0,0x0,0x0,0x0,0x54,0x0,0x0,0x0,
0x54,0x0,0x0,0x0,0x54,0x0,0x0,0x0,
0x0,0x0,0x0,0x0,0x54,0x0,0x0,0x0,
0x54,0x0,0x0,0x0,0x0,0x0,0x2,0x0,
0x54,0x0,0x0,0x0,0x0,0x0,0x0,0x0,
0x84,0x0,0x0,0x0,0xe6,0x8,0xd0,0x0,
0x0,0x0,0x0,0x0,0x84,0x0,0x0,0x0,
0x0,0x0,0x0,0x0,0x84,0x0,0x0,0x0,
0x0,0x0,0x0,0x0,0x19,0x0,0x0,0x0,
0x0,0x0,0x3,0x0,0x0,0x0,0x0,0x0,
0x24,0x1,0x0,0x0,0xe8,0x8,0x10,0x1,
0xe8,0x8,0x90,0x1,0x12,0x0,0x0,0x0,
0x0,0x0,0xa,0x0,0x8d,0x1,0x0,0x0,
0x0,0x0,0x0,0x0,0xe7,0x8,0x10,0x1,
0xe7,0x8,0x90,0x1,0x0,0x0,0x0,0x0,
0x0,0x0,0x0,0x0,0x0,0x0,0x0,0x0,
0x0,0x0,0xff,0xff,0xff,0xff,0xff,0xff,
0x0,0x0,0x0,0x0,0x54,0x0,0x0,0x0,
0x54,0x0,0x0,0x0,0x54,0x0,0x0,0x0,
0x0,0x0,0x0,0x0,0x54,0x0,0x0,0x0,
0x54,0x0,0x0,0x0,0x0,0x0,0x1,0x0,
0x54,0x0,0x0,0x0,0x0,0x0,0x0,0x0,
0x6c,0x0,0x0,0x0,0xe7,0x8,0x10,0x1,
0x0,0x0,0x0,0x0,0x6c,0x0,0x0,0x0,
0x0,0x0,0x0,0x0,0x6c,0x0,0x0,0x0,
0x0,0x0,0x0,0x0,0x13,0x0,0x0,0x0,
0x0,0x0,0x7,0x0,0xa6,0x1,0x0,0x0,
0x0,0x0,0x0,0x0,0xe7,0x8,0x90,0x1,
0xe7,0x8,0xf0,0x1,0x0,0x0,0x0,0x0,
0x25,0x1,0x0,0x0,0x0,0x0,0x0,0x0,
0x0,0x0,0xff,0xff,0xff,0xff,0xff,0xff,
0x0,0x0,0x1,0x0,0x54,0x0,0x0,0x0,
0x54,0x0,0x0,0x0,0x60,0x0,0x0,0x0,
0x0,0x0,0x0,0x0,0x60,0x0,0x0,0x0,
0x60,0x0,0x0,0x0,0x0,0x0,0x3,0x0,
0x60,0x0,0x0,0x0,0x0,0x0,0x0,0x0,
0xa8,0x0,0x0,0x0,0xeb,0x8,0xd0,0x0,
0x0,0x0,0x0,0x0,0xa8,0x0,0x0,0x0,
0x0,0x0,0x0,0x0,0xa8,0x0,0x0,0x0,
0x0,0x0,0x0,0x0,0x27,0x1,0x0,0x0,
0x0,0x0,0x0,0x20,0xed,0x8,0x10,0x1,
0x29,0x1,0x0,0x0,0x0,0x0,0x7,0x0,
0xa8,0x1,0x0,0x0,0x0,0x0,0x0,0x0,
0xef,0x8,0x10,0x1,0xef,0x8,0xa0,0x1,
0x27,0x1,0x0,0x0,0x0,0x0,0x7,0x0,
0xa7,0x1,0x0,0x0,0x0,0x0,0x0,0x0,
0xed,0x8,0xe0,0x1,0xed,0x8,0xa0,0x2,
0x12,0x0,0x0,0x0,0x0,0x0,0xa,0x0,
0x8f,0x1,0x0,0x0,0x0,0x0,0x0,0x0,
0xec,0x8,0x10,0x1,0xec,0x8,0x90,0x1,
0x0,0x0,0x0,0x0,0x0,0x0,0x0,0x0,
0x0,0x0,0xff,0xff,0xff,0xff,0xff,0xff,
0x0,0x0,0x0,0x0,0x54,0x0,0x0,0x0,
0x54,0x0,0x0,0x0,0x54,0x0,0x0,0x0,
0x0,0x0,0x0,0x0,0x54,0x0,0x0,0x0,
0x54,0x0,0x0,0x0,0x0,0x0,0x1,0x0,
0x54,0x0,0x0,0x0,0x0,0x0,0x0,0x0,
0x6c,0x0,0x0,0x0,0xec,0x8,0x10,0x1,
0x0,0x0,0x0,0x0,0x6c,0x0,0x0,0x0,
0x0,0x0,0x0,0x0,0x6c,0x0,0x0,0x0,
0x0,0x0,0x0,0x0,0x13,0x0,0x0,0x0,
0x0,0x0,0x7,0x0,0xa9,0x1,0x0,0x0,
0x0,0x0,0x0,0x0,0xec,0x8,0x90,0x1,
0xec,0x8,0xf0,0x1,0x0,0x0,0x0,0x0,
0x17,0x0,0x0,0x0,0x0,0x0,0x0,0x0,
0x0,0x0,0xff,0xff,0xff,0xff,0xff,0xff,
0x0,0x0,0x0,0x0,0x54,0x0,0x0,0x0,
0x54,0x0,0x0,0x0,0x54,0x0,0x0,0x0,
0x0,0x0,0x0,0x0,0x54,0x0,0x0,0x0,
0x54,0x0,0x0,0x0,0x0,0x0,0x9,0x0,
0x54,0x0,0x0,0x0,0x0,0x0,0x0,0x0,
0x2c,0x1,0x0,0x0,0x1,0x9,0xd0,0x0,
0x0,0x0,0x0,0x0,0x2c,0x1,0x0,0x0,
0x0,0x0,0x0,0x0,0x2c,0x1,0x0,0x0,
0x0,0x0,0x0,0x0,0x52,0x0,0x0,0x0,
0x0,0x0,0x1,0x0,0x1,0x0,0x0,0x0,
0x0,0x0,0x0,0x0,0xa,0x9,0x10,0x1,
0xa,0x9,0xf0,0x1,0x87,0x0,0x0,0x0,
0x0,0x0,0x1,0x0,0x1,0x0,0x0,0x0,
0x0,0x0,0x0,0x0,0x9,0x9,0x10,0x1,
0x9,0x9,0x90,0x1,0x2f,0x1,0x0,0x0,
0x0,0x0,0x7,0x0,0xad,0x1,0x0,0x0,
0x0,0x0,0x0,0x0,0x8,0x9,0x10,0x1,
0x8,0x9,0x20,0x2,0x2d,0x1,0x0,0x0,
0x0,0x0,0x7,0x0,0xac,0x1,0x0,0x0,
0x0,0x0,0x0,0x0,0x7,0x9,0x10,0x1,
0x7,0x9,0xb0,0x1,0x45,0x0,0x0,0x0,
0x0,0x0,0x7,0x0,0xab,0x1,0x0,0x0,
0x0,0x0,0x0,0x0,0x6,0x9,0x10,0x1,
0x6,0x9,0x40,0x1,0x44,0x0,0x0,0x0,
0x0,0x0,0x7,0x0,0xaa,0x1,0x0,0x0,
0x0,0x0,0x0,0x0,0x5,0x9,0x10,0x1,
0x5,0x9,0x40,0x1,0x1e,0x0,0x0,0x0,
0x0,0x0,0x2,0x0,0x24,0x0,0x0,0x0,
0x0,0x0,0x0,0x0,0x4,0x9,0x10,0x1,
0x4,0x9,0x90,0x1,0x1d,0x0,0x0,0x0,
0x0,0x0,0x2,0x0,0x24,0x0,0x0,0x0,
0x0,0x0,0x0,0x0,0x3,0x9,0x10,0x1,
0x3,0x9,0x80,0x1,0x19,0x0,0x0,0x0,
0x0,0x0,0x3,0x0,0x0,0x0,0x0,0x0,
0x2c,0x1,0x0,0x0,0x2,0x9,0x10,0x1,
0x2,0x9,0x90,0x1,0x0,0x0,0x0,0x0,
0x31,0x1,0x0,0x0,0x0,0x0,0x0,0x0,
0x0,0x0,0xff,0xff,0xff,0xff,0xff,0xff,
0x0,0x0,0x0,0x0,0x54,0x0,0x0,0x0,
0x54,0x0,0x0,0x0,0x54,0x0,0x0,0x0,
0x0,0x0,0x0,0x0,0x54,0x0,0x0,0x0,
0x54,0x0,0x0,0x0,0x0,0x0,0x1,0x0,
0x54,0x0,0x0,0x0,0x0,0x0,0x0,0x0,
0x6c,0x0,0x0,0x0,0xe,0x9,0x90,0x0,
0x0,0x0,0x0,0x0,0x6c,0x0,0x0,0x0,
0x0,0x0,0x0,0x0,0x6c,0x0,0x0,0x0,
0x0,0x0,0x0,0x0,0x30,0x0,0x0,0x0,
0x0,0x0,0x2,0x0,0x3a,0x0,0x0,0x0,
0x0,0x0,0x0,0x0,0xf,0x9,0xd0,0x0,
0xf,0x9,0x70,0x1,0x0,0x0,0x0,0x0,
0x31,0x1,0x0,0x0,0x0,0x0,0x0,0x0,
0x0,0x0,0xff,0xff,0xff,0xff,0xff,0xff,
0x0,0x0,0x0,0x0,0x54,0x0,0x0,0x0,
0x54,0x0,0x0,0x0,0x54,0x0,0x0,0x0,
0x0,0x0,0x0,0x0,0x54,0x0,0x0,0x0,
0x54,0x0,0x0,0x0,0x0,0x0,0x1,0x0,
0x54,0x0,0x0,0x0,0x0,0x0,0x0,0x0,
0x6c,0x0,0x0,0x0,0x12,0x9,0x90,0x0,
0x0,0x0,0x0,0x0,0x6c,0x0,0x0,0x0,
0x0,0x0,0x0,0x0,0x6c,0x0,0x0,0x0,
0x0,0x0,0x0,0x0,0x30,0x0,0x0,0x0,
0x0,0x0,0x2,0x0,0x3a,0x0,0x0,0x0,
0x0,0x0,0x0,0x0,0x13,0x9,0xd0,0x0,
0x13,0x9,0x70,0x1,0x0,0x0,0x0,0x0,
0x82,0x0,0x0,0x0,0x0,0x0,0x0,0x0,
0x0,0x0,0xff,0xff,0xff,0xff,0xff,0xff,
0x2,0x0,0x0,0x0,0x54,0x0,0x0,0x0,
0x5c,0x0,0x0,0x0,0x5c,0x0,0x0,0x0,
0x0,0x0,0x0,0x0,0x5c,0x0,0x0,0x0,
0x5c,0x0,0x0,0x0,0x0,0x0,0x1,0x0,
0x5c,0x0,0x0,0x0,0x0,0x0,0x0,0x0,
0x74,0x0,0x0,0x0,0x16,0x9,0x90,0x0,
0x0,0x0,0x0,0x0,0x74,0x0,0x0,0x0,
0x0,0x0,0x0,0x0,0x74,0x0,0x0,0x0,
0x0,0x0,0x0,0x0,0xaf,0x1,0x0,0x0,
0xb0,0x1,0x0,0x0,0x2b,0x0,0x0,0x0,
0x0,0x0,0x7,0x0,0xae,0x1,0x0,0x0,
0x0,0x0,0x0,0x0,0x17,0x9,0xd0,0x0,
0x17,0x9,0x50,0x1,0x0,0x0,0x0,0x0,
0x75,0x0,0x0,0x0,0x0,0x0,0x0,0x0,
0x0,0x0,0xff,0xff,0xff,0xff,0xff,0xff,
0x0,0x0,0x0,0x0,0x54,0x0,0x0,0x0,
0x54,0x0,0x0,0x0,0x54,0x0,0x0,0x0,
0x0,0x0,0x0,0x0,0x54,0x0,0x0,0x0,
0x54,0x0,0x0,0x0,0x0,0x0,0xa,0x0,
0x54,0x0,0x0,0x0,0x0,0x0,0x0,0x0,
0x44,0x1,0x0,0x0,0x3e,0x9,0x50,0x0,
0x0,0x0,0x0,0x0,0x44,0x1,0x0,0x0,
0x0,0x0,0x0,0x0,0x44,0x1,0x0,0x0,
0x0,0x0,0x0,0x0,0x80,0x0,0x0,0x0,
0x0,0x0,0x7,0x0,0xb4,0x1,0x0,0x0,
0x0,0x0,0x0,0x0,0x5b,0x9,0x90,0x0,
0x5b,0x9,0x40,0x1,0x7f,0x0,0x0,0x0,
0x0,0x0,0x8,0x0,0x98,0x1,0x0,0x0,
0x0,0x0,0x0,0x0,0x51,0x9,0x90,0x0,
0x51,0x9,0x60,0x1,0x50,0x0,0x0,0x0,
0x0,0x0,0x8,0x0,0x97,0x1,0x0,0x0,
0x0,0x0,0x0,0x0,0x4c,0x9,0x90,0x0,
0x4c,0x9,0x50,0x1,0xb8,0x0,0x0,0x0,
0x0,0x0,0x7,0x0,0xb3,0x1,0x0,0x0,
0x0,0x0,0x0,0x0,0x4a,0x9,0x90,0x0,
0x4a,0x9,0x20,0x1,0x1e,0x0,0x0,0x0,
0x0,0x0,0x2,0x0,0x24,0x0,0x0,0x0,
0x0,0x0,0x0,0x0,0x42,0x9,0x90,0x0,
0x42,0x9,0x10,0x1,0x1d,0x0,0x0,0x0,
0x0,0x0,0x2,0x0,0x23,0x0,0x0,0x0,
0x0,0x0,0x0,0x0,0x41,0x9,0x90,0x0,
0x41,0x9,0x0,0x1,0x41,0x1,0x0,0x0,
0x0,0x0,0x7,0x0,0xb2,0x1,0x0,0x0,
0x0,0x0,0x0,0x0,0x40,0x9,0x90,0x0,
0x40,0x9,0x60,0x1,0x49,0x0,0x0,0x0,
0x0,0x0,0x3,0x0,0x0,0x0,0x0,0x0,
0xb6,0x0,0x0,0x0,0x3f,0x9,0x90,0x0,
0x3f,0x9,0xf0,0x0,0x4b,0x0,0x0,0x0,
0x0,0x0,0xa,0x0,0x96,0x1,0x0,0x0,
0x0,0x0,0x0,0x0,0x47,0x9,0x90,0x0,
0x47,0x9,0xe0,0x0,0x12,0x0,0x0,0x0,
0x0,0x0,0xa,0x0,0x95,0x1,0x0,0x0,
0x0,0x0,0x0,0x0,0x43,0x9,0x90,0x0,
0x43,0x9,0x10,0x1,0x0,0x0,0x0,0x0,
0x0,0x0,0x0,0x0,0x0,0x0,0x0,0x0,
0x0,0x0,0xff,0xff,0xff,0xff,0xff,0xff,
0x0,0x0,0x0,0x0,0x54,0x0,0x0,0x0,
0x54,0x0,0x0,0x0,0x54,0x0,0x0,0x0,
0x0,0x0,0x0,0x0,0x54,0x0,0x0,0x0,
0x54,0x0,0x0,0x0,0x0,0x0,0x4,0x0,
0x54,0x0,0x0,0x0,0x0,0x0,0x0,0x0,
0xb4,0x0,0x0,0x0,0x43,0x9,0x90,0x0,
0x0,0x0,0x0,0x0,0xb4,0x0,0x0,0x0,
0x0,0x0,0x0,0x0,0xb4,0x0,0x0,0x0,
0x0,0x0,0x0,0x0,0x54,0x0,0x0,0x0,
0x0,0x0,0x2,0x0,0x5,0x0,0x0,0x0,
0x0,0x0,0x0,0x0,0x46,0x9,0x10,0x1,
0x46,0x9,0xf0,0x1,0x53,0x0,0x0,0x0,
0x0,0x0,0x2,0x0,0x5,0x0,0x0,0x0,
0x0,0x0,0x0,0x0,0x45,0x9,0x10,0x1,
0x45,0x9,0xd0,0x1,0x58,0x0,0x0,0x0,
0x0,0x0,0x7,0x0,0xb6,0x1,0x0,0x0,
0x0,0x0,0x0,0x0,0x44,0x9,0x10,0x1,
0x44,0x9,0x90,0x1,0x70,0x0,0x0,0x0,
0x0,0x0,0x7,0x0,0xb5,0x1,0x0,0x0,
0x0,0x0,0x0,0x0,0x43,0x9,0x10,0x1,
0x43,0x9,0x70,0x1,0x0,0x0,0x0,0x0,
0x0,0x0,0x0,0x0,0x0,0x0,0x0,0x0,
0x0,0x0,0xff,0xff,0xff,0xff,0xff,0xff,
0x0,0x0,0x0,0x0,0x54,0x0,0x0,0x0,
0x54,0x0,0x0,0x0,0x54,0x0,0x0,0x0,
0x0,0x0,0x0,0x0,0x54,0x0,0x0,0x0,
0x54,0x0,0x0,0x0,0x0,0x0,0x3,0x0,
0x54,0x0,0x0,0x0,0x0,0x0,0x0,0x0,
0x9c,0x0,0x0,0x0,0x47,0x9,0x90,0x0,
0x0,0x0,0x0,0x0,0x9c,0x0,0x0,0x0,
0x0,0x0,0x0,0x0,0x9c,0x0,0x0,0x0,
0x0,0x0,0x0,0x0,0x6d,0x0,0x0,0x0,
0x0,0x0,0x3,0x0,0x0,0x0,0x0,0x0,
0x6e,0x0,0x0,0x0,0x49,0x9,0xe0,0x0,
0x49,0x9,0x60,0x1,0xb7,0x0,0x0,0x0,
0x0,0x0,0x2,0x0,0x1e,0x0,0x0,0x0,
0x0,0x0,0x0,0x0,0x48,0x9,0xe0,0x0,
0x48,0x9,0x90,0x1,0x4d,0x0,0x0,0x0,
0x0,0x0,0x1,0x0,0x0,0x0,0x0,0x0,
0x0,0x0,0x0,0x0,0x47,0x9,0xe0,0x0,
0x47,0x9,0x40,0x1,0x0,0x0,0x0,0x0,
0x10,0x0,0x0,0x0,0x0,0x0,0x0,0x0,
0x0,0x0,0xff,0xff,0xff,0xff,0xff,0xff,
0x0,0x0,0x0,0x0,0x54,0x0,0x0,0x0,
0x54,0x0,0x0,0x0,0x54,0x0,0x0,0x0,
0x0,0x0,0x0,0x0,0x54,0x0,0x0,0x0,
0x54,0x0,0x0,0x0,0x0,0x0,0x2,0x0,
0x54,0x0,0x0,0x0,0x0,0x0,0x0,0x0,
0x84,0x0,0x0,0x0,0x4c,0x9,0x50,0x1,
0x0,0x0,0x0,0x0,0x84,0x0,0x0,0x0,
0x0,0x0,0x0,0x0,0x84,0x0,0x0,0x0,
0x0,0x0,0x0,0x0,0x7d,0x0,0x0,0x0,
0x0,0x0,0x2,0x0,0x1e,0x0,0x0,0x0,
0x0,0x0,0x0,0x0,0x4e,0x9,0xd0,0x0,
0x4e,0x9,0x50,0x1,0xd,0x0,0x0,0x0,
0x0,0x0,0x3,0x0,0x0,0x0,0x0,0x0,
0x86,0x0,0x0,0x0,0x4d,0x9,0xd0,0x0,
0x4d,0x9,0x40,0x1,0x0,0x0,0x0,0x0,
0x48,0x0,0x0,0x0,0x0,0x0,0x0,0x0,
0x0,0x0,0xff,0xff,0xff,0xff,0xff,0xff,
0x0,0x0,0x0,0x0,0x54,0x0,0x0,0x0,
0x54,0x0,0x0,0x0,0x54,0x0,0x0,0x0,
0x0,0x0,0x0,0x0,0x54,0x0,0x0,0x0,
0x54,0x0,0x0,0x0,0x0,0x0,0x6,0x0,
0x54,0x0,0x0,0x0,0x0,0x0,0x0,0x0,
0xe4,0x0,0x0,0x0,0x51,0x9,0x60,0x1,
0x0,0x0,0x0,0x0,0xe4,0x0,0x0,0x0,
0x0,0x0,0x0,0x0,0xe4,0x0,0x0,0x0,
0x0,0x0,0x0,0x0,0xd,0x0,0x0,0x0,
0x0,0x0,0x3,0x0,0x0,0x0,0x0,0x0,
0x7e,0x0,0x0,0x0,0x57,0x9,0xd0,0x0,
0x57,0x9,0x40,0x1,0x5c,0x0,0x0,0x0,
0x0,0x0,0x7,0x0,0xb9,0x1,0x0,0x0,
0x0,0x0,0x0,0x0,0x55,0x9,0xd0,0x0,
0x55,0x9,0x0,0x2,0x5a,0x0,0x0,0x0,
0x0,0x0,0x7,0x0,0xb8,0x1,0x0,0x0,
0x0,0x0,0x0,0x0,0x54,0x9,0xd0,0x0,
0x54,0x9,0x20,0x2,0x49,0x0,0x0,0x0,
0x0,0x0,0x7,0x0,0xb7,0x1,0x0,0x0,
0x0,0x0,0x0,0x0,0x52,0x9,0xd0,0x0,
0x52,0x9,0x30,0x1,0x12,0x0,0x0,0x0,
0x0,0x0,0xa,0x0,0x9a,0x1,0x0,0x0,
0x0,0x0,0x0,0x0,0x58,0x9,0xd0,0x0,
0x58,0x9,0x50,0x1,0x4b,0x0,0x0,0x0,
0x0,0x0,0xa,0x0,0x99,0x1,0x0,0x0,
0x0,0x0,0x0,0x0,0x53,0x9,0xd0,0x0,
0x53,0x9,0x20,0x1,0x0,0x0,0x0,0x0,
0x0,0x0,0x0,0x0,0x0,0x0,0x0,0x0,
0x0,0x0,0xff,0xff,0xff,0xff,0xff,0xff,
0x0,0x0,0x0,0x0,0x54,0x0,0x0,0x0,
0x54,0x0,0x0,0x0,0x54,0x0,0x0,0x0,
0x0,0x0,0x0,0x0,0x54,0x0,0x0,0x0,
0x54,0x0,0x0,0x0,0x0,0x0,0x2,0x0,
0x54,0x0,0x0,0x0,0x0,0x0,0x0,0x0,
0x84,0x0,0x0,0x0,0x53,0x9,0xd0,0x0,
0x0,0x0,0x0,0x0,0x84,0x0,0x0,0x0,
0x0,0x0,0x0,0x0,0x84,0x0,0x0,0x0,
0x0,0x0,0x0,0x0,0x4d,0x0,0x0,0x0,
0x0,0x0,0x1,0x0,0x1,0x0,0x0,0x0,
0x0,0x0,0x0,0x0,0x56,0x9,0x20,0x1,
0x56,0x9,0x80,0x1,0x4c,0x0,0x0,0x0,
0x0,0x0,0x2,0x0,0x29,0x0,0x0,0x0,
0x0,0x0,0x0,0x0,0x53,0x9,0x20,0x1,
0x53,0x9,0xd0,0x1,0x0,0x0,0x0,0x0,
0x0,0x0,0x0,0x0,0x0,0x0,0x0,0x0,
0x0,0x0,0xff,0xff,0xff,0xff,0xff,0xff,
0x0,0x0,0x0,0x0,0x54,0x0,0x0,0x0,
0x54,0x0,0x0,0x0,0x54,0x0,0x0,0x0,
0x0,0x0,0x0,0x0,0x54,0x0,0x0,0x0,
0x54,0x0,0x0,0x0,0x0,0x0,0x1,0x0,
0x54,0x0,0x0,0x0,0x0,0x0,0x0,0x0,
0x6c,0x0,0x0,0x0,0x58,0x9,0xd0,0x0,
0x0,0x0,0x0,0x0,0x6c,0x0,0x0,0x0,
0x0,0x0,0x0,0x0,0x6c,0x0,0x0,0x0,
0x0,0x0,0x0,0x0,0x1b,0x0,0x0,0x0,
0x0,0x0,0x7,0x0,0xba,0x1,0x0,0x0,
0x0,0x0,0x0,0x0,0x58,0x9,0x50,0x1,
0x58,0x9,0xf0,0x1,0x0,0x0,0x0,0x0
};
QT_WARNING_PUSH
QT_WARNING_DISABLE_MSVC(4573)

template <typename Binding>
void wrapCall(const QQmlPrivate::AOTCompiledContext *aotContext, void *dataPtr, void **argumentsPtr, Binding &&binding)
{
    using return_type = std::invoke_result_t<Binding, const QQmlPrivate::AOTCompiledContext *, void **>;
    if constexpr (std::is_same_v<return_type, void>) {
       Q_UNUSED(dataPtr)
       binding(aotContext, argumentsPtr);
    } else {
        if (dataPtr) {
           new (dataPtr) return_type(binding(aotContext, argumentsPtr));
        } else {
           binding(aotContext, argumentsPtr);
        }
    }
}
extern const QQmlPrivate::TypedFunction aotBuiltFunctions[];
extern const QQmlPrivate::TypedFunction aotBuiltFunctions[] = {
{ 0, QMetaType::fromType<int>(), {  }, 
    [](const QQmlPrivate::AOTCompiledContext *context, void *data, void **argv) {
        wrapCall(context, data, argv, [](const QQmlPrivate::AOTCompiledContext *aotContext, void **argumentsPtr) {
Q_UNUSED(aotContext)
Q_UNUSED(argumentsPtr)
// expression for visibility at line 12, column 5
int r2_0;
// generate_GetLookup
while (!aotContext->getEnumLookup(1, &r2_0)) {
aotContext->setInstructionPointer(4);
aotContext->initGetEnumLookup(1, []() { static const auto t = QMetaType::fromName("QWindow*"); return t; }().metaObject(), "Visibility", "FullScreen");
if (aotContext->engine->hasError())
    return int();
}
// generate_Ret
return r2_0;
});}
 },{ 1, QMetaType::fromType<bool>(), {  }, 
    [](const QQmlPrivate::AOTCompiledContext *context, void *data, void **argv) {
        wrapCall(context, data, argv, [](const QQmlPrivate::AOTCompiledContext *aotContext, void **argumentsPtr) {
Q_UNUSED(aotContext)
Q_UNUSED(argumentsPtr)
// expression for visible at line 24, column 9
QObject *r2_0;
bool r2_1;
// generate_LoadQmlContextPropertyLookup
while (!aotContext->loadContextIdLookup(2, &r2_0)) {
aotContext->setInstructionPointer(2);
aotContext->initLoadContextIdLookup(2);
if (aotContext->engine->hasError())
    return bool();
}
// generate_GetLookup
while (!aotContext->getObjectLookup(3, r2_0, &r2_1)) {
aotContext->setInstructionPointer(4);
aotContext->initGetObjectLookup(3, r2_0, QMetaType::fromType<bool>());
if (aotContext->engine->hasError())
    return bool();
}
// generate_UNot
r2_1 = !r2_1;
// generate_Ret
return r2_1;
});}
 },{ 2, QMetaType::fromType<QObject*>(), {  }, 
    [](const QQmlPrivate::AOTCompiledContext *context, void *data, void **argv) {
        wrapCall(context, data, argv, [](const QQmlPrivate::AOTCompiledContext *aotContext, void **argumentsPtr) {
Q_UNUSED(aotContext)
Q_UNUSED(argumentsPtr)
// expression for fill at line 22, column 9
QObject *r2_0;
// generate_LoadQmlContextPropertyLookup
while (!aotContext->loadScopeObjectPropertyLookup(4, &r2_0)) {
aotContext->setInstructionPointer(2);
aotContext->initLoadScopeObjectPropertyLookup(4, []() { static const auto t = QMetaType::fromName("QQuickItem*"); return t; }());
if (aotContext->engine->hasError())
    return static_cast<QObject *>(nullptr);
}
// generate_Ret
return r2_0;
});}
 },{ 3, QMetaType::fromType<int>(), {  }, 
    [](const QQmlPrivate::AOTCompiledContext *context, void *data, void **argv) {
        wrapCall(context, data, argv, [](const QQmlPrivate::AOTCompiledContext *aotContext, void **argumentsPtr) {
Q_UNUSED(aotContext)
Q_UNUSED(argumentsPtr)
// expression for fillMode at line 33, column 13
int r2_0;
// generate_GetLookup
while (!aotContext->getEnumLookup(6, &r2_0)) {
aotContext->setInstructionPointer(4);
aotContext->initGetEnumLookup(6, []() { static const auto t = QMetaType::fromName("QQuickImage*"); return t; }().metaObject(), "FillMode", "PreserveAspectFit");
if (aotContext->engine->hasError())
    return int();
}
// generate_Ret
return r2_0;
});}
 },{ 4, QMetaType::fromType<QObject*>(), {  }, 
    [](const QQmlPrivate::AOTCompiledContext *context, void *data, void **argv) {
        wrapCall(context, data, argv, [](const QQmlPrivate::AOTCompiledContext *aotContext, void **argumentsPtr) {
Q_UNUSED(aotContext)
Q_UNUSED(argumentsPtr)
// expression for centerIn at line 30, column 13
QObject *r2_0;
// generate_LoadQmlContextPropertyLookup
while (!aotContext->loadScopeObjectPropertyLookup(7, &r2_0)) {
aotContext->setInstructionPointer(2);
aotContext->initLoadScopeObjectPropertyLookup(7, []() { static const auto t = QMetaType::fromName("QQuickItem*"); return t; }());
if (aotContext->engine->hasError())
    return static_cast<QObject *>(nullptr);
}
// generate_Ret
return r2_0;
});}
 },{ 5, QMetaType::fromType<void>(), {  }, 
    [](const QQmlPrivate::AOTCompiledContext *context, void *data, void **argv) {
        wrapCall(context, data, argv, [](const QQmlPrivate::AOTCompiledContext *aotContext, void **argumentsPtr) {
Q_UNUSED(aotContext)
Q_UNUSED(argumentsPtr)
// expression for onTriggered at line 41, column 13
QObject *r2_0;
QObject *r7_0;
// generate_CreateCallContext
{
// generate_LoadQmlContextPropertyLookup
while (!aotContext->loadContextIdLookup(8, &r2_0)) {
aotContext->setInstructionPointer(3);
aotContext->initLoadContextIdLookup(8);
if (aotContext->engine->hasError())
    return ;
}
// generate_StoreReg
r7_0 = r2_0;
// generate_CallPropertyLookup
{
void *args[] = { nullptr };
const QMetaType types[] = { QMetaType() };
while (!aotContext->callObjectPropertyLookup(9, r7_0, args, types, 0)) {
aotContext->setInstructionPointer(10);
aotContext->initCallObjectPropertyLookup(9);
if (aotContext->engine->hasError())
    return ;
}
}
// generate_PopContext
;}
// generate_Ret
return;
});}
 },{ 6, QMetaType::fromType<QObject*>(), {  }, 
    [](const QQmlPrivate::AOTCompiledContext *context, void *data, void **argv) {
        wrapCall(context, data, argv, [](const QQmlPrivate::AOTCompiledContext *aotContext, void **argumentsPtr) {
Q_UNUSED(aotContext)
Q_UNUSED(argumentsPtr)
// expression for target at line 47, column 17
QObject *r2_0;
// generate_LoadQmlContextPropertyLookup
while (!aotContext->loadContextIdLookup(10, &r2_0)) {
aotContext->setInstructionPointer(2);
aotContext->initLoadContextIdLookup(10);
if (aotContext->engine->hasError())
    return static_cast<QObject *>(nullptr);
}
// generate_Ret
return r2_0;
});}
 },{ 7, QMetaType::fromType<int>(), {  }, 
    [](const QQmlPrivate::AOTCompiledContext *context, void *data, void **argv) {
        wrapCall(context, data, argv, [](const QQmlPrivate::AOTCompiledContext *aotContext, void **argumentsPtr) {
Q_UNUSED(aotContext)
Q_UNUSED(argumentsPtr)
// expression for type at line 52, column 17
int r2_0;
// generate_GetLookup
while (!aotContext->getEnumLookup(12, &r2_0)) {
aotContext->setInstructionPointer(4);
aotContext->initGetEnumLookup(12, []() { static const auto t = QMetaType::fromName("QQmlEasingEnums"); return t; }().metaObject(), "Type", "InOutQuad");
if (aotContext->engine->hasError())
    return int();
}
// generate_Ret
return r2_0;
});}
 },{ 9, QMetaType::fromType<QObject*>(), {  }, 
    [](const QQmlPrivate::AOTCompiledContext *context, void *data, void **argv) {
        wrapCall(context, data, argv, [](const QQmlPrivate::AOTCompiledContext *aotContext, void **argumentsPtr) {
Q_UNUSED(aotContext)
Q_UNUSED(argumentsPtr)
// expression for fill at line 66, column 9
QObject *r2_0;
// generate_LoadQmlContextPropertyLookup
while (!aotContext->loadScopeObjectPropertyLookup(17, &r2_0)) {
aotContext->setInstructionPointer(2);
aotContext->initLoadScopeObjectPropertyLookup(17, []() { static const auto t = QMetaType::fromName("QQuickItem*"); return t; }());
if (aotContext->engine->hasError())
    return static_cast<QObject *>(nullptr);
}
// generate_Ret
return r2_0;
});}
 },{ 12, QMetaType::fromType<QVariant>(), {  }, 
    [](const QQmlPrivate::AOTCompiledContext *context, void *data, void **argv) {
        wrapCall(context, data, argv, [](const QQmlPrivate::AOTCompiledContext *aotContext, void **argumentsPtr) {
Q_UNUSED(aotContext)
Q_UNUSED(argumentsPtr)
// expression for top at line 72, column 13
QObject *r2_0;
QVariant r2_1;
// generate_LoadQmlContextPropertyLookup
while (!aotContext->loadScopeObjectPropertyLookup(24, &r2_0)) {
aotContext->setInstructionPointer(2);
aotContext->initLoadScopeObjectPropertyLookup(24, []() { static const auto t = QMetaType::fromName("QQuickItem*"); return t; }());
if (aotContext->engine->hasError())
    return QVariant();
}
// generate_GetLookup
r2_1 = QVariant(aotContext->lookupResultMetaType(25));
while (!aotContext->getObjectLookup(25, r2_0, r2_1.data())) {
aotContext->setInstructionPointer(4);
aotContext->initGetObjectLookup(25, r2_0, r2_1.metaType());
if (aotContext->engine->hasError())
    return QVariant();
r2_1 = QVariant(aotContext->lookupResultMetaType(25));
}
// generate_Ret
if (!r2_1.isValid())
    aotContext->setReturnValueUndefined();
return r2_1;
});}
 },{ 13, QMetaType::fromType<QVariant>(), {  }, 
    [](const QQmlPrivate::AOTCompiledContext *context, void *data, void **argv) {
        wrapCall(context, data, argv, [](const QQmlPrivate::AOTCompiledContext *aotContext, void **argumentsPtr) {
Q_UNUSED(aotContext)
Q_UNUSED(argumentsPtr)
// expression for right at line 73, column 13
QObject *r2_0;
QVariant r2_1;
// generate_LoadQmlContextPropertyLookup
while (!aotContext->loadScopeObjectPropertyLookup(26, &r2_0)) {
aotContext->setInstructionPointer(2);
aotContext->initLoadScopeObjectPropertyLookup(26, []() { static const auto t = QMetaType::fromName("QQuickItem*"); return t; }());
if (aotContext->engine->hasError())
    return QVariant();
}
// generate_GetLookup
r2_1 = QVariant(aotContext->lookupResultMetaType(27));
while (!aotContext->getObjectLookup(27, r2_0, r2_1.data())) {
aotContext->setInstructionPointer(4);
aotContext->initGetObjectLookup(27, r2_0, r2_1.metaType());
if (aotContext->engine->hasError())
    return QVariant();
r2_1 = QVariant(aotContext->lookupResultMetaType(27));
}
// generate_Ret
if (!r2_1.isValid())
    aotContext->setReturnValueUndefined();
return r2_1;
});}
 },{ 15, QMetaType::fromType<QObject*>(), {  }, 
    [](const QQmlPrivate::AOTCompiledContext *context, void *data, void **argv) {
        wrapCall(context, data, argv, [](const QQmlPrivate::AOTCompiledContext *aotContext, void **argumentsPtr) {
Q_UNUSED(aotContext)
Q_UNUSED(argumentsPtr)
// expression for centerIn at line 98, column 21
QObject *r2_0;
// generate_LoadQmlContextPropertyLookup
while (!aotContext->loadScopeObjectPropertyLookup(38, &r2_0)) {
aotContext->setInstructionPointer(2);
aotContext->initLoadScopeObjectPropertyLookup(38, []() { static const auto t = QMetaType::fromName("QQuickItem*"); return t; }());
if (aotContext->engine->hasError())
    return static_cast<QObject *>(nullptr);
}
// generate_Ret
return r2_0;
});}
 },{ 16, QMetaType::fromType<QString>(), {  }, 
    [](const QQmlPrivate::AOTCompiledContext *context, void *data, void **argv) {
        wrapCall(context, data, argv, [](const QQmlPrivate::AOTCompiledContext *aotContext, void **argumentsPtr) {
Q_UNUSED(aotContext)
Q_UNUSED(argumentsPtr)
// expression for text at line 102, column 25
QObject *r2_0;
QString r2_1;
// generate_LoadQmlContextPropertyLookup
while (!aotContext->loadContextIdLookup(39, &r2_0)) {
aotContext->setInstructionPointer(2);
aotContext->initLoadContextIdLookup(39);
if (aotContext->engine->hasError())
    return QString();
}
// generate_GetLookup
while (!aotContext->getObjectLookup(40, r2_0, &r2_1)) {
aotContext->setInstructionPointer(4);
aotContext->initGetObjectLookup(40, r2_0, QMetaType::fromType<QString>());
if (aotContext->engine->hasError())
    return QString();
}
// generate_Ret
return r2_1;
});}
 },{ 17, QMetaType::fromType<QString>(), {  }, 
    [](const QQmlPrivate::AOTCompiledContext *context, void *data, void **argv) {
        wrapCall(context, data, argv, [](const QQmlPrivate::AOTCompiledContext *aotContext, void **argumentsPtr) {
Q_UNUSED(aotContext)
Q_UNUSED(argumentsPtr)
// expression for text at line 109, column 25
QObject *r2_0;
QString r2_1;
// generate_LoadQmlContextPropertyLookup
while (!aotContext->loadContextIdLookup(41, &r2_0)) {
aotContext->setInstructionPointer(2);
aotContext->initLoadContextIdLookup(41);
if (aotContext->engine->hasError())
    return QString();
}
// generate_GetLookup
while (!aotContext->getObjectLookup(42, r2_0, &r2_1)) {
aotContext->setInstructionPointer(4);
aotContext->initGetObjectLookup(42, r2_0, QMetaType::fromType<QString>());
if (aotContext->engine->hasError())
    return QString();
}
// generate_Ret
return r2_1;
});}
 },{ 18, QMetaType::fromType<int>(), {  }, 
    [](const QQmlPrivate::AOTCompiledContext *context, void *data, void **argv) {
        wrapCall(context, data, argv, [](const QQmlPrivate::AOTCompiledContext *aotContext, void **argumentsPtr) {
Q_UNUSED(aotContext)
Q_UNUSED(argumentsPtr)
// expression for fillMode at line 125, column 13
int r2_0;
// generate_GetLookup
while (!aotContext->getEnumLookup(44, &r2_0)) {
aotContext->setInstructionPointer(4);
aotContext->initGetEnumLookup(44, []() { static const auto t = QMetaType::fromName("QQuickImage*"); return t; }().metaObject(), "FillMode", "Stretch");
if (aotContext->engine->hasError())
    return int();
}
// generate_Ret
return r2_0;
});}
 },{ 19, QMetaType::fromType<QObject*>(), {  }, 
    [](const QQmlPrivate::AOTCompiledContext *context, void *data, void **argv) {
        wrapCall(context, data, argv, [](const QQmlPrivate::AOTCompiledContext *aotContext, void **argumentsPtr) {
Q_UNUSED(aotContext)
Q_UNUSED(argumentsPtr)
// expression for fill at line 126, column 13
QObject *r2_0;
// generate_LoadQmlContextPropertyLookup
while (!aotContext->loadScopeObjectPropertyLookup(45, &r2_0)) {
aotContext->setInstructionPointer(2);
aotContext->initLoadScopeObjectPropertyLookup(45, []() { static const auto t = QMetaType::fromName("QQuickItem*"); return t; }());
if (aotContext->engine->hasError())
    return static_cast<QObject *>(nullptr);
}
// generate_Ret
return r2_0;
});}
 },{ 20, QMetaType::fromType<int>(), {  }, 
    [](const QQmlPrivate::AOTCompiledContext *context, void *data, void **argv) {
        wrapCall(context, data, argv, [](const QQmlPrivate::AOTCompiledContext *aotContext, void **argumentsPtr) {
Q_UNUSED(aotContext)
Q_UNUSED(argumentsPtr)
// expression for elide at line 138, column 17
int r2_0;
// generate_GetLookup
while (!aotContext->getEnumLookup(47, &r2_0)) {
aotContext->setInstructionPointer(4);
aotContext->initGetEnumLookup(47, []() { static const auto t = QMetaType::fromName("QQuickText*"); return t; }().metaObject(), "TextElideMode", "ElideNone");
if (aotContext->engine->hasError())
    return int();
}
// generate_Ret
return r2_0;
});}
 },{ 21, QMetaType::fromType<int>(), {  }, 
    [](const QQmlPrivate::AOTCompiledContext *context, void *data, void **argv) {
        wrapCall(context, data, argv, [](const QQmlPrivate::AOTCompiledContext *aotContext, void **argumentsPtr) {
Q_UNUSED(aotContext)
Q_UNUSED(argumentsPtr)
// expression for horizontalAlignment at line 144, column 17
int r2_0;
// generate_GetLookup
while (!aotContext->getEnumLookup(49, &r2_0)) {
aotContext->setInstructionPointer(4);
aotContext->initGetEnumLookup(49, []() { static const auto t = QMetaType::fromName("QQuickText*"); return t; }().metaObject(), "HAlignment", "AlignHCenter");
if (aotContext->engine->hasError())
    return int();
}
// generate_Ret
return r2_0;
});}
 },{ 22, QMetaType::fromType<int>(), {  }, 
    [](const QQmlPrivate::AOTCompiledContext *context, void *data, void **argv) {
        wrapCall(context, data, argv, [](const QQmlPrivate::AOTCompiledContext *aotContext, void **argumentsPtr) {
Q_UNUSED(aotContext)
Q_UNUSED(argumentsPtr)
// expression for verticalAlignment at line 145, column 17
int r2_0;
// generate_GetLookup
while (!aotContext->getEnumLookup(51, &r2_0)) {
aotContext->setInstructionPointer(4);
aotContext->initGetEnumLookup(51, []() { static const auto t = QMetaType::fromName("QQuickText*"); return t; }().metaObject(), "VAlignment", "AlignVCenter");
if (aotContext->engine->hasError())
    return int();
}
// generate_Ret
return r2_0;
});}
 },{ 23, QMetaType::fromType<int>(), {  }, 
    [](const QQmlPrivate::AOTCompiledContext *context, void *data, void **argv) {
        wrapCall(context, data, argv, [](const QQmlPrivate::AOTCompiledContext *aotContext, void **argumentsPtr) {
Q_UNUSED(aotContext)
Q_UNUSED(argumentsPtr)
// expression for wrapMode at line 146, column 17
int r2_0;
// generate_GetLookup
while (!aotContext->getEnumLookup(53, &r2_0)) {
aotContext->setInstructionPointer(4);
aotContext->initGetEnumLookup(53, []() { static const auto t = QMetaType::fromName("QQuickText*"); return t; }().metaObject(), "WrapMode", "WordWrap");
if (aotContext->engine->hasError())
    return int();
}
// generate_Ret
return r2_0;
});}
 },{ 24, QMetaType::fromType<int>(), {  }, 
    [](const QQmlPrivate::AOTCompiledContext *context, void *data, void **argv) {
        wrapCall(context, data, argv, [](const QQmlPrivate::AOTCompiledContext *aotContext, void **argumentsPtr) {
Q_UNUSED(aotContext)
Q_UNUSED(argumentsPtr)
// expression for style at line 149, column 17
int r2_0;
// generate_GetLookup
while (!aotContext->getEnumLookup(55, &r2_0)) {
aotContext->setInstructionPointer(4);
aotContext->initGetEnumLookup(55, []() { static const auto t = QMetaType::fromName("QQuickText*"); return t; }().metaObject(), "TextStyle", "Sunken");
if (aotContext->engine->hasError())
    return int();
}
// generate_Ret
return r2_0;
});}
 },{ 25, QMetaType::fromType<int>(), {  }, 
    [](const QQmlPrivate::AOTCompiledContext *context, void *data, void **argv) {
        wrapCall(context, data, argv, [](const QQmlPrivate::AOTCompiledContext *aotContext, void **argumentsPtr) {
Q_UNUSED(aotContext)
Q_UNUSED(argumentsPtr)
// expression for textFormat at line 151, column 17
int r2_0;
// generate_GetLookup
while (!aotContext->getEnumLookup(57, &r2_0)) {
aotContext->setInstructionPointer(4);
aotContext->initGetEnumLookup(57, []() { static const auto t = QMetaType::fromName("QQuickText*"); return t; }().metaObject(), "TextFormat", "AutoText");
if (aotContext->engine->hasError())
    return int();
}
// generate_Ret
return r2_0;
});}
 },{ 26, QMetaType::fromType<QVariant>(), {  }, 
    [](const QQmlPrivate::AOTCompiledContext *context, void *data, void **argv) {
        wrapCall(context, data, argv, [](const QQmlPrivate::AOTCompiledContext *aotContext, void **argumentsPtr) {
Q_UNUSED(aotContext)
Q_UNUSED(argumentsPtr)
// expression for right at line 139, column 17
QObject *r2_0;
QVariant r2_1;
// generate_LoadQmlContextPropertyLookup
while (!aotContext->loadScopeObjectPropertyLookup(58, &r2_0)) {
aotContext->setInstructionPointer(2);
aotContext->initLoadScopeObjectPropertyLookup(58, []() { static const auto t = QMetaType::fromName("QQuickItem*"); return t; }());
if (aotContext->engine->hasError())
    return QVariant();
}
// generate_GetLookup
r2_1 = QVariant(aotContext->lookupResultMetaType(59));
while (!aotContext->getObjectLookup(59, r2_0, r2_1.data())) {
aotContext->setInstructionPointer(4);
aotContext->initGetObjectLookup(59, r2_0, r2_1.metaType());
if (aotContext->engine->hasError())
    return QVariant();
r2_1 = QVariant(aotContext->lookupResultMetaType(59));
}
// generate_Ret
if (!r2_1.isValid())
    aotContext->setReturnValueUndefined();
return r2_1;
});}
 },{ 27, QMetaType::fromType<QVariant>(), {  }, 
    [](const QQmlPrivate::AOTCompiledContext *context, void *data, void **argv) {
        wrapCall(context, data, argv, [](const QQmlPrivate::AOTCompiledContext *aotContext, void **argumentsPtr) {
Q_UNUSED(aotContext)
Q_UNUSED(argumentsPtr)
// expression for bottom at line 140, column 17
QObject *r2_0;
QVariant r2_1;
// generate_LoadQmlContextPropertyLookup
while (!aotContext->loadScopeObjectPropertyLookup(60, &r2_0)) {
aotContext->setInstructionPointer(2);
aotContext->initLoadScopeObjectPropertyLookup(60, []() { static const auto t = QMetaType::fromName("QQuickItem*"); return t; }());
if (aotContext->engine->hasError())
    return QVariant();
}
// generate_GetLookup
r2_1 = QVariant(aotContext->lookupResultMetaType(61));
while (!aotContext->getObjectLookup(61, r2_0, r2_1.data())) {
aotContext->setInstructionPointer(4);
aotContext->initGetObjectLookup(61, r2_0, r2_1.metaType());
if (aotContext->engine->hasError())
    return QVariant();
r2_1 = QVariant(aotContext->lookupResultMetaType(61));
}
// generate_Ret
if (!r2_1.isValid())
    aotContext->setReturnValueUndefined();
return r2_1;
});}
 },{ 28, QMetaType::fromType<int>(), {  }, 
    [](const QQmlPrivate::AOTCompiledContext *context, void *data, void **argv) {
        wrapCall(context, data, argv, [](const QQmlPrivate::AOTCompiledContext *aotContext, void **argumentsPtr) {
Q_UNUSED(aotContext)
Q_UNUSED(argumentsPtr)
// expression for hintingPreference at line 147, column 17
int r2_0;
// generate_GetLookup
while (!aotContext->getEnumLookup(63, &r2_0)) {
aotContext->setInstructionPointer(4);
aotContext->initGetEnumLookup(63, []() { static const auto t = QMetaType::fromName("QQuickFontEnums"); return t; }().metaObject(), "HintingPreference", "PreferDefaultHinting");
if (aotContext->engine->hasError())
    return int();
}
// generate_Ret
return r2_0;
});}
 },{ 29, QMetaType::fromType<int>(), {  }, 
    [](const QQmlPrivate::AOTCompiledContext *context, void *data, void **argv) {
        wrapCall(context, data, argv, [](const QQmlPrivate::AOTCompiledContext *aotContext, void **argumentsPtr) {
Q_UNUSED(aotContext)
Q_UNUSED(argumentsPtr)
// expression for capitalization at line 150, column 17
int r2_0;
// generate_GetLookup
while (!aotContext->getEnumLookup(65, &r2_0)) {
aotContext->setInstructionPointer(4);
aotContext->initGetEnumLookup(65, []() { static const auto t = QMetaType::fromName("QQuickFontEnums"); return t; }().metaObject(), "Capitalization", "AllUppercase");
if (aotContext->engine->hasError())
    return int();
}
// generate_Ret
return r2_0;
});}
 },{ 30, QMetaType::fromType<int>(), {  }, 
    [](const QQmlPrivate::AOTCompiledContext *context, void *data, void **argv) {
        wrapCall(context, data, argv, [](const QQmlPrivate::AOTCompiledContext *aotContext, void **argumentsPtr) {
Q_UNUSED(aotContext)
Q_UNUSED(argumentsPtr)
// expression for weight at line 153, column 17
int r2_0;
// generate_GetLookup
while (!aotContext->getEnumLookup(67, &r2_0)) {
aotContext->setInstructionPointer(4);
aotContext->initGetEnumLookup(67, []() { static const auto t = QMetaType::fromName("QQuickFontEnums"); return t; }().metaObject(), "FontWeight", "Bold");
if (aotContext->engine->hasError())
    return int();
}
// generate_Ret
return r2_0;
});}
 },{ 31, QMetaType::fromType<int>(), {  }, 
    [](const QQmlPrivate::AOTCompiledContext *context, void *data, void **argv) {
        wrapCall(context, data, argv, [](const QQmlPrivate::AOTCompiledContext *aotContext, void **argumentsPtr) {
Q_UNUSED(aotContext)
Q_UNUSED(argumentsPtr)
// expression for fillMode at line 170, column 17
int r2_0;
// generate_GetLookup
while (!aotContext->getEnumLookup(69, &r2_0)) {
aotContext->setInstructionPointer(4);
aotContext->initGetEnumLookup(69, []() { static const auto t = QMetaType::fromName("QQuickImage*"); return t; }().metaObject(), "FillMode", "PreserveAspectFit");
if (aotContext->engine->hasError())
    return int();
}
// generate_Ret
return r2_0;
});}
 },{ 32, QMetaType::fromType<QVariant>(), {  }, 
    [](const QQmlPrivate::AOTCompiledContext *context, void *data, void **argv) {
        wrapCall(context, data, argv, [](const QQmlPrivate::AOTCompiledContext *aotContext, void **argumentsPtr) {
Q_UNUSED(aotContext)
Q_UNUSED(argumentsPtr)
// expression for left at line 164, column 17
QObject *r2_0;
QVariant r2_1;
// generate_LoadQmlContextPropertyLookup
while (!aotContext->loadScopeObjectPropertyLookup(70, &r2_0)) {
aotContext->setInstructionPointer(2);
aotContext->initLoadScopeObjectPropertyLookup(70, []() { static const auto t = QMetaType::fromName("QQuickItem*"); return t; }());
if (aotContext->engine->hasError())
    return QVariant();
}
// generate_GetLookup
r2_1 = QVariant(aotContext->lookupResultMetaType(71));
while (!aotContext->getObjectLookup(71, r2_0, r2_1.data())) {
aotContext->setInstructionPointer(4);
aotContext->initGetObjectLookup(71, r2_0, r2_1.metaType());
if (aotContext->engine->hasError())
    return QVariant();
r2_1 = QVariant(aotContext->lookupResultMetaType(71));
}
// generate_Ret
if (!r2_1.isValid())
    aotContext->setReturnValueUndefined();
return r2_1;
});}
 },{ 33, QMetaType::fromType<QVariant>(), {  }, 
    [](const QQmlPrivate::AOTCompiledContext *context, void *data, void **argv) {
        wrapCall(context, data, argv, [](const QQmlPrivate::AOTCompiledContext *aotContext, void **argumentsPtr) {
Q_UNUSED(aotContext)
Q_UNUSED(argumentsPtr)
// expression for top at line 165, column 17
QObject *r2_0;
QVariant r2_1;
// generate_LoadQmlContextPropertyLookup
while (!aotContext->loadScopeObjectPropertyLookup(72, &r2_0)) {
aotContext->setInstructionPointer(2);
aotContext->initLoadScopeObjectPropertyLookup(72, []() { static const auto t = QMetaType::fromName("QQuickItem*"); return t; }());
if (aotContext->engine->hasError())
    return QVariant();
}
// generate_GetLookup
r2_1 = QVariant(aotContext->lookupResultMetaType(73));
while (!aotContext->getObjectLookup(73, r2_0, r2_1.data())) {
aotContext->setInstructionPointer(4);
aotContext->initGetObjectLookup(73, r2_0, r2_1.metaType());
if (aotContext->engine->hasError())
    return QVariant();
r2_1 = QVariant(aotContext->lookupResultMetaType(73));
}
// generate_Ret
if (!r2_1.isValid())
    aotContext->setReturnValueUndefined();
return r2_1;
});}
 },{ 34, QMetaType::fromType<QVariant>(), {  }, 
    [](const QQmlPrivate::AOTCompiledContext *context, void *data, void **argv) {
        wrapCall(context, data, argv, [](const QQmlPrivate::AOTCompiledContext *aotContext, void **argumentsPtr) {
Q_UNUSED(aotContext)
Q_UNUSED(argumentsPtr)
// expression for right at line 180, column 17
QObject *r2_0;
QVariant r2_1;
// generate_LoadQmlContextPropertyLookup
while (!aotContext->loadScopeObjectPropertyLookup(74, &r2_0)) {
aotContext->setInstructionPointer(2);
aotContext->initLoadScopeObjectPropertyLookup(74, []() { static const auto t = QMetaType::fromName("QQuickItem*"); return t; }());
if (aotContext->engine->hasError())
    return QVariant();
}
// generate_GetLookup
r2_1 = QVariant(aotContext->lookupResultMetaType(75));
while (!aotContext->getObjectLookup(75, r2_0, r2_1.data())) {
aotContext->setInstructionPointer(4);
aotContext->initGetObjectLookup(75, r2_0, r2_1.metaType());
if (aotContext->engine->hasError())
    return QVariant();
r2_1 = QVariant(aotContext->lookupResultMetaType(75));
}
// generate_Ret
if (!r2_1.isValid())
    aotContext->setReturnValueUndefined();
return r2_1;
});}
 },{ 35, QMetaType::fromType<QVariant>(), {  }, 
    [](const QQmlPrivate::AOTCompiledContext *context, void *data, void **argv) {
        wrapCall(context, data, argv, [](const QQmlPrivate::AOTCompiledContext *aotContext, void **argumentsPtr) {
Q_UNUSED(aotContext)
Q_UNUSED(argumentsPtr)
// expression for top at line 181, column 17
QObject *r2_0;
QVariant r2_1;
// generate_LoadQmlContextPropertyLookup
while (!aotContext->loadScopeObjectPropertyLookup(76, &r2_0)) {
aotContext->setInstructionPointer(2);
aotContext->initLoadScopeObjectPropertyLookup(76, []() { static const auto t = QMetaType::fromName("QQuickItem*"); return t; }());
if (aotContext->engine->hasError())
    return QVariant();
}
// generate_GetLookup
r2_1 = QVariant(aotContext->lookupResultMetaType(77));
while (!aotContext->getObjectLookup(77, r2_0, r2_1.data())) {
aotContext->setInstructionPointer(4);
aotContext->initGetObjectLookup(77, r2_0, r2_1.metaType());
if (aotContext->engine->hasError())
    return QVariant();
r2_1 = QVariant(aotContext->lookupResultMetaType(77));
}
// generate_Ret
if (!r2_1.isValid())
    aotContext->setReturnValueUndefined();
return r2_1;
});}
 },{ 40, QMetaType::fromType<int>(), {  }, 
    [](const QQmlPrivate::AOTCompiledContext *context, void *data, void **argv) {
        wrapCall(context, data, argv, [](const QQmlPrivate::AOTCompiledContext *aotContext, void **argumentsPtr) {
Q_UNUSED(aotContext)
Q_UNUSED(argumentsPtr)
// expression for horizontalAlignment at line 204, column 21
int r2_0;
// generate_GetLookup
while (!aotContext->getEnumLookup(87, &r2_0)) {
aotContext->setInstructionPointer(4);
aotContext->initGetEnumLookup(87, []() { static const auto t = QMetaType::fromName("QQuickText*"); return t; }().metaObject(), "HAlignment", "AlignHCenter");
if (aotContext->engine->hasError())
    return int();
}
// generate_Ret
return r2_0;
});}
 },{ 41, QMetaType::fromType<int>(), {  }, 
    [](const QQmlPrivate::AOTCompiledContext *context, void *data, void **argv) {
        wrapCall(context, data, argv, [](const QQmlPrivate::AOTCompiledContext *aotContext, void **argumentsPtr) {
Q_UNUSED(aotContext)
Q_UNUSED(argumentsPtr)
// expression for verticalAlignment at line 205, column 21
int r2_0;
// generate_GetLookup
while (!aotContext->getEnumLookup(89, &r2_0)) {
aotContext->setInstructionPointer(4);
aotContext->initGetEnumLookup(89, []() { static const auto t = QMetaType::fromName("QQuickText*"); return t; }().metaObject(), "VAlignment", "AlignVCenter");
if (aotContext->engine->hasError())
    return int();
}
// generate_Ret
return r2_0;
});}
 },{ 44, QMetaType::fromType<void>(), {  }, 
    [](const QQmlPrivate::AOTCompiledContext *context, void *data, void **argv) {
        wrapCall(context, data, argv, [](const QQmlPrivate::AOTCompiledContext *aotContext, void **argumentsPtr) {
Q_UNUSED(aotContext)
Q_UNUSED(argumentsPtr)
// onConnectedToRos at line 217, column 21
QObject *r2_0;
QObject *r7_0;
bool r2_1;
// generate_LoadQmlContextPropertyLookup
while (!aotContext->loadContextIdLookup(93, &r2_0)) {
aotContext->setInstructionPointer(2);
aotContext->initLoadContextIdLookup(93);
if (aotContext->engine->hasError())
    return ;
}
// generate_StoreReg
r7_0 = r2_0;
// generate_LoadFalse
r2_1 = false;
// generate_SetLookup
{
while (!aotContext->setObjectLookup(94, r7_0, &r2_1)) {
aotContext->setInstructionPointer(8);
aotContext->initSetObjectLookup(94, r7_0, QMetaType::fromType<bool>());
if (aotContext->engine->hasError())
    return ;
}
}
// generate_LoadQmlContextPropertyLookup
while (!aotContext->loadContextIdLookup(95, &r2_0)) {
aotContext->setInstructionPointer(10);
aotContext->initLoadContextIdLookup(95);
if (aotContext->engine->hasError())
    return ;
}
// generate_StoreReg
r7_0 = r2_0;
// generate_LoadTrue
r2_1 = true;
// generate_SetLookup
{
while (!aotContext->setObjectLookup(96, r7_0, &r2_1)) {
aotContext->setInstructionPointer(16);
aotContext->initSetObjectLookup(96, r7_0, QMetaType::fromType<bool>());
if (aotContext->engine->hasError())
    return ;
}
}
// generate_Ret
return;
});}
 },{ 48, QMetaType::fromType<int>(), {  }, 
    [](const QQmlPrivate::AOTCompiledContext *context, void *data, void **argv) {
        wrapCall(context, data, argv, [](const QQmlPrivate::AOTCompiledContext *aotContext, void **argumentsPtr) {
Q_UNUSED(aotContext)
Q_UNUSED(argumentsPtr)
// expression for horizontalAlignment at line 242, column 21
int r2_0;
// generate_GetLookup
while (!aotContext->getEnumLookup(104, &r2_0)) {
aotContext->setInstructionPointer(4);
aotContext->initGetEnumLookup(104, []() { static const auto t = QMetaType::fromName("QQuickText*"); return t; }().metaObject(), "HAlignment", "AlignHCenter");
if (aotContext->engine->hasError())
    return int();
}
// generate_Ret
return r2_0;
});}
 },{ 49, QMetaType::fromType<int>(), {  }, 
    [](const QQmlPrivate::AOTCompiledContext *context, void *data, void **argv) {
        wrapCall(context, data, argv, [](const QQmlPrivate::AOTCompiledContext *aotContext, void **argumentsPtr) {
Q_UNUSED(aotContext)
Q_UNUSED(argumentsPtr)
// expression for verticalAlignment at line 243, column 21
int r2_0;
// generate_GetLookup
while (!aotContext->getEnumLookup(106, &r2_0)) {
aotContext->setInstructionPointer(4);
aotContext->initGetEnumLookup(106, []() { static const auto t = QMetaType::fromName("QQuickText*"); return t; }().metaObject(), "VAlignment", "AlignVCenter");
if (aotContext->engine->hasError())
    return int();
}
// generate_Ret
return r2_0;
});}
 },{ 50, QMetaType::fromType<QObject*>(), {  }, 
    [](const QQmlPrivate::AOTCompiledContext *context, void *data, void **argv) {
        wrapCall(context, data, argv, [](const QQmlPrivate::AOTCompiledContext *aotContext, void **argumentsPtr) {
Q_UNUSED(aotContext)
Q_UNUSED(argumentsPtr)
// expression for fill at line 251, column 21
QObject *r2_0;
// generate_LoadQmlContextPropertyLookup
while (!aotContext->loadScopeObjectPropertyLookup(107, &r2_0)) {
aotContext->setInstructionPointer(2);
aotContext->initLoadScopeObjectPropertyLookup(107, []() { static const auto t = QMetaType::fromName("QQuickItem*"); return t; }());
if (aotContext->engine->hasError())
    return static_cast<QObject *>(nullptr);
}
// generate_Ret
return r2_0;
});}
 },{ 53, QMetaType::fromType<QObject*>(), {  }, 
    [](const QQmlPrivate::AOTCompiledContext *context, void *data, void **argv) {
        wrapCall(context, data, argv, [](const QQmlPrivate::AOTCompiledContext *aotContext, void **argumentsPtr) {
Q_UNUSED(aotContext)
Q_UNUSED(argumentsPtr)
// expression for fill at line 273, column 21
QObject *r2_0;
// generate_LoadQmlContextPropertyLookup
while (!aotContext->loadScopeObjectPropertyLookup(114, &r2_0)) {
aotContext->setInstructionPointer(2);
aotContext->initLoadScopeObjectPropertyLookup(114, []() { static const auto t = QMetaType::fromName("QQuickItem*"); return t; }());
if (aotContext->engine->hasError())
    return static_cast<QObject *>(nullptr);
}
// generate_Ret
return r2_0;
});}
 },{ 56, QMetaType::fromType<QVariant>(), {  }, 
    [](const QQmlPrivate::AOTCompiledContext *context, void *data, void **argv) {
        wrapCall(context, data, argv, [](const QQmlPrivate::AOTCompiledContext *aotContext, void **argumentsPtr) {
Q_UNUSED(aotContext)
Q_UNUSED(argumentsPtr)
// expression for horizontalCenter at line 287, column 25
QObject *r2_0;
QVariant r2_1;
// generate_LoadQmlContextPropertyLookup
while (!aotContext->loadScopeObjectPropertyLookup(119, &r2_0)) {
aotContext->setInstructionPointer(2);
aotContext->initLoadScopeObjectPropertyLookup(119, []() { static const auto t = QMetaType::fromName("QQuickItem*"); return t; }());
if (aotContext->engine->hasError())
    return QVariant();
}
// generate_GetLookup
r2_1 = QVariant(aotContext->lookupResultMetaType(120));
while (!aotContext->getObjectLookup(120, r2_0, r2_1.data())) {
aotContext->setInstructionPointer(4);
aotContext->initGetObjectLookup(120, r2_0, r2_1.metaType());
if (aotContext->engine->hasError())
    return QVariant();
r2_1 = QVariant(aotContext->lookupResultMetaType(120));
}
// generate_Ret
if (!r2_1.isValid())
    aotContext->setReturnValueUndefined();
return r2_1;
});}
 },{ 59, QMetaType::fromType<int>(), {  }, 
    [](const QQmlPrivate::AOTCompiledContext *context, void *data, void **argv) {
        wrapCall(context, data, argv, [](const QQmlPrivate::AOTCompiledContext *aotContext, void **argumentsPtr) {
Q_UNUSED(aotContext)
Q_UNUSED(argumentsPtr)
// expression for horizontalAlignment at line 312, column 33
int r2_0;
// generate_GetLookup
while (!aotContext->getEnumLookup(128, &r2_0)) {
aotContext->setInstructionPointer(7);
aotContext->initGetEnumLookup(128, []() { static const auto t = QMetaType::fromName("QQuickText*"); return t; }().metaObject(), "HAlignment", "AlignHCenter");
if (aotContext->engine->hasError())
    return int();
}
// generate_Ret
return r2_0;
});}
 },{ 60, QMetaType::fromType<int>(), {  }, 
    [](const QQmlPrivate::AOTCompiledContext *context, void *data, void **argv) {
        wrapCall(context, data, argv, [](const QQmlPrivate::AOTCompiledContext *aotContext, void **argumentsPtr) {
Q_UNUSED(aotContext)
Q_UNUSED(argumentsPtr)
// expression for verticalAlignment at line 313, column 33
int r2_0;
// generate_GetLookup
while (!aotContext->getEnumLookup(130, &r2_0)) {
aotContext->setInstructionPointer(10);
aotContext->initGetEnumLookup(130, []() { static const auto t = QMetaType::fromName("QQuickText*"); return t; }().metaObject(), "VAlignment", "AlignVCenter");
if (aotContext->engine->hasError())
    return int();
}
// generate_Ret
return r2_0;
});}
 },{ 61, QMetaType::fromType<QObject*>(), {  }, 
    [](const QQmlPrivate::AOTCompiledContext *context, void *data, void **argv) {
        wrapCall(context, data, argv, [](const QQmlPrivate::AOTCompiledContext *aotContext, void **argumentsPtr) {
Q_UNUSED(aotContext)
Q_UNUSED(argumentsPtr)
// expression for fill at line 329, column 9
QObject *r2_0;
// generate_LoadQmlContextPropertyLookup
while (!aotContext->loadScopeObjectPropertyLookup(131, &r2_0)) {
aotContext->setInstructionPointer(5);
aotContext->initLoadScopeObjectPropertyLookup(131, []() { static const auto t = QMetaType::fromName("QQuickItem*"); return t; }());
if (aotContext->engine->hasError())
    return static_cast<QObject *>(nullptr);
}
// generate_Ret
return r2_0;
});}
 },{ 64, QMetaType::fromType<QVariant>(), {  }, 
    [](const QQmlPrivate::AOTCompiledContext *context, void *data, void **argv) {
        wrapCall(context, data, argv, [](const QQmlPrivate::AOTCompiledContext *aotContext, void **argumentsPtr) {
Q_UNUSED(aotContext)
Q_UNUSED(argumentsPtr)
// expression for top at line 334, column 13
QObject *r2_0;
QVariant r2_1;
// generate_LoadQmlContextPropertyLookup
while (!aotContext->loadScopeObjectPropertyLookup(138, &r2_0)) {
aotContext->setInstructionPointer(5);
aotContext->initLoadScopeObjectPropertyLookup(138, []() { static const auto t = QMetaType::fromName("QQuickItem*"); return t; }());
if (aotContext->engine->hasError())
    return QVariant();
}
// generate_GetLookup
r2_1 = QVariant(aotContext->lookupResultMetaType(139));
while (!aotContext->getObjectLookup(139, r2_0, r2_1.data())) {
aotContext->setInstructionPointer(10);
aotContext->initGetObjectLookup(139, r2_0, r2_1.metaType());
if (aotContext->engine->hasError())
    return QVariant();
r2_1 = QVariant(aotContext->lookupResultMetaType(139));
}
// generate_Ret
if (!r2_1.isValid())
    aotContext->setReturnValueUndefined();
return r2_1;
});}
 },{ 65, QMetaType::fromType<QVariant>(), {  }, 
    [](const QQmlPrivate::AOTCompiledContext *context, void *data, void **argv) {
        wrapCall(context, data, argv, [](const QQmlPrivate::AOTCompiledContext *aotContext, void **argumentsPtr) {
Q_UNUSED(aotContext)
Q_UNUSED(argumentsPtr)
// expression for right at line 335, column 13
QObject *r2_0;
QVariant r2_1;
// generate_LoadQmlContextPropertyLookup
while (!aotContext->loadScopeObjectPropertyLookup(140, &r2_0)) {
aotContext->setInstructionPointer(5);
aotContext->initLoadScopeObjectPropertyLookup(140, []() { static const auto t = QMetaType::fromName("QQuickItem*"); return t; }());
if (aotContext->engine->hasError())
    return QVariant();
}
// generate_GetLookup
r2_1 = QVariant(aotContext->lookupResultMetaType(141));
while (!aotContext->getObjectLookup(141, r2_0, r2_1.data())) {
aotContext->setInstructionPointer(10);
aotContext->initGetObjectLookup(141, r2_0, r2_1.metaType());
if (aotContext->engine->hasError())
    return QVariant();
r2_1 = QVariant(aotContext->lookupResultMetaType(141));
}
// generate_Ret
if (!r2_1.isValid())
    aotContext->setReturnValueUndefined();
return r2_1;
});}
 },{ 67, QMetaType::fromType<QObject*>(), {  }, 
    [](const QQmlPrivate::AOTCompiledContext *context, void *data, void **argv) {
        wrapCall(context, data, argv, [](const QQmlPrivate::AOTCompiledContext *aotContext, void **argumentsPtr) {
Q_UNUSED(aotContext)
Q_UNUSED(argumentsPtr)
// expression for centerIn at line 360, column 21
QObject *r2_0;
// generate_LoadQmlContextPropertyLookup
while (!aotContext->loadScopeObjectPropertyLookup(152, &r2_0)) {
aotContext->setInstructionPointer(5);
aotContext->initLoadScopeObjectPropertyLookup(152, []() { static const auto t = QMetaType::fromName("QQuickItem*"); return t; }());
if (aotContext->engine->hasError())
    return static_cast<QObject *>(nullptr);
}
// generate_Ret
return r2_0;
});}
 },{ 68, QMetaType::fromType<QString>(), {  }, 
    [](const QQmlPrivate::AOTCompiledContext *context, void *data, void **argv) {
        wrapCall(context, data, argv, [](const QQmlPrivate::AOTCompiledContext *aotContext, void **argumentsPtr) {
Q_UNUSED(aotContext)
Q_UNUSED(argumentsPtr)
// expression for text at line 364, column 25
QObject *r2_0;
QString r2_1;
// generate_LoadQmlContextPropertyLookup
while (!aotContext->loadContextIdLookup(153, &r2_0)) {
aotContext->setInstructionPointer(5);
aotContext->initLoadContextIdLookup(153);
if (aotContext->engine->hasError())
    return QString();
}
// generate_GetLookup
while (!aotContext->getObjectLookup(154, r2_0, &r2_1)) {
aotContext->setInstructionPointer(10);
aotContext->initGetObjectLookup(154, r2_0, QMetaType::fromType<QString>());
if (aotContext->engine->hasError())
    return QString();
}
// generate_Ret
return r2_1;
});}
 },{ 69, QMetaType::fromType<QString>(), {  }, 
    [](const QQmlPrivate::AOTCompiledContext *context, void *data, void **argv) {
        wrapCall(context, data, argv, [](const QQmlPrivate::AOTCompiledContext *aotContext, void **argumentsPtr) {
Q_UNUSED(aotContext)
Q_UNUSED(argumentsPtr)
// expression for text at line 371, column 25
QObject *r2_0;
QString r2_1;
// generate_LoadQmlContextPropertyLookup
while (!aotContext->loadContextIdLookup(155, &r2_0)) {
aotContext->setInstructionPointer(5);
aotContext->initLoadContextIdLookup(155);
if (aotContext->engine->hasError())
    return QString();
}
// generate_GetLookup
while (!aotContext->getObjectLookup(156, r2_0, &r2_1)) {
aotContext->setInstructionPointer(10);
aotContext->initGetObjectLookup(156, r2_0, QMetaType::fromType<QString>());
if (aotContext->engine->hasError())
    return QString();
}
// generate_Ret
return r2_1;
});}
 },{ 70, QMetaType::fromType<int>(), {  }, 
    [](const QQmlPrivate::AOTCompiledContext *context, void *data, void **argv) {
        wrapCall(context, data, argv, [](const QQmlPrivate::AOTCompiledContext *aotContext, void **argumentsPtr) {
Q_UNUSED(aotContext)
Q_UNUSED(argumentsPtr)
// expression for elide at line 387, column 13
int r2_0;
// generate_GetLookup
while (!aotContext->getEnumLookup(158, &r2_0)) {
aotContext->setInstructionPointer(10);
aotContext->initGetEnumLookup(158, []() { static const auto t = QMetaType::fromName("QQuickText*"); return t; }().metaObject(), "TextElideMode", "ElideNone");
if (aotContext->engine->hasError())
    return int();
}
// generate_Ret
return r2_0;
});}
 },{ 71, QMetaType::fromType<int>(), {  }, 
    [](const QQmlPrivate::AOTCompiledContext *context, void *data, void **argv) {
        wrapCall(context, data, argv, [](const QQmlPrivate::AOTCompiledContext *aotContext, void **argumentsPtr) {
Q_UNUSED(aotContext)
Q_UNUSED(argumentsPtr)
// expression for horizontalAlignment at line 393, column 13
int r2_0;
// generate_GetLookup
while (!aotContext->getEnumLookup(160, &r2_0)) {
aotContext->setInstructionPointer(10);
aotContext->initGetEnumLookup(160, []() { static const auto t = QMetaType::fromName("QQuickText*"); return t; }().metaObject(), "HAlignment", "AlignHCenter");
if (aotContext->engine->hasError())
    return int();
}
// generate_Ret
return r2_0;
});}
 },{ 72, QMetaType::fromType<int>(), {  }, 
    [](const QQmlPrivate::AOTCompiledContext *context, void *data, void **argv) {
        wrapCall(context, data, argv, [](const QQmlPrivate::AOTCompiledContext *aotContext, void **argumentsPtr) {
Q_UNUSED(aotContext)
Q_UNUSED(argumentsPtr)
// expression for verticalAlignment at line 394, column 13
int r2_0;
// generate_GetLookup
while (!aotContext->getEnumLookup(162, &r2_0)) {
aotContext->setInstructionPointer(10);
aotContext->initGetEnumLookup(162, []() { static const auto t = QMetaType::fromName("QQuickText*"); return t; }().metaObject(), "VAlignment", "AlignVCenter");
if (aotContext->engine->hasError())
    return int();
}
// generate_Ret
return r2_0;
});}
 },{ 73, QMetaType::fromType<int>(), {  }, 
    [](const QQmlPrivate::AOTCompiledContext *context, void *data, void **argv) {
        wrapCall(context, data, argv, [](const QQmlPrivate::AOTCompiledContext *aotContext, void **argumentsPtr) {
Q_UNUSED(aotContext)
Q_UNUSED(argumentsPtr)
// expression for wrapMode at line 395, column 13
int r2_0;
// generate_GetLookup
while (!aotContext->getEnumLookup(164, &r2_0)) {
aotContext->setInstructionPointer(10);
aotContext->initGetEnumLookup(164, []() { static const auto t = QMetaType::fromName("QQuickText*"); return t; }().metaObject(), "WrapMode", "WordWrap");
if (aotContext->engine->hasError())
    return int();
}
// generate_Ret
return r2_0;
});}
 },{ 74, QMetaType::fromType<int>(), {  }, 
    [](const QQmlPrivate::AOTCompiledContext *context, void *data, void **argv) {
        wrapCall(context, data, argv, [](const QQmlPrivate::AOTCompiledContext *aotContext, void **argumentsPtr) {
Q_UNUSED(aotContext)
Q_UNUSED(argumentsPtr)
// expression for style at line 398, column 13
int r2_0;
// generate_GetLookup
while (!aotContext->getEnumLookup(166, &r2_0)) {
aotContext->setInstructionPointer(10);
aotContext->initGetEnumLookup(166, []() { static const auto t = QMetaType::fromName("QQuickText*"); return t; }().metaObject(), "TextStyle", "Sunken");
if (aotContext->engine->hasError())
    return int();
}
// generate_Ret
return r2_0;
});}
 },{ 75, QMetaType::fromType<int>(), {  }, 
    [](const QQmlPrivate::AOTCompiledContext *context, void *data, void **argv) {
        wrapCall(context, data, argv, [](const QQmlPrivate::AOTCompiledContext *aotContext, void **argumentsPtr) {
Q_UNUSED(aotContext)
Q_UNUSED(argumentsPtr)
// expression for textFormat at line 400, column 13
int r2_0;
// generate_GetLookup
while (!aotContext->getEnumLookup(168, &r2_0)) {
aotContext->setInstructionPointer(10);
aotContext->initGetEnumLookup(168, []() { static const auto t = QMetaType::fromName("QQuickText*"); return t; }().metaObject(), "TextFormat", "AutoText");
if (aotContext->engine->hasError())
    return int();
}
// generate_Ret
return r2_0;
});}
 },{ 76, QMetaType::fromType<QVariant>(), {  }, 
    [](const QQmlPrivate::AOTCompiledContext *context, void *data, void **argv) {
        wrapCall(context, data, argv, [](const QQmlPrivate::AOTCompiledContext *aotContext, void **argumentsPtr) {
Q_UNUSED(aotContext)
Q_UNUSED(argumentsPtr)
// expression for right at line 388, column 13
QObject *r2_0;
QVariant r2_1;
// generate_LoadQmlContextPropertyLookup
while (!aotContext->loadScopeObjectPropertyLookup(169, &r2_0)) {
aotContext->setInstructionPointer(5);
aotContext->initLoadScopeObjectPropertyLookup(169, []() { static const auto t = QMetaType::fromName("QQuickItem*"); return t; }());
if (aotContext->engine->hasError())
    return QVariant();
}
// generate_GetLookup
r2_1 = QVariant(aotContext->lookupResultMetaType(170));
while (!aotContext->getObjectLookup(170, r2_0, r2_1.data())) {
aotContext->setInstructionPointer(10);
aotContext->initGetObjectLookup(170, r2_0, r2_1.metaType());
if (aotContext->engine->hasError())
    return QVariant();
r2_1 = QVariant(aotContext->lookupResultMetaType(170));
}
// generate_Ret
if (!r2_1.isValid())
    aotContext->setReturnValueUndefined();
return r2_1;
});}
 },{ 77, QMetaType::fromType<QVariant>(), {  }, 
    [](const QQmlPrivate::AOTCompiledContext *context, void *data, void **argv) {
        wrapCall(context, data, argv, [](const QQmlPrivate::AOTCompiledContext *aotContext, void **argumentsPtr) {
Q_UNUSED(aotContext)
Q_UNUSED(argumentsPtr)
// expression for bottom at line 389, column 13
QObject *r2_0;
QVariant r2_1;
// generate_LoadQmlContextPropertyLookup
while (!aotContext->loadScopeObjectPropertyLookup(171, &r2_0)) {
aotContext->setInstructionPointer(5);
aotContext->initLoadScopeObjectPropertyLookup(171, []() { static const auto t = QMetaType::fromName("QQuickItem*"); return t; }());
if (aotContext->engine->hasError())
    return QVariant();
}
// generate_GetLookup
r2_1 = QVariant(aotContext->lookupResultMetaType(172));
while (!aotContext->getObjectLookup(172, r2_0, r2_1.data())) {
aotContext->setInstructionPointer(10);
aotContext->initGetObjectLookup(172, r2_0, r2_1.metaType());
if (aotContext->engine->hasError())
    return QVariant();
r2_1 = QVariant(aotContext->lookupResultMetaType(172));
}
// generate_Ret
if (!r2_1.isValid())
    aotContext->setReturnValueUndefined();
return r2_1;
});}
 },{ 78, QMetaType::fromType<int>(), {  }, 
    [](const QQmlPrivate::AOTCompiledContext *context, void *data, void **argv) {
        wrapCall(context, data, argv, [](const QQmlPrivate::AOTCompiledContext *aotContext, void **argumentsPtr) {
Q_UNUSED(aotContext)
Q_UNUSED(argumentsPtr)
// expression for hintingPreference at line 396, column 13
int r2_0;
// generate_GetLookup
while (!aotContext->getEnumLookup(174, &r2_0)) {
aotContext->setInstructionPointer(10);
aotContext->initGetEnumLookup(174, []() { static const auto t = QMetaType::fromName("QQuickFontEnums"); return t; }().metaObject(), "HintingPreference", "PreferDefaultHinting");
if (aotContext->engine->hasError())
    return int();
}
// generate_Ret
return r2_0;
});}
 },{ 79, QMetaType::fromType<int>(), {  }, 
    [](const QQmlPrivate::AOTCompiledContext *context, void *data, void **argv) {
        wrapCall(context, data, argv, [](const QQmlPrivate::AOTCompiledContext *aotContext, void **argumentsPtr) {
Q_UNUSED(aotContext)
Q_UNUSED(argumentsPtr)
// expression for capitalization at line 399, column 13
int r2_0;
// generate_GetLookup
while (!aotContext->getEnumLookup(176, &r2_0)) {
aotContext->setInstructionPointer(10);
aotContext->initGetEnumLookup(176, []() { static const auto t = QMetaType::fromName("QQuickFontEnums"); return t; }().metaObject(), "Capitalization", "AllUppercase");
if (aotContext->engine->hasError())
    return int();
}
// generate_Ret
return r2_0;
});}
 },{ 80, QMetaType::fromType<int>(), {  }, 
    [](const QQmlPrivate::AOTCompiledContext *context, void *data, void **argv) {
        wrapCall(context, data, argv, [](const QQmlPrivate::AOTCompiledContext *aotContext, void **argumentsPtr) {
Q_UNUSED(aotContext)
Q_UNUSED(argumentsPtr)
// expression for weight at line 402, column 13
int r2_0;
// generate_GetLookup
while (!aotContext->getEnumLookup(178, &r2_0)) {
aotContext->setInstructionPointer(10);
aotContext->initGetEnumLookup(178, []() { static const auto t = QMetaType::fromName("QQuickFontEnums"); return t; }().metaObject(), "FontWeight", "Bold");
if (aotContext->engine->hasError())
    return int();
}
// generate_Ret
return r2_0;
});}
 },{ 81, QMetaType::fromType<int>(), {  }, 
    [](const QQmlPrivate::AOTCompiledContext *context, void *data, void **argv) {
        wrapCall(context, data, argv, [](const QQmlPrivate::AOTCompiledContext *aotContext, void **argumentsPtr) {
Q_UNUSED(aotContext)
Q_UNUSED(argumentsPtr)
// expression for fillMode at line 419, column 13
int r2_0;
// generate_GetLookup
while (!aotContext->getEnumLookup(180, &r2_0)) {
aotContext->setInstructionPointer(10);
aotContext->initGetEnumLookup(180, []() { static const auto t = QMetaType::fromName("QQuickImage*"); return t; }().metaObject(), "FillMode", "PreserveAspectFit");
if (aotContext->engine->hasError())
    return int();
}
// generate_Ret
return r2_0;
});}
 },{ 82, QMetaType::fromType<QVariant>(), {  }, 
    [](const QQmlPrivate::AOTCompiledContext *context, void *data, void **argv) {
        wrapCall(context, data, argv, [](const QQmlPrivate::AOTCompiledContext *aotContext, void **argumentsPtr) {
Q_UNUSED(aotContext)
Q_UNUSED(argumentsPtr)
// expression for left at line 413, column 13
QObject *r2_0;
QVariant r2_1;
// generate_LoadQmlContextPropertyLookup
while (!aotContext->loadScopeObjectPropertyLookup(181, &r2_0)) {
aotContext->setInstructionPointer(5);
aotContext->initLoadScopeObjectPropertyLookup(181, []() { static const auto t = QMetaType::fromName("QQuickItem*"); return t; }());
if (aotContext->engine->hasError())
    return QVariant();
}
// generate_GetLookup
r2_1 = QVariant(aotContext->lookupResultMetaType(182));
while (!aotContext->getObjectLookup(182, r2_0, r2_1.data())) {
aotContext->setInstructionPointer(10);
aotContext->initGetObjectLookup(182, r2_0, r2_1.metaType());
if (aotContext->engine->hasError())
    return QVariant();
r2_1 = QVariant(aotContext->lookupResultMetaType(182));
}
// generate_Ret
if (!r2_1.isValid())
    aotContext->setReturnValueUndefined();
return r2_1;
});}
 },{ 83, QMetaType::fromType<QVariant>(), {  }, 
    [](const QQmlPrivate::AOTCompiledContext *context, void *data, void **argv) {
        wrapCall(context, data, argv, [](const QQmlPrivate::AOTCompiledContext *aotContext, void **argumentsPtr) {
Q_UNUSED(aotContext)
Q_UNUSED(argumentsPtr)
// expression for top at line 414, column 13
QObject *r2_0;
QVariant r2_1;
// generate_LoadQmlContextPropertyLookup
while (!aotContext->loadScopeObjectPropertyLookup(183, &r2_0)) {
aotContext->setInstructionPointer(5);
aotContext->initLoadScopeObjectPropertyLookup(183, []() { static const auto t = QMetaType::fromName("QQuickItem*"); return t; }());
if (aotContext->engine->hasError())
    return QVariant();
}
// generate_GetLookup
r2_1 = QVariant(aotContext->lookupResultMetaType(184));
while (!aotContext->getObjectLookup(184, r2_0, r2_1.data())) {
aotContext->setInstructionPointer(10);
aotContext->initGetObjectLookup(184, r2_0, r2_1.metaType());
if (aotContext->engine->hasError())
    return QVariant();
r2_1 = QVariant(aotContext->lookupResultMetaType(184));
}
// generate_Ret
if (!r2_1.isValid())
    aotContext->setReturnValueUndefined();
return r2_1;
});}
 },{ 84, QMetaType::fromType<QVariant>(), {  }, 
    [](const QQmlPrivate::AOTCompiledContext *context, void *data, void **argv) {
        wrapCall(context, data, argv, [](const QQmlPrivate::AOTCompiledContext *aotContext, void **argumentsPtr) {
Q_UNUSED(aotContext)
Q_UNUSED(argumentsPtr)
// expression for right at line 429, column 13
QObject *r2_0;
QVariant r2_1;
// generate_LoadQmlContextPropertyLookup
while (!aotContext->loadScopeObjectPropertyLookup(185, &r2_0)) {
aotContext->setInstructionPointer(5);
aotContext->initLoadScopeObjectPropertyLookup(185, []() { static const auto t = QMetaType::fromName("QQuickItem*"); return t; }());
if (aotContext->engine->hasError())
    return QVariant();
}
// generate_GetLookup
r2_1 = QVariant(aotContext->lookupResultMetaType(186));
while (!aotContext->getObjectLookup(186, r2_0, r2_1.data())) {
aotContext->setInstructionPointer(10);
aotContext->initGetObjectLookup(186, r2_0, r2_1.metaType());
if (aotContext->engine->hasError())
    return QVariant();
r2_1 = QVariant(aotContext->lookupResultMetaType(186));
}
// generate_Ret
if (!r2_1.isValid())
    aotContext->setReturnValueUndefined();
return r2_1;
});}
 },{ 85, QMetaType::fromType<QVariant>(), {  }, 
    [](const QQmlPrivate::AOTCompiledContext *context, void *data, void **argv) {
        wrapCall(context, data, argv, [](const QQmlPrivate::AOTCompiledContext *aotContext, void **argumentsPtr) {
Q_UNUSED(aotContext)
Q_UNUSED(argumentsPtr)
// expression for top at line 430, column 13
QObject *r2_0;
QVariant r2_1;
// generate_LoadQmlContextPropertyLookup
while (!aotContext->loadScopeObjectPropertyLookup(187, &r2_0)) {
aotContext->setInstructionPointer(5);
aotContext->initLoadScopeObjectPropertyLookup(187, []() { static const auto t = QMetaType::fromName("QQuickItem*"); return t; }());
if (aotContext->engine->hasError())
    return QVariant();
}
// generate_GetLookup
r2_1 = QVariant(aotContext->lookupResultMetaType(188));
while (!aotContext->getObjectLookup(188, r2_0, r2_1.data())) {
aotContext->setInstructionPointer(10);
aotContext->initGetObjectLookup(188, r2_0, r2_1.metaType());
if (aotContext->engine->hasError())
    return QVariant();
r2_1 = QVariant(aotContext->lookupResultMetaType(188));
}
// generate_Ret
if (!r2_1.isValid())
    aotContext->setReturnValueUndefined();
return r2_1;
});}
 },{ 86, QMetaType::fromType<QObject*>(), {  }, 
    [](const QQmlPrivate::AOTCompiledContext *context, void *data, void **argv) {
        wrapCall(context, data, argv, [](const QQmlPrivate::AOTCompiledContext *aotContext, void **argumentsPtr) {
Q_UNUSED(aotContext)
Q_UNUSED(argumentsPtr)
// expression for centerIn at line 438, column 13
QObject *r2_0;
// generate_LoadQmlContextPropertyLookup
while (!aotContext->loadScopeObjectPropertyLookup(189, &r2_0)) {
aotContext->setInstructionPointer(5);
aotContext->initLoadScopeObjectPropertyLookup(189, []() { static const auto t = QMetaType::fromName("QQuickItem*"); return t; }());
if (aotContext->engine->hasError())
    return static_cast<QObject *>(nullptr);
}
// generate_Ret
return r2_0;
});}
 },{ 100, QMetaType::fromType<int>(), {  }, 
    [](const QQmlPrivate::AOTCompiledContext *context, void *data, void **argv) {
        wrapCall(context, data, argv, [](const QQmlPrivate::AOTCompiledContext *aotContext, void **argumentsPtr) {
Q_UNUSED(aotContext)
Q_UNUSED(argumentsPtr)
// expression for horizontalAlignment at line 516, column 21
int r2_0;
// generate_GetLookup
while (!aotContext->getEnumLookup(225, &r2_0)) {
aotContext->setInstructionPointer(10);
aotContext->initGetEnumLookup(225, []() { static const auto t = QMetaType::fromName("QQuickText*"); return t; }().metaObject(), "HAlignment", "AlignHCenter");
if (aotContext->engine->hasError())
    return int();
}
// generate_Ret
return r2_0;
});}
 },{ 101, QMetaType::fromType<int>(), {  }, 
    [](const QQmlPrivate::AOTCompiledContext *context, void *data, void **argv) {
        wrapCall(context, data, argv, [](const QQmlPrivate::AOTCompiledContext *aotContext, void **argumentsPtr) {
Q_UNUSED(aotContext)
Q_UNUSED(argumentsPtr)
// expression for verticalAlignment at line 517, column 21
int r2_0;
// generate_GetLookup
while (!aotContext->getEnumLookup(227, &r2_0)) {
aotContext->setInstructionPointer(10);
aotContext->initGetEnumLookup(227, []() { static const auto t = QMetaType::fromName("QQuickText*"); return t; }().metaObject(), "VAlignment", "AlignVCenter");
if (aotContext->engine->hasError())
    return int();
}
// generate_Ret
return r2_0;
});}
 },{ 108, QMetaType::fromType<QObject*>(), {  }, 
    [](const QQmlPrivate::AOTCompiledContext *context, void *data, void **argv) {
        wrapCall(context, data, argv, [](const QQmlPrivate::AOTCompiledContext *aotContext, void **argumentsPtr) {
Q_UNUSED(aotContext)
Q_UNUSED(argumentsPtr)
// expression for fill at line 563, column 17
QObject *r2_0;
// generate_LoadQmlContextPropertyLookup
while (!aotContext->loadScopeObjectPropertyLookup(241, &r2_0)) {
aotContext->setInstructionPointer(5);
aotContext->initLoadScopeObjectPropertyLookup(241, []() { static const auto t = QMetaType::fromName("QQuickItem*"); return t; }());
if (aotContext->engine->hasError())
    return static_cast<QObject *>(nullptr);
}
// generate_Ret
return r2_0;
});}
 },{ 112, QMetaType::fromType<QVariant>(), {  }, 
    [](const QQmlPrivate::AOTCompiledContext *context, void *data, void **argv) {
        wrapCall(context, data, argv, [](const QQmlPrivate::AOTCompiledContext *aotContext, void **argumentsPtr) {
Q_UNUSED(aotContext)
Q_UNUSED(argumentsPtr)
// expression for horizontalCenter at line 579, column 21
QObject *r2_0;
QVariant r2_1;
// generate_LoadQmlContextPropertyLookup
while (!aotContext->loadScopeObjectPropertyLookup(248, &r2_0)) {
aotContext->setInstructionPointer(5);
aotContext->initLoadScopeObjectPropertyLookup(248, []() { static const auto t = QMetaType::fromName("QQuickItem*"); return t; }());
if (aotContext->engine->hasError())
    return QVariant();
}
// generate_GetLookup
r2_1 = QVariant(aotContext->lookupResultMetaType(249));
while (!aotContext->getObjectLookup(249, r2_0, r2_1.data())) {
aotContext->setInstructionPointer(10);
aotContext->initGetObjectLookup(249, r2_0, r2_1.metaType());
if (aotContext->engine->hasError())
    return QVariant();
r2_1 = QVariant(aotContext->lookupResultMetaType(249));
}
// generate_Ret
if (!r2_1.isValid())
    aotContext->setReturnValueUndefined();
return r2_1;
});}
 },{ 114, QMetaType::fromType<int>(), {  }, 
    [](const QQmlPrivate::AOTCompiledContext *context, void *data, void **argv) {
        wrapCall(context, data, argv, [](const QQmlPrivate::AOTCompiledContext *aotContext, void **argumentsPtr) {
Q_UNUSED(aotContext)
Q_UNUSED(argumentsPtr)
// expression for horizontalAlignment at line 595, column 29
int r2_0;
// generate_GetLookup
while (!aotContext->getEnumLookup(255, &r2_0)) {
aotContext->setInstructionPointer(10);
aotContext->initGetEnumLookup(255, []() { static const auto t = QMetaType::fromName("QQuickText*"); return t; }().metaObject(), "HAlignment", "AlignHCenter");
if (aotContext->engine->hasError())
    return int();
}
// generate_Ret
return r2_0;
});}
 },{ 115, QMetaType::fromType<int>(), {  }, 
    [](const QQmlPrivate::AOTCompiledContext *context, void *data, void **argv) {
        wrapCall(context, data, argv, [](const QQmlPrivate::AOTCompiledContext *aotContext, void **argumentsPtr) {
Q_UNUSED(aotContext)
Q_UNUSED(argumentsPtr)
// expression for verticalAlignment at line 596, column 29
int r2_0;
// generate_GetLookup
while (!aotContext->getEnumLookup(257, &r2_0)) {
aotContext->setInstructionPointer(10);
aotContext->initGetEnumLookup(257, []() { static const auto t = QMetaType::fromName("QQuickText*"); return t; }().metaObject(), "VAlignment", "AlignVCenter");
if (aotContext->engine->hasError())
    return int();
}
// generate_Ret
return r2_0;
});}
 },{ 121, QMetaType::fromType<int>(), {  }, 
    [](const QQmlPrivate::AOTCompiledContext *context, void *data, void **argv) {
        wrapCall(context, data, argv, [](const QQmlPrivate::AOTCompiledContext *aotContext, void **argumentsPtr) {
Q_UNUSED(aotContext)
Q_UNUSED(argumentsPtr)
// expression for horizontalAlignment at line 629, column 17
int r2_0;
// generate_GetLookup
while (!aotContext->getEnumLookup(271, &r2_0)) {
aotContext->setInstructionPointer(10);
aotContext->initGetEnumLookup(271, []() { static const auto t = QMetaType::fromName("QQuickText*"); return t; }().metaObject(), "HAlignment", "AlignHCenter");
if (aotContext->engine->hasError())
    return int();
}
// generate_Ret
return r2_0;
});}
 },{ 122, QMetaType::fromType<int>(), {  }, 
    [](const QQmlPrivate::AOTCompiledContext *context, void *data, void **argv) {
        wrapCall(context, data, argv, [](const QQmlPrivate::AOTCompiledContext *aotContext, void **argumentsPtr) {
Q_UNUSED(aotContext)
Q_UNUSED(argumentsPtr)
// expression for verticalAlignment at line 630, column 17
int r2_0;
// generate_GetLookup
while (!aotContext->getEnumLookup(273, &r2_0)) {
aotContext->setInstructionPointer(10);
aotContext->initGetEnumLookup(273, []() { static const auto t = QMetaType::fromName("QQuickText*"); return t; }().metaObject(), "VAlignment", "AlignVCenter");
if (aotContext->engine->hasError())
    return int();
}
// generate_Ret
return r2_0;
});}
 },{ 123, QMetaType::fromType<QObject*>(), {  }, 
    [](const QQmlPrivate::AOTCompiledContext *context, void *data, void **argv) {
        wrapCall(context, data, argv, [](const QQmlPrivate::AOTCompiledContext *aotContext, void **argumentsPtr) {
Q_UNUSED(aotContext)
Q_UNUSED(argumentsPtr)
// expression for centerIn at line 633, column 17
QObject *r2_0;
// generate_LoadQmlContextPropertyLookup
while (!aotContext->loadScopeObjectPropertyLookup(274, &r2_0)) {
aotContext->setInstructionPointer(5);
aotContext->initLoadScopeObjectPropertyLookup(274, []() { static const auto t = QMetaType::fromName("QQuickItem*"); return t; }());
if (aotContext->engine->hasError())
    return static_cast<QObject *>(nullptr);
}
// generate_Ret
return r2_0;
});}
 },{ 124, QMetaType::fromType<QObject*>(), {  }, 
    [](const QQmlPrivate::AOTCompiledContext *context, void *data, void **argv) {
        wrapCall(context, data, argv, [](const QQmlPrivate::AOTCompiledContext *aotContext, void **argumentsPtr) {
Q_UNUSED(aotContext)
Q_UNUSED(argumentsPtr)
// expression for fill at line 646, column 9
QObject *r2_0;
// generate_LoadQmlContextPropertyLookup
while (!aotContext->loadScopeObjectPropertyLookup(275, &r2_0)) {
aotContext->setInstructionPointer(5);
aotContext->initLoadScopeObjectPropertyLookup(275, []() { static const auto t = QMetaType::fromName("QQuickItem*"); return t; }());
if (aotContext->engine->hasError())
    return static_cast<QObject *>(nullptr);
}
// generate_Ret
return r2_0;
});}
 },{ 127, QMetaType::fromType<QVariant>(), {  }, 
    [](const QQmlPrivate::AOTCompiledContext *context, void *data, void **argv) {
        wrapCall(context, data, argv, [](const QQmlPrivate::AOTCompiledContext *aotContext, void **argumentsPtr) {
Q_UNUSED(aotContext)
Q_UNUSED(argumentsPtr)
// expression for top at line 651, column 13
QObject *r2_0;
QVariant r2_1;
// generate_LoadQmlContextPropertyLookup
while (!aotContext->loadScopeObjectPropertyLookup(282, &r2_0)) {
aotContext->setInstructionPointer(5);
aotContext->initLoadScopeObjectPropertyLookup(282, []() { static const auto t = QMetaType::fromName("QQuickItem*"); return t; }());
if (aotContext->engine->hasError())
    return QVariant();
}
// generate_GetLookup
r2_1 = QVariant(aotContext->lookupResultMetaType(283));
while (!aotContext->getObjectLookup(283, r2_0, r2_1.data())) {
aotContext->setInstructionPointer(10);
aotContext->initGetObjectLookup(283, r2_0, r2_1.metaType());
if (aotContext->engine->hasError())
    return QVariant();
r2_1 = QVariant(aotContext->lookupResultMetaType(283));
}
// generate_Ret
if (!r2_1.isValid())
    aotContext->setReturnValueUndefined();
return r2_1;
});}
 },{ 128, QMetaType::fromType<QVariant>(), {  }, 
    [](const QQmlPrivate::AOTCompiledContext *context, void *data, void **argv) {
        wrapCall(context, data, argv, [](const QQmlPrivate::AOTCompiledContext *aotContext, void **argumentsPtr) {
Q_UNUSED(aotContext)
Q_UNUSED(argumentsPtr)
// expression for right at line 652, column 13
QObject *r2_0;
QVariant r2_1;
// generate_LoadQmlContextPropertyLookup
while (!aotContext->loadScopeObjectPropertyLookup(284, &r2_0)) {
aotContext->setInstructionPointer(5);
aotContext->initLoadScopeObjectPropertyLookup(284, []() { static const auto t = QMetaType::fromName("QQuickItem*"); return t; }());
if (aotContext->engine->hasError())
    return QVariant();
}
// generate_GetLookup
r2_1 = QVariant(aotContext->lookupResultMetaType(285));
while (!aotContext->getObjectLookup(285, r2_0, r2_1.data())) {
aotContext->setInstructionPointer(10);
aotContext->initGetObjectLookup(285, r2_0, r2_1.metaType());
if (aotContext->engine->hasError())
    return QVariant();
r2_1 = QVariant(aotContext->lookupResultMetaType(285));
}
// generate_Ret
if (!r2_1.isValid())
    aotContext->setReturnValueUndefined();
return r2_1;
});}
 },{ 130, QMetaType::fromType<QObject*>(), {  }, 
    [](const QQmlPrivate::AOTCompiledContext *context, void *data, void **argv) {
        wrapCall(context, data, argv, [](const QQmlPrivate::AOTCompiledContext *aotContext, void **argumentsPtr) {
Q_UNUSED(aotContext)
Q_UNUSED(argumentsPtr)
// expression for centerIn at line 677, column 21
QObject *r2_0;
// generate_LoadQmlContextPropertyLookup
while (!aotContext->loadScopeObjectPropertyLookup(296, &r2_0)) {
aotContext->setInstructionPointer(5);
aotContext->initLoadScopeObjectPropertyLookup(296, []() { static const auto t = QMetaType::fromName("QQuickItem*"); return t; }());
if (aotContext->engine->hasError())
    return static_cast<QObject *>(nullptr);
}
// generate_Ret
return r2_0;
});}
 },{ 131, QMetaType::fromType<QString>(), {  }, 
    [](const QQmlPrivate::AOTCompiledContext *context, void *data, void **argv) {
        wrapCall(context, data, argv, [](const QQmlPrivate::AOTCompiledContext *aotContext, void **argumentsPtr) {
Q_UNUSED(aotContext)
Q_UNUSED(argumentsPtr)
// expression for text at line 681, column 25
QObject *r2_0;
QString r2_1;
// generate_LoadQmlContextPropertyLookup
while (!aotContext->loadContextIdLookup(297, &r2_0)) {
aotContext->setInstructionPointer(5);
aotContext->initLoadContextIdLookup(297);
if (aotContext->engine->hasError())
    return QString();
}
// generate_GetLookup
while (!aotContext->getObjectLookup(298, r2_0, &r2_1)) {
aotContext->setInstructionPointer(10);
aotContext->initGetObjectLookup(298, r2_0, QMetaType::fromType<QString>());
if (aotContext->engine->hasError())
    return QString();
}
// generate_Ret
return r2_1;
});}
 },{ 132, QMetaType::fromType<QString>(), {  }, 
    [](const QQmlPrivate::AOTCompiledContext *context, void *data, void **argv) {
        wrapCall(context, data, argv, [](const QQmlPrivate::AOTCompiledContext *aotContext, void **argumentsPtr) {
Q_UNUSED(aotContext)
Q_UNUSED(argumentsPtr)
// expression for text at line 688, column 25
QObject *r2_0;
QString r2_1;
// generate_LoadQmlContextPropertyLookup
while (!aotContext->loadContextIdLookup(299, &r2_0)) {
aotContext->setInstructionPointer(5);
aotContext->initLoadContextIdLookup(299);
if (aotContext->engine->hasError())
    return QString();
}
// generate_GetLookup
while (!aotContext->getObjectLookup(300, r2_0, &r2_1)) {
aotContext->setInstructionPointer(10);
aotContext->initGetObjectLookup(300, r2_0, QMetaType::fromType<QString>());
if (aotContext->engine->hasError())
    return QString();
}
// generate_Ret
return r2_1;
});}
 },{ 133, QMetaType::fromType<int>(), {  }, 
    [](const QQmlPrivate::AOTCompiledContext *context, void *data, void **argv) {
        wrapCall(context, data, argv, [](const QQmlPrivate::AOTCompiledContext *aotContext, void **argumentsPtr) {
Q_UNUSED(aotContext)
Q_UNUSED(argumentsPtr)
// expression for elide at line 704, column 13
int r2_0;
// generate_GetLookup
while (!aotContext->getEnumLookup(302, &r2_0)) {
aotContext->setInstructionPointer(10);
aotContext->initGetEnumLookup(302, []() { static const auto t = QMetaType::fromName("QQuickText*"); return t; }().metaObject(), "TextElideMode", "ElideNone");
if (aotContext->engine->hasError())
    return int();
}
// generate_Ret
return r2_0;
});}
 },{ 134, QMetaType::fromType<int>(), {  }, 
    [](const QQmlPrivate::AOTCompiledContext *context, void *data, void **argv) {
        wrapCall(context, data, argv, [](const QQmlPrivate::AOTCompiledContext *aotContext, void **argumentsPtr) {
Q_UNUSED(aotContext)
Q_UNUSED(argumentsPtr)
// expression for horizontalAlignment at line 710, column 13
int r2_0;
// generate_GetLookup
while (!aotContext->getEnumLookup(304, &r2_0)) {
aotContext->setInstructionPointer(10);
aotContext->initGetEnumLookup(304, []() { static const auto t = QMetaType::fromName("QQuickText*"); return t; }().metaObject(), "HAlignment", "AlignHCenter");
if (aotContext->engine->hasError())
    return int();
}
// generate_Ret
return r2_0;
});}
 },{ 135, QMetaType::fromType<int>(), {  }, 
    [](const QQmlPrivate::AOTCompiledContext *context, void *data, void **argv) {
        wrapCall(context, data, argv, [](const QQmlPrivate::AOTCompiledContext *aotContext, void **argumentsPtr) {
Q_UNUSED(aotContext)
Q_UNUSED(argumentsPtr)
// expression for verticalAlignment at line 711, column 13
int r2_0;
// generate_GetLookup
while (!aotContext->getEnumLookup(306, &r2_0)) {
aotContext->setInstructionPointer(10);
aotContext->initGetEnumLookup(306, []() { static const auto t = QMetaType::fromName("QQuickText*"); return t; }().metaObject(), "VAlignment", "AlignVCenter");
if (aotContext->engine->hasError())
    return int();
}
// generate_Ret
return r2_0;
});}
 },{ 136, QMetaType::fromType<int>(), {  }, 
    [](const QQmlPrivate::AOTCompiledContext *context, void *data, void **argv) {
        wrapCall(context, data, argv, [](const QQmlPrivate::AOTCompiledContext *aotContext, void **argumentsPtr) {
Q_UNUSED(aotContext)
Q_UNUSED(argumentsPtr)
// expression for wrapMode at line 712, column 13
int r2_0;
// generate_GetLookup
while (!aotContext->getEnumLookup(308, &r2_0)) {
aotContext->setInstructionPointer(10);
aotContext->initGetEnumLookup(308, []() { static const auto t = QMetaType::fromName("QQuickText*"); return t; }().metaObject(), "WrapMode", "WordWrap");
if (aotContext->engine->hasError())
    return int();
}
// generate_Ret
return r2_0;
});}
 },{ 137, QMetaType::fromType<int>(), {  }, 
    [](const QQmlPrivate::AOTCompiledContext *context, void *data, void **argv) {
        wrapCall(context, data, argv, [](const QQmlPrivate::AOTCompiledContext *aotContext, void **argumentsPtr) {
Q_UNUSED(aotContext)
Q_UNUSED(argumentsPtr)
// expression for style at line 715, column 13
int r2_0;
// generate_GetLookup
while (!aotContext->getEnumLookup(310, &r2_0)) {
aotContext->setInstructionPointer(10);
aotContext->initGetEnumLookup(310, []() { static const auto t = QMetaType::fromName("QQuickText*"); return t; }().metaObject(), "TextStyle", "Sunken");
if (aotContext->engine->hasError())
    return int();
}
// generate_Ret
return r2_0;
});}
 },{ 138, QMetaType::fromType<int>(), {  }, 
    [](const QQmlPrivate::AOTCompiledContext *context, void *data, void **argv) {
        wrapCall(context, data, argv, [](const QQmlPrivate::AOTCompiledContext *aotContext, void **argumentsPtr) {
Q_UNUSED(aotContext)
Q_UNUSED(argumentsPtr)
// expression for textFormat at line 717, column 13
int r2_0;
// generate_GetLookup
while (!aotContext->getEnumLookup(312, &r2_0)) {
aotContext->setInstructionPointer(10);
aotContext->initGetEnumLookup(312, []() { static const auto t = QMetaType::fromName("QQuickText*"); return t; }().metaObject(), "TextFormat", "AutoText");
if (aotContext->engine->hasError())
    return int();
}
// generate_Ret
return r2_0;
});}
 },{ 139, QMetaType::fromType<QVariant>(), {  }, 
    [](const QQmlPrivate::AOTCompiledContext *context, void *data, void **argv) {
        wrapCall(context, data, argv, [](const QQmlPrivate::AOTCompiledContext *aotContext, void **argumentsPtr) {
Q_UNUSED(aotContext)
Q_UNUSED(argumentsPtr)
// expression for right at line 705, column 13
QObject *r2_0;
QVariant r2_1;
// generate_LoadQmlContextPropertyLookup
while (!aotContext->loadScopeObjectPropertyLookup(313, &r2_0)) {
aotContext->setInstructionPointer(5);
aotContext->initLoadScopeObjectPropertyLookup(313, []() { static const auto t = QMetaType::fromName("QQuickItem*"); return t; }());
if (aotContext->engine->hasError())
    return QVariant();
}
// generate_GetLookup
r2_1 = QVariant(aotContext->lookupResultMetaType(314));
while (!aotContext->getObjectLookup(314, r2_0, r2_1.data())) {
aotContext->setInstructionPointer(10);
aotContext->initGetObjectLookup(314, r2_0, r2_1.metaType());
if (aotContext->engine->hasError())
    return QVariant();
r2_1 = QVariant(aotContext->lookupResultMetaType(314));
}
// generate_Ret
if (!r2_1.isValid())
    aotContext->setReturnValueUndefined();
return r2_1;
});}
 },{ 140, QMetaType::fromType<QVariant>(), {  }, 
    [](const QQmlPrivate::AOTCompiledContext *context, void *data, void **argv) {
        wrapCall(context, data, argv, [](const QQmlPrivate::AOTCompiledContext *aotContext, void **argumentsPtr) {
Q_UNUSED(aotContext)
Q_UNUSED(argumentsPtr)
// expression for bottom at line 706, column 13
QObject *r2_0;
QVariant r2_1;
// generate_LoadQmlContextPropertyLookup
while (!aotContext->loadScopeObjectPropertyLookup(315, &r2_0)) {
aotContext->setInstructionPointer(5);
aotContext->initLoadScopeObjectPropertyLookup(315, []() { static const auto t = QMetaType::fromName("QQuickItem*"); return t; }());
if (aotContext->engine->hasError())
    return QVariant();
}
// generate_GetLookup
r2_1 = QVariant(aotContext->lookupResultMetaType(316));
while (!aotContext->getObjectLookup(316, r2_0, r2_1.data())) {
aotContext->setInstructionPointer(10);
aotContext->initGetObjectLookup(316, r2_0, r2_1.metaType());
if (aotContext->engine->hasError())
    return QVariant();
r2_1 = QVariant(aotContext->lookupResultMetaType(316));
}
// generate_Ret
if (!r2_1.isValid())
    aotContext->setReturnValueUndefined();
return r2_1;
});}
 },{ 141, QMetaType::fromType<int>(), {  }, 
    [](const QQmlPrivate::AOTCompiledContext *context, void *data, void **argv) {
        wrapCall(context, data, argv, [](const QQmlPrivate::AOTCompiledContext *aotContext, void **argumentsPtr) {
Q_UNUSED(aotContext)
Q_UNUSED(argumentsPtr)
// expression for hintingPreference at line 713, column 13
int r2_0;
// generate_GetLookup
while (!aotContext->getEnumLookup(318, &r2_0)) {
aotContext->setInstructionPointer(10);
aotContext->initGetEnumLookup(318, []() { static const auto t = QMetaType::fromName("QQuickFontEnums"); return t; }().metaObject(), "HintingPreference", "PreferDefaultHinting");
if (aotContext->engine->hasError())
    return int();
}
// generate_Ret
return r2_0;
});}
 },{ 142, QMetaType::fromType<int>(), {  }, 
    [](const QQmlPrivate::AOTCompiledContext *context, void *data, void **argv) {
        wrapCall(context, data, argv, [](const QQmlPrivate::AOTCompiledContext *aotContext, void **argumentsPtr) {
Q_UNUSED(aotContext)
Q_UNUSED(argumentsPtr)
// expression for capitalization at line 716, column 13
int r2_0;
// generate_GetLookup
while (!aotContext->getEnumLookup(320, &r2_0)) {
aotContext->setInstructionPointer(10);
aotContext->initGetEnumLookup(320, []() { static const auto t = QMetaType::fromName("QQuickFontEnums"); return t; }().metaObject(), "Capitalization", "AllUppercase");
if (aotContext->engine->hasError())
    return int();
}
// generate_Ret
return r2_0;
});}
 },{ 143, QMetaType::fromType<int>(), {  }, 
    [](const QQmlPrivate::AOTCompiledContext *context, void *data, void **argv) {
        wrapCall(context, data, argv, [](const QQmlPrivate::AOTCompiledContext *aotContext, void **argumentsPtr) {
Q_UNUSED(aotContext)
Q_UNUSED(argumentsPtr)
// expression for weight at line 719, column 13
int r2_0;
// generate_GetLookup
while (!aotContext->getEnumLookup(322, &r2_0)) {
aotContext->setInstructionPointer(10);
aotContext->initGetEnumLookup(322, []() { static const auto t = QMetaType::fromName("QQuickFontEnums"); return t; }().metaObject(), "FontWeight", "Bold");
if (aotContext->engine->hasError())
    return int();
}
// generate_Ret
return r2_0;
});}
 },{ 144, QMetaType::fromType<int>(), {  }, 
    [](const QQmlPrivate::AOTCompiledContext *context, void *data, void **argv) {
        wrapCall(context, data, argv, [](const QQmlPrivate::AOTCompiledContext *aotContext, void **argumentsPtr) {
Q_UNUSED(aotContext)
Q_UNUSED(argumentsPtr)
// expression for fillMode at line 736, column 13
int r2_0;
// generate_GetLookup
while (!aotContext->getEnumLookup(324, &r2_0)) {
aotContext->setInstructionPointer(10);
aotContext->initGetEnumLookup(324, []() { static const auto t = QMetaType::fromName("QQuickImage*"); return t; }().metaObject(), "FillMode", "PreserveAspectFit");
if (aotContext->engine->hasError())
    return int();
}
// generate_Ret
return r2_0;
});}
 },{ 145, QMetaType::fromType<QVariant>(), {  }, 
    [](const QQmlPrivate::AOTCompiledContext *context, void *data, void **argv) {
        wrapCall(context, data, argv, [](const QQmlPrivate::AOTCompiledContext *aotContext, void **argumentsPtr) {
Q_UNUSED(aotContext)
Q_UNUSED(argumentsPtr)
// expression for left at line 730, column 13
QObject *r2_0;
QVariant r2_1;
// generate_LoadQmlContextPropertyLookup
while (!aotContext->loadScopeObjectPropertyLookup(325, &r2_0)) {
aotContext->setInstructionPointer(5);
aotContext->initLoadScopeObjectPropertyLookup(325, []() { static const auto t = QMetaType::fromName("QQuickItem*"); return t; }());
if (aotContext->engine->hasError())
    return QVariant();
}
// generate_GetLookup
r2_1 = QVariant(aotContext->lookupResultMetaType(326));
while (!aotContext->getObjectLookup(326, r2_0, r2_1.data())) {
aotContext->setInstructionPointer(10);
aotContext->initGetObjectLookup(326, r2_0, r2_1.metaType());
if (aotContext->engine->hasError())
    return QVariant();
r2_1 = QVariant(aotContext->lookupResultMetaType(326));
}
// generate_Ret
if (!r2_1.isValid())
    aotContext->setReturnValueUndefined();
return r2_1;
});}
 },{ 146, QMetaType::fromType<QVariant>(), {  }, 
    [](const QQmlPrivate::AOTCompiledContext *context, void *data, void **argv) {
        wrapCall(context, data, argv, [](const QQmlPrivate::AOTCompiledContext *aotContext, void **argumentsPtr) {
Q_UNUSED(aotContext)
Q_UNUSED(argumentsPtr)
// expression for top at line 731, column 13
QObject *r2_0;
QVariant r2_1;
// generate_LoadQmlContextPropertyLookup
while (!aotContext->loadScopeObjectPropertyLookup(327, &r2_0)) {
aotContext->setInstructionPointer(5);
aotContext->initLoadScopeObjectPropertyLookup(327, []() { static const auto t = QMetaType::fromName("QQuickItem*"); return t; }());
if (aotContext->engine->hasError())
    return QVariant();
}
// generate_GetLookup
r2_1 = QVariant(aotContext->lookupResultMetaType(328));
while (!aotContext->getObjectLookup(328, r2_0, r2_1.data())) {
aotContext->setInstructionPointer(10);
aotContext->initGetObjectLookup(328, r2_0, r2_1.metaType());
if (aotContext->engine->hasError())
    return QVariant();
r2_1 = QVariant(aotContext->lookupResultMetaType(328));
}
// generate_Ret
if (!r2_1.isValid())
    aotContext->setReturnValueUndefined();
return r2_1;
});}
 },{ 147, QMetaType::fromType<QVariant>(), {  }, 
    [](const QQmlPrivate::AOTCompiledContext *context, void *data, void **argv) {
        wrapCall(context, data, argv, [](const QQmlPrivate::AOTCompiledContext *aotContext, void **argumentsPtr) {
Q_UNUSED(aotContext)
Q_UNUSED(argumentsPtr)
// expression for right at line 746, column 13
QObject *r2_0;
QVariant r2_1;
// generate_LoadQmlContextPropertyLookup
while (!aotContext->loadScopeObjectPropertyLookup(329, &r2_0)) {
aotContext->setInstructionPointer(5);
aotContext->initLoadScopeObjectPropertyLookup(329, []() { static const auto t = QMetaType::fromName("QQuickItem*"); return t; }());
if (aotContext->engine->hasError())
    return QVariant();
}
// generate_GetLookup
r2_1 = QVariant(aotContext->lookupResultMetaType(330));
while (!aotContext->getObjectLookup(330, r2_0, r2_1.data())) {
aotContext->setInstructionPointer(10);
aotContext->initGetObjectLookup(330, r2_0, r2_1.metaType());
if (aotContext->engine->hasError())
    return QVariant();
r2_1 = QVariant(aotContext->lookupResultMetaType(330));
}
// generate_Ret
if (!r2_1.isValid())
    aotContext->setReturnValueUndefined();
return r2_1;
});}
 },{ 148, QMetaType::fromType<QVariant>(), {  }, 
    [](const QQmlPrivate::AOTCompiledContext *context, void *data, void **argv) {
        wrapCall(context, data, argv, [](const QQmlPrivate::AOTCompiledContext *aotContext, void **argumentsPtr) {
Q_UNUSED(aotContext)
Q_UNUSED(argumentsPtr)
// expression for top at line 747, column 13
QObject *r2_0;
QVariant r2_1;
// generate_LoadQmlContextPropertyLookup
while (!aotContext->loadScopeObjectPropertyLookup(331, &r2_0)) {
aotContext->setInstructionPointer(5);
aotContext->initLoadScopeObjectPropertyLookup(331, []() { static const auto t = QMetaType::fromName("QQuickItem*"); return t; }());
if (aotContext->engine->hasError())
    return QVariant();
}
// generate_GetLookup
r2_1 = QVariant(aotContext->lookupResultMetaType(332));
while (!aotContext->getObjectLookup(332, r2_0, r2_1.data())) {
aotContext->setInstructionPointer(10);
aotContext->initGetObjectLookup(332, r2_0, r2_1.metaType());
if (aotContext->engine->hasError())
    return QVariant();
r2_1 = QVariant(aotContext->lookupResultMetaType(332));
}
// generate_Ret
if (!r2_1.isValid())
    aotContext->setReturnValueUndefined();
return r2_1;
});}
 },{ 149, QMetaType::fromType<QObject*>(), {  }, 
    [](const QQmlPrivate::AOTCompiledContext *context, void *data, void **argv) {
        wrapCall(context, data, argv, [](const QQmlPrivate::AOTCompiledContext *aotContext, void **argumentsPtr) {
Q_UNUSED(aotContext)
Q_UNUSED(argumentsPtr)
// expression for centerIn at line 755, column 13
QObject *r2_0;
// generate_LoadQmlContextPropertyLookup
while (!aotContext->loadScopeObjectPropertyLookup(333, &r2_0)) {
aotContext->setInstructionPointer(5);
aotContext->initLoadScopeObjectPropertyLookup(333, []() { static const auto t = QMetaType::fromName("QQuickItem*"); return t; }());
if (aotContext->engine->hasError())
    return static_cast<QObject *>(nullptr);
}
// generate_Ret
return r2_0;
});}
 },{ 150, QMetaType::fromType<QObject*>(), {  }, 
    [](const QQmlPrivate::AOTCompiledContext *context, void *data, void **argv) {
        wrapCall(context, data, argv, [](const QQmlPrivate::AOTCompiledContext *aotContext, void **argumentsPtr) {
Q_UNUSED(aotContext)
Q_UNUSED(argumentsPtr)
// expression for centerIn at line 758, column 17
QObject *r2_0;
// generate_LoadQmlContextPropertyLookup
while (!aotContext->loadScopeObjectPropertyLookup(334, &r2_0)) {
aotContext->setInstructionPointer(5);
aotContext->initLoadScopeObjectPropertyLookup(334, []() { static const auto t = QMetaType::fromName("QQuickItem*"); return t; }());
if (aotContext->engine->hasError())
    return static_cast<QObject *>(nullptr);
}
// generate_Ret
return r2_0;
});}
 },{ 151, QMetaType::fromType<QObject*>(), {  }, 
    [](const QQmlPrivate::AOTCompiledContext *context, void *data, void **argv) {
        wrapCall(context, data, argv, [](const QQmlPrivate::AOTCompiledContext *aotContext, void **argumentsPtr) {
Q_UNUSED(aotContext)
Q_UNUSED(argumentsPtr)
// expression for fill at line 771, column 25
QObject *r2_0;
// generate_LoadQmlContextPropertyLookup
while (!aotContext->loadScopeObjectPropertyLookup(335, &r2_0)) {
aotContext->setInstructionPointer(5);
aotContext->initLoadScopeObjectPropertyLookup(335, []() { static const auto t = QMetaType::fromName("QQuickItem*"); return t; }());
if (aotContext->engine->hasError())
    return static_cast<QObject *>(nullptr);
}
// generate_Ret
return r2_0;
});}
 },{ 152, QMetaType::fromType<double>(), {  }, 
    [](const QQmlPrivate::AOTCompiledContext *context, void *data, void **argv) {
        wrapCall(context, data, argv, [](const QQmlPrivate::AOTCompiledContext *aotContext, void **argumentsPtr) {
Q_UNUSED(aotContext)
Q_UNUSED(argumentsPtr)
// expression for radius at line 777, column 29
double r2_1;
QObject *r2_0;
// generate_LoadQmlContextPropertyLookup
while (!aotContext->loadContextIdLookup(336, &r2_0)) {
aotContext->setInstructionPointer(5);
aotContext->initLoadContextIdLookup(336);
if (aotContext->engine->hasError())
    return double();
}
// generate_GetLookup
while (!aotContext->getObjectLookup(337, r2_0, &r2_1)) {
aotContext->setInstructionPointer(10);
aotContext->initGetObjectLookup(337, r2_0, QMetaType::fromType<double>());
if (aotContext->engine->hasError())
    return double();
}
// generate_Ret
return r2_1;
});}
 },{ 153, QMetaType::fromType<QVariant>(), {  }, 
    [](const QQmlPrivate::AOTCompiledContext *context, void *data, void **argv) {
        wrapCall(context, data, argv, [](const QQmlPrivate::AOTCompiledContext *aotContext, void **argumentsPtr) {
Q_UNUSED(aotContext)
Q_UNUSED(argumentsPtr)
// expression for color at line 778, column 29
QObject *r2_0;
bool r2_1;
QString r2_2;
// generate_LoadQmlContextPropertyLookup
while (!aotContext->loadContextIdLookup(338, &r2_0)) {
aotContext->setInstructionPointer(5);
aotContext->initLoadContextIdLookup(338);
if (aotContext->engine->hasError())
    return QVariant();
}
// generate_GetLookup
while (!aotContext->getObjectLookup(339, r2_0, &r2_1)) {
aotContext->setInstructionPointer(10);
aotContext->initGetObjectLookup(339, r2_0, QMetaType::fromType<bool>());
if (aotContext->engine->hasError())
    return QVariant();
}
// generate_JumpFalse
if (!r2_1) {
    goto label_0;
}
;
// generate_LoadRuntimeString
r2_2 = QStringLiteral("#2196F3");
// generate_Jump
{
    goto label_1;
}
;
label_0:;
// generate_LoadRuntimeString
r2_2 = QStringLiteral("#DBE2E9");
label_1:;
// generate_Ret
return QVariant::fromValue(r2_2);
});}
 },{ 154, QMetaType::fromType<QVariant>(), {  }, 
    [](const QQmlPrivate::AOTCompiledContext *context, void *data, void **argv) {
        wrapCall(context, data, argv, [](const QQmlPrivate::AOTCompiledContext *aotContext, void **argumentsPtr) {
Q_UNUSED(aotContext)
Q_UNUSED(argumentsPtr)
// expression for color at line 784, column 33
QObject *r2_0;
bool r2_1;
QString r2_2;
// generate_LoadQmlContextPropertyLookup
while (!aotContext->loadContextIdLookup(340, &r2_0)) {
aotContext->setInstructionPointer(5);
aotContext->initLoadContextIdLookup(340);
if (aotContext->engine->hasError())
    return QVariant();
}
// generate_GetLookup
while (!aotContext->getObjectLookup(341, r2_0, &r2_1)) {
aotContext->setInstructionPointer(10);
aotContext->initGetObjectLookup(341, r2_0, QMetaType::fromType<bool>());
if (aotContext->engine->hasError())
    return QVariant();
}
// generate_JumpFalse
if (!r2_1) {
    goto label_0;
}
;
// generate_LoadRuntimeString
r2_2 = QStringLiteral("white");
// generate_Jump
{
    goto label_1;
}
;
label_0:;
// generate_LoadRuntimeString
r2_2 = QStringLiteral("black");
label_1:;
// generate_Ret
return QVariant::fromValue(r2_2);
});}
 },{ 155, QMetaType::fromType<QObject*>(), {  }, 
    [](const QQmlPrivate::AOTCompiledContext *context, void *data, void **argv) {
        wrapCall(context, data, argv, [](const QQmlPrivate::AOTCompiledContext *aotContext, void **argumentsPtr) {
Q_UNUSED(aotContext)
Q_UNUSED(argumentsPtr)
// expression for centerIn at line 785, column 33
QObject *r2_0;
// generate_LoadQmlContextPropertyLookup
while (!aotContext->loadScopeObjectPropertyLookup(342, &r2_0)) {
aotContext->setInstructionPointer(5);
aotContext->initLoadScopeObjectPropertyLookup(342, []() { static const auto t = QMetaType::fromName("QQuickItem*"); return t; }());
if (aotContext->engine->hasError())
    return static_cast<QObject *>(nullptr);
}
// generate_Ret
return r2_0;
});}
 },{ 156, QMetaType::fromType<void>(), { QMetaType::fromType<QObject *>() }, 
    [](const QQmlPrivate::AOTCompiledContext *context, void *data, void **argv) {
        wrapCall(context, data, argv, [](const QQmlPrivate::AOTCompiledContext *aotContext, void **argumentsPtr) {
Q_UNUSED(aotContext)
Q_UNUSED(argumentsPtr)
// expression for onClicked at line 790, column 33
QObject *r2_0;
QObject *r7_0;
bool r2_1;
// generate_CreateCallContext
{
// generate_LoadQmlContextPropertyLookup
while (!aotContext->loadContextIdLookup(343, &r2_0)) {
aotContext->setInstructionPointer(6);
aotContext->initLoadContextIdLookup(343);
if (aotContext->engine->hasError())
    return ;
}
// generate_StoreReg
r7_0 = r2_0;
// generate_LoadTrue
r2_1 = true;
// generate_SetLookup
{
while (!aotContext->setObjectLookup(344, r7_0, &r2_1)) {
aotContext->setInstructionPointer(18);
aotContext->initSetObjectLookup(344, r7_0, QMetaType::fromType<bool>());
if (aotContext->engine->hasError())
    return ;
}
}
// generate_LoadQmlContextPropertyLookup
while (!aotContext->loadContextIdLookup(345, &r2_0)) {
aotContext->setInstructionPointer(23);
aotContext->initLoadContextIdLookup(345);
if (aotContext->engine->hasError())
    return ;
}
// generate_StoreReg
r7_0 = r2_0;
// generate_LoadFalse
r2_1 = false;
// generate_SetLookup
{
while (!aotContext->setObjectLookup(346, r7_0, &r2_1)) {
aotContext->setInstructionPointer(35);
aotContext->initSetObjectLookup(346, r7_0, QMetaType::fromType<bool>());
if (aotContext->engine->hasError())
    return ;
}
}
// generate_LoadQmlContextPropertyLookup
while (!aotContext->loadContextIdLookup(347, &r2_0)) {
aotContext->setInstructionPointer(40);
aotContext->initLoadContextIdLookup(347);
if (aotContext->engine->hasError())
    return ;
}
// generate_StoreReg
r7_0 = r2_0;
// generate_LoadTrue
r2_1 = true;
// generate_SetLookup
{
while (!aotContext->setObjectLookup(348, r7_0, &r2_1)) {
aotContext->setInstructionPointer(54);
aotContext->initSetObjectLookup(348, r7_0, QMetaType::fromType<bool>());
if (aotContext->engine->hasError())
    return ;
}
}
// generate_PopContext
;}
// generate_Ret
return;
});}
 },{ 157, QMetaType::fromType<QObject*>(), {  }, 
    [](const QQmlPrivate::AOTCompiledContext *context, void *data, void **argv) {
        wrapCall(context, data, argv, [](const QQmlPrivate::AOTCompiledContext *aotContext, void **argumentsPtr) {
Q_UNUSED(aotContext)
Q_UNUSED(argumentsPtr)
// expression for fill at line 789, column 33
QObject *r2_0;
// generate_LoadQmlContextPropertyLookup
while (!aotContext->loadScopeObjectPropertyLookup(349, &r2_0)) {
aotContext->setInstructionPointer(5);
aotContext->initLoadScopeObjectPropertyLookup(349, []() { static const auto t = QMetaType::fromName("QQuickItem*"); return t; }());
if (aotContext->engine->hasError())
    return static_cast<QObject *>(nullptr);
}
// generate_Ret
return r2_0;
});}
 },{ 158, QMetaType::fromType<double>(), {  }, 
    [](const QQmlPrivate::AOTCompiledContext *context, void *data, void **argv) {
        wrapCall(context, data, argv, [](const QQmlPrivate::AOTCompiledContext *aotContext, void **argumentsPtr) {
Q_UNUSED(aotContext)
Q_UNUSED(argumentsPtr)
// expression for radius at line 801, column 29
double r2_1;
QObject *r2_0;
// generate_LoadQmlContextPropertyLookup
while (!aotContext->loadContextIdLookup(350, &r2_0)) {
aotContext->setInstructionPointer(5);
aotContext->initLoadContextIdLookup(350);
if (aotContext->engine->hasError())
    return double();
}
// generate_GetLookup
while (!aotContext->getObjectLookup(351, r2_0, &r2_1)) {
aotContext->setInstructionPointer(10);
aotContext->initGetObjectLookup(351, r2_0, QMetaType::fromType<double>());
if (aotContext->engine->hasError())
    return double();
}
// generate_Ret
return r2_1;
});}
 },{ 159, QMetaType::fromType<QVariant>(), {  }, 
    [](const QQmlPrivate::AOTCompiledContext *context, void *data, void **argv) {
        wrapCall(context, data, argv, [](const QQmlPrivate::AOTCompiledContext *aotContext, void **argumentsPtr) {
Q_UNUSED(aotContext)
Q_UNUSED(argumentsPtr)
// expression for color at line 802, column 29
QObject *r2_0;
bool r2_1;
QString r2_2;
// generate_LoadQmlContextPropertyLookup
while (!aotContext->loadContextIdLookup(352, &r2_0)) {
aotContext->setInstructionPointer(5);
aotContext->initLoadContextIdLookup(352);
if (aotContext->engine->hasError())
    return QVariant();
}
// generate_GetLookup
while (!aotContext->getObjectLookup(353, r2_0, &r2_1)) {
aotContext->setInstructionPointer(10);
aotContext->initGetObjectLookup(353, r2_0, QMetaType::fromType<bool>());
if (aotContext->engine->hasError())
    return QVariant();
}
// generate_JumpFalse
if (!r2_1) {
    goto label_0;
}
;
// generate_LoadRuntimeString
r2_2 = QStringLiteral("#DBE2E9");
// generate_Jump
{
    goto label_1;
}
;
label_0:;
// generate_LoadRuntimeString
r2_2 = QStringLiteral("#2196F3");
label_1:;
// generate_Ret
return QVariant::fromValue(r2_2);
});}
 },{ 160, QMetaType::fromType<QVariant>(), {  }, 
    [](const QQmlPrivate::AOTCompiledContext *context, void *data, void **argv) {
        wrapCall(context, data, argv, [](const QQmlPrivate::AOTCompiledContext *aotContext, void **argumentsPtr) {
Q_UNUSED(aotContext)
Q_UNUSED(argumentsPtr)
// expression for color at line 808, column 33
QObject *r2_0;
bool r2_1;
QString r2_2;
// generate_LoadQmlContextPropertyLookup
while (!aotContext->loadContextIdLookup(354, &r2_0)) {
aotContext->setInstructionPointer(5);
aotContext->initLoadContextIdLookup(354);
if (aotContext->engine->hasError())
    return QVariant();
}
// generate_GetLookup
while (!aotContext->getObjectLookup(355, r2_0, &r2_1)) {
aotContext->setInstructionPointer(10);
aotContext->initGetObjectLookup(355, r2_0, QMetaType::fromType<bool>());
if (aotContext->engine->hasError())
    return QVariant();
}
// generate_JumpFalse
if (!r2_1) {
    goto label_0;
}
;
// generate_LoadRuntimeString
r2_2 = QStringLiteral("black");
// generate_Jump
{
    goto label_1;
}
;
label_0:;
// generate_LoadRuntimeString
r2_2 = QStringLiteral("white");
label_1:;
// generate_Ret
return QVariant::fromValue(r2_2);
});}
 },{ 161, QMetaType::fromType<QObject*>(), {  }, 
    [](const QQmlPrivate::AOTCompiledContext *context, void *data, void **argv) {
        wrapCall(context, data, argv, [](const QQmlPrivate::AOTCompiledContext *aotContext, void **argumentsPtr) {
Q_UNUSED(aotContext)
Q_UNUSED(argumentsPtr)
// expression for centerIn at line 809, column 33
QObject *r2_0;
// generate_LoadQmlContextPropertyLookup
while (!aotContext->loadScopeObjectPropertyLookup(356, &r2_0)) {
aotContext->setInstructionPointer(5);
aotContext->initLoadScopeObjectPropertyLookup(356, []() { static const auto t = QMetaType::fromName("QQuickItem*"); return t; }());
if (aotContext->engine->hasError())
    return static_cast<QObject *>(nullptr);
}
// generate_Ret
return r2_0;
});}
 },{ 162, QMetaType::fromType<void>(), { QMetaType::fromType<QObject *>() }, 
    [](const QQmlPrivate::AOTCompiledContext *context, void *data, void **argv) {
        wrapCall(context, data, argv, [](const QQmlPrivate::AOTCompiledContext *aotContext, void **argumentsPtr) {
Q_UNUSED(aotContext)
Q_UNUSED(argumentsPtr)
// expression for onClicked at line 814, column 33
QObject *r2_0;
QObject *r7_0;
bool r2_1;
// generate_CreateCallContext
{
// generate_LoadQmlContextPropertyLookup
while (!aotContext->loadContextIdLookup(357, &r2_0)) {
aotContext->setInstructionPointer(6);
aotContext->initLoadContextIdLookup(357);
if (aotContext->engine->hasError())
    return ;
}
// generate_StoreReg
r7_0 = r2_0;
// generate_LoadFalse
r2_1 = false;
// generate_SetLookup
{
while (!aotContext->setObjectLookup(358, r7_0, &r2_1)) {
aotContext->setInstructionPointer(18);
aotContext->initSetObjectLookup(358, r7_0, QMetaType::fromType<bool>());
if (aotContext->engine->hasError())
    return ;
}
}
// generate_LoadQmlContextPropertyLookup
while (!aotContext->loadContextIdLookup(359, &r2_0)) {
aotContext->setInstructionPointer(23);
aotContext->initLoadContextIdLookup(359);
if (aotContext->engine->hasError())
    return ;
}
// generate_StoreReg
r7_0 = r2_0;
// generate_LoadFalse
r2_1 = false;
// generate_SetLookup
{
while (!aotContext->setObjectLookup(360, r7_0, &r2_1)) {
aotContext->setInstructionPointer(35);
aotContext->initSetObjectLookup(360, r7_0, QMetaType::fromType<bool>());
if (aotContext->engine->hasError())
    return ;
}
}
// generate_LoadQmlContextPropertyLookup
while (!aotContext->loadContextIdLookup(361, &r2_0)) {
aotContext->setInstructionPointer(40);
aotContext->initLoadContextIdLookup(361);
if (aotContext->engine->hasError())
    return ;
}
// generate_StoreReg
r7_0 = r2_0;
// generate_LoadTrue
r2_1 = true;
// generate_SetLookup
{
while (!aotContext->setObjectLookup(362, r7_0, &r2_1)) {
aotContext->setInstructionPointer(54);
aotContext->initSetObjectLookup(362, r7_0, QMetaType::fromType<bool>());
if (aotContext->engine->hasError())
    return ;
}
}
// generate_PopContext
;}
// generate_Ret
return;
});}
 },{ 163, QMetaType::fromType<QObject*>(), {  }, 
    [](const QQmlPrivate::AOTCompiledContext *context, void *data, void **argv) {
        wrapCall(context, data, argv, [](const QQmlPrivate::AOTCompiledContext *aotContext, void **argumentsPtr) {
Q_UNUSED(aotContext)
Q_UNUSED(argumentsPtr)
// expression for fill at line 813, column 33
QObject *r2_0;
// generate_LoadQmlContextPropertyLookup
while (!aotContext->loadScopeObjectPropertyLookup(363, &r2_0)) {
aotContext->setInstructionPointer(5);
aotContext->initLoadScopeObjectPropertyLookup(363, []() { static const auto t = QMetaType::fromName("QQuickItem*"); return t; }());
if (aotContext->engine->hasError())
    return static_cast<QObject *>(nullptr);
}
// generate_Ret
return r2_0;
});}
 },{ 169, QMetaType::fromType<int>(), {  }, 
    [](const QQmlPrivate::AOTCompiledContext *context, void *data, void **argv) {
        wrapCall(context, data, argv, [](const QQmlPrivate::AOTCompiledContext *aotContext, void **argumentsPtr) {
Q_UNUSED(aotContext)
Q_UNUSED(argumentsPtr)
// expression for horizontalAlignment at line 848, column 17
int r2_0;
// generate_GetLookup
while (!aotContext->getEnumLookup(383, &r2_0)) {
aotContext->setInstructionPointer(10);
aotContext->initGetEnumLookup(383, []() { static const auto t = QMetaType::fromName("QQuickText*"); return t; }().metaObject(), "HAlignment", "AlignHCenter");
if (aotContext->engine->hasError())
    return int();
}
// generate_Ret
return r2_0;
});}
 },{ 170, QMetaType::fromType<int>(), {  }, 
    [](const QQmlPrivate::AOTCompiledContext *context, void *data, void **argv) {
        wrapCall(context, data, argv, [](const QQmlPrivate::AOTCompiledContext *aotContext, void **argumentsPtr) {
Q_UNUSED(aotContext)
Q_UNUSED(argumentsPtr)
// expression for verticalAlignment at line 849, column 17
int r2_0;
// generate_GetLookup
while (!aotContext->getEnumLookup(385, &r2_0)) {
aotContext->setInstructionPointer(10);
aotContext->initGetEnumLookup(385, []() { static const auto t = QMetaType::fromName("QQuickText*"); return t; }().metaObject(), "VAlignment", "AlignVCenter");
if (aotContext->engine->hasError())
    return int();
}
// generate_Ret
return r2_0;
});}
 },{ 171, QMetaType::fromType<QObject*>(), {  }, 
    [](const QQmlPrivate::AOTCompiledContext *context, void *data, void **argv) {
        wrapCall(context, data, argv, [](const QQmlPrivate::AOTCompiledContext *aotContext, void **argumentsPtr) {
Q_UNUSED(aotContext)
Q_UNUSED(argumentsPtr)
// expression for centerIn at line 852, column 17
QObject *r2_0;
// generate_LoadQmlContextPropertyLookup
while (!aotContext->loadScopeObjectPropertyLookup(386, &r2_0)) {
aotContext->setInstructionPointer(5);
aotContext->initLoadScopeObjectPropertyLookup(386, []() { static const auto t = QMetaType::fromName("QQuickItem*"); return t; }());
if (aotContext->engine->hasError())
    return static_cast<QObject *>(nullptr);
}
// generate_Ret
return r2_0;
});}
 },{ 172, QMetaType::fromType<QObject*>(), {  }, 
    [](const QQmlPrivate::AOTCompiledContext *context, void *data, void **argv) {
        wrapCall(context, data, argv, [](const QQmlPrivate::AOTCompiledContext *aotContext, void **argumentsPtr) {
Q_UNUSED(aotContext)
Q_UNUSED(argumentsPtr)
// expression for fill at line 868, column 9
QObject *r2_0;
// generate_LoadQmlContextPropertyLookup
while (!aotContext->loadScopeObjectPropertyLookup(387, &r2_0)) {
aotContext->setInstructionPointer(5);
aotContext->initLoadScopeObjectPropertyLookup(387, []() { static const auto t = QMetaType::fromName("QQuickItem*"); return t; }());
if (aotContext->engine->hasError())
    return static_cast<QObject *>(nullptr);
}
// generate_Ret
return r2_0;
});}
 },{ 175, QMetaType::fromType<QVariant>(), {  }, 
    [](const QQmlPrivate::AOTCompiledContext *context, void *data, void **argv) {
        wrapCall(context, data, argv, [](const QQmlPrivate::AOTCompiledContext *aotContext, void **argumentsPtr) {
Q_UNUSED(aotContext)
Q_UNUSED(argumentsPtr)
// expression for top at line 873, column 13
QObject *r2_0;
QVariant r2_1;
// generate_LoadQmlContextPropertyLookup
while (!aotContext->loadScopeObjectPropertyLookup(394, &r2_0)) {
aotContext->setInstructionPointer(5);
aotContext->initLoadScopeObjectPropertyLookup(394, []() { static const auto t = QMetaType::fromName("QQuickItem*"); return t; }());
if (aotContext->engine->hasError())
    return QVariant();
}
// generate_GetLookup
r2_1 = QVariant(aotContext->lookupResultMetaType(395));
while (!aotContext->getObjectLookup(395, r2_0, r2_1.data())) {
aotContext->setInstructionPointer(10);
aotContext->initGetObjectLookup(395, r2_0, r2_1.metaType());
if (aotContext->engine->hasError())
    return QVariant();
r2_1 = QVariant(aotContext->lookupResultMetaType(395));
}
// generate_Ret
if (!r2_1.isValid())
    aotContext->setReturnValueUndefined();
return r2_1;
});}
 },{ 176, QMetaType::fromType<QVariant>(), {  }, 
    [](const QQmlPrivate::AOTCompiledContext *context, void *data, void **argv) {
        wrapCall(context, data, argv, [](const QQmlPrivate::AOTCompiledContext *aotContext, void **argumentsPtr) {
Q_UNUSED(aotContext)
Q_UNUSED(argumentsPtr)
// expression for right at line 874, column 13
QObject *r2_0;
QVariant r2_1;
// generate_LoadQmlContextPropertyLookup
while (!aotContext->loadScopeObjectPropertyLookup(396, &r2_0)) {
aotContext->setInstructionPointer(5);
aotContext->initLoadScopeObjectPropertyLookup(396, []() { static const auto t = QMetaType::fromName("QQuickItem*"); return t; }());
if (aotContext->engine->hasError())
    return QVariant();
}
// generate_GetLookup
r2_1 = QVariant(aotContext->lookupResultMetaType(397));
while (!aotContext->getObjectLookup(397, r2_0, r2_1.data())) {
aotContext->setInstructionPointer(10);
aotContext->initGetObjectLookup(397, r2_0, r2_1.metaType());
if (aotContext->engine->hasError())
    return QVariant();
r2_1 = QVariant(aotContext->lookupResultMetaType(397));
}
// generate_Ret
if (!r2_1.isValid())
    aotContext->setReturnValueUndefined();
return r2_1;
});}
 },{ 178, QMetaType::fromType<QObject*>(), {  }, 
    [](const QQmlPrivate::AOTCompiledContext *context, void *data, void **argv) {
        wrapCall(context, data, argv, [](const QQmlPrivate::AOTCompiledContext *aotContext, void **argumentsPtr) {
Q_UNUSED(aotContext)
Q_UNUSED(argumentsPtr)
// expression for centerIn at line 899, column 21
QObject *r2_0;
// generate_LoadQmlContextPropertyLookup
while (!aotContext->loadScopeObjectPropertyLookup(408, &r2_0)) {
aotContext->setInstructionPointer(5);
aotContext->initLoadScopeObjectPropertyLookup(408, []() { static const auto t = QMetaType::fromName("QQuickItem*"); return t; }());
if (aotContext->engine->hasError())
    return static_cast<QObject *>(nullptr);
}
// generate_Ret
return r2_0;
});}
 },{ 179, QMetaType::fromType<QString>(), {  }, 
    [](const QQmlPrivate::AOTCompiledContext *context, void *data, void **argv) {
        wrapCall(context, data, argv, [](const QQmlPrivate::AOTCompiledContext *aotContext, void **argumentsPtr) {
Q_UNUSED(aotContext)
Q_UNUSED(argumentsPtr)
// expression for text at line 903, column 25
QObject *r2_0;
QString r2_1;
// generate_LoadQmlContextPropertyLookup
while (!aotContext->loadContextIdLookup(409, &r2_0)) {
aotContext->setInstructionPointer(5);
aotContext->initLoadContextIdLookup(409);
if (aotContext->engine->hasError())
    return QString();
}
// generate_GetLookup
while (!aotContext->getObjectLookup(410, r2_0, &r2_1)) {
aotContext->setInstructionPointer(10);
aotContext->initGetObjectLookup(410, r2_0, QMetaType::fromType<QString>());
if (aotContext->engine->hasError())
    return QString();
}
// generate_Ret
return r2_1;
});}
 },{ 180, QMetaType::fromType<QString>(), {  }, 
    [](const QQmlPrivate::AOTCompiledContext *context, void *data, void **argv) {
        wrapCall(context, data, argv, [](const QQmlPrivate::AOTCompiledContext *aotContext, void **argumentsPtr) {
Q_UNUSED(aotContext)
Q_UNUSED(argumentsPtr)
// expression for text at line 910, column 25
QObject *r2_0;
QString r2_1;
// generate_LoadQmlContextPropertyLookup
while (!aotContext->loadContextIdLookup(411, &r2_0)) {
aotContext->setInstructionPointer(5);
aotContext->initLoadContextIdLookup(411);
if (aotContext->engine->hasError())
    return QString();
}
// generate_GetLookup
while (!aotContext->getObjectLookup(412, r2_0, &r2_1)) {
aotContext->setInstructionPointer(10);
aotContext->initGetObjectLookup(412, r2_0, QMetaType::fromType<QString>());
if (aotContext->engine->hasError())
    return QString();
}
// generate_Ret
return r2_1;
});}
 },{ 181, QMetaType::fromType<int>(), {  }, 
    [](const QQmlPrivate::AOTCompiledContext *context, void *data, void **argv) {
        wrapCall(context, data, argv, [](const QQmlPrivate::AOTCompiledContext *aotContext, void **argumentsPtr) {
Q_UNUSED(aotContext)
Q_UNUSED(argumentsPtr)
// expression for elide at line 926, column 13
int r2_0;
// generate_GetLookup
while (!aotContext->getEnumLookup(414, &r2_0)) {
aotContext->setInstructionPointer(10);
aotContext->initGetEnumLookup(414, []() { static const auto t = QMetaType::fromName("QQuickText*"); return t; }().metaObject(), "TextElideMode", "ElideNone");
if (aotContext->engine->hasError())
    return int();
}
// generate_Ret
return r2_0;
});}
 },{ 182, QMetaType::fromType<int>(), {  }, 
    [](const QQmlPrivate::AOTCompiledContext *context, void *data, void **argv) {
        wrapCall(context, data, argv, [](const QQmlPrivate::AOTCompiledContext *aotContext, void **argumentsPtr) {
Q_UNUSED(aotContext)
Q_UNUSED(argumentsPtr)
// expression for horizontalAlignment at line 932, column 13
int r2_0;
// generate_GetLookup
while (!aotContext->getEnumLookup(416, &r2_0)) {
aotContext->setInstructionPointer(10);
aotContext->initGetEnumLookup(416, []() { static const auto t = QMetaType::fromName("QQuickText*"); return t; }().metaObject(), "HAlignment", "AlignHCenter");
if (aotContext->engine->hasError())
    return int();
}
// generate_Ret
return r2_0;
});}
 },{ 183, QMetaType::fromType<int>(), {  }, 
    [](const QQmlPrivate::AOTCompiledContext *context, void *data, void **argv) {
        wrapCall(context, data, argv, [](const QQmlPrivate::AOTCompiledContext *aotContext, void **argumentsPtr) {
Q_UNUSED(aotContext)
Q_UNUSED(argumentsPtr)
// expression for verticalAlignment at line 933, column 13
int r2_0;
// generate_GetLookup
while (!aotContext->getEnumLookup(418, &r2_0)) {
aotContext->setInstructionPointer(10);
aotContext->initGetEnumLookup(418, []() { static const auto t = QMetaType::fromName("QQuickText*"); return t; }().metaObject(), "VAlignment", "AlignVCenter");
if (aotContext->engine->hasError())
    return int();
}
// generate_Ret
return r2_0;
});}
 },{ 184, QMetaType::fromType<int>(), {  }, 
    [](const QQmlPrivate::AOTCompiledContext *context, void *data, void **argv) {
        wrapCall(context, data, argv, [](const QQmlPrivate::AOTCompiledContext *aotContext, void **argumentsPtr) {
Q_UNUSED(aotContext)
Q_UNUSED(argumentsPtr)
// expression for wrapMode at line 934, column 13
int r2_0;
// generate_GetLookup
while (!aotContext->getEnumLookup(420, &r2_0)) {
aotContext->setInstructionPointer(10);
aotContext->initGetEnumLookup(420, []() { static const auto t = QMetaType::fromName("QQuickText*"); return t; }().metaObject(), "WrapMode", "WordWrap");
if (aotContext->engine->hasError())
    return int();
}
// generate_Ret
return r2_0;
});}
 },{ 185, QMetaType::fromType<int>(), {  }, 
    [](const QQmlPrivate::AOTCompiledContext *context, void *data, void **argv) {
        wrapCall(context, data, argv, [](const QQmlPrivate::AOTCompiledContext *aotContext, void **argumentsPtr) {
Q_UNUSED(aotContext)
Q_UNUSED(argumentsPtr)
// expression for style at line 937, column 13
int r2_0;
// generate_GetLookup
while (!aotContext->getEnumLookup(422, &r2_0)) {
aotContext->setInstructionPointer(10);
aotContext->initGetEnumLookup(422, []() { static const auto t = QMetaType::fromName("QQuickText*"); return t; }().metaObject(), "TextStyle", "Sunken");
if (aotContext->engine->hasError())
    return int();
}
// generate_Ret
return r2_0;
});}
 },{ 186, QMetaType::fromType<int>(), {  }, 
    [](const QQmlPrivate::AOTCompiledContext *context, void *data, void **argv) {
        wrapCall(context, data, argv, [](const QQmlPrivate::AOTCompiledContext *aotContext, void **argumentsPtr) {
Q_UNUSED(aotContext)
Q_UNUSED(argumentsPtr)
// expression for textFormat at line 939, column 13
int r2_0;
// generate_GetLookup
while (!aotContext->getEnumLookup(424, &r2_0)) {
aotContext->setInstructionPointer(10);
aotContext->initGetEnumLookup(424, []() { static const auto t = QMetaType::fromName("QQuickText*"); return t; }().metaObject(), "TextFormat", "AutoText");
if (aotContext->engine->hasError())
    return int();
}
// generate_Ret
return r2_0;
});}
 },{ 187, QMetaType::fromType<QVariant>(), {  }, 
    [](const QQmlPrivate::AOTCompiledContext *context, void *data, void **argv) {
        wrapCall(context, data, argv, [](const QQmlPrivate::AOTCompiledContext *aotContext, void **argumentsPtr) {
Q_UNUSED(aotContext)
Q_UNUSED(argumentsPtr)
// expression for right at line 927, column 13
QObject *r2_0;
QVariant r2_1;
// generate_LoadQmlContextPropertyLookup
while (!aotContext->loadScopeObjectPropertyLookup(425, &r2_0)) {
aotContext->setInstructionPointer(5);
aotContext->initLoadScopeObjectPropertyLookup(425, []() { static const auto t = QMetaType::fromName("QQuickItem*"); return t; }());
if (aotContext->engine->hasError())
    return QVariant();
}
// generate_GetLookup
r2_1 = QVariant(aotContext->lookupResultMetaType(426));
while (!aotContext->getObjectLookup(426, r2_0, r2_1.data())) {
aotContext->setInstructionPointer(10);
aotContext->initGetObjectLookup(426, r2_0, r2_1.metaType());
if (aotContext->engine->hasError())
    return QVariant();
r2_1 = QVariant(aotContext->lookupResultMetaType(426));
}
// generate_Ret
if (!r2_1.isValid())
    aotContext->setReturnValueUndefined();
return r2_1;
});}
 },{ 188, QMetaType::fromType<QVariant>(), {  }, 
    [](const QQmlPrivate::AOTCompiledContext *context, void *data, void **argv) {
        wrapCall(context, data, argv, [](const QQmlPrivate::AOTCompiledContext *aotContext, void **argumentsPtr) {
Q_UNUSED(aotContext)
Q_UNUSED(argumentsPtr)
// expression for bottom at line 928, column 13
QObject *r2_0;
QVariant r2_1;
// generate_LoadQmlContextPropertyLookup
while (!aotContext->loadScopeObjectPropertyLookup(427, &r2_0)) {
aotContext->setInstructionPointer(5);
aotContext->initLoadScopeObjectPropertyLookup(427, []() { static const auto t = QMetaType::fromName("QQuickItem*"); return t; }());
if (aotContext->engine->hasError())
    return QVariant();
}
// generate_GetLookup
r2_1 = QVariant(aotContext->lookupResultMetaType(428));
while (!aotContext->getObjectLookup(428, r2_0, r2_1.data())) {
aotContext->setInstructionPointer(10);
aotContext->initGetObjectLookup(428, r2_0, r2_1.metaType());
if (aotContext->engine->hasError())
    return QVariant();
r2_1 = QVariant(aotContext->lookupResultMetaType(428));
}
// generate_Ret
if (!r2_1.isValid())
    aotContext->setReturnValueUndefined();
return r2_1;
});}
 },{ 189, QMetaType::fromType<int>(), {  }, 
    [](const QQmlPrivate::AOTCompiledContext *context, void *data, void **argv) {
        wrapCall(context, data, argv, [](const QQmlPrivate::AOTCompiledContext *aotContext, void **argumentsPtr) {
Q_UNUSED(aotContext)
Q_UNUSED(argumentsPtr)
// expression for hintingPreference at line 935, column 13
int r2_0;
// generate_GetLookup
while (!aotContext->getEnumLookup(430, &r2_0)) {
aotContext->setInstructionPointer(10);
aotContext->initGetEnumLookup(430, []() { static const auto t = QMetaType::fromName("QQuickFontEnums"); return t; }().metaObject(), "HintingPreference", "PreferDefaultHinting");
if (aotContext->engine->hasError())
    return int();
}
// generate_Ret
return r2_0;
});}
 },{ 190, QMetaType::fromType<int>(), {  }, 
    [](const QQmlPrivate::AOTCompiledContext *context, void *data, void **argv) {
        wrapCall(context, data, argv, [](const QQmlPrivate::AOTCompiledContext *aotContext, void **argumentsPtr) {
Q_UNUSED(aotContext)
Q_UNUSED(argumentsPtr)
// expression for capitalization at line 938, column 13
int r2_0;
// generate_GetLookup
while (!aotContext->getEnumLookup(432, &r2_0)) {
aotContext->setInstructionPointer(10);
aotContext->initGetEnumLookup(432, []() { static const auto t = QMetaType::fromName("QQuickFontEnums"); return t; }().metaObject(), "Capitalization", "AllUppercase");
if (aotContext->engine->hasError())
    return int();
}
// generate_Ret
return r2_0;
});}
 },{ 191, QMetaType::fromType<int>(), {  }, 
    [](const QQmlPrivate::AOTCompiledContext *context, void *data, void **argv) {
        wrapCall(context, data, argv, [](const QQmlPrivate::AOTCompiledContext *aotContext, void **argumentsPtr) {
Q_UNUSED(aotContext)
Q_UNUSED(argumentsPtr)
// expression for weight at line 941, column 13
int r2_0;
// generate_GetLookup
while (!aotContext->getEnumLookup(434, &r2_0)) {
aotContext->setInstructionPointer(10);
aotContext->initGetEnumLookup(434, []() { static const auto t = QMetaType::fromName("QQuickFontEnums"); return t; }().metaObject(), "FontWeight", "Bold");
if (aotContext->engine->hasError())
    return int();
}
// generate_Ret
return r2_0;
});}
 },{ 192, QMetaType::fromType<int>(), {  }, 
    [](const QQmlPrivate::AOTCompiledContext *context, void *data, void **argv) {
        wrapCall(context, data, argv, [](const QQmlPrivate::AOTCompiledContext *aotContext, void **argumentsPtr) {
Q_UNUSED(aotContext)
Q_UNUSED(argumentsPtr)
// expression for fillMode at line 958, column 13
int r2_0;
// generate_GetLookup
while (!aotContext->getEnumLookup(436, &r2_0)) {
aotContext->setInstructionPointer(10);
aotContext->initGetEnumLookup(436, []() { static const auto t = QMetaType::fromName("QQuickImage*"); return t; }().metaObject(), "FillMode", "PreserveAspectFit");
if (aotContext->engine->hasError())
    return int();
}
// generate_Ret
return r2_0;
});}
 },{ 193, QMetaType::fromType<QVariant>(), {  }, 
    [](const QQmlPrivate::AOTCompiledContext *context, void *data, void **argv) {
        wrapCall(context, data, argv, [](const QQmlPrivate::AOTCompiledContext *aotContext, void **argumentsPtr) {
Q_UNUSED(aotContext)
Q_UNUSED(argumentsPtr)
// expression for left at line 952, column 13
QObject *r2_0;
QVariant r2_1;
// generate_LoadQmlContextPropertyLookup
while (!aotContext->loadScopeObjectPropertyLookup(437, &r2_0)) {
aotContext->setInstructionPointer(5);
aotContext->initLoadScopeObjectPropertyLookup(437, []() { static const auto t = QMetaType::fromName("QQuickItem*"); return t; }());
if (aotContext->engine->hasError())
    return QVariant();
}
// generate_GetLookup
r2_1 = QVariant(aotContext->lookupResultMetaType(438));
while (!aotContext->getObjectLookup(438, r2_0, r2_1.data())) {
aotContext->setInstructionPointer(10);
aotContext->initGetObjectLookup(438, r2_0, r2_1.metaType());
if (aotContext->engine->hasError())
    return QVariant();
r2_1 = QVariant(aotContext->lookupResultMetaType(438));
}
// generate_Ret
if (!r2_1.isValid())
    aotContext->setReturnValueUndefined();
return r2_1;
});}
 },{ 194, QMetaType::fromType<QVariant>(), {  }, 
    [](const QQmlPrivate::AOTCompiledContext *context, void *data, void **argv) {
        wrapCall(context, data, argv, [](const QQmlPrivate::AOTCompiledContext *aotContext, void **argumentsPtr) {
Q_UNUSED(aotContext)
Q_UNUSED(argumentsPtr)
// expression for top at line 953, column 13
QObject *r2_0;
QVariant r2_1;
// generate_LoadQmlContextPropertyLookup
while (!aotContext->loadScopeObjectPropertyLookup(439, &r2_0)) {
aotContext->setInstructionPointer(5);
aotContext->initLoadScopeObjectPropertyLookup(439, []() { static const auto t = QMetaType::fromName("QQuickItem*"); return t; }());
if (aotContext->engine->hasError())
    return QVariant();
}
// generate_GetLookup
r2_1 = QVariant(aotContext->lookupResultMetaType(440));
while (!aotContext->getObjectLookup(440, r2_0, r2_1.data())) {
aotContext->setInstructionPointer(10);
aotContext->initGetObjectLookup(440, r2_0, r2_1.metaType());
if (aotContext->engine->hasError())
    return QVariant();
r2_1 = QVariant(aotContext->lookupResultMetaType(440));
}
// generate_Ret
if (!r2_1.isValid())
    aotContext->setReturnValueUndefined();
return r2_1;
});}
 },{ 195, QMetaType::fromType<QVariant>(), {  }, 
    [](const QQmlPrivate::AOTCompiledContext *context, void *data, void **argv) {
        wrapCall(context, data, argv, [](const QQmlPrivate::AOTCompiledContext *aotContext, void **argumentsPtr) {
Q_UNUSED(aotContext)
Q_UNUSED(argumentsPtr)
// expression for right at line 968, column 13
QObject *r2_0;
QVariant r2_1;
// generate_LoadQmlContextPropertyLookup
while (!aotContext->loadScopeObjectPropertyLookup(441, &r2_0)) {
aotContext->setInstructionPointer(5);
aotContext->initLoadScopeObjectPropertyLookup(441, []() { static const auto t = QMetaType::fromName("QQuickItem*"); return t; }());
if (aotContext->engine->hasError())
    return QVariant();
}
// generate_GetLookup
r2_1 = QVariant(aotContext->lookupResultMetaType(442));
while (!aotContext->getObjectLookup(442, r2_0, r2_1.data())) {
aotContext->setInstructionPointer(10);
aotContext->initGetObjectLookup(442, r2_0, r2_1.metaType());
if (aotContext->engine->hasError())
    return QVariant();
r2_1 = QVariant(aotContext->lookupResultMetaType(442));
}
// generate_Ret
if (!r2_1.isValid())
    aotContext->setReturnValueUndefined();
return r2_1;
});}
 },{ 196, QMetaType::fromType<QVariant>(), {  }, 
    [](const QQmlPrivate::AOTCompiledContext *context, void *data, void **argv) {
        wrapCall(context, data, argv, [](const QQmlPrivate::AOTCompiledContext *aotContext, void **argumentsPtr) {
Q_UNUSED(aotContext)
Q_UNUSED(argumentsPtr)
// expression for top at line 969, column 13
QObject *r2_0;
QVariant r2_1;
// generate_LoadQmlContextPropertyLookup
while (!aotContext->loadScopeObjectPropertyLookup(443, &r2_0)) {
aotContext->setInstructionPointer(5);
aotContext->initLoadScopeObjectPropertyLookup(443, []() { static const auto t = QMetaType::fromName("QQuickItem*"); return t; }());
if (aotContext->engine->hasError())
    return QVariant();
}
// generate_GetLookup
r2_1 = QVariant(aotContext->lookupResultMetaType(444));
while (!aotContext->getObjectLookup(444, r2_0, r2_1.data())) {
aotContext->setInstructionPointer(10);
aotContext->initGetObjectLookup(444, r2_0, r2_1.metaType());
if (aotContext->engine->hasError())
    return QVariant();
r2_1 = QVariant(aotContext->lookupResultMetaType(444));
}
// generate_Ret
if (!r2_1.isValid())
    aotContext->setReturnValueUndefined();
return r2_1;
});}
 },{ 197, QMetaType::fromType<int>(), {  }, 
    [](const QQmlPrivate::AOTCompiledContext *context, void *data, void **argv) {
        wrapCall(context, data, argv, [](const QQmlPrivate::AOTCompiledContext *aotContext, void **argumentsPtr) {
Q_UNUSED(aotContext)
Q_UNUSED(argumentsPtr)
// expression for horizontalAlignment at line 994, column 13
int r2_0;
// generate_GetLookup
while (!aotContext->getEnumLookup(446, &r2_0)) {
aotContext->setInstructionPointer(10);
aotContext->initGetEnumLookup(446, []() { static const auto t = QMetaType::fromName("QQuickText*"); return t; }().metaObject(), "HAlignment", "AlignHCenter");
if (aotContext->engine->hasError())
    return int();
}
// generate_Ret
return r2_0;
});}
 },{ 198, QMetaType::fromType<int>(), {  }, 
    [](const QQmlPrivate::AOTCompiledContext *context, void *data, void **argv) {
        wrapCall(context, data, argv, [](const QQmlPrivate::AOTCompiledContext *aotContext, void **argumentsPtr) {
Q_UNUSED(aotContext)
Q_UNUSED(argumentsPtr)
// expression for verticalAlignment at line 995, column 13
int r2_0;
// generate_GetLookup
while (!aotContext->getEnumLookup(448, &r2_0)) {
aotContext->setInstructionPointer(10);
aotContext->initGetEnumLookup(448, []() { static const auto t = QMetaType::fromName("QQuickText*"); return t; }().metaObject(), "VAlignment", "AlignVCenter");
if (aotContext->engine->hasError())
    return int();
}
// generate_Ret
return r2_0;
});}
 },{ 199, QMetaType::fromType<QVariant>(), {  }, 
    [](const QQmlPrivate::AOTCompiledContext *context, void *data, void **argv) {
        wrapCall(context, data, argv, [](const QQmlPrivate::AOTCompiledContext *aotContext, void **argumentsPtr) {
Q_UNUSED(aotContext)
Q_UNUSED(argumentsPtr)
// expression for right at line 989, column 13
QObject *r2_0;
QVariant r2_1;
// generate_LoadQmlContextPropertyLookup
while (!aotContext->loadScopeObjectPropertyLookup(449, &r2_0)) {
aotContext->setInstructionPointer(5);
aotContext->initLoadScopeObjectPropertyLookup(449, []() { static const auto t = QMetaType::fromName("QQuickItem*"); return t; }());
if (aotContext->engine->hasError())
    return QVariant();
}
// generate_GetLookup
r2_1 = QVariant(aotContext->lookupResultMetaType(450));
while (!aotContext->getObjectLookup(450, r2_0, r2_1.data())) {
aotContext->setInstructionPointer(10);
aotContext->initGetObjectLookup(450, r2_0, r2_1.metaType());
if (aotContext->engine->hasError())
    return QVariant();
r2_1 = QVariant(aotContext->lookupResultMetaType(450));
}
// generate_Ret
if (!r2_1.isValid())
    aotContext->setReturnValueUndefined();
return r2_1;
});}
 },{ 200, QMetaType::fromType<QVariant>(), {  }, 
    [](const QQmlPrivate::AOTCompiledContext *context, void *data, void **argv) {
        wrapCall(context, data, argv, [](const QQmlPrivate::AOTCompiledContext *aotContext, void **argumentsPtr) {
Q_UNUSED(aotContext)
Q_UNUSED(argumentsPtr)
// expression for top at line 990, column 13
QObject *r2_0;
QVariant r2_1;
// generate_LoadQmlContextPropertyLookup
while (!aotContext->loadScopeObjectPropertyLookup(451, &r2_0)) {
aotContext->setInstructionPointer(5);
aotContext->initLoadScopeObjectPropertyLookup(451, []() { static const auto t = QMetaType::fromName("QQuickItem*"); return t; }());
if (aotContext->engine->hasError())
    return QVariant();
}
// generate_GetLookup
r2_1 = QVariant(aotContext->lookupResultMetaType(452));
while (!aotContext->getObjectLookup(452, r2_0, r2_1.data())) {
aotContext->setInstructionPointer(10);
aotContext->initGetObjectLookup(452, r2_0, r2_1.metaType());
if (aotContext->engine->hasError())
    return QVariant();
r2_1 = QVariant(aotContext->lookupResultMetaType(452));
}
// generate_Ret
if (!r2_1.isValid())
    aotContext->setReturnValueUndefined();
return r2_1;
});}
 },{ 201, QMetaType::fromType<int>(), {  }, 
    [](const QQmlPrivate::AOTCompiledContext *context, void *data, void **argv) {
        wrapCall(context, data, argv, [](const QQmlPrivate::AOTCompiledContext *aotContext, void **argumentsPtr) {
Q_UNUSED(aotContext)
Q_UNUSED(argumentsPtr)
// expression for horizontalAlignment at line 1022, column 13
int r2_0;
// generate_GetLookup
while (!aotContext->getEnumLookup(454, &r2_0)) {
aotContext->setInstructionPointer(10);
aotContext->initGetEnumLookup(454, []() { static const auto t = QMetaType::fromName("QQuickText*"); return t; }().metaObject(), "HAlignment", "AlignHCenter");
if (aotContext->engine->hasError())
    return int();
}
// generate_Ret
return r2_0;
});}
 },{ 202, QMetaType::fromType<int>(), {  }, 
    [](const QQmlPrivate::AOTCompiledContext *context, void *data, void **argv) {
        wrapCall(context, data, argv, [](const QQmlPrivate::AOTCompiledContext *aotContext, void **argumentsPtr) {
Q_UNUSED(aotContext)
Q_UNUSED(argumentsPtr)
// expression for verticalAlignment at line 1023, column 13
int r2_0;
// generate_GetLookup
while (!aotContext->getEnumLookup(456, &r2_0)) {
aotContext->setInstructionPointer(10);
aotContext->initGetEnumLookup(456, []() { static const auto t = QMetaType::fromName("QQuickText*"); return t; }().metaObject(), "VAlignment", "AlignVCenter");
if (aotContext->engine->hasError())
    return int();
}
// generate_Ret
return r2_0;
});}
 },{ 203, QMetaType::fromType<QVariant>(), {  }, 
    [](const QQmlPrivate::AOTCompiledContext *context, void *data, void **argv) {
        wrapCall(context, data, argv, [](const QQmlPrivate::AOTCompiledContext *aotContext, void **argumentsPtr) {
Q_UNUSED(aotContext)
Q_UNUSED(argumentsPtr)
// expression for left at line 1017, column 13
QObject *r2_0;
QVariant r2_1;
// generate_LoadQmlContextPropertyLookup
while (!aotContext->loadScopeObjectPropertyLookup(457, &r2_0)) {
aotContext->setInstructionPointer(5);
aotContext->initLoadScopeObjectPropertyLookup(457, []() { static const auto t = QMetaType::fromName("QQuickItem*"); return t; }());
if (aotContext->engine->hasError())
    return QVariant();
}
// generate_GetLookup
r2_1 = QVariant(aotContext->lookupResultMetaType(458));
while (!aotContext->getObjectLookup(458, r2_0, r2_1.data())) {
aotContext->setInstructionPointer(10);
aotContext->initGetObjectLookup(458, r2_0, r2_1.metaType());
if (aotContext->engine->hasError())
    return QVariant();
r2_1 = QVariant(aotContext->lookupResultMetaType(458));
}
// generate_Ret
if (!r2_1.isValid())
    aotContext->setReturnValueUndefined();
return r2_1;
});}
 },{ 204, QMetaType::fromType<QVariant>(), {  }, 
    [](const QQmlPrivate::AOTCompiledContext *context, void *data, void **argv) {
        wrapCall(context, data, argv, [](const QQmlPrivate::AOTCompiledContext *aotContext, void **argumentsPtr) {
Q_UNUSED(aotContext)
Q_UNUSED(argumentsPtr)
// expression for top at line 1018, column 13
QObject *r2_0;
QVariant r2_1;
// generate_LoadQmlContextPropertyLookup
while (!aotContext->loadScopeObjectPropertyLookup(459, &r2_0)) {
aotContext->setInstructionPointer(5);
aotContext->initLoadScopeObjectPropertyLookup(459, []() { static const auto t = QMetaType::fromName("QQuickItem*"); return t; }());
if (aotContext->engine->hasError())
    return QVariant();
}
// generate_GetLookup
r2_1 = QVariant(aotContext->lookupResultMetaType(460));
while (!aotContext->getObjectLookup(460, r2_0, r2_1.data())) {
aotContext->setInstructionPointer(10);
aotContext->initGetObjectLookup(460, r2_0, r2_1.metaType());
if (aotContext->engine->hasError())
    return QVariant();
r2_1 = QVariant(aotContext->lookupResultMetaType(460));
}
// generate_Ret
if (!r2_1.isValid())
    aotContext->setReturnValueUndefined();
return r2_1;
});}
 },{ 205, QMetaType::fromType<QVariant>(), {  }, 
    [](const QQmlPrivate::AOTCompiledContext *context, void *data, void **argv) {
        wrapCall(context, data, argv, [](const QQmlPrivate::AOTCompiledContext *aotContext, void **argumentsPtr) {
Q_UNUSED(aotContext)
Q_UNUSED(argumentsPtr)
// expression for horizontalCenter at line 1032, column 13
QObject *r2_0;
QVariant r2_1;
// generate_LoadQmlContextPropertyLookup
while (!aotContext->loadScopeObjectPropertyLookup(461, &r2_0)) {
aotContext->setInstructionPointer(5);
aotContext->initLoadScopeObjectPropertyLookup(461, []() { static const auto t = QMetaType::fromName("QQuickItem*"); return t; }());
if (aotContext->engine->hasError())
    return QVariant();
}
// generate_GetLookup
r2_1 = QVariant(aotContext->lookupResultMetaType(462));
while (!aotContext->getObjectLookup(462, r2_0, r2_1.data())) {
aotContext->setInstructionPointer(10);
aotContext->initGetObjectLookup(462, r2_0, r2_1.metaType());
if (aotContext->engine->hasError())
    return QVariant();
r2_1 = QVariant(aotContext->lookupResultMetaType(462));
}
// generate_Ret
if (!r2_1.isValid())
    aotContext->setReturnValueUndefined();
return r2_1;
});}
 },{ 206, QMetaType::fromType<QVariant>(), {  }, 
    [](const QQmlPrivate::AOTCompiledContext *context, void *data, void **argv) {
        wrapCall(context, data, argv, [](const QQmlPrivate::AOTCompiledContext *aotContext, void **argumentsPtr) {
Q_UNUSED(aotContext)
Q_UNUSED(argumentsPtr)
// expression for top at line 1033, column 13
QObject *r2_0;
QVariant r2_1;
// generate_LoadQmlContextPropertyLookup
while (!aotContext->loadScopeObjectPropertyLookup(463, &r2_0)) {
aotContext->setInstructionPointer(5);
aotContext->initLoadScopeObjectPropertyLookup(463, []() { static const auto t = QMetaType::fromName("QQuickItem*"); return t; }());
if (aotContext->engine->hasError())
    return QVariant();
}
// generate_GetLookup
r2_1 = QVariant(aotContext->lookupResultMetaType(464));
while (!aotContext->getObjectLookup(464, r2_0, r2_1.data())) {
aotContext->setInstructionPointer(10);
aotContext->initGetObjectLookup(464, r2_0, r2_1.metaType());
if (aotContext->engine->hasError())
    return QVariant();
r2_1 = QVariant(aotContext->lookupResultMetaType(464));
}
// generate_Ret
if (!r2_1.isValid())
    aotContext->setReturnValueUndefined();
return r2_1;
});}
 },{ 208, QMetaType::fromType<QVariant>(), {  }, 
    [](const QQmlPrivate::AOTCompiledContext *context, void *data, void **argv) {
        wrapCall(context, data, argv, [](const QQmlPrivate::AOTCompiledContext *aotContext, void **argumentsPtr) {
Q_UNUSED(aotContext)
Q_UNUSED(argumentsPtr)
// expression for horizontalCenter at line 1040, column 17
QObject *r2_0;
QVariant r2_1;
// generate_LoadQmlContextPropertyLookup
while (!aotContext->loadScopeObjectPropertyLookup(475, &r2_0)) {
aotContext->setInstructionPointer(5);
aotContext->initLoadScopeObjectPropertyLookup(475, []() { static const auto t = QMetaType::fromName("QQuickItem*"); return t; }());
if (aotContext->engine->hasError())
    return QVariant();
}
// generate_GetLookup
r2_1 = QVariant(aotContext->lookupResultMetaType(476));
while (!aotContext->getObjectLookup(476, r2_0, r2_1.data())) {
aotContext->setInstructionPointer(10);
aotContext->initGetObjectLookup(476, r2_0, r2_1.metaType());
if (aotContext->engine->hasError())
    return QVariant();
r2_1 = QVariant(aotContext->lookupResultMetaType(476));
}
// generate_Ret
if (!r2_1.isValid())
    aotContext->setReturnValueUndefined();
return r2_1;
});}
 },{ 212, QMetaType::fromType<QVariant>(), {  }, 
    [](const QQmlPrivate::AOTCompiledContext *context, void *data, void **argv) {
        wrapCall(context, data, argv, [](const QQmlPrivate::AOTCompiledContext *aotContext, void **argumentsPtr) {
Q_UNUSED(aotContext)
Q_UNUSED(argumentsPtr)
// expression for horizontalCenter at line 1089, column 17
QObject *r2_0;
QVariant r2_1;
// generate_LoadQmlContextPropertyLookup
while (!aotContext->loadScopeObjectPropertyLookup(488, &r2_0)) {
aotContext->setInstructionPointer(5);
aotContext->initLoadScopeObjectPropertyLookup(488, []() { static const auto t = QMetaType::fromName("QQuickItem*"); return t; }());
if (aotContext->engine->hasError())
    return QVariant();
}
// generate_GetLookup
r2_1 = QVariant(aotContext->lookupResultMetaType(489));
while (!aotContext->getObjectLookup(489, r2_0, r2_1.data())) {
aotContext->setInstructionPointer(10);
aotContext->initGetObjectLookup(489, r2_0, r2_1.metaType());
if (aotContext->engine->hasError())
    return QVariant();
r2_1 = QVariant(aotContext->lookupResultMetaType(489));
}
// generate_Ret
if (!r2_1.isValid())
    aotContext->setReturnValueUndefined();
return r2_1;
});}
 },{ 213, QMetaType::fromType<QVariant>(), {  }, 
    [](const QQmlPrivate::AOTCompiledContext *context, void *data, void **argv) {
        wrapCall(context, data, argv, [](const QQmlPrivate::AOTCompiledContext *aotContext, void **argumentsPtr) {
Q_UNUSED(aotContext)
Q_UNUSED(argumentsPtr)
// expression for horizontalCenter at line 1093, column 21
QObject *r2_0;
QVariant r2_1;
// generate_LoadQmlContextPropertyLookup
while (!aotContext->loadScopeObjectPropertyLookup(490, &r2_0)) {
aotContext->setInstructionPointer(5);
aotContext->initLoadScopeObjectPropertyLookup(490, []() { static const auto t = QMetaType::fromName("QQuickItem*"); return t; }());
if (aotContext->engine->hasError())
    return QVariant();
}
// generate_GetLookup
r2_1 = QVariant(aotContext->lookupResultMetaType(491));
while (!aotContext->getObjectLookup(491, r2_0, r2_1.data())) {
aotContext->setInstructionPointer(10);
aotContext->initGetObjectLookup(491, r2_0, r2_1.metaType());
if (aotContext->engine->hasError())
    return QVariant();
r2_1 = QVariant(aotContext->lookupResultMetaType(491));
}
// generate_Ret
if (!r2_1.isValid())
    aotContext->setReturnValueUndefined();
return r2_1;
});}
 },{ 217, QMetaType::fromType<double>(), {  }, 
    [](const QQmlPrivate::AOTCompiledContext *context, void *data, void **argv) {
        wrapCall(context, data, argv, [](const QQmlPrivate::AOTCompiledContext *aotContext, void **argumentsPtr) {
Q_UNUSED(aotContext)
Q_UNUSED(argumentsPtr)
// expression for height at line 1158, column 25
double r2_1;
QObject *r2_0;
// generate_LoadQmlContextPropertyLookup
while (!aotContext->loadScopeObjectPropertyLookup(524, &r2_0)) {
aotContext->setInstructionPointer(5);
aotContext->initLoadScopeObjectPropertyLookup(524, []() { static const auto t = QMetaType::fromName("QQuickItem*"); return t; }());
if (aotContext->engine->hasError())
    return double();
}
// generate_GetLookup
while (!aotContext->getObjectLookup(525, r2_0, &r2_1)) {
aotContext->setInstructionPointer(10);
aotContext->initGetObjectLookup(525, r2_0, QMetaType::fromType<double>());
if (aotContext->engine->hasError())
    return double();
}
// generate_Ret
return r2_1;
});}
 },{ 218, QMetaType::fromType<QVariant>(), {  }, 
    [](const QQmlPrivate::AOTCompiledContext *context, void *data, void **argv) {
        wrapCall(context, data, argv, [](const QQmlPrivate::AOTCompiledContext *aotContext, void **argumentsPtr) {
Q_UNUSED(aotContext)
Q_UNUSED(argumentsPtr)
// expression for top at line 1180, column 13
QObject *r2_0;
QVariant r2_1;
// generate_LoadQmlContextPropertyLookup
while (!aotContext->loadScopeObjectPropertyLookup(526, &r2_0)) {
aotContext->setInstructionPointer(5);
aotContext->initLoadScopeObjectPropertyLookup(526, []() { static const auto t = QMetaType::fromName("QQuickItem*"); return t; }());
if (aotContext->engine->hasError())
    return QVariant();
}
// generate_GetLookup
r2_1 = QVariant(aotContext->lookupResultMetaType(527));
while (!aotContext->getObjectLookup(527, r2_0, r2_1.data())) {
aotContext->setInstructionPointer(10);
aotContext->initGetObjectLookup(527, r2_0, r2_1.metaType());
if (aotContext->engine->hasError())
    return QVariant();
r2_1 = QVariant(aotContext->lookupResultMetaType(527));
}
// generate_Ret
if (!r2_1.isValid())
    aotContext->setReturnValueUndefined();
return r2_1;
});}
 },{ 219, QMetaType::fromType<QVariant>(), {  }, 
    [](const QQmlPrivate::AOTCompiledContext *context, void *data, void **argv) {
        wrapCall(context, data, argv, [](const QQmlPrivate::AOTCompiledContext *aotContext, void **argumentsPtr) {
Q_UNUSED(aotContext)
Q_UNUSED(argumentsPtr)
// expression for right at line 1181, column 13
QObject *r2_0;
QVariant r2_1;
// generate_LoadQmlContextPropertyLookup
while (!aotContext->loadScopeObjectPropertyLookup(528, &r2_0)) {
aotContext->setInstructionPointer(5);
aotContext->initLoadScopeObjectPropertyLookup(528, []() { static const auto t = QMetaType::fromName("QQuickItem*"); return t; }());
if (aotContext->engine->hasError())
    return QVariant();
}
// generate_GetLookup
r2_1 = QVariant(aotContext->lookupResultMetaType(529));
while (!aotContext->getObjectLookup(529, r2_0, r2_1.data())) {
aotContext->setInstructionPointer(10);
aotContext->initGetObjectLookup(529, r2_0, r2_1.metaType());
if (aotContext->engine->hasError())
    return QVariant();
r2_1 = QVariant(aotContext->lookupResultMetaType(529));
}
// generate_Ret
if (!r2_1.isValid())
    aotContext->setReturnValueUndefined();
return r2_1;
});}
 },{ 223, QMetaType::fromType<int>(), {  }, 
    [](const QQmlPrivate::AOTCompiledContext *context, void *data, void **argv) {
        wrapCall(context, data, argv, [](const QQmlPrivate::AOTCompiledContext *aotContext, void **argumentsPtr) {
Q_UNUSED(aotContext)
Q_UNUSED(argumentsPtr)
// expression for verticalAlignment at line 1216, column 25
int r2_0;
// generate_GetLookup
while (!aotContext->getEnumLookup(536, &r2_0)) {
aotContext->setInstructionPointer(10);
aotContext->initGetEnumLookup(536, []() { static const auto t = QMetaType::fromName("QQuickText*"); return t; }().metaObject(), "VAlignment", "AlignVCenter");
if (aotContext->engine->hasError())
    return int();
}
// generate_Ret
return r2_0;
});}
 },{ 224, QMetaType::fromType<int>(), {  }, 
    [](const QQmlPrivate::AOTCompiledContext *context, void *data, void **argv) {
        wrapCall(context, data, argv, [](const QQmlPrivate::AOTCompiledContext *aotContext, void **argumentsPtr) {
Q_UNUSED(aotContext)
Q_UNUSED(argumentsPtr)
// expression for horizontalAlignment at line 1217, column 25
int r2_0;
// generate_GetLookup
while (!aotContext->getEnumLookup(538, &r2_0)) {
aotContext->setInstructionPointer(10);
aotContext->initGetEnumLookup(538, []() { static const auto t = QMetaType::fromName("QQuickText*"); return t; }().metaObject(), "HAlignment", "AlignHCenter");
if (aotContext->engine->hasError())
    return int();
}
// generate_Ret
return r2_0;
});}
 },{ 228, QMetaType::fromType<int>(), {  }, 
    [](const QQmlPrivate::AOTCompiledContext *context, void *data, void **argv) {
        wrapCall(context, data, argv, [](const QQmlPrivate::AOTCompiledContext *aotContext, void **argumentsPtr) {
Q_UNUSED(aotContext)
Q_UNUSED(argumentsPtr)
// expression for verticalAlignment at line 1252, column 25
int r2_0;
// generate_GetLookup
while (!aotContext->getEnumLookup(545, &r2_0)) {
aotContext->setInstructionPointer(10);
aotContext->initGetEnumLookup(545, []() { static const auto t = QMetaType::fromName("QQuickText*"); return t; }().metaObject(), "VAlignment", "AlignVCenter");
if (aotContext->engine->hasError())
    return int();
}
// generate_Ret
return r2_0;
});}
 },{ 229, QMetaType::fromType<int>(), {  }, 
    [](const QQmlPrivate::AOTCompiledContext *context, void *data, void **argv) {
        wrapCall(context, data, argv, [](const QQmlPrivate::AOTCompiledContext *aotContext, void **argumentsPtr) {
Q_UNUSED(aotContext)
Q_UNUSED(argumentsPtr)
// expression for horizontalAlignment at line 1253, column 25
int r2_0;
// generate_GetLookup
while (!aotContext->getEnumLookup(547, &r2_0)) {
aotContext->setInstructionPointer(10);
aotContext->initGetEnumLookup(547, []() { static const auto t = QMetaType::fromName("QQuickText*"); return t; }().metaObject(), "HAlignment", "AlignHCenter");
if (aotContext->engine->hasError())
    return int();
}
// generate_Ret
return r2_0;
});}
 },{ 230, QMetaType::fromType<double>(), {  }, 
    [](const QQmlPrivate::AOTCompiledContext *context, void *data, void **argv) {
        wrapCall(context, data, argv, [](const QQmlPrivate::AOTCompiledContext *aotContext, void **argumentsPtr) {
Q_UNUSED(aotContext)
Q_UNUSED(argumentsPtr)
// expression for width at line 1262, column 13
double r2_1;
QObject *r2_0;
// generate_LoadQmlContextPropertyLookup
while (!aotContext->loadScopeObjectPropertyLookup(548, &r2_0)) {
aotContext->setInstructionPointer(5);
aotContext->initLoadScopeObjectPropertyLookup(548, []() { static const auto t = QMetaType::fromName("QQuickItem*"); return t; }());
if (aotContext->engine->hasError())
    return double();
}
// generate_GetLookup
while (!aotContext->getObjectLookup(549, r2_0, &r2_1)) {
aotContext->setInstructionPointer(10);
aotContext->initGetObjectLookup(549, r2_0, QMetaType::fromType<double>());
if (aotContext->engine->hasError())
    return double();
}
// generate_Ret
return r2_1;
});}
 },{ 231, QMetaType::fromType<double>(), {  }, 
    [](const QQmlPrivate::AOTCompiledContext *context, void *data, void **argv) {
        wrapCall(context, data, argv, [](const QQmlPrivate::AOTCompiledContext *aotContext, void **argumentsPtr) {
Q_UNUSED(aotContext)
Q_UNUSED(argumentsPtr)
// expression for height at line 1263, column 13
double r2_1;
QObject *r2_0;
// generate_LoadQmlContextPropertyLookup
while (!aotContext->loadScopeObjectPropertyLookup(550, &r2_0)) {
aotContext->setInstructionPointer(5);
aotContext->initLoadScopeObjectPropertyLookup(550, []() { static const auto t = QMetaType::fromName("QQuickItem*"); return t; }());
if (aotContext->engine->hasError())
    return double();
}
// generate_GetLookup
while (!aotContext->getObjectLookup(551, r2_0, &r2_1)) {
aotContext->setInstructionPointer(10);
aotContext->initGetObjectLookup(551, r2_0, QMetaType::fromType<double>());
if (aotContext->engine->hasError())
    return double();
}
// generate_Ret
return r2_1;
});}
 },{ 232, QMetaType::fromType<double>(), {  }, 
    [](const QQmlPrivate::AOTCompiledContext *context, void *data, void **argv) {
        wrapCall(context, data, argv, [](const QQmlPrivate::AOTCompiledContext *aotContext, void **argumentsPtr) {
Q_UNUSED(aotContext)
Q_UNUSED(argumentsPtr)
// expression for cameraWidth at line 1267, column 13
double r2_1;
bool r2_0;
// generate_LoadQmlContextPropertyLookup
while (!aotContext->loadScopeObjectPropertyLookup(552, &r2_0)) {
aotContext->setInstructionPointer(5);
aotContext->initLoadScopeObjectPropertyLookup(552, QMetaType::fromType<bool>());
if (aotContext->engine->hasError())
    return double();
}
// generate_JumpFalse
if (!r2_0) {
    goto label_0;
}
;
// generate_LoadInt
r2_1 = double(600);
// generate_Jump
{
    goto label_1;
}
;
label_0:;
// generate_LoadZero
r2_1 = double(0);
label_1:;
// generate_Ret
return r2_1;
});}
 },{ 233, QMetaType::fromType<double>(), {  }, 
    [](const QQmlPrivate::AOTCompiledContext *context, void *data, void **argv) {
        wrapCall(context, data, argv, [](const QQmlPrivate::AOTCompiledContext *aotContext, void **argumentsPtr) {
Q_UNUSED(aotContext)
Q_UNUSED(argumentsPtr)
// expression for cameraHeight at line 1268, column 13
double r2_1;
bool r2_0;
// generate_LoadQmlContextPropertyLookup
while (!aotContext->loadScopeObjectPropertyLookup(553, &r2_0)) {
aotContext->setInstructionPointer(5);
aotContext->initLoadScopeObjectPropertyLookup(553, QMetaType::fromType<bool>());
if (aotContext->engine->hasError())
    return double();
}
// generate_JumpFalse
if (!r2_0) {
    goto label_0;
}
;
// generate_LoadInt
r2_1 = double(500);
// generate_Jump
{
    goto label_1;
}
;
label_0:;
// generate_LoadZero
r2_1 = double(0);
label_1:;
// generate_Ret
return r2_1;
});}
 },{ 234, QMetaType::fromType<QVariant>(), {  }, 
    [](const QQmlPrivate::AOTCompiledContext *context, void *data, void **argv) {
        wrapCall(context, data, argv, [](const QQmlPrivate::AOTCompiledContext *aotContext, void **argumentsPtr) {
Q_UNUSED(aotContext)
Q_UNUSED(argumentsPtr)
// expression for scannedCoordinates at line 1269, column 13
QVariant r2_0;
// generate_DefineArray
r2_0 = QVariant(QVariantList());
// generate_Ret
if (!r2_0.isValid())
    aotContext->setReturnValueUndefined();
return r2_0;
});}
 },{ 235, QMetaType::fromType<bool>(), {  }, 
    [](const QQmlPrivate::AOTCompiledContext *context, void *data, void **argv) {
        wrapCall(context, data, argv, [](const QQmlPrivate::AOTCompiledContext *aotContext, void **argumentsPtr) {
Q_UNUSED(aotContext)
Q_UNUSED(argumentsPtr)
// expression for active at line 1273, column 17
QObject *r2_0;
bool r2_1;
// generate_LoadQmlContextPropertyLookup
while (!aotContext->loadContextIdLookup(554, &r2_0)) {
aotContext->setInstructionPointer(5);
aotContext->initLoadContextIdLookup(554);
if (aotContext->engine->hasError())
    return bool();
}
// generate_GetLookup
while (!aotContext->getObjectLookup(555, r2_0, &r2_1)) {
aotContext->setInstructionPointer(10);
aotContext->initGetObjectLookup(555, r2_0, QMetaType::fromType<bool>());
if (aotContext->engine->hasError())
    return bool();
}
// generate_Ret
return r2_1;
});}
 },{ 236, QMetaType::fromType<QObject*>(), {  }, 
    [](const QQmlPrivate::AOTCompiledContext *context, void *data, void **argv) {
        wrapCall(context, data, argv, [](const QQmlPrivate::AOTCompiledContext *aotContext, void **argumentsPtr) {
Q_UNUSED(aotContext)
Q_UNUSED(argumentsPtr)
// expression for camera at line 1278, column 17
QObject *r2_0;
// generate_LoadQmlContextPropertyLookup
while (!aotContext->loadContextIdLookup(556, &r2_0)) {
aotContext->setInstructionPointer(5);
aotContext->initLoadContextIdLookup(556);
if (aotContext->engine->hasError())
    return static_cast<QObject *>(nullptr);
}
// generate_Ret
return r2_0;
});}
 },{ 237, QMetaType::fromType<QObject*>(), {  }, 
    [](const QQmlPrivate::AOTCompiledContext *context, void *data, void **argv) {
        wrapCall(context, data, argv, [](const QQmlPrivate::AOTCompiledContext *aotContext, void **argumentsPtr) {
Q_UNUSED(aotContext)
Q_UNUSED(argumentsPtr)
// expression for videoOutput at line 1279, column 17
QObject *r2_0;
// generate_LoadQmlContextPropertyLookup
while (!aotContext->loadContextIdLookup(557, &r2_0)) {
aotContext->setInstructionPointer(5);
aotContext->initLoadContextIdLookup(557);
if (aotContext->engine->hasError())
    return static_cast<QObject *>(nullptr);
}
// generate_Ret
return r2_0;
});}
 },{ 238, QMetaType::fromType<double>(), {  }, 
    [](const QQmlPrivate::AOTCompiledContext *context, void *data, void **argv) {
        wrapCall(context, data, argv, [](const QQmlPrivate::AOTCompiledContext *aotContext, void **argumentsPtr) {
Q_UNUSED(aotContext)
Q_UNUSED(argumentsPtr)
// expression for width at line 1285, column 17
double r2_1;
QObject *r2_0;
// generate_LoadQmlContextPropertyLookup
while (!aotContext->loadContextIdLookup(558, &r2_0)) {
aotContext->setInstructionPointer(5);
aotContext->initLoadContextIdLookup(558);
if (aotContext->engine->hasError())
    return double();
}
// generate_GetLookup
while (!aotContext->getObjectLookup(559, r2_0, &r2_1)) {
aotContext->setInstructionPointer(10);
aotContext->initGetObjectLookup(559, r2_0, QMetaType::fromType<double>());
if (aotContext->engine->hasError())
    return double();
}
// generate_Ret
return r2_1;
});}
 },{ 239, QMetaType::fromType<double>(), {  }, 
    [](const QQmlPrivate::AOTCompiledContext *context, void *data, void **argv) {
        wrapCall(context, data, argv, [](const QQmlPrivate::AOTCompiledContext *aotContext, void **argumentsPtr) {
Q_UNUSED(aotContext)
Q_UNUSED(argumentsPtr)
// expression for height at line 1286, column 17
double r2_1;
QObject *r2_0;
// generate_LoadQmlContextPropertyLookup
while (!aotContext->loadContextIdLookup(560, &r2_0)) {
aotContext->setInstructionPointer(5);
aotContext->initLoadContextIdLookup(560);
if (aotContext->engine->hasError())
    return double();
}
// generate_GetLookup
while (!aotContext->getObjectLookup(561, r2_0, &r2_1)) {
aotContext->setInstructionPointer(10);
aotContext->initGetObjectLookup(561, r2_0, QMetaType::fromType<double>());
if (aotContext->engine->hasError())
    return double();
}
// generate_Ret
return r2_1;
});}
 },{ 240, QMetaType::fromType<bool>(), {  }, 
    [](const QQmlPrivate::AOTCompiledContext *context, void *data, void **argv) {
        wrapCall(context, data, argv, [](const QQmlPrivate::AOTCompiledContext *aotContext, void **argumentsPtr) {
Q_UNUSED(aotContext)
Q_UNUSED(argumentsPtr)
// expression for visible at line 1287, column 17
QObject *r2_0;
bool r2_1;
// generate_LoadQmlContextPropertyLookup
while (!aotContext->loadContextIdLookup(562, &r2_0)) {
aotContext->setInstructionPointer(5);
aotContext->initLoadContextIdLookup(562);
if (aotContext->engine->hasError())
    return bool();
}
// generate_GetLookup
while (!aotContext->getObjectLookup(563, r2_0, &r2_1)) {
aotContext->setInstructionPointer(10);
aotContext->initGetObjectLookup(563, r2_0, QMetaType::fromType<bool>());
if (aotContext->engine->hasError())
    return bool();
}
// generate_Ret
return r2_1;
});}
 },{ 241, QMetaType::fromType<int>(), {  }, 
    [](const QQmlPrivate::AOTCompiledContext *context, void *data, void **argv) {
        wrapCall(context, data, argv, [](const QQmlPrivate::AOTCompiledContext *aotContext, void **argumentsPtr) {
Q_UNUSED(aotContext)
Q_UNUSED(argumentsPtr)
// expression for fillMode at line 1288, column 17
int r2_0;
// generate_GetLookup
while (!aotContext->getEnumLookup(565, &r2_0)) {
aotContext->setInstructionPointer(10);
aotContext->initGetEnumLookup(565, []() { static const auto t = QMetaType::fromName("QQuickVideoOutput*"); return t; }().metaObject(), "FillMode", "PreserveAspectFit");
if (aotContext->engine->hasError())
    return int();
}
// generate_Ret
return r2_0;
});}
 },{ 242, QMetaType::fromType<QObject*>(), {  }, 
    [](const QQmlPrivate::AOTCompiledContext *context, void *data, void **argv) {
        wrapCall(context, data, argv, [](const QQmlPrivate::AOTCompiledContext *aotContext, void **argumentsPtr) {
Q_UNUSED(aotContext)
Q_UNUSED(argumentsPtr)
// expression for centerIn at line 1284, column 17
QObject *r2_0;
// generate_LoadQmlContextPropertyLookup
while (!aotContext->loadScopeObjectPropertyLookup(566, &r2_0)) {
aotContext->setInstructionPointer(5);
aotContext->initLoadScopeObjectPropertyLookup(566, []() { static const auto t = QMetaType::fromName("QQuickItem*"); return t; }());
if (aotContext->engine->hasError())
    return static_cast<QObject *>(nullptr);
}
// generate_Ret
return r2_0;
});}
 },{ 243, QMetaType::fromType<bool>(), {  }, 
    [](const QQmlPrivate::AOTCompiledContext *context, void *data, void **argv) {
        wrapCall(context, data, argv, [](const QQmlPrivate::AOTCompiledContext *aotContext, void **argumentsPtr) {
Q_UNUSED(aotContext)
Q_UNUSED(argumentsPtr)
// expression for running at line 1293, column 17
QObject *r2_0;
bool r2_1;
// generate_LoadQmlContextPropertyLookup
while (!aotContext->loadContextIdLookup(567, &r2_0)) {
aotContext->setInstructionPointer(5);
aotContext->initLoadContextIdLookup(567);
if (aotContext->engine->hasError())
    return bool();
}
// generate_GetLookup
while (!aotContext->getObjectLookup(568, r2_0, &r2_1)) {
aotContext->setInstructionPointer(10);
aotContext->initGetObjectLookup(568, r2_0, QMetaType::fromType<bool>());
if (aotContext->engine->hasError())
    return bool();
}
// generate_Ret
return r2_1;
});}
 },{ 248, QMetaType::fromType<QVariant>(), {  }, 
    [](const QQmlPrivate::AOTCompiledContext *context, void *data, void **argv) {
        wrapCall(context, data, argv, [](const QQmlPrivate::AOTCompiledContext *aotContext, void **argumentsPtr) {
Q_UNUSED(aotContext)
Q_UNUSED(argumentsPtr)
// expression for color at line 1313, column 21
QObject *r2_0;
bool r2_1;
QString r2_2;
// generate_LoadQmlContextPropertyLookup
while (!aotContext->loadContextIdLookup(584, &r2_0)) {
aotContext->setInstructionPointer(5);
aotContext->initLoadContextIdLookup(584);
if (aotContext->engine->hasError())
    return QVariant();
}
// generate_GetLookup
while (!aotContext->getObjectLookup(585, r2_0, &r2_1)) {
aotContext->setInstructionPointer(10);
aotContext->initGetObjectLookup(585, r2_0, QMetaType::fromType<bool>());
if (aotContext->engine->hasError())
    return QVariant();
}
// generate_JumpFalse
if (!r2_1) {
    goto label_0;
}
;
// generate_LoadRuntimeString
r2_2 = QStringLiteral("#33dc23");
// generate_Jump
{
    goto label_1;
}
;
label_0:;
// generate_LoadRuntimeString
r2_2 = QStringLiteral("#ff9a00");
label_1:;
// generate_Ret
return QVariant::fromValue(r2_2);
});}
 },{ 251, QMetaType::fromType<int>(), {  }, 
    [](const QQmlPrivate::AOTCompiledContext *context, void *data, void **argv) {
        wrapCall(context, data, argv, [](const QQmlPrivate::AOTCompiledContext *aotContext, void **argumentsPtr) {
Q_UNUSED(aotContext)
Q_UNUSED(argumentsPtr)
// expression for horizontalAlignment at line 1321, column 21
int r2_0;
// generate_GetLookup
while (!aotContext->getEnumLookup(591, &r2_0)) {
aotContext->setInstructionPointer(10);
aotContext->initGetEnumLookup(591, []() { static const auto t = QMetaType::fromName("QQuickText*"); return t; }().metaObject(), "HAlignment", "AlignHCenter");
if (aotContext->engine->hasError())
    return int();
}
// generate_Ret
return r2_0;
});}
 },{ 252, QMetaType::fromType<int>(), {  }, 
    [](const QQmlPrivate::AOTCompiledContext *context, void *data, void **argv) {
        wrapCall(context, data, argv, [](const QQmlPrivate::AOTCompiledContext *aotContext, void **argumentsPtr) {
Q_UNUSED(aotContext)
Q_UNUSED(argumentsPtr)
// expression for verticalAlignment at line 1322, column 21
int r2_0;
// generate_GetLookup
while (!aotContext->getEnumLookup(593, &r2_0)) {
aotContext->setInstructionPointer(10);
aotContext->initGetEnumLookup(593, []() { static const auto t = QMetaType::fromName("QQuickText*"); return t; }().metaObject(), "VAlignment", "AlignVCenter");
if (aotContext->engine->hasError())
    return int();
}
// generate_Ret
return r2_0;
});}
 },{ 256, QMetaType::fromType<int>(), {  }, 
    [](const QQmlPrivate::AOTCompiledContext *context, void *data, void **argv) {
        wrapCall(context, data, argv, [](const QQmlPrivate::AOTCompiledContext *aotContext, void **argumentsPtr) {
Q_UNUSED(aotContext)
Q_UNUSED(argumentsPtr)
// expression for horizontalAlignment at line 1356, column 13
int r2_0;
// generate_GetLookup
while (!aotContext->getEnumLookup(605, &r2_0)) {
aotContext->setInstructionPointer(10);
aotContext->initGetEnumLookup(605, []() { static const auto t = QMetaType::fromName("QQuickText*"); return t; }().metaObject(), "HAlignment", "AlignHCenter");
if (aotContext->engine->hasError())
    return int();
}
// generate_Ret
return r2_0;
});}
 },{ 257, QMetaType::fromType<int>(), {  }, 
    [](const QQmlPrivate::AOTCompiledContext *context, void *data, void **argv) {
        wrapCall(context, data, argv, [](const QQmlPrivate::AOTCompiledContext *aotContext, void **argumentsPtr) {
Q_UNUSED(aotContext)
Q_UNUSED(argumentsPtr)
// expression for verticalAlignment at line 1357, column 13
int r2_0;
// generate_GetLookup
while (!aotContext->getEnumLookup(607, &r2_0)) {
aotContext->setInstructionPointer(10);
aotContext->initGetEnumLookup(607, []() { static const auto t = QMetaType::fromName("QQuickText*"); return t; }().metaObject(), "VAlignment", "AlignVCenter");
if (aotContext->engine->hasError())
    return int();
}
// generate_Ret
return r2_0;
});}
 },{ 262, QMetaType::fromType<int>(), {  }, 
    [](const QQmlPrivate::AOTCompiledContext *context, void *data, void **argv) {
        wrapCall(context, data, argv, [](const QQmlPrivate::AOTCompiledContext *aotContext, void **argumentsPtr) {
Q_UNUSED(aotContext)
Q_UNUSED(argumentsPtr)
// expression for horizontalAlignment at line 1386, column 13
int r2_0;
// generate_GetLookup
while (!aotContext->getEnumLookup(623, &r2_0)) {
aotContext->setInstructionPointer(10);
aotContext->initGetEnumLookup(623, []() { static const auto t = QMetaType::fromName("QQuickText*"); return t; }().metaObject(), "HAlignment", "AlignHCenter");
if (aotContext->engine->hasError())
    return int();
}
// generate_Ret
return r2_0;
});}
 },{ 263, QMetaType::fromType<int>(), {  }, 
    [](const QQmlPrivate::AOTCompiledContext *context, void *data, void **argv) {
        wrapCall(context, data, argv, [](const QQmlPrivate::AOTCompiledContext *aotContext, void **argumentsPtr) {
Q_UNUSED(aotContext)
Q_UNUSED(argumentsPtr)
// expression for verticalAlignment at line 1387, column 13
int r2_0;
// generate_GetLookup
while (!aotContext->getEnumLookup(625, &r2_0)) {
aotContext->setInstructionPointer(10);
aotContext->initGetEnumLookup(625, []() { static const auto t = QMetaType::fromName("QQuickText*"); return t; }().metaObject(), "VAlignment", "AlignVCenter");
if (aotContext->engine->hasError())
    return int();
}
// generate_Ret
return r2_0;
});}
 },{ 264, QMetaType::fromType<double>(), {  }, 
    [](const QQmlPrivate::AOTCompiledContext *context, void *data, void **argv) {
        wrapCall(context, data, argv, [](const QQmlPrivate::AOTCompiledContext *aotContext, void **argumentsPtr) {
Q_UNUSED(aotContext)
Q_UNUSED(argumentsPtr)
// expression for mapWidth at line 1401, column 9
double r2_1;
QObject *r2_0;
// generate_LoadQmlContextPropertyLookup
while (!aotContext->loadContextIdLookup(626, &r2_0)) {
aotContext->setInstructionPointer(5);
aotContext->initLoadContextIdLookup(626);
if (aotContext->engine->hasError())
    return double();
}
// generate_GetLookup
while (!aotContext->getObjectLookup(627, r2_0, &r2_1)) {
aotContext->setInstructionPointer(10);
aotContext->initGetObjectLookup(627, r2_0, QMetaType::fromType<double>());
if (aotContext->engine->hasError())
    return double();
}
// generate_Ret
return r2_1;
});}
 },{ 265, QMetaType::fromType<double>(), {  }, 
    [](const QQmlPrivate::AOTCompiledContext *context, void *data, void **argv) {
        wrapCall(context, data, argv, [](const QQmlPrivate::AOTCompiledContext *aotContext, void **argumentsPtr) {
Q_UNUSED(aotContext)
Q_UNUSED(argumentsPtr)
// expression for mapHeight at line 1402, column 9
double r2_1;
QObject *r2_0;
// generate_LoadQmlContextPropertyLookup
while (!aotContext->loadContextIdLookup(628, &r2_0)) {
aotContext->setInstructionPointer(5);
aotContext->initLoadContextIdLookup(628);
if (aotContext->engine->hasError())
    return double();
}
// generate_GetLookup
while (!aotContext->getObjectLookup(629, r2_0, &r2_1)) {
aotContext->setInstructionPointer(10);
aotContext->initGetObjectLookup(629, r2_0, QMetaType::fromType<double>());
if (aotContext->engine->hasError())
    return double();
}
// generate_Ret
return r2_1;
});}
 },{ 266, QMetaType::fromType<double>(), {  }, 
    [](const QQmlPrivate::AOTCompiledContext *context, void *data, void **argv) {
        wrapCall(context, data, argv, [](const QQmlPrivate::AOTCompiledContext *aotContext, void **argumentsPtr) {
Q_UNUSED(aotContext)
Q_UNUSED(argumentsPtr)
// expression for robotX at line 1405, column 9
double r8_0;
double r2_0;
double r7_0;
double r9_0;
// generate_LoadQmlContextPropertyLookup
while (!aotContext->loadScopeObjectPropertyLookup(630, &r2_0)) {
aotContext->setInstructionPointer(5);
aotContext->initLoadScopeObjectPropertyLookup(630, QMetaType::fromType<double>());
if (aotContext->engine->hasError())
    return double();
}
// generate_StoreReg
r7_0 = r2_0;
// generate_LoadInt
r2_0 = double(2);
// generate_Div
r2_0 = (r7_0 / r2_0);
// generate_StoreReg
r8_0 = r2_0;
// generate_LoadConst
r2_0 = 12.50000000000000000;
// generate_Sub
r2_0 = (r8_0 - r2_0);
// generate_StoreReg
r9_0 = r2_0;
// generate_LoadInt
r2_0 = double(40);
// generate_Sub
r2_0 = (r9_0 - r2_0);
// generate_Ret
return r2_0;
});}
 },{ 267, QMetaType::fromType<double>(), {  }, 
    [](const QQmlPrivate::AOTCompiledContext *context, void *data, void **argv) {
        wrapCall(context, data, argv, [](const QQmlPrivate::AOTCompiledContext *aotContext, void **argumentsPtr) {
Q_UNUSED(aotContext)
Q_UNUSED(argumentsPtr)
// expression for robotY at line 1406, column 9
double r8_0;
double r2_0;
double r7_0;
double r9_0;
// generate_LoadQmlContextPropertyLookup
while (!aotContext->loadScopeObjectPropertyLookup(631, &r2_0)) {
aotContext->setInstructionPointer(5);
aotContext->initLoadScopeObjectPropertyLookup(631, QMetaType::fromType<double>());
if (aotContext->engine->hasError())
    return double();
}
// generate_StoreReg
r7_0 = r2_0;
// generate_LoadInt
r2_0 = double(2);
// generate_Div
r2_0 = (r7_0 / r2_0);
// generate_StoreReg
r8_0 = r2_0;
// generate_LoadConst
r2_0 = 12.50000000000000000;
// generate_Sub
r2_0 = (r8_0 - r2_0);
// generate_StoreReg
r9_0 = r2_0;
// generate_LoadInt
r2_0 = double(10);
// generate_Sub
r2_0 = (r9_0 - r2_0);
// generate_Ret
return r2_0;
});}
 },{ 268, QMetaType::fromType<double>(), {  }, 
    [](const QQmlPrivate::AOTCompiledContext *context, void *data, void **argv) {
        wrapCall(context, data, argv, [](const QQmlPrivate::AOTCompiledContext *aotContext, void **argumentsPtr) {
Q_UNUSED(aotContext)
Q_UNUSED(argumentsPtr)
// expression for originX at line 1410, column 9
// generate_Ret
aotContext->setReturnValueUndefined();
return std::numeric_limits<double>::quiet_NaN();
});}
 },{ 269, QMetaType::fromType<double>(), {  }, 
    [](const QQmlPrivate::AOTCompiledContext *context, void *data, void **argv) {
        wrapCall(context, data, argv, [](const QQmlPrivate::AOTCompiledContext *aotContext, void **argumentsPtr) {
Q_UNUSED(aotContext)
Q_UNUSED(argumentsPtr)
// expression for originY at line 1411, column 9
// generate_Ret
aotContext->setReturnValueUndefined();
return std::numeric_limits<double>::quiet_NaN();
});}
 },{ 272, QMetaType::fromType<QVariant>(), {  }, 
    [](const QQmlPrivate::AOTCompiledContext *context, void *data, void **argv) {
        wrapCall(context, data, argv, [](const QQmlPrivate::AOTCompiledContext *aotContext, void **argumentsPtr) {
Q_UNUSED(aotContext)
Q_UNUSED(argumentsPtr)
// expression for horizontalCenter at line 1422, column 9
QObject *r2_0;
QVariant r2_1;
// generate_LoadQmlContextPropertyLookup
while (!aotContext->loadScopeObjectPropertyLookup(638, &r2_0)) {
aotContext->setInstructionPointer(5);
aotContext->initLoadScopeObjectPropertyLookup(638, []() { static const auto t = QMetaType::fromName("QQuickItem*"); return t; }());
if (aotContext->engine->hasError())
    return QVariant();
}
// generate_GetLookup
r2_1 = QVariant(aotContext->lookupResultMetaType(639));
while (!aotContext->getObjectLookup(639, r2_0, r2_1.data())) {
aotContext->setInstructionPointer(10);
aotContext->initGetObjectLookup(639, r2_0, r2_1.metaType());
if (aotContext->engine->hasError())
    return QVariant();
r2_1 = QVariant(aotContext->lookupResultMetaType(639));
}
// generate_Ret
if (!r2_1.isValid())
    aotContext->setReturnValueUndefined();
return r2_1;
});}
 },{ 273, QMetaType::fromType<QVariant>(), {  }, 
    [](const QQmlPrivate::AOTCompiledContext *context, void *data, void **argv) {
        wrapCall(context, data, argv, [](const QQmlPrivate::AOTCompiledContext *aotContext, void **argumentsPtr) {
Q_UNUSED(aotContext)
Q_UNUSED(argumentsPtr)
// expression for top at line 1423, column 9
QObject *r2_0;
QVariant r2_1;
// generate_LoadQmlContextPropertyLookup
while (!aotContext->loadScopeObjectPropertyLookup(640, &r2_0)) {
aotContext->setInstructionPointer(5);
aotContext->initLoadScopeObjectPropertyLookup(640, []() { static const auto t = QMetaType::fromName("QQuickItem*"); return t; }());
if (aotContext->engine->hasError())
    return QVariant();
}
// generate_GetLookup
r2_1 = QVariant(aotContext->lookupResultMetaType(641));
while (!aotContext->getObjectLookup(641, r2_0, r2_1.data())) {
aotContext->setInstructionPointer(10);
aotContext->initGetObjectLookup(641, r2_0, r2_1.metaType());
if (aotContext->engine->hasError())
    return QVariant();
r2_1 = QVariant(aotContext->lookupResultMetaType(641));
}
// generate_Ret
if (!r2_1.isValid())
    aotContext->setReturnValueUndefined();
return r2_1;
});}
 },{ 274, QMetaType::fromType<QVariant>(), {  }, 
    [](const QQmlPrivate::AOTCompiledContext *context, void *data, void **argv) {
        wrapCall(context, data, argv, [](const QQmlPrivate::AOTCompiledContext *aotContext, void **argumentsPtr) {
Q_UNUSED(aotContext)
Q_UNUSED(argumentsPtr)
// expression for right at line 1424, column 9
QObject *r2_0;
QVariant r2_1;
// generate_LoadQmlContextPropertyLookup
while (!aotContext->loadScopeObjectPropertyLookup(642, &r2_0)) {
aotContext->setInstructionPointer(5);
aotContext->initLoadScopeObjectPropertyLookup(642, []() { static const auto t = QMetaType::fromName("QQuickItem*"); return t; }());
if (aotContext->engine->hasError())
    return QVariant();
}
// generate_GetLookup
r2_1 = QVariant(aotContext->lookupResultMetaType(643));
while (!aotContext->getObjectLookup(643, r2_0, r2_1.data())) {
aotContext->setInstructionPointer(10);
aotContext->initGetObjectLookup(643, r2_0, r2_1.metaType());
if (aotContext->engine->hasError())
    return QVariant();
r2_1 = QVariant(aotContext->lookupResultMetaType(643));
}
// generate_Ret
if (!r2_1.isValid())
    aotContext->setReturnValueUndefined();
return r2_1;
});}
 },{ 275, QMetaType::fromType<QObject*>(), {  }, 
    [](const QQmlPrivate::AOTCompiledContext *context, void *data, void **argv) {
        wrapCall(context, data, argv, [](const QQmlPrivate::AOTCompiledContext *aotContext, void **argumentsPtr) {
Q_UNUSED(aotContext)
Q_UNUSED(argumentsPtr)
// expression for fill at line 1437, column 17
QObject *r2_0;
// generate_LoadQmlContextPropertyLookup
while (!aotContext->loadScopeObjectPropertyLookup(644, &r2_0)) {
aotContext->setInstructionPointer(5);
aotContext->initLoadScopeObjectPropertyLookup(644, []() { static const auto t = QMetaType::fromName("QQuickItem*"); return t; }());
if (aotContext->engine->hasError())
    return static_cast<QObject *>(nullptr);
}
// generate_Ret
return r2_0;
});}
 },{ 276, QMetaType::fromType<QVariant>(), {  }, 
    [](const QQmlPrivate::AOTCompiledContext *context, void *data, void **argv) {
        wrapCall(context, data, argv, [](const QQmlPrivate::AOTCompiledContext *aotContext, void **argumentsPtr) {
Q_UNUSED(aotContext)
Q_UNUSED(argumentsPtr)
// expression for globalPath at line 1444, column 17
QVariant r2_0;
// generate_DefineArray
r2_0 = QVariant(QVariantList());
// generate_Ret
if (!r2_0.isValid())
    aotContext->setReturnValueUndefined();
return r2_0;
});}
 },{ 278, QMetaType::fromType<QObject*>(), {  }, 
    [](const QQmlPrivate::AOTCompiledContext *context, void *data, void **argv) {
        wrapCall(context, data, argv, [](const QQmlPrivate::AOTCompiledContext *aotContext, void **argumentsPtr) {
Q_UNUSED(aotContext)
Q_UNUSED(argumentsPtr)
// expression for fill at line 1443, column 17
QObject *r2_0;
// generate_LoadQmlContextPropertyLookup
while (!aotContext->loadScopeObjectPropertyLookup(667, &r2_0)) {
aotContext->setInstructionPointer(5);
aotContext->initLoadScopeObjectPropertyLookup(667, []() { static const auto t = QMetaType::fromName("QQuickItem*"); return t; }());
if (aotContext->engine->hasError())
    return static_cast<QObject *>(nullptr);
}
// generate_Ret
return r2_0;
});}
 },{ 279, QMetaType::fromType<double>(), {  }, 
    [](const QQmlPrivate::AOTCompiledContext *context, void *data, void **argv) {
        wrapCall(context, data, argv, [](const QQmlPrivate::AOTCompiledContext *aotContext, void **argumentsPtr) {
Q_UNUSED(aotContext)
Q_UNUSED(argumentsPtr)
// expression for x at line 1469, column 17
double r2_1;
QObject *r2_0;
// generate_LoadQmlContextPropertyLookup
while (!aotContext->loadContextIdLookup(668, &r2_0)) {
aotContext->setInstructionPointer(5);
aotContext->initLoadContextIdLookup(668);
if (aotContext->engine->hasError())
    return double();
}
// generate_GetLookup
while (!aotContext->getObjectLookup(669, r2_0, &r2_1)) {
aotContext->setInstructionPointer(10);
aotContext->initGetObjectLookup(669, r2_0, QMetaType::fromType<double>());
if (aotContext->engine->hasError())
    return double();
}
// generate_Ret
return r2_1;
});}
 },{ 280, QMetaType::fromType<double>(), {  }, 
    [](const QQmlPrivate::AOTCompiledContext *context, void *data, void **argv) {
        wrapCall(context, data, argv, [](const QQmlPrivate::AOTCompiledContext *aotContext, void **argumentsPtr) {
Q_UNUSED(aotContext)
Q_UNUSED(argumentsPtr)
// expression for y at line 1470, column 17
double r2_1;
QObject *r2_0;
// generate_LoadQmlContextPropertyLookup
while (!aotContext->loadContextIdLookup(670, &r2_0)) {
aotContext->setInstructionPointer(5);
aotContext->initLoadContextIdLookup(670);
if (aotContext->engine->hasError())
    return double();
}
// generate_GetLookup
while (!aotContext->getObjectLookup(671, r2_0, &r2_1)) {
aotContext->setInstructionPointer(10);
aotContext->initGetObjectLookup(671, r2_0, QMetaType::fromType<double>());
if (aotContext->engine->hasError())
    return double();
}
// generate_Ret
return r2_1;
});}
 },{ 281, QMetaType::fromType<double>(), {  }, 
    [](const QQmlPrivate::AOTCompiledContext *context, void *data, void **argv) {
        wrapCall(context, data, argv, [](const QQmlPrivate::AOTCompiledContext *aotContext, void **argumentsPtr) {
Q_UNUSED(aotContext)
Q_UNUSED(argumentsPtr)
// expression for rotation at line 1471, column 17
double r2_1;
QObject *r2_0;
// generate_LoadQmlContextPropertyLookup
while (!aotContext->loadContextIdLookup(672, &r2_0)) {
aotContext->setInstructionPointer(5);
aotContext->initLoadContextIdLookup(672);
if (aotContext->engine->hasError())
    return double();
}
// generate_GetLookup
while (!aotContext->getObjectLookup(673, r2_0, &r2_1)) {
aotContext->setInstructionPointer(10);
aotContext->initGetObjectLookup(673, r2_0, QMetaType::fromType<double>());
if (aotContext->engine->hasError())
    return double();
}
// generate_Ret
return r2_1;
});}
 },{ 282, QMetaType::fromType<int>(), {  }, 
    [](const QQmlPrivate::AOTCompiledContext *context, void *data, void **argv) {
        wrapCall(context, data, argv, [](const QQmlPrivate::AOTCompiledContext *aotContext, void **argumentsPtr) {
Q_UNUSED(aotContext)
Q_UNUSED(argumentsPtr)
// expression for transformOrigin at line 1472, column 17
int r2_0;
// generate_GetLookup
while (!aotContext->getEnumLookup(675, &r2_0)) {
aotContext->setInstructionPointer(10);
aotContext->initGetEnumLookup(675, []() { static const auto t = QMetaType::fromName("QQuickItem*"); return t; }().metaObject(), "TransformOrigin", "Center");
if (aotContext->engine->hasError())
    return int();
}
// generate_Ret
return r2_0;
});}
 },{ 292, QMetaType::fromType<int>(), {  }, 
    [](const QQmlPrivate::AOTCompiledContext *context, void *data, void **argv) {
        wrapCall(context, data, argv, [](const QQmlPrivate::AOTCompiledContext *aotContext, void **argumentsPtr) {
Q_UNUSED(aotContext)
Q_UNUSED(argumentsPtr)
// expression for horizontalAlignment at line 1549, column 13
int r2_0;
// generate_GetLookup
while (!aotContext->getEnumLookup(750, &r2_0)) {
aotContext->setInstructionPointer(10);
aotContext->initGetEnumLookup(750, []() { static const auto t = QMetaType::fromName("QQuickText*"); return t; }().metaObject(), "HAlignment", "AlignHCenter");
if (aotContext->engine->hasError())
    return int();
}
// generate_Ret
return r2_0;
});}
 },{ 293, QMetaType::fromType<int>(), {  }, 
    [](const QQmlPrivate::AOTCompiledContext *context, void *data, void **argv) {
        wrapCall(context, data, argv, [](const QQmlPrivate::AOTCompiledContext *aotContext, void **argumentsPtr) {
Q_UNUSED(aotContext)
Q_UNUSED(argumentsPtr)
// expression for verticalAlignment at line 1550, column 13
int r2_0;
// generate_GetLookup
while (!aotContext->getEnumLookup(752, &r2_0)) {
aotContext->setInstructionPointer(10);
aotContext->initGetEnumLookup(752, []() { static const auto t = QMetaType::fromName("QQuickText*"); return t; }().metaObject(), "VAlignment", "AlignVCenter");
if (aotContext->engine->hasError())
    return int();
}
// generate_Ret
return r2_0;
});}
 },{ 294, QMetaType::fromType<QObject*>(), {  }, 
    [](const QQmlPrivate::AOTCompiledContext *context, void *data, void **argv) {
        wrapCall(context, data, argv, [](const QQmlPrivate::AOTCompiledContext *aotContext, void **argumentsPtr) {
Q_UNUSED(aotContext)
Q_UNUSED(argumentsPtr)
// expression for centerIn at line 1553, column 13
QObject *r2_0;
// generate_LoadQmlContextPropertyLookup
while (!aotContext->loadScopeObjectPropertyLookup(753, &r2_0)) {
aotContext->setInstructionPointer(5);
aotContext->initLoadScopeObjectPropertyLookup(753, []() { static const auto t = QMetaType::fromName("QQuickItem*"); return t; }());
if (aotContext->engine->hasError())
    return static_cast<QObject *>(nullptr);
}
// generate_Ret
return r2_0;
});}
 },{ 295, QMetaType::fromType<QObject*>(), {  }, 
    [](const QQmlPrivate::AOTCompiledContext *context, void *data, void **argv) {
        wrapCall(context, data, argv, [](const QQmlPrivate::AOTCompiledContext *aotContext, void **argumentsPtr) {
Q_UNUSED(aotContext)
Q_UNUSED(argumentsPtr)
// expression for fill at line 1567, column 5
QObject *r2_0;
// generate_LoadQmlContextPropertyLookup
while (!aotContext->loadScopeObjectPropertyLookup(754, &r2_0)) {
aotContext->setInstructionPointer(5);
aotContext->initLoadScopeObjectPropertyLookup(754, []() { static const auto t = QMetaType::fromName("QQuickItem*"); return t; }());
if (aotContext->engine->hasError())
    return static_cast<QObject *>(nullptr);
}
// generate_Ret
return r2_0;
});}
 },{ 298, QMetaType::fromType<QVariant>(), {  }, 
    [](const QQmlPrivate::AOTCompiledContext *context, void *data, void **argv) {
        wrapCall(context, data, argv, [](const QQmlPrivate::AOTCompiledContext *aotContext, void **argumentsPtr) {
Q_UNUSED(aotContext)
Q_UNUSED(argumentsPtr)
// expression for top at line 1571, column 9
QObject *r2_0;
QVariant r2_1;
// generate_LoadQmlContextPropertyLookup
while (!aotContext->loadScopeObjectPropertyLookup(761, &r2_0)) {
aotContext->setInstructionPointer(5);
aotContext->initLoadScopeObjectPropertyLookup(761, []() { static const auto t = QMetaType::fromName("QQuickItem*"); return t; }());
if (aotContext->engine->hasError())
    return QVariant();
}
// generate_GetLookup
r2_1 = QVariant(aotContext->lookupResultMetaType(762));
while (!aotContext->getObjectLookup(762, r2_0, r2_1.data())) {
aotContext->setInstructionPointer(10);
aotContext->initGetObjectLookup(762, r2_0, r2_1.metaType());
if (aotContext->engine->hasError())
    return QVariant();
r2_1 = QVariant(aotContext->lookupResultMetaType(762));
}
// generate_Ret
if (!r2_1.isValid())
    aotContext->setReturnValueUndefined();
return r2_1;
});}
 },{ 299, QMetaType::fromType<QVariant>(), {  }, 
    [](const QQmlPrivate::AOTCompiledContext *context, void *data, void **argv) {
        wrapCall(context, data, argv, [](const QQmlPrivate::AOTCompiledContext *aotContext, void **argumentsPtr) {
Q_UNUSED(aotContext)
Q_UNUSED(argumentsPtr)
// expression for right at line 1572, column 9
QObject *r2_0;
QVariant r2_1;
// generate_LoadQmlContextPropertyLookup
while (!aotContext->loadScopeObjectPropertyLookup(763, &r2_0)) {
aotContext->setInstructionPointer(5);
aotContext->initLoadScopeObjectPropertyLookup(763, []() { static const auto t = QMetaType::fromName("QQuickItem*"); return t; }());
if (aotContext->engine->hasError())
    return QVariant();
}
// generate_GetLookup
r2_1 = QVariant(aotContext->lookupResultMetaType(764));
while (!aotContext->getObjectLookup(764, r2_0, r2_1.data())) {
aotContext->setInstructionPointer(10);
aotContext->initGetObjectLookup(764, r2_0, r2_1.metaType());
if (aotContext->engine->hasError())
    return QVariant();
r2_1 = QVariant(aotContext->lookupResultMetaType(764));
}
// generate_Ret
if (!r2_1.isValid())
    aotContext->setReturnValueUndefined();
return r2_1;
});}
 },{ 301, QMetaType::fromType<QObject*>(), {  }, 
    [](const QQmlPrivate::AOTCompiledContext *context, void *data, void **argv) {
        wrapCall(context, data, argv, [](const QQmlPrivate::AOTCompiledContext *aotContext, void **argumentsPtr) {
Q_UNUSED(aotContext)
Q_UNUSED(argumentsPtr)
// expression for centerIn at line 1597, column 17
QObject *r2_0;
// generate_LoadQmlContextPropertyLookup
while (!aotContext->loadScopeObjectPropertyLookup(775, &r2_0)) {
aotContext->setInstructionPointer(5);
aotContext->initLoadScopeObjectPropertyLookup(775, []() { static const auto t = QMetaType::fromName("QQuickItem*"); return t; }());
if (aotContext->engine->hasError())
    return static_cast<QObject *>(nullptr);
}
// generate_Ret
return r2_0;
});}
 },{ 302, QMetaType::fromType<QString>(), {  }, 
    [](const QQmlPrivate::AOTCompiledContext *context, void *data, void **argv) {
        wrapCall(context, data, argv, [](const QQmlPrivate::AOTCompiledContext *aotContext, void **argumentsPtr) {
Q_UNUSED(aotContext)
Q_UNUSED(argumentsPtr)
// expression for text at line 1601, column 21
QObject *r2_0;
QString r2_1;
// generate_LoadQmlContextPropertyLookup
while (!aotContext->loadContextIdLookup(776, &r2_0)) {
aotContext->setInstructionPointer(5);
aotContext->initLoadContextIdLookup(776);
if (aotContext->engine->hasError())
    return QString();
}
// generate_GetLookup
while (!aotContext->getObjectLookup(777, r2_0, &r2_1)) {
aotContext->setInstructionPointer(10);
aotContext->initGetObjectLookup(777, r2_0, QMetaType::fromType<QString>());
if (aotContext->engine->hasError())
    return QString();
}
// generate_Ret
return r2_1;
});}
 },{ 303, QMetaType::fromType<QString>(), {  }, 
    [](const QQmlPrivate::AOTCompiledContext *context, void *data, void **argv) {
        wrapCall(context, data, argv, [](const QQmlPrivate::AOTCompiledContext *aotContext, void **argumentsPtr) {
Q_UNUSED(aotContext)
Q_UNUSED(argumentsPtr)
// expression for text at line 1608, column 21
QObject *r2_0;
QString r2_1;
// generate_LoadQmlContextPropertyLookup
while (!aotContext->loadContextIdLookup(778, &r2_0)) {
aotContext->setInstructionPointer(5);
aotContext->initLoadContextIdLookup(778);
if (aotContext->engine->hasError())
    return QString();
}
// generate_GetLookup
while (!aotContext->getObjectLookup(779, r2_0, &r2_1)) {
aotContext->setInstructionPointer(10);
aotContext->initGetObjectLookup(779, r2_0, QMetaType::fromType<QString>());
if (aotContext->engine->hasError())
    return QString();
}
// generate_Ret
return r2_1;
});}
 },{ 304, QMetaType::fromType<int>(), {  }, 
    [](const QQmlPrivate::AOTCompiledContext *context, void *data, void **argv) {
        wrapCall(context, data, argv, [](const QQmlPrivate::AOTCompiledContext *aotContext, void **argumentsPtr) {
Q_UNUSED(aotContext)
Q_UNUSED(argumentsPtr)
// expression for elide at line 1624, column 9
int r2_0;
// generate_GetLookup
while (!aotContext->getEnumLookup(781, &r2_0)) {
aotContext->setInstructionPointer(10);
aotContext->initGetEnumLookup(781, []() { static const auto t = QMetaType::fromName("QQuickText*"); return t; }().metaObject(), "TextElideMode", "ElideNone");
if (aotContext->engine->hasError())
    return int();
}
// generate_Ret
return r2_0;
});}
 },{ 305, QMetaType::fromType<int>(), {  }, 
    [](const QQmlPrivate::AOTCompiledContext *context, void *data, void **argv) {
        wrapCall(context, data, argv, [](const QQmlPrivate::AOTCompiledContext *aotContext, void **argumentsPtr) {
Q_UNUSED(aotContext)
Q_UNUSED(argumentsPtr)
// expression for horizontalAlignment at line 1630, column 9
int r2_0;
// generate_GetLookup
while (!aotContext->getEnumLookup(783, &r2_0)) {
aotContext->setInstructionPointer(10);
aotContext->initGetEnumLookup(783, []() { static const auto t = QMetaType::fromName("QQuickText*"); return t; }().metaObject(), "HAlignment", "AlignHCenter");
if (aotContext->engine->hasError())
    return int();
}
// generate_Ret
return r2_0;
});}
 },{ 306, QMetaType::fromType<int>(), {  }, 
    [](const QQmlPrivate::AOTCompiledContext *context, void *data, void **argv) {
        wrapCall(context, data, argv, [](const QQmlPrivate::AOTCompiledContext *aotContext, void **argumentsPtr) {
Q_UNUSED(aotContext)
Q_UNUSED(argumentsPtr)
// expression for verticalAlignment at line 1631, column 9
int r2_0;
// generate_GetLookup
while (!aotContext->getEnumLookup(785, &r2_0)) {
aotContext->setInstructionPointer(10);
aotContext->initGetEnumLookup(785, []() { static const auto t = QMetaType::fromName("QQuickText*"); return t; }().metaObject(), "VAlignment", "AlignVCenter");
if (aotContext->engine->hasError())
    return int();
}
// generate_Ret
return r2_0;
});}
 },{ 307, QMetaType::fromType<int>(), {  }, 
    [](const QQmlPrivate::AOTCompiledContext *context, void *data, void **argv) {
        wrapCall(context, data, argv, [](const QQmlPrivate::AOTCompiledContext *aotContext, void **argumentsPtr) {
Q_UNUSED(aotContext)
Q_UNUSED(argumentsPtr)
// expression for wrapMode at line 1632, column 9
int r2_0;
// generate_GetLookup
while (!aotContext->getEnumLookup(787, &r2_0)) {
aotContext->setInstructionPointer(10);
aotContext->initGetEnumLookup(787, []() { static const auto t = QMetaType::fromName("QQuickText*"); return t; }().metaObject(), "WrapMode", "WordWrap");
if (aotContext->engine->hasError())
    return int();
}
// generate_Ret
return r2_0;
});}
 },{ 308, QMetaType::fromType<int>(), {  }, 
    [](const QQmlPrivate::AOTCompiledContext *context, void *data, void **argv) {
        wrapCall(context, data, argv, [](const QQmlPrivate::AOTCompiledContext *aotContext, void **argumentsPtr) {
Q_UNUSED(aotContext)
Q_UNUSED(argumentsPtr)
// expression for style at line 1635, column 9
int r2_0;
// generate_GetLookup
while (!aotContext->getEnumLookup(789, &r2_0)) {
aotContext->setInstructionPointer(10);
aotContext->initGetEnumLookup(789, []() { static const auto t = QMetaType::fromName("QQuickText*"); return t; }().metaObject(), "TextStyle", "Sunken");
if (aotContext->engine->hasError())
    return int();
}
// generate_Ret
return r2_0;
});}
 },{ 309, QMetaType::fromType<int>(), {  }, 
    [](const QQmlPrivate::AOTCompiledContext *context, void *data, void **argv) {
        wrapCall(context, data, argv, [](const QQmlPrivate::AOTCompiledContext *aotContext, void **argumentsPtr) {
Q_UNUSED(aotContext)
Q_UNUSED(argumentsPtr)
// expression for textFormat at line 1637, column 9
int r2_0;
// generate_GetLookup
while (!aotContext->getEnumLookup(791, &r2_0)) {
aotContext->setInstructionPointer(10);
aotContext->initGetEnumLookup(791, []() { static const auto t = QMetaType::fromName("QQuickText*"); return t; }().metaObject(), "TextFormat", "AutoText");
if (aotContext->engine->hasError())
    return int();
}
// generate_Ret
return r2_0;
});}
 },{ 310, QMetaType::fromType<QVariant>(), {  }, 
    [](const QQmlPrivate::AOTCompiledContext *context, void *data, void **argv) {
        wrapCall(context, data, argv, [](const QQmlPrivate::AOTCompiledContext *aotContext, void **argumentsPtr) {
Q_UNUSED(aotContext)
Q_UNUSED(argumentsPtr)
// expression for right at line 1625, column 9
QObject *r2_0;
QVariant r2_1;
// generate_LoadQmlContextPropertyLookup
while (!aotContext->loadScopeObjectPropertyLookup(792, &r2_0)) {
aotContext->setInstructionPointer(5);
aotContext->initLoadScopeObjectPropertyLookup(792, []() { static const auto t = QMetaType::fromName("QQuickItem*"); return t; }());
if (aotContext->engine->hasError())
    return QVariant();
}
// generate_GetLookup
r2_1 = QVariant(aotContext->lookupResultMetaType(793));
while (!aotContext->getObjectLookup(793, r2_0, r2_1.data())) {
aotContext->setInstructionPointer(10);
aotContext->initGetObjectLookup(793, r2_0, r2_1.metaType());
if (aotContext->engine->hasError())
    return QVariant();
r2_1 = QVariant(aotContext->lookupResultMetaType(793));
}
// generate_Ret
if (!r2_1.isValid())
    aotContext->setReturnValueUndefined();
return r2_1;
});}
 },{ 311, QMetaType::fromType<QVariant>(), {  }, 
    [](const QQmlPrivate::AOTCompiledContext *context, void *data, void **argv) {
        wrapCall(context, data, argv, [](const QQmlPrivate::AOTCompiledContext *aotContext, void **argumentsPtr) {
Q_UNUSED(aotContext)
Q_UNUSED(argumentsPtr)
// expression for bottom at line 1626, column 9
QObject *r2_0;
QVariant r2_1;
// generate_LoadQmlContextPropertyLookup
while (!aotContext->loadScopeObjectPropertyLookup(794, &r2_0)) {
aotContext->setInstructionPointer(5);
aotContext->initLoadScopeObjectPropertyLookup(794, []() { static const auto t = QMetaType::fromName("QQuickItem*"); return t; }());
if (aotContext->engine->hasError())
    return QVariant();
}
// generate_GetLookup
r2_1 = QVariant(aotContext->lookupResultMetaType(795));
while (!aotContext->getObjectLookup(795, r2_0, r2_1.data())) {
aotContext->setInstructionPointer(10);
aotContext->initGetObjectLookup(795, r2_0, r2_1.metaType());
if (aotContext->engine->hasError())
    return QVariant();
r2_1 = QVariant(aotContext->lookupResultMetaType(795));
}
// generate_Ret
if (!r2_1.isValid())
    aotContext->setReturnValueUndefined();
return r2_1;
});}
 },{ 312, QMetaType::fromType<int>(), {  }, 
    [](const QQmlPrivate::AOTCompiledContext *context, void *data, void **argv) {
        wrapCall(context, data, argv, [](const QQmlPrivate::AOTCompiledContext *aotContext, void **argumentsPtr) {
Q_UNUSED(aotContext)
Q_UNUSED(argumentsPtr)
// expression for hintingPreference at line 1633, column 9
int r2_0;
// generate_GetLookup
while (!aotContext->getEnumLookup(797, &r2_0)) {
aotContext->setInstructionPointer(10);
aotContext->initGetEnumLookup(797, []() { static const auto t = QMetaType::fromName("QQuickFontEnums"); return t; }().metaObject(), "HintingPreference", "PreferDefaultHinting");
if (aotContext->engine->hasError())
    return int();
}
// generate_Ret
return r2_0;
});}
 },{ 313, QMetaType::fromType<int>(), {  }, 
    [](const QQmlPrivate::AOTCompiledContext *context, void *data, void **argv) {
        wrapCall(context, data, argv, [](const QQmlPrivate::AOTCompiledContext *aotContext, void **argumentsPtr) {
Q_UNUSED(aotContext)
Q_UNUSED(argumentsPtr)
// expression for capitalization at line 1636, column 9
int r2_0;
// generate_GetLookup
while (!aotContext->getEnumLookup(799, &r2_0)) {
aotContext->setInstructionPointer(10);
aotContext->initGetEnumLookup(799, []() { static const auto t = QMetaType::fromName("QQuickFontEnums"); return t; }().metaObject(), "Capitalization", "AllUppercase");
if (aotContext->engine->hasError())
    return int();
}
// generate_Ret
return r2_0;
});}
 },{ 314, QMetaType::fromType<int>(), {  }, 
    [](const QQmlPrivate::AOTCompiledContext *context, void *data, void **argv) {
        wrapCall(context, data, argv, [](const QQmlPrivate::AOTCompiledContext *aotContext, void **argumentsPtr) {
Q_UNUSED(aotContext)
Q_UNUSED(argumentsPtr)
// expression for weight at line 1639, column 9
int r2_0;
// generate_GetLookup
while (!aotContext->getEnumLookup(801, &r2_0)) {
aotContext->setInstructionPointer(10);
aotContext->initGetEnumLookup(801, []() { static const auto t = QMetaType::fromName("QQuickFontEnums"); return t; }().metaObject(), "FontWeight", "Bold");
if (aotContext->engine->hasError())
    return int();
}
// generate_Ret
return r2_0;
});}
 },{ 315, QMetaType::fromType<int>(), {  }, 
    [](const QQmlPrivate::AOTCompiledContext *context, void *data, void **argv) {
        wrapCall(context, data, argv, [](const QQmlPrivate::AOTCompiledContext *aotContext, void **argumentsPtr) {
Q_UNUSED(aotContext)
Q_UNUSED(argumentsPtr)
// expression for fillMode at line 1656, column 9
int r2_0;
// generate_GetLookup
while (!aotContext->getEnumLookup(803, &r2_0)) {
aotContext->setInstructionPointer(10);
aotContext->initGetEnumLookup(803, []() { static const auto t = QMetaType::fromName("QQuickImage*"); return t; }().metaObject(), "FillMode", "PreserveAspectFit");
if (aotContext->engine->hasError())
    return int();
}
// generate_Ret
return r2_0;
});}
 },{ 316, QMetaType::fromType<QVariant>(), {  }, 
    [](const QQmlPrivate::AOTCompiledContext *context, void *data, void **argv) {
        wrapCall(context, data, argv, [](const QQmlPrivate::AOTCompiledContext *aotContext, void **argumentsPtr) {
Q_UNUSED(aotContext)
Q_UNUSED(argumentsPtr)
// expression for left at line 1650, column 9
QObject *r2_0;
QVariant r2_1;
// generate_LoadQmlContextPropertyLookup
while (!aotContext->loadScopeObjectPropertyLookup(804, &r2_0)) {
aotContext->setInstructionPointer(5);
aotContext->initLoadScopeObjectPropertyLookup(804, []() { static const auto t = QMetaType::fromName("QQuickItem*"); return t; }());
if (aotContext->engine->hasError())
    return QVariant();
}
// generate_GetLookup
r2_1 = QVariant(aotContext->lookupResultMetaType(805));
while (!aotContext->getObjectLookup(805, r2_0, r2_1.data())) {
aotContext->setInstructionPointer(10);
aotContext->initGetObjectLookup(805, r2_0, r2_1.metaType());
if (aotContext->engine->hasError())
    return QVariant();
r2_1 = QVariant(aotContext->lookupResultMetaType(805));
}
// generate_Ret
if (!r2_1.isValid())
    aotContext->setReturnValueUndefined();
return r2_1;
});}
 },{ 317, QMetaType::fromType<QVariant>(), {  }, 
    [](const QQmlPrivate::AOTCompiledContext *context, void *data, void **argv) {
        wrapCall(context, data, argv, [](const QQmlPrivate::AOTCompiledContext *aotContext, void **argumentsPtr) {
Q_UNUSED(aotContext)
Q_UNUSED(argumentsPtr)
// expression for top at line 1651, column 9
QObject *r2_0;
QVariant r2_1;
// generate_LoadQmlContextPropertyLookup
while (!aotContext->loadScopeObjectPropertyLookup(806, &r2_0)) {
aotContext->setInstructionPointer(5);
aotContext->initLoadScopeObjectPropertyLookup(806, []() { static const auto t = QMetaType::fromName("QQuickItem*"); return t; }());
if (aotContext->engine->hasError())
    return QVariant();
}
// generate_GetLookup
r2_1 = QVariant(aotContext->lookupResultMetaType(807));
while (!aotContext->getObjectLookup(807, r2_0, r2_1.data())) {
aotContext->setInstructionPointer(10);
aotContext->initGetObjectLookup(807, r2_0, r2_1.metaType());
if (aotContext->engine->hasError())
    return QVariant();
r2_1 = QVariant(aotContext->lookupResultMetaType(807));
}
// generate_Ret
if (!r2_1.isValid())
    aotContext->setReturnValueUndefined();
return r2_1;
});}
 },{ 318, QMetaType::fromType<QVariant>(), {  }, 
    [](const QQmlPrivate::AOTCompiledContext *context, void *data, void **argv) {
        wrapCall(context, data, argv, [](const QQmlPrivate::AOTCompiledContext *aotContext, void **argumentsPtr) {
Q_UNUSED(aotContext)
Q_UNUSED(argumentsPtr)
// expression for right at line 1666, column 9
QObject *r2_0;
QVariant r2_1;
// generate_LoadQmlContextPropertyLookup
while (!aotContext->loadScopeObjectPropertyLookup(808, &r2_0)) {
aotContext->setInstructionPointer(5);
aotContext->initLoadScopeObjectPropertyLookup(808, []() { static const auto t = QMetaType::fromName("QQuickItem*"); return t; }());
if (aotContext->engine->hasError())
    return QVariant();
}
// generate_GetLookup
r2_1 = QVariant(aotContext->lookupResultMetaType(809));
while (!aotContext->getObjectLookup(809, r2_0, r2_1.data())) {
aotContext->setInstructionPointer(10);
aotContext->initGetObjectLookup(809, r2_0, r2_1.metaType());
if (aotContext->engine->hasError())
    return QVariant();
r2_1 = QVariant(aotContext->lookupResultMetaType(809));
}
// generate_Ret
if (!r2_1.isValid())
    aotContext->setReturnValueUndefined();
return r2_1;
});}
 },{ 319, QMetaType::fromType<QVariant>(), {  }, 
    [](const QQmlPrivate::AOTCompiledContext *context, void *data, void **argv) {
        wrapCall(context, data, argv, [](const QQmlPrivate::AOTCompiledContext *aotContext, void **argumentsPtr) {
Q_UNUSED(aotContext)
Q_UNUSED(argumentsPtr)
// expression for top at line 1667, column 9
QObject *r2_0;
QVariant r2_1;
// generate_LoadQmlContextPropertyLookup
while (!aotContext->loadScopeObjectPropertyLookup(810, &r2_0)) {
aotContext->setInstructionPointer(5);
aotContext->initLoadScopeObjectPropertyLookup(810, []() { static const auto t = QMetaType::fromName("QQuickItem*"); return t; }());
if (aotContext->engine->hasError())
    return QVariant();
}
// generate_GetLookup
r2_1 = QVariant(aotContext->lookupResultMetaType(811));
while (!aotContext->getObjectLookup(811, r2_0, r2_1.data())) {
aotContext->setInstructionPointer(10);
aotContext->initGetObjectLookup(811, r2_0, r2_1.metaType());
if (aotContext->engine->hasError())
    return QVariant();
r2_1 = QVariant(aotContext->lookupResultMetaType(811));
}
// generate_Ret
if (!r2_1.isValid())
    aotContext->setReturnValueUndefined();
return r2_1;
});}
 },{ 320, QMetaType::fromType<int>(), {  }, 
    [](const QQmlPrivate::AOTCompiledContext *context, void *data, void **argv) {
        wrapCall(context, data, argv, [](const QQmlPrivate::AOTCompiledContext *aotContext, void **argumentsPtr) {
Q_UNUSED(aotContext)
Q_UNUSED(argumentsPtr)
// expression for horizontalAlignment at line 1692, column 9
int r2_0;
// generate_GetLookup
while (!aotContext->getEnumLookup(813, &r2_0)) {
aotContext->setInstructionPointer(10);
aotContext->initGetEnumLookup(813, []() { static const auto t = QMetaType::fromName("QQuickText*"); return t; }().metaObject(), "HAlignment", "AlignHCenter");
if (aotContext->engine->hasError())
    return int();
}
// generate_Ret
return r2_0;
});}
 },{ 321, QMetaType::fromType<int>(), {  }, 
    [](const QQmlPrivate::AOTCompiledContext *context, void *data, void **argv) {
        wrapCall(context, data, argv, [](const QQmlPrivate::AOTCompiledContext *aotContext, void **argumentsPtr) {
Q_UNUSED(aotContext)
Q_UNUSED(argumentsPtr)
// expression for verticalAlignment at line 1693, column 9
int r2_0;
// generate_GetLookup
while (!aotContext->getEnumLookup(815, &r2_0)) {
aotContext->setInstructionPointer(10);
aotContext->initGetEnumLookup(815, []() { static const auto t = QMetaType::fromName("QQuickText*"); return t; }().metaObject(), "VAlignment", "AlignVCenter");
if (aotContext->engine->hasError())
    return int();
}
// generate_Ret
return r2_0;
});}
 },{ 322, QMetaType::fromType<QVariant>(), {  }, 
    [](const QQmlPrivate::AOTCompiledContext *context, void *data, void **argv) {
        wrapCall(context, data, argv, [](const QQmlPrivate::AOTCompiledContext *aotContext, void **argumentsPtr) {
Q_UNUSED(aotContext)
Q_UNUSED(argumentsPtr)
// expression for right at line 1687, column 9
QObject *r2_0;
QVariant r2_1;
// generate_LoadQmlContextPropertyLookup
while (!aotContext->loadScopeObjectPropertyLookup(816, &r2_0)) {
aotContext->setInstructionPointer(5);
aotContext->initLoadScopeObjectPropertyLookup(816, []() { static const auto t = QMetaType::fromName("QQuickItem*"); return t; }());
if (aotContext->engine->hasError())
    return QVariant();
}
// generate_GetLookup
r2_1 = QVariant(aotContext->lookupResultMetaType(817));
while (!aotContext->getObjectLookup(817, r2_0, r2_1.data())) {
aotContext->setInstructionPointer(10);
aotContext->initGetObjectLookup(817, r2_0, r2_1.metaType());
if (aotContext->engine->hasError())
    return QVariant();
r2_1 = QVariant(aotContext->lookupResultMetaType(817));
}
// generate_Ret
if (!r2_1.isValid())
    aotContext->setReturnValueUndefined();
return r2_1;
});}
 },{ 323, QMetaType::fromType<QVariant>(), {  }, 
    [](const QQmlPrivate::AOTCompiledContext *context, void *data, void **argv) {
        wrapCall(context, data, argv, [](const QQmlPrivate::AOTCompiledContext *aotContext, void **argumentsPtr) {
Q_UNUSED(aotContext)
Q_UNUSED(argumentsPtr)
// expression for top at line 1688, column 9
QObject *r2_0;
QVariant r2_1;
// generate_LoadQmlContextPropertyLookup
while (!aotContext->loadScopeObjectPropertyLookup(818, &r2_0)) {
aotContext->setInstructionPointer(5);
aotContext->initLoadScopeObjectPropertyLookup(818, []() { static const auto t = QMetaType::fromName("QQuickItem*"); return t; }());
if (aotContext->engine->hasError())
    return QVariant();
}
// generate_GetLookup
r2_1 = QVariant(aotContext->lookupResultMetaType(819));
while (!aotContext->getObjectLookup(819, r2_0, r2_1.data())) {
aotContext->setInstructionPointer(10);
aotContext->initGetObjectLookup(819, r2_0, r2_1.metaType());
if (aotContext->engine->hasError())
    return QVariant();
r2_1 = QVariant(aotContext->lookupResultMetaType(819));
}
// generate_Ret
if (!r2_1.isValid())
    aotContext->setReturnValueUndefined();
return r2_1;
});}
 },{ 324, QMetaType::fromType<int>(), {  }, 
    [](const QQmlPrivate::AOTCompiledContext *context, void *data, void **argv) {
        wrapCall(context, data, argv, [](const QQmlPrivate::AOTCompiledContext *aotContext, void **argumentsPtr) {
Q_UNUSED(aotContext)
Q_UNUSED(argumentsPtr)
// expression for horizontalAlignment at line 1719, column 9
int r2_0;
// generate_GetLookup
while (!aotContext->getEnumLookup(821, &r2_0)) {
aotContext->setInstructionPointer(10);
aotContext->initGetEnumLookup(821, []() { static const auto t = QMetaType::fromName("QQuickText*"); return t; }().metaObject(), "HAlignment", "AlignHCenter");
if (aotContext->engine->hasError())
    return int();
}
// generate_Ret
return r2_0;
});}
 },{ 325, QMetaType::fromType<int>(), {  }, 
    [](const QQmlPrivate::AOTCompiledContext *context, void *data, void **argv) {
        wrapCall(context, data, argv, [](const QQmlPrivate::AOTCompiledContext *aotContext, void **argumentsPtr) {
Q_UNUSED(aotContext)
Q_UNUSED(argumentsPtr)
// expression for verticalAlignment at line 1720, column 9
int r2_0;
// generate_GetLookup
while (!aotContext->getEnumLookup(823, &r2_0)) {
aotContext->setInstructionPointer(10);
aotContext->initGetEnumLookup(823, []() { static const auto t = QMetaType::fromName("QQuickText*"); return t; }().metaObject(), "VAlignment", "AlignVCenter");
if (aotContext->engine->hasError())
    return int();
}
// generate_Ret
return r2_0;
});}
 },{ 326, QMetaType::fromType<QVariant>(), {  }, 
    [](const QQmlPrivate::AOTCompiledContext *context, void *data, void **argv) {
        wrapCall(context, data, argv, [](const QQmlPrivate::AOTCompiledContext *aotContext, void **argumentsPtr) {
Q_UNUSED(aotContext)
Q_UNUSED(argumentsPtr)
// expression for right at line 1714, column 9
QObject *r2_0;
QVariant r2_1;
// generate_LoadQmlContextPropertyLookup
while (!aotContext->loadScopeObjectPropertyLookup(824, &r2_0)) {
aotContext->setInstructionPointer(5);
aotContext->initLoadScopeObjectPropertyLookup(824, []() { static const auto t = QMetaType::fromName("QQuickItem*"); return t; }());
if (aotContext->engine->hasError())
    return QVariant();
}
// generate_GetLookup
r2_1 = QVariant(aotContext->lookupResultMetaType(825));
while (!aotContext->getObjectLookup(825, r2_0, r2_1.data())) {
aotContext->setInstructionPointer(10);
aotContext->initGetObjectLookup(825, r2_0, r2_1.metaType());
if (aotContext->engine->hasError())
    return QVariant();
r2_1 = QVariant(aotContext->lookupResultMetaType(825));
}
// generate_Ret
if (!r2_1.isValid())
    aotContext->setReturnValueUndefined();
return r2_1;
});}
 },{ 327, QMetaType::fromType<QVariant>(), {  }, 
    [](const QQmlPrivate::AOTCompiledContext *context, void *data, void **argv) {
        wrapCall(context, data, argv, [](const QQmlPrivate::AOTCompiledContext *aotContext, void **argumentsPtr) {
Q_UNUSED(aotContext)
Q_UNUSED(argumentsPtr)
// expression for top at line 1715, column 9
QObject *r2_0;
QVariant r2_1;
// generate_LoadQmlContextPropertyLookup
while (!aotContext->loadScopeObjectPropertyLookup(826, &r2_0)) {
aotContext->setInstructionPointer(5);
aotContext->initLoadScopeObjectPropertyLookup(826, []() { static const auto t = QMetaType::fromName("QQuickItem*"); return t; }());
if (aotContext->engine->hasError())
    return QVariant();
}
// generate_GetLookup
r2_1 = QVariant(aotContext->lookupResultMetaType(827));
while (!aotContext->getObjectLookup(827, r2_0, r2_1.data())) {
aotContext->setInstructionPointer(10);
aotContext->initGetObjectLookup(827, r2_0, r2_1.metaType());
if (aotContext->engine->hasError())
    return QVariant();
r2_1 = QVariant(aotContext->lookupResultMetaType(827));
}
// generate_Ret
if (!r2_1.isValid())
    aotContext->setReturnValueUndefined();
return r2_1;
});}
 },{ 328, QMetaType::fromType<int>(), {  }, 
    [](const QQmlPrivate::AOTCompiledContext *context, void *data, void **argv) {
        wrapCall(context, data, argv, [](const QQmlPrivate::AOTCompiledContext *aotContext, void **argumentsPtr) {
Q_UNUSED(aotContext)
Q_UNUSED(argumentsPtr)
// expression for horizontalAlignment at line 1746, column 9
int r2_0;
// generate_GetLookup
while (!aotContext->getEnumLookup(829, &r2_0)) {
aotContext->setInstructionPointer(10);
aotContext->initGetEnumLookup(829, []() { static const auto t = QMetaType::fromName("QQuickText*"); return t; }().metaObject(), "HAlignment", "AlignHCenter");
if (aotContext->engine->hasError())
    return int();
}
// generate_Ret
return r2_0;
});}
 },{ 329, QMetaType::fromType<int>(), {  }, 
    [](const QQmlPrivate::AOTCompiledContext *context, void *data, void **argv) {
        wrapCall(context, data, argv, [](const QQmlPrivate::AOTCompiledContext *aotContext, void **argumentsPtr) {
Q_UNUSED(aotContext)
Q_UNUSED(argumentsPtr)
// expression for verticalAlignment at line 1747, column 9
int r2_0;
// generate_GetLookup
while (!aotContext->getEnumLookup(831, &r2_0)) {
aotContext->setInstructionPointer(10);
aotContext->initGetEnumLookup(831, []() { static const auto t = QMetaType::fromName("QQuickText*"); return t; }().metaObject(), "VAlignment", "AlignVCenter");
if (aotContext->engine->hasError())
    return int();
}
// generate_Ret
return r2_0;
});}
 },{ 330, QMetaType::fromType<QVariant>(), {  }, 
    [](const QQmlPrivate::AOTCompiledContext *context, void *data, void **argv) {
        wrapCall(context, data, argv, [](const QQmlPrivate::AOTCompiledContext *aotContext, void **argumentsPtr) {
Q_UNUSED(aotContext)
Q_UNUSED(argumentsPtr)
// expression for left at line 1741, column 9
QObject *r2_0;
QVariant r2_1;
// generate_LoadQmlContextPropertyLookup
while (!aotContext->loadScopeObjectPropertyLookup(832, &r2_0)) {
aotContext->setInstructionPointer(5);
aotContext->initLoadScopeObjectPropertyLookup(832, []() { static const auto t = QMetaType::fromName("QQuickItem*"); return t; }());
if (aotContext->engine->hasError())
    return QVariant();
}
// generate_GetLookup
r2_1 = QVariant(aotContext->lookupResultMetaType(833));
while (!aotContext->getObjectLookup(833, r2_0, r2_1.data())) {
aotContext->setInstructionPointer(10);
aotContext->initGetObjectLookup(833, r2_0, r2_1.metaType());
if (aotContext->engine->hasError())
    return QVariant();
r2_1 = QVariant(aotContext->lookupResultMetaType(833));
}
// generate_Ret
if (!r2_1.isValid())
    aotContext->setReturnValueUndefined();
return r2_1;
});}
 },{ 331, QMetaType::fromType<QVariant>(), {  }, 
    [](const QQmlPrivate::AOTCompiledContext *context, void *data, void **argv) {
        wrapCall(context, data, argv, [](const QQmlPrivate::AOTCompiledContext *aotContext, void **argumentsPtr) {
Q_UNUSED(aotContext)
Q_UNUSED(argumentsPtr)
// expression for top at line 1742, column 9
QObject *r2_0;
QVariant r2_1;
// generate_LoadQmlContextPropertyLookup
while (!aotContext->loadScopeObjectPropertyLookup(834, &r2_0)) {
aotContext->setInstructionPointer(5);
aotContext->initLoadScopeObjectPropertyLookup(834, []() { static const auto t = QMetaType::fromName("QQuickItem*"); return t; }());
if (aotContext->engine->hasError())
    return QVariant();
}
// generate_GetLookup
r2_1 = QVariant(aotContext->lookupResultMetaType(835));
while (!aotContext->getObjectLookup(835, r2_0, r2_1.data())) {
aotContext->setInstructionPointer(10);
aotContext->initGetObjectLookup(835, r2_0, r2_1.metaType());
if (aotContext->engine->hasError())
    return QVariant();
r2_1 = QVariant(aotContext->lookupResultMetaType(835));
}
// generate_Ret
if (!r2_1.isValid())
    aotContext->setReturnValueUndefined();
return r2_1;
});}
 },{ 332, QMetaType::fromType<QVariant>(), {  }, 
    [](const QQmlPrivate::AOTCompiledContext *context, void *data, void **argv) {
        wrapCall(context, data, argv, [](const QQmlPrivate::AOTCompiledContext *aotContext, void **argumentsPtr) {
Q_UNUSED(aotContext)
Q_UNUSED(argumentsPtr)
// expression for horizontalCenter at line 1756, column 9
QObject *r2_0;
QVariant r2_1;
// generate_LoadQmlContextPropertyLookup
while (!aotContext->loadScopeObjectPropertyLookup(836, &r2_0)) {
aotContext->setInstructionPointer(5);
aotContext->initLoadScopeObjectPropertyLookup(836, []() { static const auto t = QMetaType::fromName("QQuickItem*"); return t; }());
if (aotContext->engine->hasError())
    return QVariant();
}
// generate_GetLookup
r2_1 = QVariant(aotContext->lookupResultMetaType(837));
while (!aotContext->getObjectLookup(837, r2_0, r2_1.data())) {
aotContext->setInstructionPointer(10);
aotContext->initGetObjectLookup(837, r2_0, r2_1.metaType());
if (aotContext->engine->hasError())
    return QVariant();
r2_1 = QVariant(aotContext->lookupResultMetaType(837));
}
// generate_Ret
if (!r2_1.isValid())
    aotContext->setReturnValueUndefined();
return r2_1;
});}
 },{ 333, QMetaType::fromType<QVariant>(), {  }, 
    [](const QQmlPrivate::AOTCompiledContext *context, void *data, void **argv) {
        wrapCall(context, data, argv, [](const QQmlPrivate::AOTCompiledContext *aotContext, void **argumentsPtr) {
Q_UNUSED(aotContext)
Q_UNUSED(argumentsPtr)
// expression for top at line 1757, column 9
QObject *r2_0;
QVariant r2_1;
// generate_LoadQmlContextPropertyLookup
while (!aotContext->loadScopeObjectPropertyLookup(838, &r2_0)) {
aotContext->setInstructionPointer(5);
aotContext->initLoadScopeObjectPropertyLookup(838, []() { static const auto t = QMetaType::fromName("QQuickItem*"); return t; }());
if (aotContext->engine->hasError())
    return QVariant();
}
// generate_GetLookup
r2_1 = QVariant(aotContext->lookupResultMetaType(839));
while (!aotContext->getObjectLookup(839, r2_0, r2_1.data())) {
aotContext->setInstructionPointer(10);
aotContext->initGetObjectLookup(839, r2_0, r2_1.metaType());
if (aotContext->engine->hasError())
    return QVariant();
r2_1 = QVariant(aotContext->lookupResultMetaType(839));
}
// generate_Ret
if (!r2_1.isValid())
    aotContext->setReturnValueUndefined();
return r2_1;
});}
 },{ 335, QMetaType::fromType<QVariant>(), {  }, 
    [](const QQmlPrivate::AOTCompiledContext *context, void *data, void **argv) {
        wrapCall(context, data, argv, [](const QQmlPrivate::AOTCompiledContext *aotContext, void **argumentsPtr) {
Q_UNUSED(aotContext)
Q_UNUSED(argumentsPtr)
// expression for horizontalCenter at line 1764, column 13
QObject *r2_0;
QVariant r2_1;
// generate_LoadQmlContextPropertyLookup
while (!aotContext->loadScopeObjectPropertyLookup(850, &r2_0)) {
aotContext->setInstructionPointer(5);
aotContext->initLoadScopeObjectPropertyLookup(850, []() { static const auto t = QMetaType::fromName("QQuickItem*"); return t; }());
if (aotContext->engine->hasError())
    return QVariant();
}
// generate_GetLookup
r2_1 = QVariant(aotContext->lookupResultMetaType(851));
while (!aotContext->getObjectLookup(851, r2_0, r2_1.data())) {
aotContext->setInstructionPointer(10);
aotContext->initGetObjectLookup(851, r2_0, r2_1.metaType());
if (aotContext->engine->hasError())
    return QVariant();
r2_1 = QVariant(aotContext->lookupResultMetaType(851));
}
// generate_Ret
if (!r2_1.isValid())
    aotContext->setReturnValueUndefined();
return r2_1;
});}
 },{ 339, QMetaType::fromType<QVariant>(), {  }, 
    [](const QQmlPrivate::AOTCompiledContext *context, void *data, void **argv) {
        wrapCall(context, data, argv, [](const QQmlPrivate::AOTCompiledContext *aotContext, void **argumentsPtr) {
Q_UNUSED(aotContext)
Q_UNUSED(argumentsPtr)
// expression for horizontalCenter at line 1813, column 13
QObject *r2_0;
QVariant r2_1;
// generate_LoadQmlContextPropertyLookup
while (!aotContext->loadScopeObjectPropertyLookup(863, &r2_0)) {
aotContext->setInstructionPointer(5);
aotContext->initLoadScopeObjectPropertyLookup(863, []() { static const auto t = QMetaType::fromName("QQuickItem*"); return t; }());
if (aotContext->engine->hasError())
    return QVariant();
}
// generate_GetLookup
r2_1 = QVariant(aotContext->lookupResultMetaType(864));
while (!aotContext->getObjectLookup(864, r2_0, r2_1.data())) {
aotContext->setInstructionPointer(10);
aotContext->initGetObjectLookup(864, r2_0, r2_1.metaType());
if (aotContext->engine->hasError())
    return QVariant();
r2_1 = QVariant(aotContext->lookupResultMetaType(864));
}
// generate_Ret
if (!r2_1.isValid())
    aotContext->setReturnValueUndefined();
return r2_1;
});}
 },{ 340, QMetaType::fromType<QVariant>(), {  }, 
    [](const QQmlPrivate::AOTCompiledContext *context, void *data, void **argv) {
        wrapCall(context, data, argv, [](const QQmlPrivate::AOTCompiledContext *aotContext, void **argumentsPtr) {
Q_UNUSED(aotContext)
Q_UNUSED(argumentsPtr)
// expression for horizontalCenter at line 1817, column 17
QObject *r2_0;
QVariant r2_1;
// generate_LoadQmlContextPropertyLookup
while (!aotContext->loadScopeObjectPropertyLookup(865, &r2_0)) {
aotContext->setInstructionPointer(5);
aotContext->initLoadScopeObjectPropertyLookup(865, []() { static const auto t = QMetaType::fromName("QQuickItem*"); return t; }());
if (aotContext->engine->hasError())
    return QVariant();
}
// generate_GetLookup
r2_1 = QVariant(aotContext->lookupResultMetaType(866));
while (!aotContext->getObjectLookup(866, r2_0, r2_1.data())) {
aotContext->setInstructionPointer(10);
aotContext->initGetObjectLookup(866, r2_0, r2_1.metaType());
if (aotContext->engine->hasError())
    return QVariant();
r2_1 = QVariant(aotContext->lookupResultMetaType(866));
}
// generate_Ret
if (!r2_1.isValid())
    aotContext->setReturnValueUndefined();
return r2_1;
});}
 },{ 344, QMetaType::fromType<double>(), {  }, 
    [](const QQmlPrivate::AOTCompiledContext *context, void *data, void **argv) {
        wrapCall(context, data, argv, [](const QQmlPrivate::AOTCompiledContext *aotContext, void **argumentsPtr) {
Q_UNUSED(aotContext)
Q_UNUSED(argumentsPtr)
// expression for height at line 1881, column 21
double r2_1;
QObject *r2_0;
// generate_LoadQmlContextPropertyLookup
while (!aotContext->loadScopeObjectPropertyLookup(899, &r2_0)) {
aotContext->setInstructionPointer(5);
aotContext->initLoadScopeObjectPropertyLookup(899, []() { static const auto t = QMetaType::fromName("QQuickItem*"); return t; }());
if (aotContext->engine->hasError())
    return double();
}
// generate_GetLookup
while (!aotContext->getObjectLookup(900, r2_0, &r2_1)) {
aotContext->setInstructionPointer(10);
aotContext->initGetObjectLookup(900, r2_0, QMetaType::fromType<double>());
if (aotContext->engine->hasError())
    return double();
}
// generate_Ret
return r2_1;
});}
 },{ 349, QMetaType::fromType<int>(), {  }, 
    [](const QQmlPrivate::AOTCompiledContext *context, void *data, void **argv) {
        wrapCall(context, data, argv, [](const QQmlPrivate::AOTCompiledContext *aotContext, void **argumentsPtr) {
Q_UNUSED(aotContext)
Q_UNUSED(argumentsPtr)
// expression for horizontalAlignment at line 1906, column 21
int r2_0;
// generate_GetLookup
while (!aotContext->getEnumLookup(912, &r2_0)) {
aotContext->setInstructionPointer(10);
aotContext->initGetEnumLookup(912, []() { static const auto t = QMetaType::fromName("QQuickText*"); return t; }().metaObject(), "HAlignment", "AlignHCenter");
if (aotContext->engine->hasError())
    return int();
}
// generate_Ret
return r2_0;
});}
 },{ 350, QMetaType::fromType<int>(), {  }, 
    [](const QQmlPrivate::AOTCompiledContext *context, void *data, void **argv) {
        wrapCall(context, data, argv, [](const QQmlPrivate::AOTCompiledContext *aotContext, void **argumentsPtr) {
Q_UNUSED(aotContext)
Q_UNUSED(argumentsPtr)
// expression for verticalAlignment at line 1907, column 21
int r2_0;
// generate_GetLookup
while (!aotContext->getEnumLookup(914, &r2_0)) {
aotContext->setInstructionPointer(10);
aotContext->initGetEnumLookup(914, []() { static const auto t = QMetaType::fromName("QQuickText*"); return t; }().metaObject(), "VAlignment", "AlignVCenter");
if (aotContext->engine->hasError())
    return int();
}
// generate_Ret
return r2_0;
});}
 },{ 351, QMetaType::fromType<double>(), {  }, 
    [](const QQmlPrivate::AOTCompiledContext *context, void *data, void **argv) {
        wrapCall(context, data, argv, [](const QQmlPrivate::AOTCompiledContext *aotContext, void **argumentsPtr) {
Q_UNUSED(aotContext)
Q_UNUSED(argumentsPtr)
// expression for width at line 1923, column 9
double r2_1;
QObject *r2_0;
// generate_LoadQmlContextPropertyLookup
while (!aotContext->loadScopeObjectPropertyLookup(915, &r2_0)) {
aotContext->setInstructionPointer(5);
aotContext->initLoadScopeObjectPropertyLookup(915, []() { static const auto t = QMetaType::fromName("QQuickItem*"); return t; }());
if (aotContext->engine->hasError())
    return double();
}
// generate_GetLookup
while (!aotContext->getObjectLookup(916, r2_0, &r2_1)) {
aotContext->setInstructionPointer(10);
aotContext->initGetObjectLookup(916, r2_0, QMetaType::fromType<double>());
if (aotContext->engine->hasError())
    return double();
}
// generate_Ret
return r2_1;
});}
 },{ 352, QMetaType::fromType<double>(), {  }, 
    [](const QQmlPrivate::AOTCompiledContext *context, void *data, void **argv) {
        wrapCall(context, data, argv, [](const QQmlPrivate::AOTCompiledContext *aotContext, void **argumentsPtr) {
Q_UNUSED(aotContext)
Q_UNUSED(argumentsPtr)
// expression for height at line 1924, column 9
double r2_1;
QObject *r2_0;
// generate_LoadQmlContextPropertyLookup
while (!aotContext->loadScopeObjectPropertyLookup(917, &r2_0)) {
aotContext->setInstructionPointer(5);
aotContext->initLoadScopeObjectPropertyLookup(917, []() { static const auto t = QMetaType::fromName("QQuickItem*"); return t; }());
if (aotContext->engine->hasError())
    return double();
}
// generate_GetLookup
while (!aotContext->getObjectLookup(918, r2_0, &r2_1)) {
aotContext->setInstructionPointer(10);
aotContext->initGetObjectLookup(918, r2_0, QMetaType::fromType<double>());
if (aotContext->engine->hasError())
    return double();
}
// generate_Ret
return r2_1;
});}
 },{ 353, QMetaType::fromType<void>(), {  }, 
    [](const QQmlPrivate::AOTCompiledContext *context, void *data, void **argv) {
        wrapCall(context, data, argv, [](const QQmlPrivate::AOTCompiledContext *aotContext, void **argumentsPtr) {
Q_UNUSED(aotContext)
Q_UNUSED(argumentsPtr)
// expression for onVisibleChanged at line 1934, column 13
QObject *r8_0;
QObject *r2_0;
bool r7_0;
bool r2_1;
// generate_CreateCallContext
{
// generate_LoadQmlContextPropertyLookup
while (!aotContext->loadContextIdLookup(919, &r2_0)) {
aotContext->setInstructionPointer(6);
aotContext->initLoadContextIdLookup(919);
if (aotContext->engine->hasError())
    return ;
}
// generate_GetLookup
while (!aotContext->getObjectLookup(920, r2_0, &r2_1)) {
aotContext->setInstructionPointer(11);
aotContext->initGetObjectLookup(920, r2_0, QMetaType::fromType<bool>());
if (aotContext->engine->hasError())
    return ;
}
// generate_StoreReg
r7_0 = r2_1;
// generate_LoadTrue
r2_1 = true;
// generate_CmpStrictEqual
r2_1 = r7_0 == r2_1;
// generate_JumpFalse
if (!r2_1) {
    goto label_0;
}
;
// generate_LoadQmlContextPropertyLookup
while (!aotContext->loadContextIdLookup(921, &r2_0)) {
aotContext->setInstructionPointer(23);
aotContext->initLoadContextIdLookup(921);
if (aotContext->engine->hasError())
    return ;
}
// generate_StoreReg
r8_0 = r2_0;
// generate_CallPropertyLookup
{
void *args[] = { nullptr };
const QMetaType types[] = { QMetaType() };
while (!aotContext->callObjectPropertyLookup(922, r8_0, args, types, 0)) {
aotContext->setInstructionPointer(42);
aotContext->initCallObjectPropertyLookup(922);
if (aotContext->engine->hasError())
    return ;
}
}
label_0:;
// generate_PopContext
;}
// generate_Ret
return;
});}
 },{ 354, QMetaType::fromType<void>(), { QMetaType::fromType<QObject *>() }, 
    [](const QQmlPrivate::AOTCompiledContext *context, void *data, void **argv) {
        wrapCall(context, data, argv, [](const QQmlPrivate::AOTCompiledContext *aotContext, void **argumentsPtr) {
Q_UNUSED(aotContext)
Q_UNUSED(argumentsPtr)
// expression for onPressed at line 1938, column 13
// generate_CreateCallContext
{
// generate_PopContext
;}
// generate_Ret
return;
});}
 },{ 356, QMetaType::fromType<double>(), {  }, 
    [](const QQmlPrivate::AOTCompiledContext *context, void *data, void **argv) {
        wrapCall(context, data, argv, [](const QQmlPrivate::AOTCompiledContext *aotContext, void **argumentsPtr) {
Q_UNUSED(aotContext)
Q_UNUSED(argumentsPtr)
// expression for spacing at line 2007, column 13
double r2_1;
QObject *r2_0;
// generate_LoadQmlContextPropertyLookup
while (!aotContext->loadContextIdLookup(1000, &r2_0)) {
aotContext->setInstructionPointer(5);
aotContext->initLoadContextIdLookup(1000);
if (aotContext->engine->hasError())
    return double();
}
// generate_GetLookup
{
int retrieved;
while (!aotContext->getObjectLookup(1001, r2_0, &retrieved)) {
aotContext->setInstructionPointer(10);
aotContext->initGetObjectLookup(1001, r2_0, QMetaType::fromType<int>());
if (aotContext->engine->hasError())
    return double();
}
r2_1 = double(retrieved);
}
// generate_Ret
return r2_1;
});}
 },{ 357, QMetaType::fromType<double>(), {  }, 
    [](const QQmlPrivate::AOTCompiledContext *context, void *data, void **argv) {
        wrapCall(context, data, argv, [](const QQmlPrivate::AOTCompiledContext *aotContext, void **argumentsPtr) {
Q_UNUSED(aotContext)
Q_UNUSED(argumentsPtr)
// expression for spacing at line 2011, column 17
double r2_1;
QObject *r2_0;
// generate_LoadQmlContextPropertyLookup
while (!aotContext->loadContextIdLookup(1002, &r2_0)) {
aotContext->setInstructionPointer(5);
aotContext->initLoadContextIdLookup(1002);
if (aotContext->engine->hasError())
    return double();
}
// generate_GetLookup
{
int retrieved;
while (!aotContext->getObjectLookup(1003, r2_0, &retrieved)) {
aotContext->setInstructionPointer(10);
aotContext->initGetObjectLookup(1003, r2_0, QMetaType::fromType<int>());
if (aotContext->engine->hasError())
    return double();
}
r2_1 = double(retrieved);
}
// generate_Ret
return r2_1;
});}
 },{ 367, QMetaType::fromType<double>(), {  }, 
    [](const QQmlPrivate::AOTCompiledContext *context, void *data, void **argv) {
        wrapCall(context, data, argv, [](const QQmlPrivate::AOTCompiledContext *aotContext, void **argumentsPtr) {
Q_UNUSED(aotContext)
Q_UNUSED(argumentsPtr)
// expression for spacing at line 2048, column 17
double r2_1;
QObject *r2_0;
// generate_LoadQmlContextPropertyLookup
while (!aotContext->loadContextIdLookup(1034, &r2_0)) {
aotContext->setInstructionPointer(5);
aotContext->initLoadContextIdLookup(1034);
if (aotContext->engine->hasError())
    return double();
}
// generate_GetLookup
{
int retrieved;
while (!aotContext->getObjectLookup(1035, r2_0, &retrieved)) {
aotContext->setInstructionPointer(10);
aotContext->initGetObjectLookup(1035, r2_0, QMetaType::fromType<int>());
if (aotContext->engine->hasError())
    return double();
}
r2_1 = double(retrieved);
}
// generate_Ret
return r2_1;
});}
 },{ 374, QMetaType::fromType<int>(), {  }, 
    [](const QQmlPrivate::AOTCompiledContext *context, void *data, void **argv) {
        wrapCall(context, data, argv, [](const QQmlPrivate::AOTCompiledContext *aotContext, void **argumentsPtr) {
Q_UNUSED(aotContext)
Q_UNUSED(argumentsPtr)
// expression for horizontalAlignment at line 2081, column 25
int r2_0;
// generate_GetLookup
while (!aotContext->getEnumLookup(1057, &r2_0)) {
aotContext->setInstructionPointer(10);
aotContext->initGetEnumLookup(1057, []() { static const auto t = QMetaType::fromName("QQuickText*"); return t; }().metaObject(), "HAlignment", "AlignHCenter");
if (aotContext->engine->hasError())
    return int();
}
// generate_Ret
return r2_0;
});}
 },{ 375, QMetaType::fromType<int>(), {  }, 
    [](const QQmlPrivate::AOTCompiledContext *context, void *data, void **argv) {
        wrapCall(context, data, argv, [](const QQmlPrivate::AOTCompiledContext *aotContext, void **argumentsPtr) {
Q_UNUSED(aotContext)
Q_UNUSED(argumentsPtr)
// expression for verticalAlignment at line 2082, column 25
int r2_0;
// generate_GetLookup
while (!aotContext->getEnumLookup(1059, &r2_0)) {
aotContext->setInstructionPointer(10);
aotContext->initGetEnumLookup(1059, []() { static const auto t = QMetaType::fromName("QQuickText*"); return t; }().metaObject(), "VAlignment", "AlignVCenter");
if (aotContext->engine->hasError())
    return int();
}
// generate_Ret
return r2_0;
});}
 },{ 376, QMetaType::fromType<QObject*>(), {  }, 
    [](const QQmlPrivate::AOTCompiledContext *context, void *data, void **argv) {
        wrapCall(context, data, argv, [](const QQmlPrivate::AOTCompiledContext *aotContext, void **argumentsPtr) {
Q_UNUSED(aotContext)
Q_UNUSED(argumentsPtr)
// expression for fill at line 2083, column 25
QObject *r2_0;
// generate_LoadQmlContextPropertyLookup
while (!aotContext->loadScopeObjectPropertyLookup(1060, &r2_0)) {
aotContext->setInstructionPointer(5);
aotContext->initLoadScopeObjectPropertyLookup(1060, []() { static const auto t = QMetaType::fromName("QQuickItem*"); return t; }());
if (aotContext->engine->hasError())
    return static_cast<QObject *>(nullptr);
}
// generate_Ret
return r2_0;
});}
 },{ 380, QMetaType::fromType<double>(), {  }, 
    [](const QQmlPrivate::AOTCompiledContext *context, void *data, void **argv) {
        wrapCall(context, data, argv, [](const QQmlPrivate::AOTCompiledContext *aotContext, void **argumentsPtr) {
Q_UNUSED(aotContext)
Q_UNUSED(argumentsPtr)
// expression for spacing at line 2101, column 17
double r2_1;
QObject *r2_0;
// generate_LoadQmlContextPropertyLookup
while (!aotContext->loadContextIdLookup(1071, &r2_0)) {
aotContext->setInstructionPointer(5);
aotContext->initLoadContextIdLookup(1071);
if (aotContext->engine->hasError())
    return double();
}
// generate_GetLookup
{
int retrieved;
while (!aotContext->getObjectLookup(1072, r2_0, &retrieved)) {
aotContext->setInstructionPointer(10);
aotContext->initGetObjectLookup(1072, r2_0, QMetaType::fromType<int>());
if (aotContext->engine->hasError())
    return double();
}
r2_1 = double(retrieved);
}
// generate_Ret
return r2_1;
});}
 },{ 390, QMetaType::fromType<QVariant>(), {  }, 
    [](const QQmlPrivate::AOTCompiledContext *context, void *data, void **argv) {
        wrapCall(context, data, argv, [](const QQmlPrivate::AOTCompiledContext *aotContext, void **argumentsPtr) {
Q_UNUSED(aotContext)
Q_UNUSED(argumentsPtr)
// expression for right at line 2135, column 13
QObject *r2_0;
QVariant r2_1;
// generate_LoadQmlContextPropertyLookup
while (!aotContext->loadScopeObjectPropertyLookup(1103, &r2_0)) {
aotContext->setInstructionPointer(5);
aotContext->initLoadScopeObjectPropertyLookup(1103, []() { static const auto t = QMetaType::fromName("QQuickItem*"); return t; }());
if (aotContext->engine->hasError())
    return QVariant();
}
// generate_GetLookup
r2_1 = QVariant(aotContext->lookupResultMetaType(1104));
while (!aotContext->getObjectLookup(1104, r2_0, r2_1.data())) {
aotContext->setInstructionPointer(10);
aotContext->initGetObjectLookup(1104, r2_0, r2_1.metaType());
if (aotContext->engine->hasError())
    return QVariant();
r2_1 = QVariant(aotContext->lookupResultMetaType(1104));
}
// generate_Ret
if (!r2_1.isValid())
    aotContext->setReturnValueUndefined();
return r2_1;
});}
 },{ 391, QMetaType::fromType<QVariant>(), {  }, 
    [](const QQmlPrivate::AOTCompiledContext *context, void *data, void **argv) {
        wrapCall(context, data, argv, [](const QQmlPrivate::AOTCompiledContext *aotContext, void **argumentsPtr) {
Q_UNUSED(aotContext)
Q_UNUSED(argumentsPtr)
// expression for top at line 2136, column 13
QObject *r2_0;
QVariant r2_1;
// generate_LoadQmlContextPropertyLookup
while (!aotContext->loadScopeObjectPropertyLookup(1105, &r2_0)) {
aotContext->setInstructionPointer(5);
aotContext->initLoadScopeObjectPropertyLookup(1105, []() { static const auto t = QMetaType::fromName("QQuickItem*"); return t; }());
if (aotContext->engine->hasError())
    return QVariant();
}
// generate_GetLookup
r2_1 = QVariant(aotContext->lookupResultMetaType(1106));
while (!aotContext->getObjectLookup(1106, r2_0, r2_1.data())) {
aotContext->setInstructionPointer(10);
aotContext->initGetObjectLookup(1106, r2_0, r2_1.metaType());
if (aotContext->engine->hasError())
    return QVariant();
r2_1 = QVariant(aotContext->lookupResultMetaType(1106));
}
// generate_Ret
if (!r2_1.isValid())
    aotContext->setReturnValueUndefined();
return r2_1;
});}
 },{ 392, QMetaType::fromType<QObject*>(), {  }, 
    [](const QQmlPrivate::AOTCompiledContext *context, void *data, void **argv) {
        wrapCall(context, data, argv, [](const QQmlPrivate::AOTCompiledContext *aotContext, void **argumentsPtr) {
Q_UNUSED(aotContext)
Q_UNUSED(argumentsPtr)
// expression for fill at line 2145, column 9
QObject *r2_0;
// generate_LoadQmlContextPropertyLookup
while (!aotContext->loadScopeObjectPropertyLookup(1107, &r2_0)) {
aotContext->setInstructionPointer(5);
aotContext->initLoadScopeObjectPropertyLookup(1107, []() { static const auto t = QMetaType::fromName("QQuickItem*"); return t; }());
if (aotContext->engine->hasError())
    return static_cast<QObject *>(nullptr);
}
// generate_Ret
return r2_0;
});}
 },{ 398, QMetaType::fromType<double>(), {  }, 
    [](const QQmlPrivate::AOTCompiledContext *context, void *data, void **argv) {
        wrapCall(context, data, argv, [](const QQmlPrivate::AOTCompiledContext *aotContext, void **argumentsPtr) {
Q_UNUSED(aotContext)
Q_UNUSED(argumentsPtr)
// expression for radius at line 2178, column 17
double r2_1;
QObject *r2_0;
// generate_LoadQmlContextPropertyLookup
while (!aotContext->loadContextIdLookup(1122, &r2_0)) {
aotContext->setInstructionPointer(5);
aotContext->initLoadContextIdLookup(1122);
if (aotContext->engine->hasError())
    return double();
}
// generate_GetLookup
{
int retrieved;
while (!aotContext->getObjectLookup(1123, r2_0, &retrieved)) {
aotContext->setInstructionPointer(10);
aotContext->initGetObjectLookup(1123, r2_0, QMetaType::fromType<int>());
if (aotContext->engine->hasError())
    return double();
}
r2_1 = double(retrieved);
}
// generate_Ret
return r2_1;
});}
 },{ 404, QMetaType::fromType<double>(), {  }, 
    [](const QQmlPrivate::AOTCompiledContext *context, void *data, void **argv) {
        wrapCall(context, data, argv, [](const QQmlPrivate::AOTCompiledContext *aotContext, void **argumentsPtr) {
Q_UNUSED(aotContext)
Q_UNUSED(argumentsPtr)
// expression for radius at line 2208, column 17
double r2_1;
QObject *r2_0;
// generate_LoadQmlContextPropertyLookup
while (!aotContext->loadContextIdLookup(1138, &r2_0)) {
aotContext->setInstructionPointer(5);
aotContext->initLoadContextIdLookup(1138);
if (aotContext->engine->hasError())
    return double();
}
// generate_GetLookup
{
int retrieved;
while (!aotContext->getObjectLookup(1139, r2_0, &retrieved)) {
aotContext->setInstructionPointer(10);
aotContext->initGetObjectLookup(1139, r2_0, QMetaType::fromType<int>());
if (aotContext->engine->hasError())
    return double();
}
r2_1 = double(retrieved);
}
// generate_Ret
return r2_1;
});}
 },{ 410, QMetaType::fromType<double>(), {  }, 
    [](const QQmlPrivate::AOTCompiledContext *context, void *data, void **argv) {
        wrapCall(context, data, argv, [](const QQmlPrivate::AOTCompiledContext *aotContext, void **argumentsPtr) {
Q_UNUSED(aotContext)
Q_UNUSED(argumentsPtr)
// expression for radius at line 2237, column 17
double r2_1;
QObject *r2_0;
// generate_LoadQmlContextPropertyLookup
while (!aotContext->loadContextIdLookup(1154, &r2_0)) {
aotContext->setInstructionPointer(5);
aotContext->initLoadContextIdLookup(1154);
if (aotContext->engine->hasError())
    return double();
}
// generate_GetLookup
{
int retrieved;
while (!aotContext->getObjectLookup(1155, r2_0, &retrieved)) {
aotContext->setInstructionPointer(10);
aotContext->initGetObjectLookup(1155, r2_0, QMetaType::fromType<int>());
if (aotContext->engine->hasError())
    return double();
}
r2_1 = double(retrieved);
}
// generate_Ret
return r2_1;
});}
 },{ 411, QMetaType::fromType<double>(), {  }, 
    [](const QQmlPrivate::AOTCompiledContext *context, void *data, void **argv) {
        wrapCall(context, data, argv, [](const QQmlPrivate::AOTCompiledContext *aotContext, void **argumentsPtr) {
Q_UNUSED(aotContext)
Q_UNUSED(argumentsPtr)
// expression for mapWidth at line 2245, column 9
double r2_1;
QObject *r2_0;
// generate_LoadQmlContextPropertyLookup
while (!aotContext->loadContextIdLookup(1156, &r2_0)) {
aotContext->setInstructionPointer(5);
aotContext->initLoadContextIdLookup(1156);
if (aotContext->engine->hasError())
    return double();
}
// generate_GetLookup
while (!aotContext->getObjectLookup(1157, r2_0, &r2_1)) {
aotContext->setInstructionPointer(10);
aotContext->initGetObjectLookup(1157, r2_0, QMetaType::fromType<double>());
if (aotContext->engine->hasError())
    return double();
}
// generate_Ret
return r2_1;
});}
 },{ 412, QMetaType::fromType<double>(), {  }, 
    [](const QQmlPrivate::AOTCompiledContext *context, void *data, void **argv) {
        wrapCall(context, data, argv, [](const QQmlPrivate::AOTCompiledContext *aotContext, void **argumentsPtr) {
Q_UNUSED(aotContext)
Q_UNUSED(argumentsPtr)
// expression for mapHeight at line 2246, column 9
double r2_1;
QObject *r2_0;
// generate_LoadQmlContextPropertyLookup
while (!aotContext->loadContextIdLookup(1158, &r2_0)) {
aotContext->setInstructionPointer(5);
aotContext->initLoadContextIdLookup(1158);
if (aotContext->engine->hasError())
    return double();
}
// generate_GetLookup
while (!aotContext->getObjectLookup(1159, r2_0, &r2_1)) {
aotContext->setInstructionPointer(10);
aotContext->initGetObjectLookup(1159, r2_0, QMetaType::fromType<double>());
if (aotContext->engine->hasError())
    return double();
}
// generate_Ret
return r2_1;
});}
 },{ 413, QMetaType::fromType<double>(), {  }, 
    [](const QQmlPrivate::AOTCompiledContext *context, void *data, void **argv) {
        wrapCall(context, data, argv, [](const QQmlPrivate::AOTCompiledContext *aotContext, void **argumentsPtr) {
Q_UNUSED(aotContext)
Q_UNUSED(argumentsPtr)
// expression for robotX at line 2249, column 9
double r8_0;
double r2_0;
double r7_0;
double r9_0;
// generate_LoadQmlContextPropertyLookup
while (!aotContext->loadScopeObjectPropertyLookup(1160, &r2_0)) {
aotContext->setInstructionPointer(5);
aotContext->initLoadScopeObjectPropertyLookup(1160, QMetaType::fromType<double>());
if (aotContext->engine->hasError())
    return double();
}
// generate_StoreReg
r7_0 = r2_0;
// generate_LoadInt
r2_0 = double(2);
// generate_Div
r2_0 = (r7_0 / r2_0);
// generate_StoreReg
r8_0 = r2_0;
// generate_LoadConst
r2_0 = 12.50000000000000000;
// generate_Sub
r2_0 = (r8_0 - r2_0);
// generate_StoreReg
r9_0 = r2_0;
// generate_LoadInt
r2_0 = double(40);
// generate_Sub
r2_0 = (r9_0 - r2_0);
// generate_Ret
return r2_0;
});}
 },{ 414, QMetaType::fromType<double>(), {  }, 
    [](const QQmlPrivate::AOTCompiledContext *context, void *data, void **argv) {
        wrapCall(context, data, argv, [](const QQmlPrivate::AOTCompiledContext *aotContext, void **argumentsPtr) {
Q_UNUSED(aotContext)
Q_UNUSED(argumentsPtr)
// expression for robotY at line 2250, column 9
double r8_0;
double r2_0;
double r7_0;
double r9_0;
// generate_LoadQmlContextPropertyLookup
while (!aotContext->loadScopeObjectPropertyLookup(1161, &r2_0)) {
aotContext->setInstructionPointer(5);
aotContext->initLoadScopeObjectPropertyLookup(1161, QMetaType::fromType<double>());
if (aotContext->engine->hasError())
    return double();
}
// generate_StoreReg
r7_0 = r2_0;
// generate_LoadInt
r2_0 = double(2);
// generate_Div
r2_0 = (r7_0 / r2_0);
// generate_StoreReg
r8_0 = r2_0;
// generate_LoadConst
r2_0 = 12.50000000000000000;
// generate_Sub
r2_0 = (r8_0 - r2_0);
// generate_StoreReg
r9_0 = r2_0;
// generate_LoadInt
r2_0 = double(10);
// generate_Sub
r2_0 = (r9_0 - r2_0);
// generate_Ret
return r2_0;
});}
 },{ 415, QMetaType::fromType<double>(), {  }, 
    [](const QQmlPrivate::AOTCompiledContext *context, void *data, void **argv) {
        wrapCall(context, data, argv, [](const QQmlPrivate::AOTCompiledContext *aotContext, void **argumentsPtr) {
Q_UNUSED(aotContext)
Q_UNUSED(argumentsPtr)
// expression for originX at line 2254, column 9
// generate_Ret
aotContext->setReturnValueUndefined();
return std::numeric_limits<double>::quiet_NaN();
});}
 },{ 416, QMetaType::fromType<double>(), {  }, 
    [](const QQmlPrivate::AOTCompiledContext *context, void *data, void **argv) {
        wrapCall(context, data, argv, [](const QQmlPrivate::AOTCompiledContext *aotContext, void **argumentsPtr) {
Q_UNUSED(aotContext)
Q_UNUSED(argumentsPtr)
// expression for originY at line 2255, column 9
// generate_Ret
aotContext->setReturnValueUndefined();
return std::numeric_limits<double>::quiet_NaN();
});}
 },{ 419, QMetaType::fromType<QVariant>(), {  }, 
    [](const QQmlPrivate::AOTCompiledContext *context, void *data, void **argv) {
        wrapCall(context, data, argv, [](const QQmlPrivate::AOTCompiledContext *aotContext, void **argumentsPtr) {
Q_UNUSED(aotContext)
Q_UNUSED(argumentsPtr)
// expression for horizontalCenter at line 2266, column 9
QObject *r2_0;
QVariant r2_1;
// generate_LoadQmlContextPropertyLookup
while (!aotContext->loadScopeObjectPropertyLookup(1168, &r2_0)) {
aotContext->setInstructionPointer(5);
aotContext->initLoadScopeObjectPropertyLookup(1168, []() { static const auto t = QMetaType::fromName("QQuickItem*"); return t; }());
if (aotContext->engine->hasError())
    return QVariant();
}
// generate_GetLookup
r2_1 = QVariant(aotContext->lookupResultMetaType(1169));
while (!aotContext->getObjectLookup(1169, r2_0, r2_1.data())) {
aotContext->setInstructionPointer(10);
aotContext->initGetObjectLookup(1169, r2_0, r2_1.metaType());
if (aotContext->engine->hasError())
    return QVariant();
r2_1 = QVariant(aotContext->lookupResultMetaType(1169));
}
// generate_Ret
if (!r2_1.isValid())
    aotContext->setReturnValueUndefined();
return r2_1;
});}
 },{ 420, QMetaType::fromType<QVariant>(), {  }, 
    [](const QQmlPrivate::AOTCompiledContext *context, void *data, void **argv) {
        wrapCall(context, data, argv, [](const QQmlPrivate::AOTCompiledContext *aotContext, void **argumentsPtr) {
Q_UNUSED(aotContext)
Q_UNUSED(argumentsPtr)
// expression for top at line 2267, column 9
QObject *r2_0;
QVariant r2_1;
// generate_LoadQmlContextPropertyLookup
while (!aotContext->loadScopeObjectPropertyLookup(1170, &r2_0)) {
aotContext->setInstructionPointer(5);
aotContext->initLoadScopeObjectPropertyLookup(1170, []() { static const auto t = QMetaType::fromName("QQuickItem*"); return t; }());
if (aotContext->engine->hasError())
    return QVariant();
}
// generate_GetLookup
r2_1 = QVariant(aotContext->lookupResultMetaType(1171));
while (!aotContext->getObjectLookup(1171, r2_0, r2_1.data())) {
aotContext->setInstructionPointer(10);
aotContext->initGetObjectLookup(1171, r2_0, r2_1.metaType());
if (aotContext->engine->hasError())
    return QVariant();
r2_1 = QVariant(aotContext->lookupResultMetaType(1171));
}
// generate_Ret
if (!r2_1.isValid())
    aotContext->setReturnValueUndefined();
return r2_1;
});}
 },{ 421, QMetaType::fromType<QVariant>(), {  }, 
    [](const QQmlPrivate::AOTCompiledContext *context, void *data, void **argv) {
        wrapCall(context, data, argv, [](const QQmlPrivate::AOTCompiledContext *aotContext, void **argumentsPtr) {
Q_UNUSED(aotContext)
Q_UNUSED(argumentsPtr)
// expression for right at line 2268, column 9
QObject *r2_0;
QVariant r2_1;
// generate_LoadQmlContextPropertyLookup
while (!aotContext->loadScopeObjectPropertyLookup(1172, &r2_0)) {
aotContext->setInstructionPointer(5);
aotContext->initLoadScopeObjectPropertyLookup(1172, []() { static const auto t = QMetaType::fromName("QQuickItem*"); return t; }());
if (aotContext->engine->hasError())
    return QVariant();
}
// generate_GetLookup
r2_1 = QVariant(aotContext->lookupResultMetaType(1173));
while (!aotContext->getObjectLookup(1173, r2_0, r2_1.data())) {
aotContext->setInstructionPointer(10);
aotContext->initGetObjectLookup(1173, r2_0, r2_1.metaType());
if (aotContext->engine->hasError())
    return QVariant();
r2_1 = QVariant(aotContext->lookupResultMetaType(1173));
}
// generate_Ret
if (!r2_1.isValid())
    aotContext->setReturnValueUndefined();
return r2_1;
});}
 },{ 422, QMetaType::fromType<QObject*>(), {  }, 
    [](const QQmlPrivate::AOTCompiledContext *context, void *data, void **argv) {
        wrapCall(context, data, argv, [](const QQmlPrivate::AOTCompiledContext *aotContext, void **argumentsPtr) {
Q_UNUSED(aotContext)
Q_UNUSED(argumentsPtr)
// expression for fill at line 2279, column 17
QObject *r2_0;
// generate_LoadQmlContextPropertyLookup
while (!aotContext->loadScopeObjectPropertyLookup(1174, &r2_0)) {
aotContext->setInstructionPointer(5);
aotContext->initLoadScopeObjectPropertyLookup(1174, []() { static const auto t = QMetaType::fromName("QQuickItem*"); return t; }());
if (aotContext->engine->hasError())
    return static_cast<QObject *>(nullptr);
}
// generate_Ret
return r2_0;
});}
 },{ 423, QMetaType::fromType<QVariant>(), {  }, 
    [](const QQmlPrivate::AOTCompiledContext *context, void *data, void **argv) {
        wrapCall(context, data, argv, [](const QQmlPrivate::AOTCompiledContext *aotContext, void **argumentsPtr) {
Q_UNUSED(aotContext)
Q_UNUSED(argumentsPtr)
// expression for globalPath at line 2285, column 17
QVariant r2_0;
// generate_DefineArray
r2_0 = QVariant(QVariantList());
// generate_Ret
if (!r2_0.isValid())
    aotContext->setReturnValueUndefined();
return r2_0;
});}
 },{ 425, QMetaType::fromType<QObject*>(), {  }, 
    [](const QQmlPrivate::AOTCompiledContext *context, void *data, void **argv) {
        wrapCall(context, data, argv, [](const QQmlPrivate::AOTCompiledContext *aotContext, void **argumentsPtr) {
Q_UNUSED(aotContext)
Q_UNUSED(argumentsPtr)
// expression for fill at line 2284, column 17
QObject *r2_0;
// generate_LoadQmlContextPropertyLookup
while (!aotContext->loadScopeObjectPropertyLookup(1197, &r2_0)) {
aotContext->setInstructionPointer(5);
aotContext->initLoadScopeObjectPropertyLookup(1197, []() { static const auto t = QMetaType::fromName("QQuickItem*"); return t; }());
if (aotContext->engine->hasError())
    return static_cast<QObject *>(nullptr);
}
// generate_Ret
return r2_0;
});}
 },{ 426, QMetaType::fromType<double>(), {  }, 
    [](const QQmlPrivate::AOTCompiledContext *context, void *data, void **argv) {
        wrapCall(context, data, argv, [](const QQmlPrivate::AOTCompiledContext *aotContext, void **argumentsPtr) {
Q_UNUSED(aotContext)
Q_UNUSED(argumentsPtr)
// expression for x at line 2309, column 17
double r2_1;
QObject *r2_0;
// generate_LoadQmlContextPropertyLookup
while (!aotContext->loadContextIdLookup(1198, &r2_0)) {
aotContext->setInstructionPointer(5);
aotContext->initLoadContextIdLookup(1198);
if (aotContext->engine->hasError())
    return double();
}
// generate_GetLookup
while (!aotContext->getObjectLookup(1199, r2_0, &r2_1)) {
aotContext->setInstructionPointer(10);
aotContext->initGetObjectLookup(1199, r2_0, QMetaType::fromType<double>());
if (aotContext->engine->hasError())
    return double();
}
// generate_Ret
return r2_1;
});}
 },{ 427, QMetaType::fromType<double>(), {  }, 
    [](const QQmlPrivate::AOTCompiledContext *context, void *data, void **argv) {
        wrapCall(context, data, argv, [](const QQmlPrivate::AOTCompiledContext *aotContext, void **argumentsPtr) {
Q_UNUSED(aotContext)
Q_UNUSED(argumentsPtr)
// expression for y at line 2310, column 17
double r2_1;
QObject *r2_0;
// generate_LoadQmlContextPropertyLookup
while (!aotContext->loadContextIdLookup(1200, &r2_0)) {
aotContext->setInstructionPointer(5);
aotContext->initLoadContextIdLookup(1200);
if (aotContext->engine->hasError())
    return double();
}
// generate_GetLookup
while (!aotContext->getObjectLookup(1201, r2_0, &r2_1)) {
aotContext->setInstructionPointer(10);
aotContext->initGetObjectLookup(1201, r2_0, QMetaType::fromType<double>());
if (aotContext->engine->hasError())
    return double();
}
// generate_Ret
return r2_1;
});}
 },{ 428, QMetaType::fromType<double>(), {  }, 
    [](const QQmlPrivate::AOTCompiledContext *context, void *data, void **argv) {
        wrapCall(context, data, argv, [](const QQmlPrivate::AOTCompiledContext *aotContext, void **argumentsPtr) {
Q_UNUSED(aotContext)
Q_UNUSED(argumentsPtr)
// expression for rotation at line 2311, column 17
double r2_1;
QObject *r2_0;
// generate_LoadQmlContextPropertyLookup
while (!aotContext->loadContextIdLookup(1202, &r2_0)) {
aotContext->setInstructionPointer(5);
aotContext->initLoadContextIdLookup(1202);
if (aotContext->engine->hasError())
    return double();
}
// generate_GetLookup
while (!aotContext->getObjectLookup(1203, r2_0, &r2_1)) {
aotContext->setInstructionPointer(10);
aotContext->initGetObjectLookup(1203, r2_0, QMetaType::fromType<double>());
if (aotContext->engine->hasError())
    return double();
}
// generate_Ret
return r2_1;
});}
 },{ 429, QMetaType::fromType<int>(), {  }, 
    [](const QQmlPrivate::AOTCompiledContext *context, void *data, void **argv) {
        wrapCall(context, data, argv, [](const QQmlPrivate::AOTCompiledContext *aotContext, void **argumentsPtr) {
Q_UNUSED(aotContext)
Q_UNUSED(argumentsPtr)
// expression for transformOrigin at line 2312, column 17
int r2_0;
// generate_GetLookup
while (!aotContext->getEnumLookup(1205, &r2_0)) {
aotContext->setInstructionPointer(10);
aotContext->initGetEnumLookup(1205, []() { static const auto t = QMetaType::fromName("QQuickItem*"); return t; }().metaObject(), "TransformOrigin", "Center");
if (aotContext->engine->hasError())
    return int();
}
// generate_Ret
return r2_0;
});}
 },{ 440, QMetaType::fromType<int>(), {  }, 
    [](const QQmlPrivate::AOTCompiledContext *context, void *data, void **argv) {
        wrapCall(context, data, argv, [](const QQmlPrivate::AOTCompiledContext *aotContext, void **argumentsPtr) {
Q_UNUSED(aotContext)
Q_UNUSED(argumentsPtr)
// expression for horizontalAlignment at line 2388, column 13
int r2_0;
// generate_GetLookup
while (!aotContext->getEnumLookup(1282, &r2_0)) {
aotContext->setInstructionPointer(10);
aotContext->initGetEnumLookup(1282, []() { static const auto t = QMetaType::fromName("QQuickText*"); return t; }().metaObject(), "HAlignment", "AlignHCenter");
if (aotContext->engine->hasError())
    return int();
}
// generate_Ret
return r2_0;
});}
 },{ 441, QMetaType::fromType<int>(), {  }, 
    [](const QQmlPrivate::AOTCompiledContext *context, void *data, void **argv) {
        wrapCall(context, data, argv, [](const QQmlPrivate::AOTCompiledContext *aotContext, void **argumentsPtr) {
Q_UNUSED(aotContext)
Q_UNUSED(argumentsPtr)
// expression for verticalAlignment at line 2389, column 13
int r2_0;
// generate_GetLookup
while (!aotContext->getEnumLookup(1284, &r2_0)) {
aotContext->setInstructionPointer(10);
aotContext->initGetEnumLookup(1284, []() { static const auto t = QMetaType::fromName("QQuickText*"); return t; }().metaObject(), "VAlignment", "AlignVCenter");
if (aotContext->engine->hasError())
    return int();
}
// generate_Ret
return r2_0;
});}
 },{ 442, QMetaType::fromType<QObject*>(), {  }, 
    [](const QQmlPrivate::AOTCompiledContext *context, void *data, void **argv) {
        wrapCall(context, data, argv, [](const QQmlPrivate::AOTCompiledContext *aotContext, void **argumentsPtr) {
Q_UNUSED(aotContext)
Q_UNUSED(argumentsPtr)
// expression for centerIn at line 2392, column 13
QObject *r2_0;
// generate_LoadQmlContextPropertyLookup
while (!aotContext->loadScopeObjectPropertyLookup(1285, &r2_0)) {
aotContext->setInstructionPointer(5);
aotContext->initLoadScopeObjectPropertyLookup(1285, []() { static const auto t = QMetaType::fromName("QQuickItem*"); return t; }());
if (aotContext->engine->hasError())
    return static_cast<QObject *>(nullptr);
}
// generate_Ret
return r2_0;
});}
 },{ 0, QMetaType::fromType<void>(), {}, nullptr }};
QT_WARNING_POP
}
}
